datetime,pollutant,concentration
2022-05-13T00:00:00+03:00,PM2.5,0.006
2022-05-13T00:00:00+03:00,OZ,0.0599
2022-05-13T00:00:00+03:00,NO,0.002
2022-05-13T00:00:00+03:00,CO,0.09
2022-05-13T00:00:00+03:00,SO2,0.0008
2022-05-13T00:00:00+03:00,PM10,0.014
2022-05-13T00:00:00+03:00,NO2,0.018
2022-05-14T00:00:00+03:00,NO,0.002
2022-05-14T00:00:00+03:00,SO2,0.0012
2022-05-14T00:00:00+03:00,OZ,0.0608
2022-05-14T00:00:00+03:00,PM10,0.017
2022-05-14T00:00:00+03:00,CO,0.04
2022-05-14T00:00:00+03:00,NO2,0.018
2022-05-14T00:00:00+03:00,PM2.5,0.007
2022-05-15T00:00:00+03:00,PM10,0.016
2022-05-15T00:00:00+03:00,NO2,0.021
2022-05-15T00:00:00+03:00,PM2.5,0.007
2022-05-15T00:00:00+03:00,CO,0.17
2022-05-15T00:00:00+03:00,NO,0.002
2022-05-15T00:00:00+03:00,SO2,0.0011
2022-05-15T00:00:00+03:00,OZ,0.0567
2022-05-16T00:00:00+03:00,PM10,0.012
2022-05-16T00:00:00+03:00,NO,0.002
2022-05-16T00:00:00+03:00,PM2.5,0.005
2022-05-16T00:00:00+03:00,SO2,0.0011
2022-05-16T00:00:00+03:00,OZ,0.0556
2022-05-16T00:00:00+03:00,NO2,0.016
2022-05-16T00:00:00+03:00,CO,0.03
2022-05-17T00:00:00+03:00,NO,0.007
2022-05-17T00:00:00+03:00,PM10,0.011
2022-05-17T00:00:00+03:00,NO2,0.036
2022-05-17T00:00:00+03:00,CO,0
2022-05-17T00:00:00+03:00,PM2.5,0.007
2022-05-17T00:00:00+03:00,SO2,0.0012
2022-05-17T00:00:00+03:00,OZ,0.0173
2022-05-18T00:00:00+03:00,SO2,0.0013
2022-05-18T00:00:00+03:00,NO2,0.018
2022-05-18T00:00:00+03:00,PM10,0.013
2022-05-18T00:00:00+03:00,OZ,0.0459
2022-05-18T00:00:00+03:00,CO,0.19
2022-05-18T00:00:00+03:00,NO,0.003
2022-05-18T00:00:00+03:00,PM2.5,0.006
2022-05-19T00:00:00+03:00,CO,0.08
2022-05-19T00:00:00+03:00,NO2,0.023
2022-05-19T00:00:00+03:00,OZ,0.038
2022-05-19T00:00:00+03:00,NO,0.003
2022-05-19T00:00:00+03:00,PM10,0.015
2022-05-19T00:00:00+03:00,PM2.5,0.007
2022-05-19T00:00:00+03:00,SO2,0.0013
2022-05-20T00:00:00+03:00,OZ,0.0376
2022-05-20T00:00:00+03:00,SO2,0.0024
2022-05-20T00:00:00+03:00,PM2.5,0.006
2022-05-20T00:00:00+03:00,CO,0.14
2022-05-20T00:00:00+03:00,PM10,0.012
2022-05-20T00:00:00+03:00,NO,0.003
2022-05-20T00:00:00+03:00,NO2,0.019
2022-05-21T00:00:00+03:00,PM10,0.023
2022-05-21T00:00:00+03:00,NO,0.009
2022-05-21T00:00:00+03:00,OZ,0.0403
2022-05-21T00:00:00+03:00,PM2.5,0.009
2022-05-21T00:00:00+03:00,CO,0.09
2022-05-21T00:00:00+03:00,SO2,0.0032
2022-05-21T00:00:00+03:00,NO2,0.028
2022-05-22T00:00:00+03:00,PM2.5,0.007
2022-05-22T00:00:00+03:00,NO,0.001
2022-05-22T00:00:00+03:00,PM10,0.016
2022-05-22T00:00:00+03:00,NO2,0.01
2022-05-22T00:00:00+03:00,SO2,0.0021
2022-05-22T00:00:00+03:00,CO,0.05
2022-05-22T00:00:00+03:00,OZ,0.0654
2022-05-23T00:00:00+03:00,SO2,0.0018
2022-05-23T00:00:00+03:00,CO,0.01
2022-05-23T00:00:00+03:00,OZ,0.0597
2022-05-23T00:00:00+03:00,NO,0.002
2022-05-23T00:00:00+03:00,NO2,0.014
2022-05-23T00:00:00+03:00,PM10,0.017
2022-05-23T00:00:00+03:00,PM2.5,0.007
2022-05-24T00:00:00+03:00,SO2,0.0018
2022-05-24T00:00:00+03:00,NO2,0.018
2022-05-24T00:00:00+03:00,PM2.5,0.008
2022-05-24T00:00:00+03:00,NO,0.002
2022-05-24T00:00:00+03:00,CO,0.05
2022-05-24T00:00:00+03:00,PM10,0.019
2022-05-24T00:00:00+03:00,OZ,0.0539
2022-05-25T00:00:00+03:00,NO2,0.015
2022-05-25T00:00:00+03:00,CO,0.08
2022-05-25T00:00:00+03:00,PM2.5,0.006
2022-05-25T00:00:00+03:00,PM10,0.014
2022-05-25T00:00:00+03:00,NO,0.004
2022-05-25T00:00:00+03:00,OZ,0.0299
2022-05-25T00:00:00+03:00,SO2,0.0018
2022-05-26T00:00:00+03:00,CO,0.15
2022-05-26T00:00:00+03:00,OZ,0.0464
2022-05-26T00:00:00+03:00,PM10,0.02
2022-05-26T00:00:00+03:00,PM2.5,0.008
2022-05-26T00:00:00+03:00,SO2,0.0025
2022-05-26T00:00:00+03:00,NO2,0.023
2022-05-26T00:00:00+03:00,NO,0.005
2022-05-27T00:00:00+03:00,PM2.5,0.006
2022-05-27T00:00:00+03:00,NO2,0.019
2022-05-27T00:00:00+03:00,CO,0.2
2022-05-27T00:00:00+03:00,PM10,0.011
2022-05-27T00:00:00+03:00,NO,0.002
2022-05-27T00:00:00+03:00,OZ,0.048
2022-05-27T00:00:00+03:00,SO2,0.002
2022-05-28T00:00:00+03:00,CO,0.14
2022-05-28T00:00:00+03:00,NO,0.002
2022-05-28T00:00:00+03:00,NO2,0.019
2022-05-28T00:00:00+03:00,PM10,0.015
2022-05-28T00:00:00+03:00,SO2,0.002
2022-05-28T00:00:00+03:00,OZ,0.0452
2022-05-28T00:00:00+03:00,PM2.5,0.007
2022-05-29T00:00:00+03:00,PM10,0.012
2022-05-29T00:00:00+03:00,SO2,0.0022
2022-05-29T00:00:00+03:00,NO2,0.015
2022-05-29T00:00:00+03:00,OZ,0.0522
2022-05-29T00:00:00+03:00,CO,0.01
2022-05-29T00:00:00+03:00,PM2.5,0.006
2022-05-29T00:00:00+03:00,NO,0.001
2022-05-30T00:00:00+03:00,NO,0.003
2022-05-30T00:00:00+03:00,OZ,0.0604
2022-05-30T00:00:00+03:00,NO2,0.023
2022-05-30T00:00:00+03:00,PM10,0.017
2022-05-30T00:00:00+03:00,PM2.5,0.008
2022-05-30T00:00:00+03:00,SO2,0.0024
2022-05-30T00:00:00+03:00,CO,0.12
2022-05-31T00:00:00+03:00,NO,0.005
2022-05-31T00:00:00+03:00,SO2,0.0024
2022-05-31T00:00:00+03:00,PM2.5,0.012
2022-05-31T00:00:00+03:00,CO,0.32
2022-05-31T00:00:00+03:00,OZ,0.027
2022-05-31T00:00:00+03:00,PM10,0.021
2022-05-31T00:00:00+03:00,NO2,0.039
2022-06-01T00:00:00+03:00,PM10,0.023
2022-06-01T00:00:00+03:00,OZ,0.0409
2022-06-01T00:00:00+03:00,NO2,0.034
2022-06-01T00:00:00+03:00,NO,0.005
2022-06-01T00:00:00+03:00,CO,0.22
2022-06-01T00:00:00+03:00,SO2,0.0029
2022-06-01T00:00:00+03:00,PM2.5,0.013
2022-06-02T00:00:00+03:00,CO,0.1
2022-06-02T00:00:00+03:00,NO2,0.022
2022-06-02T00:00:00+03:00,OZ,0.0612
2022-06-02T00:00:00+03:00,PM2.5,0.01
2022-06-02T00:00:00+03:00,PM10,0.021
2022-06-02T00:00:00+03:00,NO,0.002
2022-06-02T00:00:00+03:00,SO2,0.0028
2022-06-03T00:00:00+03:00,SO2,0.0021
2022-06-03T00:00:00+03:00,PM2.5,0.01
2022-06-03T00:00:00+03:00,NO,0.002
2022-06-03T00:00:00+03:00,PM10,0.019
2022-06-03T00:00:00+03:00,CO,0.13
2022-06-03T00:00:00+03:00,NO2,0.024
2022-06-03T00:00:00+03:00,OZ,0.0503
2022-06-04T00:00:00+03:00,CO,0.08
2022-06-04T00:00:00+03:00,SO2,0.0023
2022-06-04T00:00:00+03:00,NO,0.002
2022-06-04T00:00:00+03:00,OZ,0.0527
2022-06-04T00:00:00+03:00,PM10,0.017
2022-06-04T00:00:00+03:00,NO2,0.02
2022-06-04T00:00:00+03:00,PM2.5,0.007
2022-06-05T00:00:00+03:00,CO,0.11
2022-06-05T00:00:00+03:00,OZ,0.0384
2022-06-05T00:00:00+03:00,SO2,0.0023
2022-06-05T00:00:00+03:00,PM2.5,0.009
2022-06-05T00:00:00+03:00,PM10,0.019
2022-06-05T00:00:00+03:00,NO,0.006
2022-06-05T00:00:00+03:00,NO2,0.028
2022-06-06T00:00:00+03:00,PM2.5,0.008
2022-06-06T00:00:00+03:00,SO2,0.0023
2022-06-06T00:00:00+03:00,PM10,0.017
2022-06-06T00:00:00+03:00,CO,0.06
2022-06-06T00:00:00+03:00,NO,0.004
2022-06-06T00:00:00+03:00,OZ,0.0421
2022-06-06T00:00:00+03:00,NO2,0.024
2022-06-07T00:00:00+03:00,NO2,0.03
2022-06-07T00:00:00+03:00,OZ,0.0401
2022-06-07T00:00:00+03:00,NO,0.003
2022-06-07T00:00:00+03:00,PM10,0.017
2022-06-07T00:00:00+03:00,CO,0.05
2022-06-07T00:00:00+03:00,SO2,0.0025
2022-06-07T00:00:00+03:00,PM2.5,0.007
2022-06-08T00:00:00+03:00,PM10,0.026
2022-06-08T00:00:00+03:00,SO2,0.003
2022-06-08T00:00:00+03:00,PM2.5,0.011
2022-06-08T00:00:00+03:00,NO2,0.044
2022-06-08T00:00:00+03:00,OZ,0.053
2022-06-08T00:00:00+03:00,CO,0.25
2022-06-08T00:00:00+03:00,NO,0.014
2022-06-09T00:00:00+03:00,NO2,0.055
2022-06-09T00:00:00+03:00,NO,0.009
2022-06-09T00:00:00+03:00,SO2,0.0032
2022-06-09T00:00:00+03:00,PM10,0.032
2022-06-09T00:00:00+03:00,CO,0.21
2022-06-09T00:00:00+03:00,PM2.5,0.015
2022-06-09T00:00:00+03:00,OZ,0.057
2022-06-10T00:00:00+03:00,PM10,0.026
2022-06-10T00:00:00+03:00,NO2,0.054
2022-06-10T00:00:00+03:00,CO,0.26
2022-06-10T00:00:00+03:00,OZ,0.0484
2022-06-10T00:00:00+03:00,SO2,0.0024
2022-06-10T00:00:00+03:00,PM2.5,0.013
2022-06-10T00:00:00+03:00,NO,0.01
2022-06-11T00:00:00+03:00,NO2,0.059
2022-06-11T00:00:00+03:00,PM2.5,0.014
2022-06-11T00:00:00+03:00,CO,0.16
2022-06-11T00:00:00+03:00,PM10,0.031
2022-06-11T00:00:00+03:00,SO2,0.0028
2022-06-11T00:00:00+03:00,OZ,0.0383
2022-06-11T00:00:00+03:00,NO,0.014
2022-06-12T00:00:00+03:00,OZ,0.0441
2022-06-12T00:00:00+03:00,NO,0.008
2022-06-12T00:00:00+03:00,NO2,0.051
2022-06-12T00:00:00+03:00,CO,0.18
2022-06-12T00:00:00+03:00,PM10,0.025
2022-06-12T00:00:00+03:00,PM2.5,0.015
2022-06-12T00:00:00+03:00,SO2,0.0036
2022-06-13T00:00:00+03:00,CO,0.16
2022-06-13T00:00:00+03:00,PM10,0.023
2022-06-13T00:00:00+03:00,OZ,0.0471
2022-06-13T00:00:00+03:00,PM2.5,0.011
2022-06-13T00:00:00+03:00,NO,0.002
2022-06-13T00:00:00+03:00,SO2,0.0033
2022-06-13T00:00:00+03:00,NO2,0.041
2022-06-14T00:00:00+03:00,NO,0.011
2022-06-14T00:00:00+03:00,SO2,0.003
2022-06-14T00:00:00+03:00,CO,0.17
2022-06-14T00:00:00+03:00,OZ,0.0442
2022-06-14T00:00:00+03:00,PM2.5,0.012
2022-06-14T00:00:00+03:00,PM10,0.024
2022-06-14T00:00:00+03:00,NO2,0.046
2022-06-15T00:00:00+03:00,PM10,0.014
2022-06-15T00:00:00+03:00,CO,0
2022-06-15T00:00:00+03:00,SO2,0.0026
2022-06-15T00:00:00+03:00,NO,0.002
2022-06-15T00:00:00+03:00,PM2.5,0.005
2022-06-15T00:00:00+03:00,NO2,0.019
2022-06-15T00:00:00+03:00,OZ,0.0459
2022-06-16T00:00:00+03:00,NO,0.003
2022-06-16T00:00:00+03:00,PM2.5,0.006
2022-06-16T00:00:00+03:00,PM10,0.017
2022-06-16T00:00:00+03:00,CO,0.04
2022-06-16T00:00:00+03:00,OZ,0.0351
2022-06-16T00:00:00+03:00,NO2,0.024
2022-06-16T00:00:00+03:00,SO2,0.0027
2022-06-17T00:00:00+03:00,PM10,0.019
2022-06-17T00:00:00+03:00,OZ,0.0284
2022-06-17T00:00:00+03:00,CO,0.13
2022-06-17T00:00:00+03:00,PM2.5,0.008
2022-06-17T00:00:00+03:00,SO2,0.0027
2022-06-17T00:00:00+03:00,NO2,0.034
2022-06-17T00:00:00+03:00,NO,0.004
2022-06-18T00:00:00+03:00,NO2,0.029
2022-06-18T00:00:00+03:00,CO,0.08
2022-06-18T00:00:00+03:00,PM10,0.015
2022-06-18T00:00:00+03:00,NO,0.004
2022-06-18T00:00:00+03:00,PM2.5,0.007
2022-06-18T00:00:00+03:00,OZ,0.031
2022-06-18T00:00:00+03:00,SO2,0.0027
2022-06-19T00:00:00+03:00,PM10,0.023
2022-06-19T00:00:00+03:00,NO,0.001
2022-06-19T00:00:00+03:00,OZ,0.0497
2022-06-19T00:00:00+03:00,CO,0.09
2022-06-19T00:00:00+03:00,SO2,0.0027
2022-06-19T00:00:00+03:00,PM2.5,0.009
2022-06-19T00:00:00+03:00,NO2,0.024
2022-06-20T00:00:00+03:00,PM2.5,0.007
2022-06-20T00:00:00+03:00,OZ,0.0453
2022-06-20T00:00:00+03:00,NO,0.002
2022-06-20T00:00:00+03:00,SO2,0.0028
2022-06-20T00:00:00+03:00,PM10,0.016
2022-06-20T00:00:00+03:00,NO2,0.019
2022-06-20T00:00:00+03:00,CO,0.06
2022-06-21T00:00:00+03:00,CO,0.28
2022-06-21T00:00:00+03:00,OZ,0.0052
2022-06-21T00:00:00+03:00,PM2.5,0.011
2022-06-21T00:00:00+03:00,NO2,0.044
2022-06-21T00:00:00+03:00,SO2,0.003
2022-06-21T00:00:00+03:00,PM10,0.022
2022-06-21T00:00:00+03:00,NO,0.015
2022-06-22T00:00:00+03:00,OZ,0.0309
2022-06-22T00:00:00+03:00,PM2.5,0.008
2022-06-22T00:00:00+03:00,CO,0.12
2022-06-22T00:00:00+03:00,NO2,0.026
2022-06-22T00:00:00+03:00,PM10,0.017
2022-06-22T00:00:00+03:00,NO,0.004
2022-06-22T00:00:00+03:00,SO2,0.0031
2022-06-23T00:00:00+03:00,CO,0.06
2022-06-23T00:00:00+03:00,NO2,0.021
2022-06-23T00:00:00+03:00,SO2,0.0031
2022-06-23T00:00:00+03:00,OZ,0.046
2022-06-23T00:00:00+03:00,NO,0.002
2022-06-23T00:00:00+03:00,PM2.5,0.008
2022-06-23T00:00:00+03:00,PM10,0.017
2022-06-24T00:00:00+03:00,PM10,0.021
2022-06-24T00:00:00+03:00,PM2.5,0.01
2022-06-24T00:00:00+03:00,OZ,0.0415
2022-06-24T00:00:00+03:00,SO2,0.0034
2022-06-24T00:00:00+03:00,CO,0.12
2022-06-24T00:00:00+03:00,NO,0.008
2022-06-24T00:00:00+03:00,NO2,0.029
2022-06-25T00:00:00+03:00,NO,0.007
2022-06-25T00:00:00+03:00,NO2,0.031
2022-06-25T00:00:00+03:00,CO,0.22
2022-06-25T00:00:00+03:00,PM2.5,0.013
2022-06-25T00:00:00+03:00,SO2,0.0033
2022-06-25T00:00:00+03:00,OZ,0.0569
2022-06-25T00:00:00+03:00,PM10,0.025
2022-06-26T00:00:00+03:00,SO2,0.0032
2022-06-26T00:00:00+03:00,PM10,0.027
2022-06-26T00:00:00+03:00,NO2,0.034
2022-06-26T00:00:00+03:00,PM2.5,0.015
2022-06-26T00:00:00+03:00,OZ,0.0628
2022-06-26T00:00:00+03:00,NO,0.014
2022-06-26T00:00:00+03:00,CO,0.27
2022-06-27T00:00:00+03:00,NO,0.016
2022-06-27T00:00:00+03:00,NO2,0.038
2022-06-27T00:00:00+03:00,PM10,0.033
2022-06-27T00:00:00+03:00,SO2,0.0029
2022-06-27T00:00:00+03:00,OZ,0.0452
2022-06-27T00:00:00+03:00,CO,0.27
2022-06-27T00:00:00+03:00,PM2.5,0.018
2022-06-28T00:00:00+03:00,PM10,0.024
2022-06-28T00:00:00+03:00,PM2.5,0.011
2022-06-28T00:00:00+03:00,SO2,0.0036
2022-06-28T00:00:00+03:00,OZ,0.0484
2022-06-28T00:00:00+03:00,CO,0.16
2022-06-28T00:00:00+03:00,NO,0.005
2022-06-28T00:00:00+03:00,NO2,0.036
2022-06-29T00:00:00+03:00,SO2,0.0028
2022-06-29T00:00:00+03:00,OZ,0.0593
2022-06-29T00:00:00+03:00,PM10,0.017
2022-06-29T00:00:00+03:00,NO2,0.026
2022-06-29T00:00:00+03:00,NO,0.003
2022-06-29T00:00:00+03:00,CO,0.06
2022-06-29T00:00:00+03:00,PM2.5,0.007
2022-06-30T00:00:00+03:00,PM2.5,0.009
2022-06-30T00:00:00+03:00,SO2,0.001
2022-06-30T00:00:00+03:00,NO2,0.034
2022-06-30T00:00:00+03:00,OZ,0.0437
2022-06-30T00:00:00+03:00,CO,0.1
2022-06-30T00:00:00+03:00,PM10,0.025
2022-06-30T00:00:00+03:00,NO,0.011
2022-07-01T00:00:00+03:00,CO,0.11
2022-07-01T00:00:00+03:00,NO,0.002
2022-07-01T00:00:00+03:00,SO2,0.0005
2022-07-01T00:00:00+03:00,NO2,0.025
2022-07-01T00:00:00+03:00,PM10,0.019
2022-07-01T00:00:00+03:00,OZ,0.048
2022-07-01T00:00:00+03:00,PM2.5,0.006
2022-07-02T00:00:00+03:00,PM10,0.023
2022-07-02T00:00:00+03:00,NO,0.008
2022-07-02T00:00:00+03:00,NO2,0.031
2022-07-02T00:00:00+03:00,OZ,0.0506
2022-07-02T00:00:00+03:00,CO,0.11
2022-07-02T00:00:00+03:00,PM2.5,0.01
2022-07-02T00:00:00+03:00,SO2,0.0006
2022-07-03T00:00:00+03:00,NO2,0.03
2022-07-03T00:00:00+03:00,OZ,0.0577
2022-07-03T00:00:00+03:00,PM10,0.023
2022-07-03T00:00:00+03:00,PM2.5,0.011
2022-07-03T00:00:00+03:00,SO2,0.0002
2022-07-03T00:00:00+03:00,NO,0.002
2022-07-03T00:00:00+03:00,CO,0.09
2022-07-04T00:00:00+03:00,NO2,0.036
2022-07-04T00:00:00+03:00,CO,0.25
2022-07-04T00:00:00+03:00,SO2,0.0003
2022-07-04T00:00:00+03:00,OZ,0.0541
2022-07-04T00:00:00+03:00,PM2.5,0.013
2022-07-04T00:00:00+03:00,NO,0.008
2022-07-04T00:00:00+03:00,PM10,0.025
2022-07-05T00:00:00+03:00,CO,0.27
2022-07-05T00:00:00+03:00,OZ,0.0502
2022-07-05T00:00:00+03:00,SO2,0.0006
2022-07-05T00:00:00+03:00,PM10,0.028
2022-07-05T00:00:00+03:00,NO,0.003
2022-07-05T00:00:00+03:00,NO2,0.045
2022-07-05T00:00:00+03:00,PM2.5,0.016
2022-07-06T00:00:00+03:00,CO,0.21
2022-07-06T00:00:00+03:00,PM10,0.027
2022-07-06T00:00:00+03:00,OZ,0.0477
2022-07-06T00:00:00+03:00,NO2,0.05
2022-07-06T00:00:00+03:00,NO,0.006
2022-07-06T00:00:00+03:00,PM2.5,0.016
2022-07-06T00:00:00+03:00,SO2,0
2022-07-07T00:00:00+03:00,PM10,0.026
2022-07-07T00:00:00+03:00,OZ,0.0623
2022-07-07T00:00:00+03:00,SO2,0.0001
2022-07-07T00:00:00+03:00,NO2,
2022-07-07T00:00:00+03:00,NO,
2022-07-07T00:00:00+03:00,PM2.5,0.014
2022-07-07T00:00:00+03:00,CO,0.13
2022-07-08T00:00:00+03:00,SO2,0.0003
2022-07-08T00:00:00+03:00,NO,
2022-07-08T00:00:00+03:00,NO2,
2022-07-08T00:00:00+03:00,CO,0.07
2022-07-08T00:00:00+03:00,OZ,0.0502
2022-07-08T00:00:00+03:00,PM2.5,0.005
2022-07-08T00:00:00+03:00,PM10,0.012
2022-07-09T00:00:00+03:00,NO2,
2022-07-09T00:00:00+03:00,CO,0.15
2022-07-09T00:00:00+03:00,NO,
2022-07-09T00:00:00+03:00,PM10,0.024
2022-07-09T00:00:00+03:00,OZ,0.0423
2022-07-09T00:00:00+03:00,SO2,0.0007
2022-07-09T00:00:00+03:00,PM2.5,0.013
2022-07-10T00:00:00+03:00,SO2,0.0007
2022-07-10T00:00:00+03:00,NO2,
2022-07-10T00:00:00+03:00,CO,0.17
2022-07-10T00:00:00+03:00,NO,
2022-07-10T00:00:00+03:00,PM10,0.022
2022-07-10T00:00:00+03:00,PM2.5,0.012
2022-07-10T00:00:00+03:00,OZ,0.0573
2022-07-11T00:00:00+03:00,OZ,0.0524
2022-07-11T00:00:00+03:00,PM2.5,0.012
2022-07-11T00:00:00+03:00,PM10,0.027
2022-07-11T00:00:00+03:00,CO,0.21
2022-07-11T00:00:00+03:00,NO2,
2022-07-11T00:00:00+03:00,SO2,0.0014
2022-07-11T00:00:00+03:00,NO,
2022-07-12T00:00:00+03:00,OZ,0.0653
2022-07-12T00:00:00+03:00,PM2.5,0.009
2022-07-12T00:00:00+03:00,NO,
2022-07-12T00:00:00+03:00,PM10,0.018
2022-07-12T00:00:00+03:00,CO,0.09
2022-07-12T00:00:00+03:00,NO2,
2022-07-12T00:00:00+03:00,SO2,0.0007
2022-07-13T00:00:00+03:00,SO2,0.0016
2022-07-13T00:00:00+03:00,NO2,
2022-07-13T00:00:00+03:00,CO,0.02
2022-07-13T00:00:00+03:00,OZ,0.0395
2022-07-13T00:00:00+03:00,NO,
2022-07-13T00:00:00+03:00,PM2.5,0.009
2022-07-13T00:00:00+03:00,PM10,0.019
2022-07-14T00:00:00+03:00,SO2,0.0015
2022-07-14T00:00:00+03:00,OZ,0.0411
2022-07-14T00:00:00+03:00,NO2,
2022-07-14T00:00:00+03:00,NO,
2022-07-14T00:00:00+03:00,PM10,0.027
2022-07-14T00:00:00+03:00,PM2.5,0.013
2022-07-14T00:00:00+03:00,CO,0.18
2022-07-15T00:00:00+03:00,CO,0.05
2022-07-15T00:00:00+03:00,NO2,
2022-07-15T00:00:00+03:00,OZ,0.0428
2022-07-15T00:00:00+03:00,NO,
2022-07-15T00:00:00+03:00,PM10,0.012
2022-07-15T00:00:00+03:00,SO2,0.0006
2022-07-15T00:00:00+03:00,PM2.5,0.006
2022-07-16T00:00:00+03:00,NO2,
2022-07-16T00:00:00+03:00,OZ,0.0392
2022-07-16T00:00:00+03:00,NO,
2022-07-16T00:00:00+03:00,SO2,0.0006
2022-07-16T00:00:00+03:00,CO,0.07
2022-07-16T00:00:00+03:00,PM2.5,0.007
2022-07-16T00:00:00+03:00,PM10,0.015
2022-07-17T00:00:00+03:00,PM10,0.017
2022-07-17T00:00:00+03:00,NO2,
2022-07-17T00:00:00+03:00,SO2,0.0006
2022-07-17T00:00:00+03:00,CO,0.14
2022-07-17T00:00:00+03:00,NO,
2022-07-17T00:00:00+03:00,PM2.5,0.008
2022-07-17T00:00:00+03:00,OZ,0.0325
2022-07-18T00:00:00+03:00,CO,0.01
2022-07-18T00:00:00+03:00,PM2.5,0.007
2022-07-18T00:00:00+03:00,SO2,0.0005
2022-07-18T00:00:00+03:00,PM10,0.014
2022-07-18T00:00:00+03:00,OZ,0.0306
2022-07-18T00:00:00+03:00,NO,
2022-07-18T00:00:00+03:00,NO2,
2022-07-19T00:00:00+03:00,OZ,0.018
2022-07-19T00:00:00+03:00,NO2,
2022-07-19T00:00:00+03:00,NO,
2022-07-19T00:00:00+03:00,PM2.5,0.005
2022-07-19T00:00:00+03:00,PM10,0.012
2022-07-19T00:00:00+03:00,SO2,0.0004
2022-07-19T00:00:00+03:00,CO,0.1
2022-07-20T00:00:00+03:00,OZ,
2022-07-20T00:00:00+03:00,PM10,0.013
2022-07-20T00:00:00+03:00,NO2,
2022-07-20T00:00:00+03:00,CO,0.1
2022-07-20T00:00:00+03:00,PM2.5,0.006
2022-07-20T00:00:00+03:00,NO,
2022-07-20T00:00:00+03:00,SO2,0.0004
2022-07-21T00:00:00+03:00,PM2.5,0.006
2022-07-21T00:00:00+03:00,NO2,
2022-07-21T00:00:00+03:00,SO2,0.0005
2022-07-21T00:00:00+03:00,NO,
2022-07-21T00:00:00+03:00,OZ,
2022-07-21T00:00:00+03:00,PM10,0.011
2022-07-21T00:00:00+03:00,CO,0.1
2022-07-22T00:00:00+03:00,CO,0.15
2022-07-22T00:00:00+03:00,PM10,0.016
2022-07-22T00:00:00+03:00,SO2,0.001
2022-07-22T00:00:00+03:00,OZ,
2022-07-22T00:00:00+03:00,NO2,
2022-07-22T00:00:00+03:00,PM2.5,0.008
2022-07-22T00:00:00+03:00,NO,
2022-07-23T00:00:00+03:00,SO2,0.0014
2022-07-23T00:00:00+03:00,PM10,0.027
2022-07-23T00:00:00+03:00,NO2,
2022-07-23T00:00:00+03:00,OZ,
2022-07-23T00:00:00+03:00,PM2.5,0.014
2022-07-23T00:00:00+03:00,NO,
2022-07-23T00:00:00+03:00,CO,0.26
2022-07-24T00:00:00+03:00,SO2,0.0012
2022-07-24T00:00:00+03:00,OZ,
2022-07-24T00:00:00+03:00,CO,0.26
2022-07-24T00:00:00+03:00,PM2.5,0.012
2022-07-24T00:00:00+03:00,NO,
2022-07-24T00:00:00+03:00,NO2,
2022-07-24T00:00:00+03:00,PM10,0.024
2022-07-25T00:00:00+03:00,PM10,0.025
2022-07-25T00:00:00+03:00,SO2,0.0008
2022-07-25T00:00:00+03:00,CO,0.16
2022-07-25T00:00:00+03:00,NO2,
2022-07-25T00:00:00+03:00,OZ,
2022-07-25T00:00:00+03:00,NO,
2022-07-25T00:00:00+03:00,PM2.5,0.012
2022-07-26T00:00:00+03:00,PM2.5,0.013
2022-07-26T00:00:00+03:00,NO,
2022-07-26T00:00:00+03:00,NO2,
2022-07-26T00:00:00+03:00,OZ,
2022-07-26T00:00:00+03:00,PM10,0.024
2022-07-26T00:00:00+03:00,CO,0.17
2022-07-26T00:00:00+03:00,SO2,0.0008
2022-07-27T00:00:00+03:00,NO,
2022-07-27T00:00:00+03:00,PM2.5,0.022
2022-07-27T00:00:00+03:00,PM10,0.038
2022-07-27T00:00:00+03:00,NO2,
2022-07-27T00:00:00+03:00,OZ,
2022-07-27T00:00:00+03:00,CO,0.32
2022-07-27T00:00:00+03:00,SO2,0.0017
2022-07-28T00:00:00+03:00,OZ,
2022-07-28T00:00:00+03:00,PM2.5,0.013
2022-07-28T00:00:00+03:00,NO2,
2022-07-28T00:00:00+03:00,PM10,0.027
2022-07-28T00:00:00+03:00,NO,
2022-07-28T00:00:00+03:00,CO,0.14
2022-07-28T00:00:00+03:00,SO2,0.0008
2022-07-29T00:00:00+03:00,PM2.5,0.003
2022-07-29T00:00:00+03:00,OZ,
2022-07-29T00:00:00+03:00,PM10,0.01
2022-07-29T00:00:00+03:00,NO,
2022-07-29T00:00:00+03:00,NO2,
2022-07-29T00:00:00+03:00,CO,0
2022-07-29T00:00:00+03:00,SO2,0.0008
2022-07-30T00:00:00+03:00,PM2.5,0.005
2022-07-30T00:00:00+03:00,CO,0.01
2022-07-30T00:00:00+03:00,OZ,
2022-07-30T00:00:00+03:00,NO2,
2022-07-30T00:00:00+03:00,NO,
2022-07-30T00:00:00+03:00,SO2,0.0009
2022-07-30T00:00:00+03:00,PM10,0.01
2022-07-31T00:00:00+03:00,PM10,0.023
2022-07-31T00:00:00+03:00,PM2.5,0.011
2022-07-31T00:00:00+03:00,SO2,0.0014
2022-07-31T00:00:00+03:00,NO,
2022-07-31T00:00:00+03:00,CO,0.17
2022-07-31T00:00:00+03:00,OZ,
2022-07-31T00:00:00+03:00,NO2,
2022-08-01T00:00:00+03:00,SO2,0.0031
2022-08-01T00:00:00+03:00,NO2,0.039
2022-08-01T00:00:00+03:00,OZ,0.0667
2022-08-01T00:00:00+03:00,PM10,0.024
2022-08-01T00:00:00+03:00,CO,0.07
2022-08-01T00:00:00+03:00,NO,0.006
2022-08-01T00:00:00+03:00,PM2.5,0.012
2022-08-02T00:00:00+03:00,NO,0.006
2022-08-02T00:00:00+03:00,PM10,0.022
2022-08-02T00:00:00+03:00,SO2,0.0018
2022-08-02T00:00:00+03:00,PM2.5,0.011
2022-08-02T00:00:00+03:00,NO2,0.035
2022-08-02T00:00:00+03:00,OZ,0.0544
2022-08-02T00:00:00+03:00,CO,0.18
2022-08-03T00:00:00+03:00,PM2.5,0.017
2022-08-03T00:00:00+03:00,SO2,0.0029
2022-08-03T00:00:00+03:00,OZ,0.0562
2022-08-03T00:00:00+03:00,NO,0.031
2022-08-03T00:00:00+03:00,PM10,0.04
2022-08-03T00:00:00+03:00,NO2,0.057
2022-08-03T00:00:00+03:00,CO,0.2
2022-08-04T00:00:00+03:00,NO2,0.048
2022-08-04T00:00:00+03:00,PM2.5,0.016
2022-08-04T00:00:00+03:00,OZ,0.0629
2022-08-04T00:00:00+03:00,NO,0.011
2022-08-04T00:00:00+03:00,CO,0.22
2022-08-04T00:00:00+03:00,PM10,0.033
2022-08-04T00:00:00+03:00,SO2,0.0027
2022-08-05T00:00:00+03:00,PM10,0.036
2022-08-05T00:00:00+03:00,SO2,0.0022
2022-08-05T00:00:00+03:00,OZ,0.0573
2022-08-05T00:00:00+03:00,NO2,0.059
2022-08-05T00:00:00+03:00,NO,0.017
2022-08-05T00:00:00+03:00,PM2.5,0.019
2022-08-05T00:00:00+03:00,CO,0.26
2022-08-06T00:00:00+03:00,CO,0.23
2022-08-06T00:00:00+03:00,NO2,0.05
2022-08-06T00:00:00+03:00,PM2.5,0.021
2022-08-06T00:00:00+03:00,OZ,0.0762
2022-08-06T00:00:00+03:00,SO2,0.0023
2022-08-06T00:00:00+03:00,NO,0.011
2022-08-06T00:00:00+03:00,PM10,0.041
2022-08-07T00:00:00+03:00,SO2,0.0013
2022-08-07T00:00:00+03:00,NO,0.003
2022-08-07T00:00:00+03:00,NO2,0.026
2022-08-07T00:00:00+03:00,OZ,0.0817
2022-08-07T00:00:00+03:00,PM2.5,0.016
2022-08-07T00:00:00+03:00,CO,0.11
2022-08-07T00:00:00+03:00,PM10,0.03
2022-08-08T00:00:00+03:00,PM2.5,0.007
2022-08-08T00:00:00+03:00,SO2,0.0008
2022-08-08T00:00:00+03:00,NO2,0.033
2022-08-08T00:00:00+03:00,NO,0.012
2022-08-08T00:00:00+03:00,OZ,0.0261
2022-08-08T00:00:00+03:00,CO,0.25
2022-08-08T00:00:00+03:00,PM10,0.016
2022-08-09T00:00:00+03:00,SO2,0.001
2022-08-09T00:00:00+03:00,PM2.5,0.005
2022-08-09T00:00:00+03:00,NO,0.004
2022-08-09T00:00:00+03:00,CO,0.14
2022-08-09T00:00:00+03:00,PM10,0.011
2022-08-09T00:00:00+03:00,NO2,0.02
2022-08-09T00:00:00+03:00,OZ,0.0478
2022-08-10T00:00:00+03:00,NO2,0.02
2022-08-10T00:00:00+03:00,OZ,0.039
2022-08-10T00:00:00+03:00,PM10,0.012
2022-08-10T00:00:00+03:00,SO2,0.0012
2022-08-10T00:00:00+03:00,CO,0.06
2022-08-10T00:00:00+03:00,PM2.5,0.006
2022-08-10T00:00:00+03:00,NO,0.005
2022-08-11T00:00:00+03:00,NO2,0.031
2022-08-11T00:00:00+03:00,NO,0.005
2022-08-11T00:00:00+03:00,OZ,0.0539
2022-08-11T00:00:00+03:00,PM2.5,0.007
2022-08-11T00:00:00+03:00,SO2,0.0015
2022-08-11T00:00:00+03:00,CO,0.12
2022-08-11T00:00:00+03:00,PM10,0.017
2022-08-12T00:00:00+03:00,NO,0.012
2022-08-12T00:00:00+03:00,CO,0.16
2022-08-12T00:00:00+03:00,SO2,0.0023
2022-08-12T00:00:00+03:00,PM2.5,0.013
2022-08-12T00:00:00+03:00,NO2,0.053
2022-08-12T00:00:00+03:00,OZ,0.0553
2022-08-12T00:00:00+03:00,PM10,0.025
2022-08-13T00:00:00+03:00,CO,0.41
2022-08-13T00:00:00+03:00,PM10,0.039
2022-08-13T00:00:00+03:00,NO,0.044
2022-08-13T00:00:00+03:00,SO2,0.0025
2022-08-13T00:00:00+03:00,OZ,0.0615
2022-08-13T00:00:00+03:00,NO2,0.071
2022-08-13T00:00:00+03:00,PM2.5,0.025
2022-08-14T00:00:00+03:00,CO,0.34
2022-08-14T00:00:00+03:00,OZ,0.0736
2022-08-14T00:00:00+03:00,NO2,0.074
2022-08-14T00:00:00+03:00,PM10,0.041
2022-08-14T00:00:00+03:00,SO2,0.0045
2022-08-14T00:00:00+03:00,PM2.5,0.034
2022-08-14T00:00:00+03:00,NO,0.018
2022-08-15T00:00:00+03:00,NO2,0.051
2022-08-15T00:00:00+03:00,PM2.5,0.026
2022-08-15T00:00:00+03:00,SO2,0.0027
2022-08-15T00:00:00+03:00,CO,0.16
2022-08-15T00:00:00+03:00,NO,0.01
2022-08-15T00:00:00+03:00,PM10,0.037
2022-08-15T00:00:00+03:00,OZ,0.0519
2022-08-16T00:00:00+03:00,PM10,0.03
2022-08-16T00:00:00+03:00,SO2,0.0009
2022-08-16T00:00:00+03:00,NO2,0.034
2022-08-16T00:00:00+03:00,PM2.5,0.014
2022-08-16T00:00:00+03:00,OZ,0.0576
2022-08-16T00:00:00+03:00,CO,0.14
2022-08-16T00:00:00+03:00,NO,0.005
2022-08-17T00:00:00+03:00,OZ,0.0622
2022-08-17T00:00:00+03:00,PM10,0.039
2022-08-17T00:00:00+03:00,PM2.5,0.02
2022-08-17T00:00:00+03:00,NO2,0.045
2022-08-17T00:00:00+03:00,SO2,0.0016
2022-08-17T00:00:00+03:00,NO,0.006
2022-08-17T00:00:00+03:00,CO,0.2
2022-08-18T00:00:00+03:00,CO,0.36
2022-08-18T00:00:00+03:00,SO2,0.001
2022-08-18T00:00:00+03:00,NO2,0.054
2022-08-18T00:00:00+03:00,NO,0.01
2022-08-18T00:00:00+03:00,OZ,0.0515
2022-08-18T00:00:00+03:00,PM10,0.052
2022-08-18T00:00:00+03:00,PM2.5,0.025
2022-08-19T00:00:00+03:00,SO2,0.0008
2022-08-19T00:00:00+03:00,OZ,0.0492
2022-08-19T00:00:00+03:00,CO,0.06
2022-08-19T00:00:00+03:00,PM2.5,0.013
2022-08-19T00:00:00+03:00,NO2,0.038
2022-08-19T00:00:00+03:00,PM10,0.037
2022-08-19T00:00:00+03:00,NO,0.005
2022-08-20T00:00:00+03:00,OZ,0.0308
2022-08-20T00:00:00+03:00,PM10,0.042
2022-08-20T00:00:00+03:00,CO,0.2
2022-08-20T00:00:00+03:00,NO2,0.049
2022-08-20T00:00:00+03:00,PM2.5,0.018
2022-08-20T00:00:00+03:00,SO2,0.0024
2022-08-20T00:00:00+03:00,NO,0.017
2022-08-21T00:00:00+03:00,PM2.5,0.032
2022-08-21T00:00:00+03:00,PM10,0.053
2022-08-21T00:00:00+03:00,SO2,0.0029
2022-08-21T00:00:00+03:00,OZ,0.0469
2022-08-21T00:00:00+03:00,NO2,0.034
2022-08-21T00:00:00+03:00,NO,0.01
2022-08-21T00:00:00+03:00,CO,0.37
2022-08-22T00:00:00+03:00,NO2,0.052
2022-08-22T00:00:00+03:00,PM10,0.058
2022-08-22T00:00:00+03:00,CO,0.43
2022-08-22T00:00:00+03:00,SO2,0.0035
2022-08-22T00:00:00+03:00,NO,0.016
2022-08-22T00:00:00+03:00,PM2.5,0.036
2022-08-22T00:00:00+03:00,OZ,0.0471
2022-08-23T00:00:00+03:00,PM2.5,0.03
2022-08-23T00:00:00+03:00,CO,0.32
2022-08-23T00:00:00+03:00,NO2,0.056
2022-08-23T00:00:00+03:00,PM10,0.052
2022-08-23T00:00:00+03:00,NO,0.026
2022-08-23T00:00:00+03:00,OZ,0.0437
2022-08-23T00:00:00+03:00,SO2,0.0021
2022-08-24T00:00:00+03:00,CO,0.11
2022-08-24T00:00:00+03:00,SO2,0.0013
2022-08-24T00:00:00+03:00,NO,0.03
2022-08-24T00:00:00+03:00,PM10,0.034
2022-08-24T00:00:00+03:00,NO2,0.059
2022-08-24T00:00:00+03:00,PM2.5,0.014
2022-08-24T00:00:00+03:00,OZ,0.0502
2022-08-25T00:00:00+03:00,PM10,0.038
2022-08-25T00:00:00+03:00,SO2,0.0012
2022-08-25T00:00:00+03:00,NO2,0.079
2022-08-25T00:00:00+03:00,OZ,0.0454
2022-08-25T00:00:00+03:00,PM2.5,0.018
2022-08-25T00:00:00+03:00,CO,0.22
2022-08-25T00:00:00+03:00,NO,0.043
2022-08-26T00:00:00+03:00,NO,0.065
2022-08-26T00:00:00+03:00,CO,0.36
2022-08-26T00:00:00+03:00,PM2.5,0.023
2022-08-26T00:00:00+03:00,SO2,0.0013
2022-08-26T00:00:00+03:00,NO2,0.088
2022-08-26T00:00:00+03:00,PM10,0.046
2022-08-26T00:00:00+03:00,OZ,0.0442
2022-08-27T00:00:00+03:00,CO,0.36
2022-08-27T00:00:00+03:00,NO2,0.084
2022-08-27T00:00:00+03:00,PM10,0.055
2022-08-27T00:00:00+03:00,OZ,0.0494
2022-08-27T00:00:00+03:00,PM2.5,0.033
2022-08-27T00:00:00+03:00,SO2,0.0016
2022-08-27T00:00:00+03:00,NO,0.041
2022-08-28T00:00:00+03:00,NO,0.026
2022-08-28T00:00:00+03:00,NO2,0.079
2022-08-28T00:00:00+03:00,SO2,0.0031
2022-08-28T00:00:00+03:00,PM10,0.089
2022-08-28T00:00:00+03:00,PM2.5,0.069
2022-08-28T00:00:00+03:00,OZ,0.0451
2022-08-28T00:00:00+03:00,CO,0.56
2022-08-29T00:00:00+03:00,NO,0.015
2022-08-29T00:00:00+03:00,PM10,0.06
2022-08-29T00:00:00+03:00,CO,0.29
2022-08-29T00:00:00+03:00,NO2,0.047
2022-08-29T00:00:00+03:00,PM2.5,0.045
2022-08-29T00:00:00+03:00,OZ,0.0438
2022-08-29T00:00:00+03:00,SO2,0.0017
2022-08-30T00:00:00+03:00,NO2,0.044
2022-08-30T00:00:00+03:00,PM10,0.042
2022-08-30T00:00:00+03:00,OZ,0.0401
2022-08-30T00:00:00+03:00,CO,0.17
2022-08-30T00:00:00+03:00,SO2,0.0002
2022-08-30T00:00:00+03:00,NO,0.017
2022-08-30T00:00:00+03:00,PM2.5,0.02
2022-08-31T00:00:00+03:00,CO,0.11
2022-08-31T00:00:00+03:00,NO2,0.029
2022-08-31T00:00:00+03:00,PM2.5,0.006
2022-08-31T00:00:00+03:00,NO,0.013
2022-08-31T00:00:00+03:00,OZ,0.034
2022-08-31T00:00:00+03:00,PM10,0.018
2022-08-31T00:00:00+03:00,SO2,0
2022-09-01T00:00:00+03:00,PM10,0.011
2022-09-01T00:00:00+03:00,SO2,0.0003
2022-09-01T00:00:00+03:00,OZ,0.0256
2022-09-01T00:00:00+03:00,NO,0.008
2022-09-01T00:00:00+03:00,PM2.5,0.003
2022-09-01T00:00:00+03:00,CO,0
2022-09-01T00:00:00+03:00,NO2,0.021
2022-09-02T00:00:00+03:00,NO,0.007
2022-09-02T00:00:00+03:00,PM2.5,0.004
2022-09-02T00:00:00+03:00,PM10,0.01
2022-09-02T00:00:00+03:00,NO2,0.02
2022-09-02T00:00:00+03:00,CO,0.03
2022-09-02T00:00:00+03:00,OZ,0.028
2022-09-02T00:00:00+03:00,SO2,0.0003
2022-09-03T00:00:00+03:00,PM10,0.012
2022-09-03T00:00:00+03:00,NO,0.014
2022-09-03T00:00:00+03:00,NO2,0.025
2022-09-03T00:00:00+03:00,OZ,0.0247
2022-09-03T00:00:00+03:00,SO2,0.0006
2022-09-03T00:00:00+03:00,CO,0.06
2022-09-03T00:00:00+03:00,PM2.5,0.005
2022-09-04T00:00:00+03:00,PM2.5,0.006
2022-09-04T00:00:00+03:00,NO2,0.028
2022-09-04T00:00:00+03:00,OZ,0.0222
2022-09-04T00:00:00+03:00,CO,0.04
2022-09-04T00:00:00+03:00,NO,0.02
2022-09-04T00:00:00+03:00,SO2,0.0005
2022-09-04T00:00:00+03:00,PM10,0.013
2022-09-05T00:00:00+03:00,NO,0.027
2022-09-05T00:00:00+03:00,PM2.5,0.005
2022-09-05T00:00:00+03:00,SO2,0.0005
2022-09-05T00:00:00+03:00,CO,0.18
2022-09-05T00:00:00+03:00,OZ,0.0077
2022-09-05T00:00:00+03:00,PM10,0.012
2022-09-05T00:00:00+03:00,NO2,0.028
2022-09-06T00:00:00+03:00,SO2,0.0003
2022-09-06T00:00:00+03:00,PM2.5,0.004
2022-09-06T00:00:00+03:00,PM10,0.009
2022-09-06T00:00:00+03:00,OZ,0.0182
2022-09-06T00:00:00+03:00,NO2,0.023
2022-09-06T00:00:00+03:00,CO,0.13
2022-09-06T00:00:00+03:00,NO,0.015
2022-09-07T00:00:00+03:00,OZ,0.0188
2022-09-07T00:00:00+03:00,SO2,0.0003
2022-09-07T00:00:00+03:00,NO,0.016
2022-09-07T00:00:00+03:00,NO2,0.023
2022-09-07T00:00:00+03:00,CO,0.13
2022-09-07T00:00:00+03:00,PM2.5,0.005
2022-09-07T00:00:00+03:00,PM10,0.01
2022-09-08T00:00:00+03:00,CO,0.02
2022-09-08T00:00:00+03:00,SO2,0.0002
2022-09-08T00:00:00+03:00,PM2.5,0.005
2022-09-08T00:00:00+03:00,OZ,0.0121
2022-09-08T00:00:00+03:00,NO2,0.023
2022-09-08T00:00:00+03:00,NO,0.018
2022-09-08T00:00:00+03:00,PM10,0.009
2022-09-09T00:00:00+03:00,NO,0.028
2022-09-09T00:00:00+03:00,PM2.5,0.007
2022-09-09T00:00:00+03:00,PM10,0.014
2022-09-09T00:00:00+03:00,OZ,0.0156
2022-09-09T00:00:00+03:00,NO2,0.032
2022-09-09T00:00:00+03:00,SO2,0.0007
2022-09-09T00:00:00+03:00,CO,0.08
2022-09-10T00:00:00+03:00,NO2,0.06
2022-09-10T00:00:00+03:00,SO2,0.0018
2022-09-10T00:00:00+03:00,CO,0.34
2022-09-10T00:00:00+03:00,OZ,0.0153
2022-09-10T00:00:00+03:00,PM10,0.03
2022-09-10T00:00:00+03:00,PM2.5,0.014
2022-09-10T00:00:00+03:00,NO,0.119
2022-09-11T00:00:00+03:00,NO2,0.047
2022-09-11T00:00:00+03:00,CO,0.21
2022-09-11T00:00:00+03:00,PM10,0.02
2022-09-11T00:00:00+03:00,SO2,0.001
2022-09-11T00:00:00+03:00,OZ,0.0237
2022-09-11T00:00:00+03:00,NO,0.034
2022-09-11T00:00:00+03:00,PM2.5,0.01
2022-09-12T00:00:00+03:00,NO,0.038
2022-09-12T00:00:00+03:00,OZ,0.018
2022-09-12T00:00:00+03:00,NO2,0.051
2022-09-12T00:00:00+03:00,PM10,0.024
2022-09-12T00:00:00+03:00,SO2,0.0016
2022-09-12T00:00:00+03:00,CO,0.09
2022-09-12T00:00:00+03:00,PM2.5,0.013
2022-09-13T00:00:00+03:00,CO,0.2
2022-09-13T00:00:00+03:00,NO,0.039
2022-09-13T00:00:00+03:00,NO2,0.052
2022-09-13T00:00:00+03:00,OZ,0.0169
2022-09-13T00:00:00+03:00,SO2,0.0011
2022-09-13T00:00:00+03:00,PM10,0.026
2022-09-13T00:00:00+03:00,PM2.5,0.01
2022-09-14T00:00:00+03:00,NO2,0.046
2022-09-14T00:00:00+03:00,CO,0.16
2022-09-14T00:00:00+03:00,PM2.5,0.009
2022-09-14T00:00:00+03:00,SO2,0.0006
2022-09-14T00:00:00+03:00,PM10,0.014
2022-09-14T00:00:00+03:00,OZ,0.0114
2022-09-14T00:00:00+03:00,NO,0.022
2022-09-15T00:00:00+03:00,NO,0.027
2022-09-15T00:00:00+03:00,NO2,0.044
2022-09-15T00:00:00+03:00,PM2.5,0.007
2022-09-15T00:00:00+03:00,OZ,0.0025
2022-09-15T00:00:00+03:00,CO,0.21
2022-09-15T00:00:00+03:00,PM10,0.012
2022-09-15T00:00:00+03:00,SO2,0.001
2022-09-16T00:00:00+03:00,NO,0.011
2022-09-16T00:00:00+03:00,OZ,0.0097
2022-09-16T00:00:00+03:00,CO,0.17
2022-09-16T00:00:00+03:00,PM10,0.017
2022-09-16T00:00:00+03:00,NO2,0.049
2022-09-16T00:00:00+03:00,PM2.5,0.01
2022-09-16T00:00:00+03:00,SO2,0.0009
2022-09-17T00:00:00+03:00,SO2,0.001
2022-09-17T00:00:00+03:00,PM10,0.015
2022-09-17T00:00:00+03:00,OZ,0.0206
2022-09-17T00:00:00+03:00,NO2,0.037
2022-09-17T00:00:00+03:00,CO,0.08
2022-09-17T00:00:00+03:00,PM2.5,0.007
2022-09-17T00:00:00+03:00,NO,0.001
2022-09-18T00:00:00+03:00,PM10,0.016
2022-09-18T00:00:00+03:00,PM2.5,0.009
2022-09-18T00:00:00+03:00,SO2,0.0008
2022-09-18T00:00:00+03:00,CO,0.15
2022-09-18T00:00:00+03:00,NO,0.006
2022-09-18T00:00:00+03:00,OZ,0.013
2022-09-18T00:00:00+03:00,NO2,0.041
2022-09-19T00:00:00+03:00,PM10,0.009
2022-09-19T00:00:00+03:00,NO2,0.03
2022-09-19T00:00:00+03:00,PM2.5,0.004
2022-09-19T00:00:00+03:00,SO2,0.0005
2022-09-19T00:00:00+03:00,CO,0.02
2022-09-19T00:00:00+03:00,OZ,0.0226
2022-09-19T00:00:00+03:00,NO,0.004
2022-09-20T00:00:00+03:00,SO2,0.0008
2022-09-20T00:00:00+03:00,OZ,0.0181
2022-09-20T00:00:00+03:00,NO2,0.027
2022-09-20T00:00:00+03:00,PM2.5,0.007
2022-09-20T00:00:00+03:00,NO,0.011
2022-09-20T00:00:00+03:00,CO,0.02
2022-09-20T00:00:00+03:00,PM10,0.012
2022-09-21T00:00:00+03:00,NO2,0.05
2022-09-21T00:00:00+03:00,OZ,0.0049
2022-09-21T00:00:00+03:00,PM10,0.02
2022-09-21T00:00:00+03:00,SO2,0.0014
2022-09-21T00:00:00+03:00,PM2.5,0.01
2022-09-21T00:00:00+03:00,CO,0.27
2022-09-21T00:00:00+03:00,NO,0.05
2022-09-22T00:00:00+03:00,NO,0.015
2022-09-22T00:00:00+03:00,CO,0.17
2022-09-22T00:00:00+03:00,SO2,0.0009
2022-09-22T00:00:00+03:00,PM2.5,0.01
2022-09-22T00:00:00+03:00,OZ,0.0071
2022-09-22T00:00:00+03:00,NO2,0.029
2022-09-22T00:00:00+03:00,PM10,0.017
2022-09-23T00:00:00+03:00,OZ,0.0126
2022-09-23T00:00:00+03:00,NO,0.005
2022-09-23T00:00:00+03:00,PM10,0.015
2022-09-23T00:00:00+03:00,PM2.5,0.008
2022-09-23T00:00:00+03:00,CO,0.21
2022-09-23T00:00:00+03:00,SO2,0.0009
2022-09-23T00:00:00+03:00,NO2,0.01
2022-09-24T00:00:00+03:00,PM10,0.005
2022-09-24T00:00:00+03:00,NO,0.012
2022-09-24T00:00:00+03:00,OZ,0.003
2022-09-24T00:00:00+03:00,CO,0.12
2022-09-24T00:00:00+03:00,NO2,0.002
2022-09-24T00:00:00+03:00,PM2.5,0.003
2022-09-24T00:00:00+03:00,SO2,0.001
2022-09-25T00:00:00+03:00,PM10,0.009
2022-09-25T00:00:00+03:00,NO,0.023
2022-09-25T00:00:00+03:00,CO,0.2
2022-09-25T00:00:00+03:00,PM2.5,0.006
2022-09-25T00:00:00+03:00,SO2,0.0012
2022-09-25T00:00:00+03:00,NO2,0.001
2022-09-25T00:00:00+03:00,OZ,0.0014
2022-09-26T00:00:00+03:00,NO,0.024
2022-09-26T00:00:00+03:00,PM2.5,0.007
2022-09-26T00:00:00+03:00,OZ,0.0015
2022-09-26T00:00:00+03:00,SO2,0.0014
2022-09-26T00:00:00+03:00,PM10,0.012
2022-09-26T00:00:00+03:00,NO2,0.008
2022-09-26T00:00:00+03:00,CO,0.22
2022-09-27T00:00:00+03:00,PM10,0.017
2022-09-27T00:00:00+03:00,NO,0.046
2022-09-27T00:00:00+03:00,OZ,0.0042
2022-09-27T00:00:00+03:00,NO2,0.029
2022-09-27T00:00:00+03:00,PM2.5,0.009
2022-09-27T00:00:00+03:00,CO,0.3
2022-09-27T00:00:00+03:00,SO2,0.0022
2022-09-28T00:00:00+03:00,OZ,0.0084
2022-09-28T00:00:00+03:00,PM10,0.013
2022-09-28T00:00:00+03:00,NO,0.003
2022-09-28T00:00:00+03:00,PM2.5,0.006
2022-09-28T00:00:00+03:00,NO2,0.021
2022-09-28T00:00:00+03:00,CO,0.15
2022-09-28T00:00:00+03:00,SO2,0.0012
2022-09-29T00:00:00+03:00,NO,0.008
2022-09-29T00:00:00+03:00,PM2.5,0.01
2022-09-29T00:00:00+03:00,NO2,0.022
2022-09-29T00:00:00+03:00,OZ,0.0046
2022-09-29T00:00:00+03:00,SO2,0.0013
2022-09-29T00:00:00+03:00,PM10,0.019
2022-09-29T00:00:00+03:00,CO,0.13
2022-09-30T00:00:00+03:00,NO2,0.029
2022-09-30T00:00:00+03:00,PM10,0.024
2022-09-30T00:00:00+03:00,OZ,0.0084
2022-09-30T00:00:00+03:00,SO2,0.0013
2022-09-30T00:00:00+03:00,NO,0.013
2022-09-30T00:00:00+03:00,PM2.5,0.013
2022-09-30T00:00:00+03:00,CO,0.22
2022-10-01T00:00:00+03:00,NO2,0.026
2022-10-01T00:00:00+03:00,OZ,0.0023
2022-10-01T00:00:00+03:00,CO,0.32
2022-10-01T00:00:00+03:00,PM10,0.019
2022-10-01T00:00:00+03:00,SO2,0.0011
2022-10-01T00:00:00+03:00,NO,0.023
2022-10-01T00:00:00+03:00,PM2.5,0.013
2022-10-02T00:00:00+03:00,PM2.5,0.004
2022-10-02T00:00:00+03:00,CO,0.03
2022-10-02T00:00:00+03:00,OZ,0.018
2022-10-02T00:00:00+03:00,SO2,0.0008
2022-10-02T00:00:00+03:00,NO,0
2022-10-02T00:00:00+03:00,PM10,0.008
2022-10-02T00:00:00+03:00,NO2,0.011
2022-10-03T00:00:00+03:00,SO2,0.0007
2022-10-03T00:00:00+03:00,PM2.5,0.007
2022-10-03T00:00:00+03:00,PM10,0.012
2022-10-03T00:00:00+03:00,OZ,0.0175
2022-10-03T00:00:00+03:00,NO2,0.018
2022-10-03T00:00:00+03:00,NO,0.001
2022-10-03T00:00:00+03:00,CO,0.16
2022-10-04T00:00:00+03:00,NO,0.001
2022-10-04T00:00:00+03:00,PM10,0.011
2022-10-04T00:00:00+03:00,OZ,0.0201
2022-10-04T00:00:00+03:00,CO,0.03
2022-10-04T00:00:00+03:00,SO2,0.001
2022-10-04T00:00:00+03:00,PM2.5,0.006
2022-10-04T00:00:00+03:00,NO2,0.012
2022-10-05T00:00:00+03:00,NO,0.008
2022-10-05T00:00:00+03:00,CO,0.03
2022-10-05T00:00:00+03:00,PM10,0.008
2022-10-05T00:00:00+03:00,OZ,0.0094
2022-10-05T00:00:00+03:00,NO2,0.008
2022-10-05T00:00:00+03:00,SO2,0.0011
2022-10-05T00:00:00+03:00,PM2.5,0.005
2022-10-06T00:00:00+03:00,CO,0.15
2022-10-06T00:00:00+03:00,OZ,0.0049
2022-10-06T00:00:00+03:00,PM10,0.014
2022-10-06T00:00:00+03:00,SO2,0.001
2022-10-06T00:00:00+03:00,PM2.5,0.008
2022-10-06T00:00:00+03:00,NO2,0.011
2022-10-06T00:00:00+03:00,NO,0.007
2022-10-07T00:00:00+03:00,NO2,0.012
2022-10-07T00:00:00+03:00,PM2.5,0.008
2022-10-07T00:00:00+03:00,CO,0.12
2022-10-07T00:00:00+03:00,NO,0.002
2022-10-07T00:00:00+03:00,PM10,0.016
2022-10-07T00:00:00+03:00,SO2,0.0008
2022-10-07T00:00:00+03:00,OZ,0.0172
2022-10-08T00:00:00+03:00,NO2,0.014
2022-10-08T00:00:00+03:00,NO,0.002
2022-10-08T00:00:00+03:00,OZ,0.0197
2022-10-08T00:00:00+03:00,PM10,0.019
2022-10-08T00:00:00+03:00,SO2,0.0011
2022-10-08T00:00:00+03:00,PM2.5,0.008
2022-10-08T00:00:00+03:00,CO,0.13
2022-10-09T00:00:00+03:00,NO,0
2022-10-09T00:00:00+03:00,SO2,0.0012
2022-10-09T00:00:00+03:00,NO2,0.01
2022-10-09T00:00:00+03:00,PM2.5,0.009
2022-10-09T00:00:00+03:00,CO,0.05
2022-10-09T00:00:00+03:00,PM10,0.018
2022-10-09T00:00:00+03:00,OZ,0.0251
2022-10-10T00:00:00+03:00,NO2,0.017
2022-10-10T00:00:00+03:00,OZ,0.0167
2022-10-10T00:00:00+03:00,SO2,0.0014
2022-10-10T00:00:00+03:00,NO,0.005
2022-10-10T00:00:00+03:00,CO,0.06
2022-10-10T00:00:00+03:00,PM2.5,0.007
2022-10-10T00:00:00+03:00,PM10,0.013
2022-10-11T00:00:00+03:00,NO2,0.035
2022-10-11T00:00:00+03:00,SO2,0.0019
2022-10-11T00:00:00+03:00,CO,0.16
2022-10-11T00:00:00+03:00,PM10,0.017
2022-10-11T00:00:00+03:00,NO,0.021
2022-10-11T00:00:00+03:00,PM2.5,0.008
2022-10-11T00:00:00+03:00,OZ,0.0067
2022-10-12T00:00:00+03:00,NO,0.146
2022-10-12T00:00:00+03:00,OZ,0.0037
2022-10-12T00:00:00+03:00,PM2.5,0.016
2022-10-12T00:00:00+03:00,CO,0.61
2022-10-12T00:00:00+03:00,PM10,0.036
2022-10-12T00:00:00+03:00,NO2,0.05
2022-10-12T00:00:00+03:00,SO2,0.0029
2022-10-13T00:00:00+03:00,NO,0.019
2022-10-13T00:00:00+03:00,PM2.5,0.008
2022-10-13T00:00:00+03:00,NO2,0.025
2022-10-13T00:00:00+03:00,SO2,0.0015
2022-10-13T00:00:00+03:00,CO,0.15
2022-10-13T00:00:00+03:00,OZ,0.0055
2022-10-13T00:00:00+03:00,PM10,0.016
2022-10-14T00:00:00+03:00,SO2,0.002
2022-10-14T00:00:00+03:00,PM10,0.026
2022-10-14T00:00:00+03:00,NO,0.053
2022-10-14T00:00:00+03:00,CO,0.23
2022-10-14T00:00:00+03:00,OZ,0.0042
2022-10-14T00:00:00+03:00,NO2,0.036
2022-10-14T00:00:00+03:00,PM2.5,0.011
2022-10-15T00:00:00+03:00,PM2.5,0.012
2022-10-15T00:00:00+03:00,SO2,0.0018
2022-10-15T00:00:00+03:00,NO2,0.042
2022-10-15T00:00:00+03:00,CO,0.1
2022-10-15T00:00:00+03:00,OZ,0.0057
2022-10-15T00:00:00+03:00,NO,0.026
2022-10-15T00:00:00+03:00,PM10,0.023
2022-10-16T00:00:00+03:00,SO2,0.0018
2022-10-16T00:00:00+03:00,CO,0.02
2022-10-16T00:00:00+03:00,NO2,0.018
2022-10-16T00:00:00+03:00,PM10,0.02
2022-10-16T00:00:00+03:00,NO,0.007
2022-10-16T00:00:00+03:00,PM2.5,0.01
2022-10-16T00:00:00+03:00,OZ,0.0254
2022-10-17T00:00:00+03:00,SO2,0.0014
2022-10-17T00:00:00+03:00,NO,0.006
2022-10-17T00:00:00+03:00,OZ,0.0227
2022-10-17T00:00:00+03:00,NO2,0.017
2022-10-17T00:00:00+03:00,PM2.5,0.008
2022-10-17T00:00:00+03:00,CO,0.1
2022-10-17T00:00:00+03:00,PM10,0.02
2022-10-18T00:00:00+03:00,SO2,0.0011
2022-10-18T00:00:00+03:00,CO,0.18
2022-10-18T00:00:00+03:00,OZ,0.0104
2022-10-18T00:00:00+03:00,NO2,0.02
2022-10-18T00:00:00+03:00,PM10,0.013
2022-10-18T00:00:00+03:00,PM2.5,0.006
2022-10-18T00:00:00+03:00,NO,0.018
2022-10-19T00:00:00+03:00,CO,0.21
2022-10-19T00:00:00+03:00,SO2,0.0011
2022-10-19T00:00:00+03:00,NO2,0.026
2022-10-19T00:00:00+03:00,PM2.5,0.005
2022-10-19T00:00:00+03:00,OZ,0.0087
2022-10-19T00:00:00+03:00,PM10,0.009
2022-10-19T00:00:00+03:00,NO,0.022
2022-10-20T00:00:00+03:00,CO,0.08
2022-10-20T00:00:00+03:00,NO2,0.019
2022-10-20T00:00:00+03:00,PM10,0.011
2022-10-20T00:00:00+03:00,PM2.5,0.006
2022-10-20T00:00:00+03:00,OZ,0.0132
2022-10-20T00:00:00+03:00,NO,0.013
2022-10-20T00:00:00+03:00,SO2,0.0011
2022-10-21T00:00:00+03:00,NO2,0.023
2022-10-21T00:00:00+03:00,PM2.5,0.007
2022-10-21T00:00:00+03:00,PM10,0.015
2022-10-21T00:00:00+03:00,CO,0.07
2022-10-21T00:00:00+03:00,SO2,0.0013
2022-10-21T00:00:00+03:00,NO,0.02
2022-10-21T00:00:00+03:00,OZ,0.0082
2022-10-22T00:00:00+03:00,NO2,0.026
2022-10-22T00:00:00+03:00,PM10,0.013
2022-10-22T00:00:00+03:00,NO,0.022
2022-10-22T00:00:00+03:00,SO2,0.0012
2022-10-22T00:00:00+03:00,PM2.5,0.007
2022-10-22T00:00:00+03:00,OZ,0.0056
2022-10-22T00:00:00+03:00,CO,0.07
2022-10-23T00:00:00+03:00,NO,0.025
2022-10-23T00:00:00+03:00,PM10,0.016
2022-10-23T00:00:00+03:00,CO,0.04
2022-10-23T00:00:00+03:00,OZ,0.0064
2022-10-23T00:00:00+03:00,NO2,0.018
2022-10-23T00:00:00+03:00,PM2.5,0.01
2022-10-23T00:00:00+03:00,SO2,0.0012
2022-10-24T00:00:00+03:00,NO2,0.021
2022-10-24T00:00:00+03:00,CO,0.05
2022-10-24T00:00:00+03:00,OZ,0.0089
2022-10-24T00:00:00+03:00,PM2.5,0.009
2022-10-24T00:00:00+03:00,PM10,0.015
2022-10-24T00:00:00+03:00,NO,0.025
2022-10-24T00:00:00+03:00,SO2,0.0012
2022-10-25T00:00:00+03:00,CO,0.25
2022-10-25T00:00:00+03:00,PM10,0.028
2022-10-25T00:00:00+03:00,PM2.5,0.012
2022-10-25T00:00:00+03:00,OZ,0.0038
2022-10-25T00:00:00+03:00,SO2,0.0021
2022-10-25T00:00:00+03:00,NO,0.074
2022-10-25T00:00:00+03:00,NO2,0.044
2022-10-26T00:00:00+03:00,PM10,0.021
2022-10-26T00:00:00+03:00,NO,0.031
2022-10-26T00:00:00+03:00,PM2.5,0.01
2022-10-26T00:00:00+03:00,OZ,0.0063
2022-10-26T00:00:00+03:00,CO,0.2
2022-10-26T00:00:00+03:00,SO2,0.0016
2022-10-26T00:00:00+03:00,NO2,0.032
2022-10-27T00:00:00+03:00,NO2,0.037
2022-10-27T00:00:00+03:00,NO,0.066
2022-10-27T00:00:00+03:00,OZ,0.0024
2022-10-27T00:00:00+03:00,SO2,0.002
2022-10-27T00:00:00+03:00,PM2.5,0.015
2022-10-27T00:00:00+03:00,PM10,0.03
2022-10-27T00:00:00+03:00,CO,0.36
2022-10-28T00:00:00+03:00,PM10,0.019
2022-10-28T00:00:00+03:00,OZ,0.0014
2022-10-28T00:00:00+03:00,CO,0.25
2022-10-28T00:00:00+03:00,SO2,0.0015
2022-10-28T00:00:00+03:00,NO2,0.024
2022-10-28T00:00:00+03:00,NO,0.052
2022-10-28T00:00:00+03:00,PM2.5,0.01
2022-10-29T00:00:00+03:00,PM2.5,0.005
2022-10-29T00:00:00+03:00,OZ,0.0068
2022-10-29T00:00:00+03:00,PM10,0.009
2022-10-29T00:00:00+03:00,NO2,0.02
2022-10-29T00:00:00+03:00,SO2,0.0009
2022-10-29T00:00:00+03:00,NO,0.025
2022-10-29T00:00:00+03:00,CO,0.12
2022-10-30T00:00:00+03:00,NO,0.012
2022-10-30T00:00:00+03:00,CO,0.08
2022-10-30T00:00:00+03:00,SO2,0.0007
2022-10-30T00:00:00+03:00,PM2.5,0.004
2022-10-30T00:00:00+03:00,NO2,0.012
2022-10-30T00:00:00+03:00,PM10,0.007
2022-10-30T00:00:00+03:00,OZ,0.023
2022-10-31T00:00:00+03:00,NO2,0.013
2022-10-31T00:00:00+03:00,OZ,0.0241
2022-10-31T00:00:00+03:00,SO2,0.0011
2022-10-31T00:00:00+03:00,NO,0.006
2022-10-31T00:00:00+03:00,CO,0.08
2022-10-31T00:00:00+03:00,PM10,0.007
2022-10-31T00:00:00+03:00,PM2.5,0.005
2022-11-01T00:00:00+03:00,CO,0.02
2022-11-01T00:00:00+03:00,OZ,0.0188
2022-11-01T00:00:00+03:00,PM10,0.014
2022-11-01T00:00:00+03:00,SO2,0.0012
2022-11-01T00:00:00+03:00,NO,0.011
2022-11-01T00:00:00+03:00,PM2.5,0.006
2022-11-01T00:00:00+03:00,NO2,0.021
2022-11-02T00:00:00+03:00,SO2,0.0014
2022-11-02T00:00:00+03:00,PM10,0.025
2022-11-02T00:00:00+03:00,OZ,0.0028
2022-11-02T00:00:00+03:00,CO,0.24
2022-11-02T00:00:00+03:00,PM2.5,0.01
2022-11-02T00:00:00+03:00,NO2,0.044
2022-11-02T00:00:00+03:00,NO,0.031
2022-11-03T00:00:00+03:00,NO,0.031
2022-11-03T00:00:00+03:00,CO,0.15
2022-11-03T00:00:00+03:00,OZ,0.0029
2022-11-03T00:00:00+03:00,PM10,0.019
2022-11-03T00:00:00+03:00,SO2,0.0015
2022-11-03T00:00:00+03:00,PM2.5,0.007
2022-11-03T00:00:00+03:00,NO2,0.026
2022-11-04T00:00:00+03:00,SO2,0.0014
2022-11-04T00:00:00+03:00,CO,0.12
2022-11-04T00:00:00+03:00,PM2.5,0.01
2022-11-04T00:00:00+03:00,PM10,0.019
2022-11-04T00:00:00+03:00,NO2,0.022
2022-11-04T00:00:00+03:00,NO,0.028
2022-11-04T00:00:00+03:00,OZ,0.003
2022-11-05T00:00:00+03:00,CO,0.15
2022-11-05T00:00:00+03:00,NO2,0.016
2022-11-05T00:00:00+03:00,OZ,0.006
2022-11-05T00:00:00+03:00,PM2.5,0.007
2022-11-05T00:00:00+03:00,SO2,0.0016
2022-11-05T00:00:00+03:00,NO,0.024
2022-11-05T00:00:00+03:00,PM10,0.013
2022-11-06T00:00:00+03:00,CO,0.11
2022-11-06T00:00:00+03:00,PM2.5,0.008
2022-11-06T00:00:00+03:00,NO,0.018
2022-11-06T00:00:00+03:00,PM10,0.014
2022-11-06T00:00:00+03:00,NO2,0.017
2022-11-06T00:00:00+03:00,OZ,0.0095
2022-11-06T00:00:00+03:00,SO2,0.0017
2022-11-07T00:00:00+03:00,SO2,0.0016
2022-11-07T00:00:00+03:00,NO,0.031
2022-11-07T00:00:00+03:00,NO2,0.012
2022-11-07T00:00:00+03:00,PM10,0.01
2022-11-07T00:00:00+03:00,OZ,0.0052
2022-11-07T00:00:00+03:00,CO,0.08
2022-11-07T00:00:00+03:00,PM2.5,0.008
2022-11-08T00:00:00+03:00,CO,0.11
2022-11-08T00:00:00+03:00,OZ,0.002
2022-11-08T00:00:00+03:00,PM2.5,0.009
2022-11-08T00:00:00+03:00,PM10,0.011
2022-11-08T00:00:00+03:00,NO2,0.008
2022-11-08T00:00:00+03:00,SO2,0.0014
2022-11-08T00:00:00+03:00,NO,0.032
2022-11-09T00:00:00+03:00,SO2,0.001
2022-11-09T00:00:00+03:00,CO,0.21
2022-11-09T00:00:00+03:00,PM2.5,0.01
2022-11-09T00:00:00+03:00,PM10,0.013
2022-11-09T00:00:00+03:00,NO2,0.015
2022-11-09T00:00:00+03:00,NO,0.027
2022-11-09T00:00:00+03:00,OZ,0.0077
2022-11-10T00:00:00+03:00,PM10,0.024
2022-11-10T00:00:00+03:00,SO2,0.0009
2022-11-10T00:00:00+03:00,NO2,0.016
2022-11-10T00:00:00+03:00,NO,0.018
2022-11-10T00:00:00+03:00,OZ,0.0161
2022-11-10T00:00:00+03:00,PM2.5,0.015
2022-11-10T00:00:00+03:00,CO,0.24
2022-11-11T00:00:00+03:00,SO2,0.0009
2022-11-11T00:00:00+03:00,NO,0.021
2022-11-11T00:00:00+03:00,NO2,0.014
2022-11-11T00:00:00+03:00,PM10,0.015
2022-11-11T00:00:00+03:00,PM2.5,0.01
2022-11-11T00:00:00+03:00,CO,0.16
2022-11-11T00:00:00+03:00,OZ,0.0087
2022-11-12T00:00:00+03:00,PM10,0.006
2022-11-12T00:00:00+03:00,NO,0.015
2022-11-12T00:00:00+03:00,CO,0.05
2022-11-12T00:00:00+03:00,OZ,0.0118
2022-11-12T00:00:00+03:00,PM2.5,0.004
2022-11-12T00:00:00+03:00,SO2,0.0007
2022-11-12T00:00:00+03:00,NO2,0.013
2022-11-13T00:00:00+03:00,NO,0.004
2022-11-13T00:00:00+03:00,OZ,0.0243
2022-11-13T00:00:00+03:00,PM10,0.009
2022-11-13T00:00:00+03:00,PM2.5,0.004
2022-11-13T00:00:00+03:00,CO,0
2022-11-13T00:00:00+03:00,SO2,0.0009
2022-11-13T00:00:00+03:00,NO2,0.009
2022-11-14T00:00:00+03:00,NO,0.006
2022-11-14T00:00:00+03:00,NO2,0.02
2022-11-14T00:00:00+03:00,OZ,0.024
2022-11-14T00:00:00+03:00,CO,0
2022-11-14T00:00:00+03:00,SO2,0.0012
2022-11-14T00:00:00+03:00,PM10,0.015
2022-11-14T00:00:00+03:00,PM2.5,0.005
2022-11-15T00:00:00+03:00,SO2,
2022-11-15T00:00:00+03:00,NO,0.007
2022-11-15T00:00:00+03:00,OZ,0.0225
2022-11-15T00:00:00+03:00,NO2,0.023
2022-11-15T00:00:00+03:00,CO,0
2022-11-15T00:00:00+03:00,PM10,0.015
2022-11-15T00:00:00+03:00,PM2.5,0.006
2022-11-16T00:00:00+03:00,NO,0.027
2022-11-16T00:00:00+03:00,OZ,0.0084
2022-11-16T00:00:00+03:00,CO,0.13
2022-11-16T00:00:00+03:00,PM10,0.017
2022-11-16T00:00:00+03:00,PM2.5,0.011
2022-11-16T00:00:00+03:00,SO2,
2022-11-16T00:00:00+03:00,NO2,0.043
2022-11-17T00:00:00+03:00,OZ,0.0169
2022-11-17T00:00:00+03:00,NO,0.041
2022-11-17T00:00:00+03:00,PM2.5,0.01
2022-11-17T00:00:00+03:00,SO2,
2022-11-17T00:00:00+03:00,NO2,0.041
2022-11-17T00:00:00+03:00,PM10,0.015
2022-11-17T00:00:00+03:00,CO,0.2
2022-11-18T00:00:00+03:00,PM10,0.015
2022-11-18T00:00:00+03:00,SO2,
2022-11-18T00:00:00+03:00,OZ,0.0147
2022-11-18T00:00:00+03:00,NO,0.009
2022-11-18T00:00:00+03:00,CO,0.09
2022-11-18T00:00:00+03:00,NO2,0.019
2022-11-18T00:00:00+03:00,PM2.5,0.007
2022-11-19T00:00:00+03:00,NO2,0.023
2022-11-19T00:00:00+03:00,SO2,
2022-11-19T00:00:00+03:00,PM2.5,0.01
2022-11-19T00:00:00+03:00,OZ,0.0068
2022-11-19T00:00:00+03:00,NO,0.028
2022-11-19T00:00:00+03:00,CO,0.17
2022-11-19T00:00:00+03:00,PM10,0.014
2022-11-20T00:00:00+03:00,PM10,0.015
2022-11-20T00:00:00+03:00,NO2,0.022
2022-11-20T00:00:00+03:00,PM2.5,0.012
2022-11-20T00:00:00+03:00,CO,0.11
2022-11-20T00:00:00+03:00,SO2,
2022-11-20T00:00:00+03:00,NO,0.011
2022-11-20T00:00:00+03:00,OZ,0.005
2022-11-21T00:00:00+03:00,PM10,0.015
2022-11-21T00:00:00+03:00,PM2.5,0.012
2022-11-21T00:00:00+03:00,CO,0.18
2022-11-21T00:00:00+03:00,SO2,
2022-11-21T00:00:00+03:00,OZ,0.002
2022-11-21T00:00:00+03:00,NO,0.026
2022-11-21T00:00:00+03:00,NO2,0.028
2022-11-22T00:00:00+03:00,PM2.5,0.008
2022-11-22T00:00:00+03:00,CO,0.21
2022-11-22T00:00:00+03:00,OZ,0.0011
2022-11-22T00:00:00+03:00,SO2,
2022-11-22T00:00:00+03:00,NO,0.022
2022-11-22T00:00:00+03:00,NO2,0.021
2022-11-22T00:00:00+03:00,PM10,0.011
2022-11-23T00:00:00+03:00,NO,0.019
2022-11-23T00:00:00+03:00,SO2,
2022-11-23T00:00:00+03:00,PM10,0.008
2022-11-23T00:00:00+03:00,PM2.5,0.006
2022-11-23T00:00:00+03:00,OZ,0.0011
2022-11-23T00:00:00+03:00,CO,0.26
2022-11-23T00:00:00+03:00,NO2,0.02
2022-11-24T00:00:00+03:00,OZ,0.0027
2022-11-24T00:00:00+03:00,NO,0.012
2022-11-24T00:00:00+03:00,PM10,0.013
2022-11-24T00:00:00+03:00,CO,0.17
2022-11-24T00:00:00+03:00,PM2.5,0.012
2022-11-24T00:00:00+03:00,NO2,0.025
2022-11-24T00:00:00+03:00,SO2,
2022-11-25T00:00:00+03:00,PM2.5,0.01
2022-11-25T00:00:00+03:00,NO2,0.025
2022-11-25T00:00:00+03:00,OZ,0.009
2022-11-25T00:00:00+03:00,PM10,0.012
2022-11-25T00:00:00+03:00,NO,0.007
2022-11-25T00:00:00+03:00,SO2,
2022-11-25T00:00:00+03:00,CO,0.23
2022-11-26T00:00:00+03:00,NO2,0.033
2022-11-26T00:00:00+03:00,SO2,
2022-11-26T00:00:00+03:00,PM2.5,0.01
2022-11-26T00:00:00+03:00,PM10,0.013
2022-11-26T00:00:00+03:00,CO,0.13
2022-11-26T00:00:00+03:00,OZ,0.0092
2022-11-26T00:00:00+03:00,NO,0.006
2022-11-27T00:00:00+03:00,NO2,0.031
2022-11-27T00:00:00+03:00,PM10,0.014
2022-11-27T00:00:00+03:00,OZ,0.0036
2022-11-27T00:00:00+03:00,CO,0.19
2022-11-27T00:00:00+03:00,NO,0.009
2022-11-27T00:00:00+03:00,PM2.5,0.011
2022-11-27T00:00:00+03:00,SO2,
2022-11-28T00:00:00+03:00,NO2,0.026
2022-11-28T00:00:00+03:00,PM10,0.013
2022-11-28T00:00:00+03:00,NO,0.001
2022-11-28T00:00:00+03:00,PM2.5,0.011
2022-11-28T00:00:00+03:00,OZ,0.0263
2022-11-28T00:00:00+03:00,CO,0.13
2022-11-28T00:00:00+03:00,SO2,
2022-11-29T00:00:00+03:00,PM2.5,0.014
2022-11-29T00:00:00+03:00,SO2,
2022-11-29T00:00:00+03:00,NO,0.016
2022-11-29T00:00:00+03:00,PM10,0.017
2022-11-29T00:00:00+03:00,CO,0.14
2022-11-29T00:00:00+03:00,NO2,0.034
2022-11-29T00:00:00+03:00,OZ,0.0219
2022-11-30T00:00:00+03:00,CO,0.35
2022-11-30T00:00:00+03:00,NO2,0.057
2022-11-30T00:00:00+03:00,PM2.5,0.02
2022-11-30T00:00:00+03:00,SO2,
2022-11-30T00:00:00+03:00,NO,0.065
2022-11-30T00:00:00+03:00,OZ,0.0021
2022-11-30T00:00:00+03:00,PM10,0.028
2022-12-01T00:00:00+03:00,SO2,
2022-12-01T00:00:00+03:00,OZ,0.002
2022-12-01T00:00:00+03:00,NO,0.183
2022-12-01T00:00:00+03:00,PM10,0.049
2022-12-01T00:00:00+03:00,CO,0.87
2022-12-01T00:00:00+03:00,NO2,0.08
2022-12-01T00:00:00+03:00,PM2.5,0.033
2022-12-02T00:00:00+03:00,SO2,
2022-12-02T00:00:00+03:00,NO2,0.071
2022-12-02T00:00:00+03:00,PM10,0.039
2022-12-02T00:00:00+03:00,OZ,0.0022
2022-12-02T00:00:00+03:00,PM2.5,0.029
2022-12-02T00:00:00+03:00,CO,0.56
2022-12-02T00:00:00+03:00,NO,0.118
2022-12-03T00:00:00+03:00,NO2,0.042
2022-12-03T00:00:00+03:00,SO2,
2022-12-03T00:00:00+03:00,NO,0.019
2022-12-03T00:00:00+03:00,PM2.5,0.015
2022-12-03T00:00:00+03:00,CO,0.27
2022-12-03T00:00:00+03:00,OZ,0.0098
2022-12-03T00:00:00+03:00,PM10,0.018
2022-12-04T00:00:00+03:00,NO2,0.036
2022-12-04T00:00:00+03:00,PM2.5,0.009
2022-12-04T00:00:00+03:00,CO,0.12
2022-12-04T00:00:00+03:00,SO2,
2022-12-04T00:00:00+03:00,NO,0.006
2022-12-04T00:00:00+03:00,OZ,0.0144
2022-12-04T00:00:00+03:00,PM10,0.013
2022-12-05T00:00:00+03:00,CO,0.16
2022-12-05T00:00:00+03:00,OZ,0.0191
2022-12-05T00:00:00+03:00,NO2,0.04
2022-12-05T00:00:00+03:00,PM10,0.013
2022-12-05T00:00:00+03:00,PM2.5,0.007
2022-12-05T00:00:00+03:00,SO2,
2022-12-05T00:00:00+03:00,NO,0.005
2022-12-06T00:00:00+03:00,PM2.5,0.005
2022-12-06T00:00:00+03:00,SO2,
2022-12-06T00:00:00+03:00,NO,0.004
2022-12-06T00:00:00+03:00,CO,0.18
2022-12-06T00:00:00+03:00,OZ,0.0304
2022-12-06T00:00:00+03:00,PM10,0.012
2022-12-06T00:00:00+03:00,NO2,0.034
2022-12-07T00:00:00+03:00,NO,0.006
2022-12-07T00:00:00+03:00,OZ,0.0248
2022-12-07T00:00:00+03:00,PM2.5,0.007
2022-12-07T00:00:00+03:00,CO,0.05
2022-12-07T00:00:00+03:00,SO2,
2022-12-07T00:00:00+03:00,NO2,0.034
2022-12-07T00:00:00+03:00,PM10,0.014
2022-12-08T00:00:00+03:00,NO,0.004
2022-12-08T00:00:00+03:00,PM2.5,0.01
2022-12-08T00:00:00+03:00,SO2,
2022-12-08T00:00:00+03:00,NO2,0.028
2022-12-08T00:00:00+03:00,PM10,0.019
2022-12-08T00:00:00+03:00,OZ,0.0167
2022-12-08T00:00:00+03:00,CO,0.12
2022-12-09T00:00:00+03:00,OZ,0.0053
2022-12-09T00:00:00+03:00,PM10,0.019
2022-12-09T00:00:00+03:00,SO2,
2022-12-09T00:00:00+03:00,NO2,0.034
2022-12-09T00:00:00+03:00,NO,0.018
2022-12-09T00:00:00+03:00,PM2.5,0.014
2022-12-09T00:00:00+03:00,CO,0.16
2022-12-10T00:00:00+03:00,CO,0.46
2022-12-10T00:00:00+03:00,SO2,
2022-12-10T00:00:00+03:00,NO2,0.044
2022-12-10T00:00:00+03:00,NO,0.056
2022-12-10T00:00:00+03:00,OZ,0.0014
2022-12-10T00:00:00+03:00,PM10,0.024
2022-12-10T00:00:00+03:00,PM2.5,0.017
2022-12-11T00:00:00+03:00,PM2.5,0.008
2022-12-11T00:00:00+03:00,NO,0.024
2022-12-11T00:00:00+03:00,PM10,0.01
2022-12-11T00:00:00+03:00,OZ,0.0015
2022-12-11T00:00:00+03:00,NO2,0.033
2022-12-11T00:00:00+03:00,SO2,
2022-12-11T00:00:00+03:00,CO,0.35
2022-12-12T00:00:00+03:00,PM10,0.008
2022-12-12T00:00:00+03:00,PM2.5,0.006
2022-12-12T00:00:00+03:00,OZ,0.0257
2022-12-12T00:00:00+03:00,SO2,
2022-12-12T00:00:00+03:00,NO,0.002
2022-12-12T00:00:00+03:00,NO2,0.026
2022-12-12T00:00:00+03:00,CO,0.26
2022-12-13T00:00:00+03:00,CO,0.24
2022-12-13T00:00:00+03:00,OZ,0.0156
2022-12-13T00:00:00+03:00,NO2,0.027
2022-12-13T00:00:00+03:00,NO,0.009
2022-12-13T00:00:00+03:00,PM10,0.007
2022-12-13T00:00:00+03:00,PM2.5,0.006
2022-12-14T00:00:00+03:00,PM2.5,0.009
2022-12-14T00:00:00+03:00,NO2,0.037
2022-12-14T00:00:00+03:00,NO,0.006
2022-12-14T00:00:00+03:00,CO,0.07
2022-12-14T00:00:00+03:00,OZ,0.0247
2022-12-14T00:00:00+03:00,PM10,0.011
2022-12-15T00:00:00+03:00,OZ,0.0259
2022-12-15T00:00:00+03:00,PM2.5,0.008
2022-12-15T00:00:00+03:00,PM10,0.01
2022-12-15T00:00:00+03:00,NO2,0.033
2022-12-15T00:00:00+03:00,NO,0.004
2022-12-15T00:00:00+03:00,CO,0.22
2022-12-16T00:00:00+03:00,PM2.5,0.012
2022-12-16T00:00:00+03:00,PM10,0.013
2022-12-16T00:00:00+03:00,OZ,0.0246
2022-12-16T00:00:00+03:00,NO,0.006
2022-12-16T00:00:00+03:00,NO2,0.031
2022-12-16T00:00:00+03:00,CO,0.04
2022-12-17T00:00:00+03:00,OZ,0.0043
2022-12-17T00:00:00+03:00,NO,0.012
2022-12-17T00:00:00+03:00,NO2,0.044
2022-12-17T00:00:00+03:00,CO,0.26
2022-12-17T00:00:00+03:00,PM2.5,0.013
2022-12-17T00:00:00+03:00,PM10,0.016
2022-12-18T00:00:00+03:00,NO,0.003
2022-12-18T00:00:00+03:00,CO,0.17
2022-12-18T00:00:00+03:00,PM2.5,0.009
2022-12-18T00:00:00+03:00,PM10,0.01
2022-12-18T00:00:00+03:00,NO2,0.029
2022-12-18T00:00:00+03:00,OZ,0.0233
2022-12-19T00:00:00+03:00,NO2,0.031
2022-12-19T00:00:00+03:00,NO,0.004
2022-12-19T00:00:00+03:00,PM10,0.011
2022-12-19T00:00:00+03:00,CO,0.14
2022-12-19T00:00:00+03:00,PM2.5,0.009
2022-12-19T00:00:00+03:00,OZ,0.0308
2022-12-20T00:00:00+03:00,CO,0.24
2022-12-20T00:00:00+03:00,NO2,0.035
2022-12-20T00:00:00+03:00,PM10,0.008
2022-12-20T00:00:00+03:00,PM2.5,0.007
2022-12-20T00:00:00+03:00,NO,0.005
2022-12-20T00:00:00+03:00,OZ,0.032
2022-12-21T00:00:00+03:00,PM10,0.013
2022-12-21T00:00:00+03:00,NO2,0.042
2022-12-21T00:00:00+03:00,NO,0.005
2022-12-21T00:00:00+03:00,SO2,0.0006
2022-12-21T00:00:00+03:00,PM2.5,0.011
2022-12-21T00:00:00+03:00,OZ,0.0152
2022-12-21T00:00:00+03:00,CO,0.24
2022-12-22T00:00:00+03:00,NO,0.006
2022-12-22T00:00:00+03:00,SO2,0.0001
2022-12-22T00:00:00+03:00,PM2.5,0.008
2022-12-22T00:00:00+03:00,PM10,0.01
2022-12-22T00:00:00+03:00,OZ,0.0167
2022-12-22T00:00:00+03:00,NO2,0.03
2022-12-22T00:00:00+03:00,CO,0.35
2022-12-23T00:00:00+03:00,NO2,0.025
2022-12-23T00:00:00+03:00,NO,0.007
2022-12-23T00:00:00+03:00,PM2.5,0.01
2022-12-23T00:00:00+03:00,SO2,0.0001
2022-12-23T00:00:00+03:00,CO,0.45
2022-12-23T00:00:00+03:00,PM10,0.011
2022-12-23T00:00:00+03:00,OZ,0.0126
2022-12-24T00:00:00+03:00,CO,0.44
2022-12-24T00:00:00+03:00,NO2,0.025
2022-12-24T00:00:00+03:00,NO,0.007
2022-12-24T00:00:00+03:00,PM2.5,0.01
2022-12-24T00:00:00+03:00,SO2,0
2022-12-24T00:00:00+03:00,OZ,0.0131
2022-12-24T00:00:00+03:00,PM10,0.011
2022-12-25T00:00:00+03:00,PM2.5,0.006
2022-12-25T00:00:00+03:00,CO,0.1
2022-12-25T00:00:00+03:00,SO2,0
2022-12-25T00:00:00+03:00,NO2,0.028
2022-12-25T00:00:00+03:00,PM10,0.007
2022-12-25T00:00:00+03:00,OZ,0.0384
2022-12-25T00:00:00+03:00,NO,0.002
2022-12-26T00:00:00+03:00,NO,0.007
2022-12-26T00:00:00+03:00,SO2,0.0001
2022-12-26T00:00:00+03:00,PM2.5,0.007
2022-12-26T00:00:00+03:00,CO,0.12
2022-12-26T00:00:00+03:00,OZ,0.0246
2022-12-26T00:00:00+03:00,NO2,0.045
2022-12-26T00:00:00+03:00,PM10,0.01
2022-12-27T00:00:00+03:00,SO2,0.0008
2022-12-27T00:00:00+03:00,PM10,0.014
2022-12-27T00:00:00+03:00,CO,0.13
2022-12-27T00:00:00+03:00,OZ,0.0276
2022-12-27T00:00:00+03:00,NO2,0.031
2022-12-27T00:00:00+03:00,NO,0.006
2022-12-27T00:00:00+03:00,PM2.5,0.008
2022-12-28T00:00:00+03:00,SO2,0.0014
2022-12-28T00:00:00+03:00,PM10,0.014
2022-12-28T00:00:00+03:00,NO,0.019
2022-12-28T00:00:00+03:00,OZ,0.0076
2022-12-28T00:00:00+03:00,CO,0.34
2022-12-28T00:00:00+03:00,PM2.5,0.009
2022-12-28T00:00:00+03:00,NO2,0.038
2022-12-29T00:00:00+03:00,NO2,0.038
2022-12-29T00:00:00+03:00,SO2,0.0006
2022-12-29T00:00:00+03:00,PM10,0.012
2022-12-29T00:00:00+03:00,OZ,0.0249
2022-12-29T00:00:00+03:00,NO,0.013
2022-12-29T00:00:00+03:00,CO,0.28
2022-12-29T00:00:00+03:00,PM2.5,0.008
2022-12-30T00:00:00+03:00,PM2.5,0.012
2022-12-30T00:00:00+03:00,PM10,0.014
2022-12-30T00:00:00+03:00,NO,0.014
2022-12-30T00:00:00+03:00,SO2,0.0005
2022-12-30T00:00:00+03:00,NO2,0.038
2022-12-30T00:00:00+03:00,OZ,0.0048
2022-12-30T00:00:00+03:00,CO,0.21
2022-12-31T00:00:00+03:00,SO2,0.0003
2022-12-31T00:00:00+03:00,CO,0.21
2022-12-31T00:00:00+03:00,PM10,0.009
2022-12-31T00:00:00+03:00,NO,0.007
2022-12-31T00:00:00+03:00,PM2.5,0.008
2022-12-31T00:00:00+03:00,OZ,0.017
2022-12-31T00:00:00+03:00,NO2,0.026
2023-01-01T00:00:00+03:00,NO2,0.013
2023-01-01T00:00:00+03:00,PM2.5,0.006
2023-01-01T00:00:00+03:00,NO,0.001
2023-01-01T00:00:00+03:00,CO,0.08
2023-01-01T00:00:00+03:00,OZ,0.0345
2023-01-01T00:00:00+03:00,PM10,0.006
2023-01-01T00:00:00+03:00,SO2,0.0002
2023-01-02T00:00:00+03:00,NO,0.001
2023-01-02T00:00:00+03:00,PM2.5,0.005
2023-01-02T00:00:00+03:00,OZ,0.0573
2023-01-02T00:00:00+03:00,SO2,0.0001
2023-01-02T00:00:00+03:00,NO2,0.012
2023-01-02T00:00:00+03:00,PM10,0.006
2023-01-02T00:00:00+03:00,CO,0.15
2023-01-03T00:00:00+03:00,OZ,0.0374
2023-01-03T00:00:00+03:00,CO,0.09
2023-01-03T00:00:00+03:00,NO2,0.028
2023-01-03T00:00:00+03:00,PM10,0.006
2023-01-03T00:00:00+03:00,SO2,0.0001
2023-01-03T00:00:00+03:00,NO,0.002
2023-01-03T00:00:00+03:00,PM2.5,0.005
2023-01-04T00:00:00+03:00,NO,0.001
2023-01-04T00:00:00+03:00,CO,0.08
2023-01-04T00:00:00+03:00,PM10,0.007
2023-01-04T00:00:00+03:00,OZ,0.0491
2023-01-04T00:00:00+03:00,PM2.5,0.006
2023-01-04T00:00:00+03:00,SO2,0
2023-01-04T00:00:00+03:00,NO2,0.016
2023-01-05T00:00:00+03:00,NO2,0.031
2023-01-05T00:00:00+03:00,PM10,0.008
2023-01-05T00:00:00+03:00,PM2.5,0.006
2023-01-05T00:00:00+03:00,NO,0.003
2023-01-05T00:00:00+03:00,OZ,0.0314
2023-01-05T00:00:00+03:00,CO,0.09
2023-01-05T00:00:00+03:00,SO2,0
2023-01-06T00:00:00+03:00,NO,0.014
2023-01-06T00:00:00+03:00,PM2.5,0.012
2023-01-06T00:00:00+03:00,SO2,0.0011
2023-01-06T00:00:00+03:00,OZ,0.009
2023-01-06T00:00:00+03:00,NO2,0.035
2023-01-06T00:00:00+03:00,PM10,0.016
2023-01-06T00:00:00+03:00,CO,0.17
2023-01-07T00:00:00+03:00,NO,0.017
2023-01-07T00:00:00+03:00,PM10,0.016
2023-01-07T00:00:00+03:00,OZ,0.0064
2023-01-07T00:00:00+03:00,PM2.5,0.013
2023-01-07T00:00:00+03:00,CO,0.35
2023-01-07T00:00:00+03:00,SO2,0.001
2023-01-07T00:00:00+03:00,NO2,0.05
2023-01-08T00:00:00+03:00,PM10,0.013
2023-01-08T00:00:00+03:00,NO,0.019
2023-01-08T00:00:00+03:00,PM2.5,0.011
2023-01-08T00:00:00+03:00,OZ,0.012
2023-01-08T00:00:00+03:00,NO2,0.052
2023-01-08T00:00:00+03:00,SO2,0.0008
2023-01-08T00:00:00+03:00,CO,0.35
2023-01-09T00:00:00+03:00,PM2.5,0.015
2023-01-09T00:00:00+03:00,NO,0.022
2023-01-09T00:00:00+03:00,NO2,0.053
2023-01-09T00:00:00+03:00,OZ,0.0113
2023-01-09T00:00:00+03:00,PM10,0.018
2023-01-09T00:00:00+03:00,CO,0.25
2023-01-09T00:00:00+03:00,SO2,0.0014
2023-01-10T00:00:00+03:00,PM10,0.013
2023-01-10T00:00:00+03:00,NO,0.003
2023-01-10T00:00:00+03:00,NO2,0.035
2023-01-10T00:00:00+03:00,OZ,0.0301
2023-01-10T00:00:00+03:00,SO2,0.0012
2023-01-10T00:00:00+03:00,CO,0.15
2023-01-10T00:00:00+03:00,PM2.5,0.009
2023-01-11T00:00:00+03:00,CO,0.14
2023-01-11T00:00:00+03:00,NO2,0.023
2023-01-11T00:00:00+03:00,OZ,0.0446
2023-01-11T00:00:00+03:00,PM2.5,0.006
2023-01-11T00:00:00+03:00,NO,0.001
2023-01-11T00:00:00+03:00,SO2,0.001
2023-01-11T00:00:00+03:00,PM10,0.01
2023-01-12T00:00:00+03:00,CO,0.15
2023-01-12T00:00:00+03:00,NO2,0.022
2023-01-12T00:00:00+03:00,OZ,0.0427
2023-01-12T00:00:00+03:00,SO2,0.0006
2023-01-12T00:00:00+03:00,PM2.5,0.008
2023-01-12T00:00:00+03:00,PM10,0.016
2023-01-12T00:00:00+03:00,NO,0.002
2023-01-13T00:00:00+03:00,PM2.5,0.008
2023-01-13T00:00:00+03:00,CO,0.08
2023-01-13T00:00:00+03:00,OZ,0.0402
2023-01-13T00:00:00+03:00,PM10,0.012
2023-01-13T00:00:00+03:00,NO,0.001
2023-01-13T00:00:00+03:00,NO2,0.019
2023-01-13T00:00:00+03:00,SO2,0.0001
2023-01-14T00:00:00+03:00,CO,0.11
2023-01-14T00:00:00+03:00,PM10,0.02
2023-01-14T00:00:00+03:00,SO2,0
2023-01-14T00:00:00+03:00,NO2,0.019
2023-01-14T00:00:00+03:00,PM2.5,0.01
2023-01-14T00:00:00+03:00,NO,0.001
2023-01-14T00:00:00+03:00,OZ,0.0384
2023-01-15T00:00:00+03:00,OZ,0.0413
2023-01-15T00:00:00+03:00,CO,0.17
2023-01-15T00:00:00+03:00,PM2.5,0.012
2023-01-15T00:00:00+03:00,SO2,0
2023-01-15T00:00:00+03:00,NO2,0.019
2023-01-15T00:00:00+03:00,PM10,0.023
2023-01-15T00:00:00+03:00,NO,0.001
2023-01-16T00:00:00+03:00,PM2.5,0.013
2023-01-16T00:00:00+03:00,OZ,0.0404
2023-01-16T00:00:00+03:00,CO,0.15
2023-01-16T00:00:00+03:00,PM10,0.025
2023-01-16T00:00:00+03:00,SO2,0.0006
2023-01-16T00:00:00+03:00,NO2,0.022
2023-01-16T00:00:00+03:00,NO,0.001
2023-01-17T00:00:00+03:00,NO,0.003
2023-01-17T00:00:00+03:00,PM2.5,0.011
2023-01-17T00:00:00+03:00,OZ,0.0298
2023-01-17T00:00:00+03:00,NO2,0.029
2023-01-17T00:00:00+03:00,CO,0.12
2023-01-17T00:00:00+03:00,PM10,0.015
2023-01-17T00:00:00+03:00,SO2,0.0012
2023-01-18T00:00:00+03:00,PM2.5,0.018
2023-01-18T00:00:00+03:00,SO2,0.0012
2023-01-18T00:00:00+03:00,NO,0.001
2023-01-18T00:00:00+03:00,PM10,0.025
2023-01-18T00:00:00+03:00,NO2,0.028
2023-01-18T00:00:00+03:00,CO,0.12
2023-01-18T00:00:00+03:00,OZ,0.0441
2023-01-19T00:00:00+03:00,PM10,0.018
2023-01-19T00:00:00+03:00,SO2,0.0011
2023-01-19T00:00:00+03:00,PM2.5,0.014
2023-01-19T00:00:00+03:00,NO,0.002
2023-01-19T00:00:00+03:00,CO,0.18
2023-01-19T00:00:00+03:00,OZ,0.0346
2023-01-19T00:00:00+03:00,NO2,0.028
2023-01-20T00:00:00+03:00,NO,0.002
2023-01-20T00:00:00+03:00,NO2,0.031
2023-01-20T00:00:00+03:00,PM2.5,0.018
2023-01-20T00:00:00+03:00,OZ,0.0339
2023-01-20T00:00:00+03:00,CO,0.3
2023-01-20T00:00:00+03:00,SO2,0.0012
2023-01-20T00:00:00+03:00,PM10,0.025
2023-01-21T00:00:00+03:00,PM10,0.018
2023-01-21T00:00:00+03:00,SO2,0.0017
2023-01-21T00:00:00+03:00,NO,0.002
2023-01-21T00:00:00+03:00,NO2,0.039
2023-01-21T00:00:00+03:00,CO,0.23
2023-01-21T00:00:00+03:00,OZ,0.0329
2023-01-21T00:00:00+03:00,PM2.5,0.01
2023-01-22T00:00:00+03:00,CO,0.18
2023-01-22T00:00:00+03:00,NO,0.008
2023-01-22T00:00:00+03:00,NO2,0.035
2023-01-22T00:00:00+03:00,OZ,0.0279
2023-01-22T00:00:00+03:00,PM2.5,0.013
2023-01-22T00:00:00+03:00,PM10,0.02
2023-01-22T00:00:00+03:00,SO2,0.0016
2023-01-23T00:00:00+03:00,PM2.5,0.012
2023-01-23T00:00:00+03:00,NO2,0.037
2023-01-23T00:00:00+03:00,OZ,0.025
2023-01-23T00:00:00+03:00,NO,0.002
2023-01-23T00:00:00+03:00,SO2,0.0015
2023-01-23T00:00:00+03:00,PM10,0.016
2023-01-23T00:00:00+03:00,CO,0.11
2023-01-24T00:00:00+03:00,NO2,0.037
2023-01-24T00:00:00+03:00,OZ,0.021
2023-01-24T00:00:00+03:00,CO,0.19
2023-01-24T00:00:00+03:00,PM10,0.013
2023-01-24T00:00:00+03:00,PM2.5,0.009
2023-01-24T00:00:00+03:00,SO2,0.0015
2023-01-24T00:00:00+03:00,NO,0.008
2023-01-25T00:00:00+03:00,OZ,0.0302
2023-01-25T00:00:00+03:00,PM10,0.01
2023-01-25T00:00:00+03:00,PM2.5,0.007
2023-01-25T00:00:00+03:00,CO,0.06
2023-01-25T00:00:00+03:00,NO2,0.024
2023-01-25T00:00:00+03:00,NO,0.002
2023-01-25T00:00:00+03:00,SO2,0.0011
2023-01-26T00:00:00+03:00,PM10,0.01
2023-01-26T00:00:00+03:00,PM2.5,0.008
2023-01-26T00:00:00+03:00,NO,0.002
2023-01-26T00:00:00+03:00,CO,0.09
2023-01-26T00:00:00+03:00,NO2,0.021
2023-01-26T00:00:00+03:00,OZ,0.0335
2023-01-26T00:00:00+03:00,SO2,0.001
2023-01-27T00:00:00+03:00,CO,0.1
2023-01-27T00:00:00+03:00,NO,0.005
2023-01-27T00:00:00+03:00,PM10,0.01
2023-01-27T00:00:00+03:00,PM2.5,0.007
2023-01-27T00:00:00+03:00,NO2,0.03
2023-01-27T00:00:00+03:00,OZ,0.0275
2023-01-27T00:00:00+03:00,SO2,0.0011
2023-01-28T00:00:00+03:00,OZ,0.0149
2023-01-28T00:00:00+03:00,CO,0.35
2023-01-28T00:00:00+03:00,NO,0.032
2023-01-28T00:00:00+03:00,PM2.5,0.013
2023-01-28T00:00:00+03:00,NO2,0.05
2023-01-28T00:00:00+03:00,SO2,0.0016
2023-01-28T00:00:00+03:00,PM10,0.02
2023-01-29T00:00:00+03:00,CO,0.14
2023-01-29T00:00:00+03:00,OZ,0.031
2023-01-29T00:00:00+03:00,NO,0.007
2023-01-29T00:00:00+03:00,NO2,0.033
2023-01-29T00:00:00+03:00,PM2.5,0.007
2023-01-29T00:00:00+03:00,SO2,0.0008
2023-01-29T00:00:00+03:00,PM10,0.009
2023-01-30T00:00:00+03:00,OZ,0.0442
2023-01-30T00:00:00+03:00,NO2,0.017
2023-01-30T00:00:00+03:00,SO2,0.0006
2023-01-30T00:00:00+03:00,PM2.5,0.006
2023-01-30T00:00:00+03:00,NO,0.001
2023-01-30T00:00:00+03:00,PM10,0.008
2023-01-30T00:00:00+03:00,CO,0.15
2023-01-31T00:00:00+03:00,NO2,0.019
2023-01-31T00:00:00+03:00,PM2.5,0.009
2023-01-31T00:00:00+03:00,CO,0.07
2023-01-31T00:00:00+03:00,SO2,0.0006
2023-01-31T00:00:00+03:00,NO,0.002
2023-01-31T00:00:00+03:00,PM10,0.012
2023-01-31T00:00:00+03:00,OZ,0.0408
2023-02-01T00:00:00+03:00,CO,0.2
2023-02-01T00:00:00+03:00,NO2,0.027
2023-02-01T00:00:00+03:00,PM2.5,0.011
2023-02-01T00:00:00+03:00,PM10,0.013
2023-02-01T00:00:00+03:00,NO,0.004
2023-02-01T00:00:00+03:00,OZ,0.0242
2023-02-01T00:00:00+03:00,SO2,0.0007
2023-02-02T00:00:00+03:00,PM2.5,0.013
2023-02-02T00:00:00+03:00,PM10,0.015
2023-02-02T00:00:00+03:00,CO,0.24
2023-02-02T00:00:00+03:00,OZ,0.0276
2023-02-02T00:00:00+03:00,NO2,0.03
2023-02-02T00:00:00+03:00,NO,0.003
2023-02-02T00:00:00+03:00,SO2,0.0008
2023-02-03T00:00:00+03:00,PM2.5,0.012
2023-02-03T00:00:00+03:00,NO2,0.032
2023-02-03T00:00:00+03:00,SO2,0.0008
2023-02-03T00:00:00+03:00,CO,0.18
2023-02-03T00:00:00+03:00,OZ,0.02
2023-02-03T00:00:00+03:00,NO,0.004
2023-02-03T00:00:00+03:00,PM10,0.015
2023-02-04T00:00:00+03:00,OZ,0.0082
2023-02-04T00:00:00+03:00,SO2,0.0014
2023-02-04T00:00:00+03:00,PM2.5,0.01
2023-02-04T00:00:00+03:00,NO,0.02
2023-02-04T00:00:00+03:00,NO2,0.04
2023-02-04T00:00:00+03:00,CO,0.25
2023-02-04T00:00:00+03:00,PM10,0.014
2023-02-05T00:00:00+03:00,NO,0.01
2023-02-05T00:00:00+03:00,CO,0.22
2023-02-05T00:00:00+03:00,OZ,0.0104
2023-02-05T00:00:00+03:00,PM10,0.011
2023-02-05T00:00:00+03:00,NO2,0.034
2023-02-05T00:00:00+03:00,SO2,0.001
2023-02-05T00:00:00+03:00,PM2.5,0.009
2023-02-06T00:00:00+03:00,PM2.5,0.008
2023-02-06T00:00:00+03:00,OZ,0.0244
2023-02-06T00:00:00+03:00,NO2,0.035
2023-02-06T00:00:00+03:00,NO,0.006
2023-02-06T00:00:00+03:00,CO,0.18
2023-02-06T00:00:00+03:00,SO2,0.001
2023-02-06T00:00:00+03:00,PM10,0.01
2023-02-07T00:00:00+03:00,PM2.5,0.01
2023-02-07T00:00:00+03:00,PM10,0.013
2023-02-07T00:00:00+03:00,CO,0.1
2023-02-07T00:00:00+03:00,NO2,0.033
2023-02-07T00:00:00+03:00,OZ,0.0258
2023-02-07T00:00:00+03:00,NO,0.004
2023-02-07T00:00:00+03:00,SO2,0.0009
2023-02-08T00:00:00+03:00,CO,0.06
2023-02-08T00:00:00+03:00,SO2,0.0009
2023-02-08T00:00:00+03:00,OZ,0.0437
2023-02-08T00:00:00+03:00,NO,0.004
2023-02-08T00:00:00+03:00,PM2.5,0.008
2023-02-08T00:00:00+03:00,NO2,0.025
2023-02-08T00:00:00+03:00,PM10,0.011
2023-02-09T00:00:00+03:00,NO2,0.035
2023-02-09T00:00:00+03:00,NO,0.005
2023-02-09T00:00:00+03:00,OZ,0.03
2023-02-09T00:00:00+03:00,PM2.5,0.007
2023-02-09T00:00:00+03:00,PM10,0.01
2023-02-09T00:00:00+03:00,SO2,0.0009
2023-02-09T00:00:00+03:00,CO,0.07
2023-02-10T00:00:00+03:00,NO,0.001
2023-02-10T00:00:00+03:00,OZ,0.0641
2023-02-10T00:00:00+03:00,CO,0.06
2023-02-10T00:00:00+03:00,NO2,0.018
2023-02-10T00:00:00+03:00,PM10,0.013
2023-02-10T00:00:00+03:00,SO2,0.0009
2023-02-10T00:00:00+03:00,PM2.5,0.01
2023-02-11T00:00:00+03:00,SO2,0.0006
2023-02-11T00:00:00+03:00,OZ,0.061
2023-02-11T00:00:00+03:00,PM10,0.014
2023-02-11T00:00:00+03:00,PM2.5,0.01
2023-02-11T00:00:00+03:00,CO,0.11
2023-02-11T00:00:00+03:00,NO2,0.018
2023-02-11T00:00:00+03:00,NO,0.001
2023-02-12T00:00:00+03:00,SO2,0.0005
2023-02-12T00:00:00+03:00,PM2.5,0.006
2023-02-12T00:00:00+03:00,PM10,0.009
2023-02-12T00:00:00+03:00,OZ,0.0579
2023-02-12T00:00:00+03:00,NO2,0.02
2023-02-12T00:00:00+03:00,CO,0.05
2023-02-12T00:00:00+03:00,NO,0.001
2023-02-13T00:00:00+03:00,PM10,0.009
2023-02-13T00:00:00+03:00,CO,0.17
2023-02-13T00:00:00+03:00,OZ,0.0331
2023-02-13T00:00:00+03:00,PM2.5,0.005
2023-02-13T00:00:00+03:00,SO2,0.0007
2023-02-13T00:00:00+03:00,NO2,0.039
2023-02-13T00:00:00+03:00,NO,0.004
2023-02-14T00:00:00+03:00,OZ,0.0507
2023-02-14T00:00:00+03:00,PM10,0.008
2023-02-14T00:00:00+03:00,SO2,0.0003
2023-02-14T00:00:00+03:00,NO,0.003
2023-02-14T00:00:00+03:00,NO2,0.029
2023-02-14T00:00:00+03:00,PM2.5,0.005
2023-02-14T00:00:00+03:00,CO,0.14
2023-02-15T00:00:00+03:00,PM10,0.007
2023-02-15T00:00:00+03:00,CO,0.11
2023-02-15T00:00:00+03:00,OZ,0.0586
2023-02-15T00:00:00+03:00,PM2.5,0.005
2023-02-15T00:00:00+03:00,NO2,0.021
2023-02-15T00:00:00+03:00,SO2,0.0004
2023-02-15T00:00:00+03:00,NO,0.002
2023-02-16T00:00:00+03:00,OZ,0.036
2023-02-16T00:00:00+03:00,NO2,0.035
2023-02-16T00:00:00+03:00,PM2.5,0.007
2023-02-16T00:00:00+03:00,CO,0.18
2023-02-16T00:00:00+03:00,PM10,0.008
2023-02-16T00:00:00+03:00,SO2,0.0006
2023-02-16T00:00:00+03:00,NO,0.004
2023-02-17T00:00:00+03:00,SO2,0.001
2023-02-17T00:00:00+03:00,PM2.5,0.013
2023-02-17T00:00:00+03:00,NO,0.005
2023-02-17T00:00:00+03:00,OZ,0.0301
2023-02-17T00:00:00+03:00,NO2,0.046
2023-02-17T00:00:00+03:00,CO,0.13
2023-02-17T00:00:00+03:00,PM10,0.015
2023-02-18T00:00:00+03:00,NO,0.002
2023-02-18T00:00:00+03:00,PM10,0.015
2023-02-18T00:00:00+03:00,CO,0.07
2023-02-18T00:00:00+03:00,SO2,0.001
2023-02-18T00:00:00+03:00,PM2.5,0.012
2023-02-18T00:00:00+03:00,OZ,0.0571
2023-02-18T00:00:00+03:00,NO2,0.027
2023-02-19T00:00:00+03:00,PM10,0.015
2023-02-19T00:00:00+03:00,SO2,0.0008
2023-02-19T00:00:00+03:00,PM2.5,0.012
2023-02-19T00:00:00+03:00,CO,0.09
2023-02-19T00:00:00+03:00,OZ,0.0608
2023-02-19T00:00:00+03:00,NO2,0.025
2023-02-19T00:00:00+03:00,NO,0.001
2023-02-20T00:00:00+03:00,CO,0.32
2023-02-20T00:00:00+03:00,OZ,0.0202
2023-02-20T00:00:00+03:00,NO2,0.061
2023-02-20T00:00:00+03:00,NO,0.008
2023-02-20T00:00:00+03:00,SO2,0.0009
2023-02-20T00:00:00+03:00,PM10,0.022
2023-02-20T00:00:00+03:00,PM2.5,0.018
2023-02-21T00:00:00+03:00,SO2,0.0019
2023-02-21T00:00:00+03:00,NO,0.01
2023-02-21T00:00:00+03:00,PM10,0.03
2023-02-21T00:00:00+03:00,NO2,0.056
2023-02-21T00:00:00+03:00,PM2.5,0.025
2023-02-21T00:00:00+03:00,OZ,0.0325
2023-02-21T00:00:00+03:00,CO,0.37
2023-02-22T00:00:00+03:00,SO2,0.0026
2023-02-22T00:00:00+03:00,PM10,0.026
2023-02-22T00:00:00+03:00,OZ,0.043
2023-02-22T00:00:00+03:00,NO2,0.038
2023-02-22T00:00:00+03:00,PM2.5,0.021
2023-02-22T00:00:00+03:00,CO,0.36
2023-02-22T00:00:00+03:00,NO,0.006
2023-02-23T00:00:00+03:00,CO,0.23
2023-02-23T00:00:00+03:00,SO2,0.0011
2023-02-23T00:00:00+03:00,NO,0.003
2023-02-23T00:00:00+03:00,PM10,0.016
2023-02-23T00:00:00+03:00,PM2.5,0.013
2023-02-23T00:00:00+03:00,NO2,0.03
2023-02-23T00:00:00+03:00,OZ,0.0565
2023-02-24T00:00:00+03:00,SO2,0.0007
2023-02-24T00:00:00+03:00,NO2,0.026
2023-02-24T00:00:00+03:00,PM2.5,0.013
2023-02-24T00:00:00+03:00,NO,0.001
2023-02-24T00:00:00+03:00,OZ,0.058
2023-02-24T00:00:00+03:00,PM10,0.016
2023-02-24T00:00:00+03:00,CO,0.15
2023-02-25T00:00:00+03:00,NO,0.002
2023-02-25T00:00:00+03:00,PM2.5,0.01
2023-02-25T00:00:00+03:00,SO2,0.0004
2023-02-25T00:00:00+03:00,NO2,0.024
2023-02-25T00:00:00+03:00,CO,0.1
2023-02-25T00:00:00+03:00,PM10,0.013
2023-02-25T00:00:00+03:00,OZ,0.0413
2023-02-26T00:00:00+03:00,PM2.5,0.007
2023-02-26T00:00:00+03:00,NO2,0.016
2023-02-26T00:00:00+03:00,OZ,0.0552
2023-02-26T00:00:00+03:00,SO2,0
2023-02-26T00:00:00+03:00,NO,0.001
2023-02-26T00:00:00+03:00,CO,0.15
2023-02-26T00:00:00+03:00,PM10,0.008
2023-02-27T00:00:00+03:00,SO2,0.0002
2023-02-27T00:00:00+03:00,OZ,0.0555
2023-02-27T00:00:00+03:00,CO,0.08
2023-02-27T00:00:00+03:00,PM10,0.01
2023-02-27T00:00:00+03:00,NO2,0.019
2023-02-27T00:00:00+03:00,NO,0.002
2023-02-27T00:00:00+03:00,PM2.5,0.009
2023-02-28T00:00:00+03:00,PM2.5,0.006
2023-02-28T00:00:00+03:00,PM10,0.008
2023-02-28T00:00:00+03:00,NO,0.004
2023-02-28T00:00:00+03:00,OZ,0.059
2023-02-28T00:00:00+03:00,CO,0.11
2023-02-28T00:00:00+03:00,SO2,0.0004
2023-02-28T00:00:00+03:00,NO2,0.025
2023-03-01T00:00:00+03:00,NO,0.002
2023-03-01T00:00:00+03:00,NO2,0.019
2023-03-01T00:00:00+03:00,SO2,0.0005
2023-03-01T00:00:00+03:00,PM10,0.007
2023-03-01T00:00:00+03:00,OZ,0.0708
2023-03-01T00:00:00+03:00,PM2.5,0.004
2023-03-01T00:00:00+03:00,CO,0.11
2023-03-02T00:00:00+03:00,SO2,0.0003
2023-03-02T00:00:00+03:00,NO2,0.024
2023-03-02T00:00:00+03:00,OZ,0.0595
2023-03-02T00:00:00+03:00,PM10,0.008
2023-03-02T00:00:00+03:00,NO,0.002
2023-03-02T00:00:00+03:00,PM2.5,0.005
2023-03-02T00:00:00+03:00,CO,0.18
2023-03-03T00:00:00+03:00,NO,0.003
2023-03-03T00:00:00+03:00,OZ,0.0504
2023-03-03T00:00:00+03:00,PM10,0.009
2023-03-03T00:00:00+03:00,SO2,0.0006
2023-03-03T00:00:00+03:00,PM2.5,0.006
2023-03-03T00:00:00+03:00,NO2,0.032
2023-03-03T00:00:00+03:00,CO,0.08
2023-03-04T00:00:00+03:00,OZ,0.0473
2023-03-04T00:00:00+03:00,SO2,0.0006
2023-03-04T00:00:00+03:00,PM2.5,0.005
2023-03-04T00:00:00+03:00,NO2,0.029
2023-03-04T00:00:00+03:00,CO,0.13
2023-03-04T00:00:00+03:00,NO,0.002
2023-03-04T00:00:00+03:00,PM10,0.007
2023-03-05T00:00:00+03:00,CO,0.07
2023-03-05T00:00:00+03:00,NO2,0.023
2023-03-05T00:00:00+03:00,PM10,0.009
2023-03-05T00:00:00+03:00,NO,0.002
2023-03-05T00:00:00+03:00,PM2.5,0.006
2023-03-05T00:00:00+03:00,SO2,0.0005
2023-03-05T00:00:00+03:00,OZ,0.0533
2023-03-06T00:00:00+03:00,NO,0.003
2023-03-06T00:00:00+03:00,NO2,0.031
2023-03-06T00:00:00+03:00,CO,0.05
2023-03-06T00:00:00+03:00,PM2.5,0.006
2023-03-06T00:00:00+03:00,PM10,0.008
2023-03-06T00:00:00+03:00,SO2,0.0007
2023-03-06T00:00:00+03:00,OZ,0.0423
2023-03-07T00:00:00+03:00,NO,0.003
2023-03-07T00:00:00+03:00,OZ,0.0546
2023-03-07T00:00:00+03:00,NO2,0.027
2023-03-07T00:00:00+03:00,SO2,0.0008
2023-03-07T00:00:00+03:00,PM10,0.009
2023-03-07T00:00:00+03:00,PM2.5,0.007
2023-03-07T00:00:00+03:00,CO,0.18
2023-03-08T00:00:00+03:00,OZ,0.0368
2023-03-08T00:00:00+03:00,SO2,0.0012
2023-03-08T00:00:00+03:00,PM10,0.013
2023-03-08T00:00:00+03:00,NO2,0.047
2023-03-08T00:00:00+03:00,CO,0.19
2023-03-08T00:00:00+03:00,NO,0.017
2023-03-08T00:00:00+03:00,PM2.5,0.01
2023-03-09T00:00:00+03:00,OZ,0.0598
2023-03-09T00:00:00+03:00,PM2.5,0.005
2023-03-09T00:00:00+03:00,NO,0.003
2023-03-09T00:00:00+03:00,CO,0.17
2023-03-09T00:00:00+03:00,PM10,0.008
2023-03-09T00:00:00+03:00,SO2,0.0007
2023-03-09T00:00:00+03:00,NO2,0.027
2023-03-10T00:00:00+03:00,NO2,0.043
2023-03-10T00:00:00+03:00,PM10,0.011
2023-03-10T00:00:00+03:00,OZ,0.0323
2023-03-10T00:00:00+03:00,CO,0.13
2023-03-10T00:00:00+03:00,NO,0.008
2023-03-10T00:00:00+03:00,SO2,0.0007
2023-03-10T00:00:00+03:00,PM2.5,0.008
2023-03-11T00:00:00+03:00,SO2,0.0007
2023-03-11T00:00:00+03:00,OZ,0.0355
2023-03-11T00:00:00+03:00,NO,0.004
2023-03-11T00:00:00+03:00,PM10,0.016
2023-03-11T00:00:00+03:00,CO,0.14
2023-03-11T00:00:00+03:00,NO2,0.041
2023-03-11T00:00:00+03:00,PM2.5,0.011
2023-03-12T00:00:00+03:00,OZ,0.0555
2023-03-12T00:00:00+03:00,NO2,0.019
2023-03-12T00:00:00+03:00,CO,0.21
2023-03-12T00:00:00+03:00,SO2,0.0003
2023-03-12T00:00:00+03:00,NO,0.001
2023-03-12T00:00:00+03:00,PM10,0.006
2023-03-12T00:00:00+03:00,PM2.5,0.006
2023-03-13T00:00:00+03:00,PM2.5,0.007
2023-03-13T00:00:00+03:00,PM10,0.009
2023-03-13T00:00:00+03:00,CO,0.2
2023-03-13T00:00:00+03:00,NO2,0.024
2023-03-13T00:00:00+03:00,OZ,0.0637
2023-03-13T00:00:00+03:00,NO,0.003
2023-03-13T00:00:00+03:00,SO2,0.0006
2023-03-14T00:00:00+03:00,PM2.5,0.007
2023-03-14T00:00:00+03:00,CO,0.1
2023-03-14T00:00:00+03:00,OZ,0.071
2023-03-14T00:00:00+03:00,SO2,0.0012
2023-03-14T00:00:00+03:00,PM10,0.011
2023-03-14T00:00:00+03:00,NO,0.001
2023-03-14T00:00:00+03:00,NO2,0.019
2023-03-15T00:00:00+03:00,OZ,0.0714
2023-03-15T00:00:00+03:00,CO,0.13
2023-03-15T00:00:00+03:00,NO2,0.019
2023-03-15T00:00:00+03:00,SO2,0.002
2023-03-15T00:00:00+03:00,NO,0.002
2023-03-15T00:00:00+03:00,PM2.5,0.009
2023-03-15T00:00:00+03:00,PM10,0.015
2023-03-16T00:00:00+03:00,CO,0.44
2023-03-16T00:00:00+03:00,SO2,0.0018
2023-03-16T00:00:00+03:00,NO2,0.045
2023-03-16T00:00:00+03:00,NO,0.033
2023-03-16T00:00:00+03:00,OZ,0.0192
2023-03-16T00:00:00+03:00,PM2.5,0.014
2023-03-16T00:00:00+03:00,PM10,0.021
2023-03-17T00:00:00+03:00,OZ,0.0662
2023-03-17T00:00:00+03:00,NO,0.002
2023-03-17T00:00:00+03:00,PM10,0.012
2023-03-17T00:00:00+03:00,CO,0.14
2023-03-17T00:00:00+03:00,PM2.5,0.006
2023-03-17T00:00:00+03:00,SO2,0.0013
2023-03-17T00:00:00+03:00,NO2,0.021
2023-03-18T00:00:00+03:00,PM2.5,0.007
2023-03-18T00:00:00+03:00,SO2,0.0022
2023-03-18T00:00:00+03:00,NO2,0.037
2023-03-18T00:00:00+03:00,CO,0.19
2023-03-18T00:00:00+03:00,PM10,0.017
2023-03-18T00:00:00+03:00,NO,0.004
2023-03-18T00:00:00+03:00,OZ,0.0487
2023-03-19T00:00:00+03:00,CO,0.13
2023-03-19T00:00:00+03:00,OZ,0.0491
2023-03-19T00:00:00+03:00,NO2,0.037
2023-03-19T00:00:00+03:00,PM2.5,0.008
2023-03-19T00:00:00+03:00,PM10,0.018
2023-03-19T00:00:00+03:00,NO,0.006
2023-03-19T00:00:00+03:00,SO2,0.0029
2023-03-20T00:00:00+03:00,OZ,0.0411
2023-03-20T00:00:00+03:00,NO2,0.049
2023-03-20T00:00:00+03:00,CO,0.21
2023-03-20T00:00:00+03:00,PM10,0.022
2023-03-20T00:00:00+03:00,PM2.5,0.009
2023-03-20T00:00:00+03:00,NO,0.008
2023-03-20T00:00:00+03:00,SO2,0.0017
2023-03-21T00:00:00+03:00,NO2,0.037
2023-03-21T00:00:00+03:00,CO,0.19
2023-03-21T00:00:00+03:00,OZ,0.0534
2023-03-21T00:00:00+03:00,SO2,0.0017
2023-03-21T00:00:00+03:00,PM2.5,0.01
2023-03-21T00:00:00+03:00,PM10,0.021
2023-03-21T00:00:00+03:00,NO,0.005
2023-03-22T00:00:00+03:00,NO2,0.025
2023-03-22T00:00:00+03:00,PM10,0.012
2023-03-22T00:00:00+03:00,PM2.5,0.007
2023-03-22T00:00:00+03:00,SO2,0.0006
2023-03-22T00:00:00+03:00,CO,0.15
2023-03-22T00:00:00+03:00,OZ,0.0393
2023-03-22T00:00:00+03:00,NO,0.003
2023-03-23T00:00:00+03:00,OZ,0.067
2023-03-23T00:00:00+03:00,NO2,0.02
2023-03-23T00:00:00+03:00,SO2,0.0003
2023-03-23T00:00:00+03:00,NO,0.002
2023-03-23T00:00:00+03:00,PM2.5,0.008
2023-03-23T00:00:00+03:00,CO,0.11
2023-03-23T00:00:00+03:00,PM10,0.015
2023-03-24T00:00:00+03:00,NO2,0.028
2023-03-24T00:00:00+03:00,CO,0.22
2023-03-24T00:00:00+03:00,PM10,0.015
2023-03-24T00:00:00+03:00,PM2.5,0.011
2023-03-24T00:00:00+03:00,NO,0.003
2023-03-24T00:00:00+03:00,OZ,0.0551
2023-03-24T00:00:00+03:00,SO2,0.0001
2023-03-25T00:00:00+03:00,SO2,0.0001
2023-03-25T00:00:00+03:00,NO2,0.024
2023-03-25T00:00:00+03:00,NO,0.002
2023-03-25T00:00:00+03:00,PM2.5,0.009
2023-03-25T00:00:00+03:00,CO,0.2
2023-03-25T00:00:00+03:00,OZ,0.047
2023-03-25T00:00:00+03:00,PM10,0.013
2023-03-26T00:00:00+03:00,NO,0.013
2023-03-26T00:00:00+03:00,SO2,0.0002
2023-03-26T00:00:00+03:00,CO,0.35
2023-03-26T00:00:00+03:00,NO2,0.037
2023-03-26T00:00:00+03:00,OZ,0.0181
2023-03-26T00:00:00+03:00,PM10,0.012
2023-03-26T00:00:00+03:00,PM2.5,0.01
2023-03-27T00:00:00+03:00,OZ,0.0497
2023-03-27T00:00:00+03:00,NO2,0.027
2023-03-27T00:00:00+03:00,PM2.5,0.006
2023-03-27T00:00:00+03:00,SO2,0.0002
2023-03-27T00:00:00+03:00,PM10,0.011
2023-03-27T00:00:00+03:00,CO,0.16
2023-03-27T00:00:00+03:00,NO,0.003
2023-03-28T00:00:00+03:00,NO,0.014
2023-03-28T00:00:00+03:00,NO2,0.039
2023-03-28T00:00:00+03:00,PM2.5,0.009
2023-03-28T00:00:00+03:00,CO,0.17
2023-03-28T00:00:00+03:00,PM10,0.02
2023-03-28T00:00:00+03:00,SO2,0.0017
2023-03-28T00:00:00+03:00,OZ,0.032
2023-03-29T00:00:00+03:00,SO2,0.0014
2023-03-29T00:00:00+03:00,PM10,0.014
2023-03-29T00:00:00+03:00,NO,0.001
2023-03-29T00:00:00+03:00,OZ,0.0484
2023-03-29T00:00:00+03:00,NO2,0.028
2023-03-29T00:00:00+03:00,PM2.5,0.008
2023-03-29T00:00:00+03:00,CO,0.08
2023-03-30T00:00:00+03:00,NO2,0.024
2023-03-30T00:00:00+03:00,NO,0.003
2023-03-30T00:00:00+03:00,CO,0.09
2023-03-30T00:00:00+03:00,PM2.5,0.006
2023-03-30T00:00:00+03:00,PM10,0.014
2023-03-30T00:00:00+03:00,SO2,0.0004
2023-03-30T00:00:00+03:00,OZ,0.0357
2023-03-31T00:00:00+03:00,PM10,0.019
2023-03-31T00:00:00+03:00,CO,0.17
2023-03-31T00:00:00+03:00,PM2.5,0.007
2023-03-31T00:00:00+03:00,NO,0.006
2023-03-31T00:00:00+03:00,OZ,0.0293
2023-03-31T00:00:00+03:00,SO2,0.0006
2023-03-31T00:00:00+03:00,NO2,0.033
2023-04-01T00:00:00+03:00,SO2,0.0011
2023-04-01T00:00:00+03:00,CO,0.22
2023-04-01T00:00:00+03:00,PM2.5,0.011
2023-04-01T00:00:00+03:00,PM10,0.016
2023-04-01T00:00:00+03:00,NO2,0.031
2023-04-01T00:00:00+03:00,NO,0.018
2023-04-01T00:00:00+03:00,OZ,0.0308
2023-04-02T00:00:00+03:00,PM10,0.022
2023-04-02T00:00:00+03:00,NO,0.001
2023-04-02T00:00:00+03:00,OZ,0.0528
2023-04-02T00:00:00+03:00,PM2.5,0.013
2023-04-02T00:00:00+03:00,CO,0.19
2023-04-02T00:00:00+03:00,NO2,0.022
2023-04-02T00:00:00+03:00,SO2,0.0008
2023-04-03T00:00:00+03:00,PM2.5,0.016
2023-04-03T00:00:00+03:00,NO2,0.054
2023-04-03T00:00:00+03:00,CO,0.28
2023-04-03T00:00:00+03:00,NO,0.013
2023-04-03T00:00:00+03:00,PM10,0.037
2023-04-03T00:00:00+03:00,SO2,0.0041
2023-04-03T00:00:00+03:00,OZ,0.0316
2023-04-04T00:00:00+03:00,OZ,0.0199
2023-04-04T00:00:00+03:00,NO,0.011
2023-04-04T00:00:00+03:00,CO,0.24
2023-04-04T00:00:00+03:00,SO2,0.0025
2023-04-04T00:00:00+03:00,PM10,0.043
2023-04-04T00:00:00+03:00,PM2.5,0.016
2023-04-04T00:00:00+03:00,NO2,0.056
2023-04-05T00:00:00+03:00,NO,0.017
2023-04-05T00:00:00+03:00,OZ,0.0108
2023-04-05T00:00:00+03:00,SO2,0.0015
2023-04-05T00:00:00+03:00,PM10,0.051
2023-04-05T00:00:00+03:00,NO2,0.043
2023-04-05T00:00:00+03:00,PM2.5,0.015
2023-04-05T00:00:00+03:00,CO,0.2
2023-04-06T00:00:00+03:00,OZ,0.0536
2023-04-06T00:00:00+03:00,NO,0.003
2023-04-06T00:00:00+03:00,SO2,0.0012
2023-04-06T00:00:00+03:00,CO,0.18
2023-04-06T00:00:00+03:00,PM2.5,0.009
2023-04-06T00:00:00+03:00,NO2,0.02
2023-04-06T00:00:00+03:00,PM10,0.027
2023-04-07T00:00:00+03:00,PM10,0.03
2023-04-07T00:00:00+03:00,PM2.5,0.008
2023-04-07T00:00:00+03:00,OZ,0.0604
2023-04-07T00:00:00+03:00,NO,0.004
2023-04-07T00:00:00+03:00,CO,0.05
2023-04-07T00:00:00+03:00,NO2,0.027
2023-04-07T00:00:00+03:00,SO2,0.0006
2023-04-08T00:00:00+03:00,OZ,0.0524
2023-04-08T00:00:00+03:00,NO,0.007
2023-04-08T00:00:00+03:00,PM2.5,0.016
2023-04-08T00:00:00+03:00,PM10,0.042
2023-04-08T00:00:00+03:00,SO2,0.0049
2023-04-08T00:00:00+03:00,CO,0.12
2023-04-08T00:00:00+03:00,NO2,0.043
2023-04-09T00:00:00+03:00,PM10,0.041
2023-04-09T00:00:00+03:00,NO2,0.034
2023-04-09T00:00:00+03:00,OZ,0.0673
2023-04-09T00:00:00+03:00,NO,0.002
2023-04-09T00:00:00+03:00,CO,0.24
2023-04-09T00:00:00+03:00,SO2,0.0018
2023-04-09T00:00:00+03:00,PM2.5,0.021
2023-04-10T00:00:00+03:00,PM2.5,0.022
2023-04-10T00:00:00+03:00,OZ,0.052
2023-04-10T00:00:00+03:00,SO2,0.0016
2023-04-10T00:00:00+03:00,NO2,0.056
2023-04-10T00:00:00+03:00,CO,0.27
2023-04-10T00:00:00+03:00,NO,0.006
2023-04-10T00:00:00+03:00,PM10,0.042
2023-04-11T00:00:00+03:00,NO,0.018
2023-04-11T00:00:00+03:00,NO2,0.063
2023-04-11T00:00:00+03:00,SO2,0.0017
2023-04-11T00:00:00+03:00,PM10,0.045
2023-04-11T00:00:00+03:00,CO,0.38
2023-04-11T00:00:00+03:00,PM2.5,0.022
2023-04-11T00:00:00+03:00,OZ,0.0531
2023-04-12T00:00:00+03:00,OZ,0.0804
2023-04-12T00:00:00+03:00,NO2,0.05
2023-04-12T00:00:00+03:00,CO,0.17
2023-04-12T00:00:00+03:00,NO,0.005
2023-04-12T00:00:00+03:00,PM2.5,0.025
2023-04-12T00:00:00+03:00,PM10,0.048
2023-04-12T00:00:00+03:00,SO2,0.0027
2023-04-13T00:00:00+03:00,SO2,0.0023
2023-04-13T00:00:00+03:00,NO,0.004
2023-04-13T00:00:00+03:00,PM2.5,0.019
2023-04-13T00:00:00+03:00,NO2,0.049
2023-04-13T00:00:00+03:00,PM10,0.05
2023-04-13T00:00:00+03:00,CO,0.24
2023-04-13T00:00:00+03:00,OZ,0.0714
2023-04-14T00:00:00+03:00,NO2,0.011
2023-04-14T00:00:00+03:00,NO,0.001
2023-04-14T00:00:00+03:00,CO,0.13
2023-04-14T00:00:00+03:00,PM2.5,0.006
2023-04-14T00:00:00+03:00,PM10,0.023
2023-04-14T00:00:00+03:00,SO2,0.0014
2023-04-14T00:00:00+03:00,OZ,0.082
2023-04-15T00:00:00+03:00,NO2,0.025
2023-04-15T00:00:00+03:00,CO,0.11
2023-04-15T00:00:00+03:00,OZ,0.0675
2023-04-15T00:00:00+03:00,PM2.5,0.008
2023-04-15T00:00:00+03:00,NO,0.002
2023-04-15T00:00:00+03:00,SO2,0.0022
2023-04-15T00:00:00+03:00,PM10,0.023
2023-04-16T00:00:00+03:00,NO,0.002
2023-04-16T00:00:00+03:00,NO2,0.031
2023-04-16T00:00:00+03:00,PM2.5,0.012
2023-04-16T00:00:00+03:00,SO2,0.0056
2023-04-16T00:00:00+03:00,PM10,0.026
2023-04-16T00:00:00+03:00,OZ,0.0709
2023-04-16T00:00:00+03:00,CO,0.13
2023-04-17T00:00:00+03:00,PM10,0.037
2023-04-17T00:00:00+03:00,SO2,0.0033
2023-04-17T00:00:00+03:00,CO,0.24
2023-04-17T00:00:00+03:00,NO,0.003
2023-04-17T00:00:00+03:00,PM2.5,0.019
2023-04-17T00:00:00+03:00,OZ,0.0659
2023-04-17T00:00:00+03:00,NO2,0.039
2023-04-18T00:00:00+03:00,PM2.5,0.023
2023-04-18T00:00:00+03:00,NO,0.024
2023-04-18T00:00:00+03:00,PM10,0.06
2023-04-18T00:00:00+03:00,NO2,0.072
2023-04-18T00:00:00+03:00,CO,0.37
2023-04-18T00:00:00+03:00,SO2,0.0033
2023-04-18T00:00:00+03:00,OZ,0.0325
2023-04-19T00:00:00+03:00,SO2,0.0022
2023-04-19T00:00:00+03:00,OZ,0.0805
2023-04-19T00:00:00+03:00,NO2,0.036
2023-04-19T00:00:00+03:00,PM10,0.037
2023-04-19T00:00:00+03:00,NO,0.002
2023-04-19T00:00:00+03:00,PM2.5,0.016
2023-04-19T00:00:00+03:00,CO,0.16
2023-04-20T00:00:00+03:00,PM10,0.035
2023-04-20T00:00:00+03:00,PM2.5,0.014
2023-04-20T00:00:00+03:00,NO,0.005
2023-04-20T00:00:00+03:00,NO2,0.05
2023-04-20T00:00:00+03:00,SO2,0.0016
2023-04-20T00:00:00+03:00,OZ,0.0691
2023-04-20T00:00:00+03:00,CO,0.13
2023-04-21T00:00:00+03:00,PM10,0.025
2023-04-21T00:00:00+03:00,PM2.5,0.009
2023-04-21T00:00:00+03:00,SO2,0.0024
2023-04-21T00:00:00+03:00,NO2,0.033
2023-04-21T00:00:00+03:00,CO,0.2
2023-04-21T00:00:00+03:00,OZ,0.0747
2023-04-21T00:00:00+03:00,NO,0.002
2023-04-22T00:00:00+03:00,NO,0.003
2023-04-22T00:00:00+03:00,OZ,0.0637
2023-04-22T00:00:00+03:00,SO2,0.0011
2023-04-22T00:00:00+03:00,CO,0.14
2023-04-22T00:00:00+03:00,PM2.5,0.01
2023-04-22T00:00:00+03:00,NO2,0.033
2023-04-22T00:00:00+03:00,PM10,0.023
2023-04-23T00:00:00+03:00,OZ,0.0499
2023-04-23T00:00:00+03:00,PM2.5,0.018
2023-04-23T00:00:00+03:00,SO2,0.0017
2023-04-23T00:00:00+03:00,NO2,0.057
2023-04-23T00:00:00+03:00,CO,0.43
2023-04-23T00:00:00+03:00,NO,0.041
2023-04-23T00:00:00+03:00,PM10,0.047
2023-04-24T00:00:00+03:00,CO,0.24
2023-04-24T00:00:00+03:00,NO2,0.035
2023-04-24T00:00:00+03:00,NO,0.002
2023-04-24T00:00:00+03:00,PM10,0.035
2023-04-24T00:00:00+03:00,PM2.5,0.016
2023-04-24T00:00:00+03:00,OZ,0.0874
2023-04-24T00:00:00+03:00,SO2,0.001
2023-04-25T00:00:00+03:00,PM10,0.035
2023-04-25T00:00:00+03:00,OZ,0.0736
2023-04-25T00:00:00+03:00,NO,0.002
2023-04-25T00:00:00+03:00,SO2,0.0026
2023-04-25T00:00:00+03:00,CO,0.3
2023-04-25T00:00:00+03:00,PM2.5,0.014
2023-04-25T00:00:00+03:00,NO2,0.03
2023-04-26T00:00:00+03:00,PM10,0.022
2023-04-26T00:00:00+03:00,CO,0.16
2023-04-26T00:00:00+03:00,NO,0.003
2023-04-26T00:00:00+03:00,NO2,0.033
2023-04-26T00:00:00+03:00,SO2,0.0002
2023-04-26T00:00:00+03:00,PM2.5,0.007
2023-04-26T00:00:00+03:00,OZ,0.0503
2023-04-27T00:00:00+03:00,NO,0.005
2023-04-27T00:00:00+03:00,PM10,0.028
2023-04-27T00:00:00+03:00,SO2,0.0003
2023-04-27T00:00:00+03:00,NO2,0.041
2023-04-27T00:00:00+03:00,PM2.5,0.017
2023-04-27T00:00:00+03:00,CO,0.08
2023-04-27T00:00:00+03:00,OZ,0.0593
2023-04-28T00:00:00+03:00,SO2,0.0002
2023-04-28T00:00:00+03:00,PM10,0.022
2023-04-28T00:00:00+03:00,PM2.5,0.011
2023-04-28T00:00:00+03:00,OZ,0.0337
2023-04-28T00:00:00+03:00,NO,0.003
2023-04-28T00:00:00+03:00,CO,0.26
2023-04-28T00:00:00+03:00,NO2,0.039
2023-04-29T00:00:00+03:00,PM2.5,0.005
2023-04-29T00:00:00+03:00,PM10,0.012
2023-04-29T00:00:00+03:00,NO,0.003
2023-04-29T00:00:00+03:00,OZ,0.064
2023-04-29T00:00:00+03:00,CO,0.11
2023-04-29T00:00:00+03:00,SO2,0.0001
2023-04-29T00:00:00+03:00,NO2,0.021
2023-04-30T00:00:00+03:00,PM10,0.023
2023-04-30T00:00:00+03:00,CO,0.2
2023-04-30T00:00:00+03:00,NO2,0.037
2023-04-30T00:00:00+03:00,OZ,0.0424
2023-04-30T00:00:00+03:00,NO,0.009
2023-04-30T00:00:00+03:00,PM2.5,0.011
2023-04-30T00:00:00+03:00,SO2,0.0006
2023-05-01T00:00:00+03:00,OZ,0.0558
2023-05-01T00:00:00+03:00,CO,0.1
2023-05-01T00:00:00+03:00,SO2,0
2023-05-01T00:00:00+03:00,NO2,0.02
2023-05-01T00:00:00+03:00,PM10,0.011
2023-05-01T00:00:00+03:00,NO,0.001
2023-05-01T00:00:00+03:00,PM2.5,0.007
2023-05-02T00:00:00+03:00,PM10,0.014
2023-05-02T00:00:00+03:00,OZ,0.0599
2023-05-02T00:00:00+03:00,PM2.5,0.005
2023-05-02T00:00:00+03:00,SO2,0.0001
2023-05-02T00:00:00+03:00,NO,0.003
2023-05-02T00:00:00+03:00,NO2,0.025
2023-05-02T00:00:00+03:00,CO,0.07
2023-05-03T00:00:00+03:00,NO2,0.021
2023-05-03T00:00:00+03:00,PM10,0.021
2023-05-03T00:00:00+03:00,SO2,0.0003
2023-05-03T00:00:00+03:00,CO,0.14
2023-05-03T00:00:00+03:00,OZ,0.0648
2023-05-03T00:00:00+03:00,PM2.5,0.009
2023-05-03T00:00:00+03:00,NO,0.002
2023-05-04T00:00:00+03:00,PM2.5,0.007
2023-05-04T00:00:00+03:00,NO,0.005
2023-05-04T00:00:00+03:00,OZ,0.0475
2023-05-04T00:00:00+03:00,CO,0.08
2023-05-04T00:00:00+03:00,SO2,0.0002
2023-05-04T00:00:00+03:00,PM10,0.014
2023-05-04T00:00:00+03:00,NO2,0.035
2023-05-05T00:00:00+03:00,SO2,0.0001
2023-05-05T00:00:00+03:00,NO2,0.031
2023-05-05T00:00:00+03:00,PM2.5,0.007
2023-05-05T00:00:00+03:00,NO,0.003
2023-05-05T00:00:00+03:00,CO,0.03
2023-05-05T00:00:00+03:00,OZ,0.0453
2023-05-05T00:00:00+03:00,PM10,0.018
2023-05-06T00:00:00+03:00,PM10,0.014
2023-05-06T00:00:00+03:00,NO,0.001
2023-05-06T00:00:00+03:00,SO2,0.0002
2023-05-06T00:00:00+03:00,NO2,0.016
2023-05-06T00:00:00+03:00,PM2.5,0.006
2023-05-06T00:00:00+03:00,CO,0.08
2023-05-06T00:00:00+03:00,OZ,0.0545
2023-05-07T00:00:00+03:00,CO,0.09
2023-05-07T00:00:00+03:00,PM10,0.013
2023-05-07T00:00:00+03:00,NO,0.001
2023-05-07T00:00:00+03:00,NO2,0.016
2023-05-07T00:00:00+03:00,OZ,0.0674
2023-05-07T00:00:00+03:00,SO2,0.0006
2023-05-07T00:00:00+03:00,PM2.5,0.007
2023-05-08T00:00:00+03:00,SO2,0.001
2023-05-08T00:00:00+03:00,PM10,0.021
2023-05-08T00:00:00+03:00,NO,0.01
2023-05-08T00:00:00+03:00,OZ,0.0503
2023-05-08T00:00:00+03:00,PM2.5,0.01
2023-05-08T00:00:00+03:00,NO2,0.039
2023-05-08T00:00:00+03:00,CO,0.13
2023-05-09T00:00:00+03:00,OZ,0.0479
2023-05-09T00:00:00+03:00,SO2,0.0014
2023-05-09T00:00:00+03:00,CO,0.25
2023-05-09T00:00:00+03:00,NO,0.028
2023-05-09T00:00:00+03:00,PM10,0.027
2023-05-09T00:00:00+03:00,PM2.5,0.012
2023-05-09T00:00:00+03:00,NO2,0.047
2023-05-10T00:00:00+03:00,NO,0.004
2023-05-10T00:00:00+03:00,CO,0.16
2023-05-10T00:00:00+03:00,PM2.5,0.011
2023-05-10T00:00:00+03:00,NO2,0.044
2023-05-10T00:00:00+03:00,SO2,0.0009
2023-05-10T00:00:00+03:00,OZ,0.0536
2023-05-10T00:00:00+03:00,PM10,0.026
2023-05-11T00:00:00+03:00,OZ,0.0359
2023-05-11T00:00:00+03:00,CO,0.26
2023-05-11T00:00:00+03:00,SO2,0.0016
2023-05-11T00:00:00+03:00,NO,0.032
2023-05-11T00:00:00+03:00,PM2.5,0.014
2023-05-11T00:00:00+03:00,PM10,0.036
2023-05-11T00:00:00+03:00,NO2,0.06
2023-05-12T00:00:00+03:00,SO2,0.0005
2023-05-12T00:00:00+03:00,PM2.5,0.012
2023-05-12T00:00:00+03:00,PM10,0.031
2023-05-12T00:00:00+03:00,OZ,0.0545
2023-05-12T00:00:00+03:00,NO2,0.047
2023-05-12T00:00:00+03:00,NO,0.011
2023-05-12T00:00:00+03:00,CO,0.24
2023-05-13T00:00:00+03:00,PM2.5,0.013
2023-05-13T00:00:00+03:00,PM10,0.036
2023-05-13T00:00:00+03:00,CO,0.13
2023-05-13T00:00:00+03:00,NO2,0.041
2023-05-13T00:00:00+03:00,OZ,0.0717
2023-05-13T00:00:00+03:00,SO2,0.0004
2023-05-13T00:00:00+03:00,NO,0.006
2023-05-14T00:00:00+03:00,OZ,0.0683
2023-05-14T00:00:00+03:00,PM10,0.018
2023-05-14T00:00:00+03:00,PM2.5,0.007
2023-05-14T00:00:00+03:00,NO2,0.017
2023-05-14T00:00:00+03:00,NO,0.001
2023-05-14T00:00:00+03:00,SO2,0.0004
2023-05-14T00:00:00+03:00,CO,0.09
2023-05-15T00:00:00+03:00,CO,0.2
2023-05-15T00:00:00+03:00,OZ,0.0458
2023-05-15T00:00:00+03:00,NO2,0.039
2023-05-15T00:00:00+03:00,NO,0.006
2023-05-15T00:00:00+03:00,PM10,0.023
2023-05-15T00:00:00+03:00,PM2.5,0.009
2023-05-15T00:00:00+03:00,SO2,0.0008
2023-05-16T00:00:00+03:00,OZ,0.0543
2023-05-16T00:00:00+03:00,PM10,0.03
2023-05-16T00:00:00+03:00,PM2.5,0.011
2023-05-16T00:00:00+03:00,CO,0.31
2023-05-16T00:00:00+03:00,NO2,0.042
2023-05-16T00:00:00+03:00,SO2,0.0011
2023-05-16T00:00:00+03:00,NO,0.015
2023-05-17T00:00:00+03:00,SO2,0.0009
2023-05-17T00:00:00+03:00,PM2.5,0.009
2023-05-17T00:00:00+03:00,PM10,0.024
2023-05-17T00:00:00+03:00,NO,0.002
2023-05-17T00:00:00+03:00,NO2,0.029
2023-05-17T00:00:00+03:00,OZ,0.0802
2023-05-17T00:00:00+03:00,CO,0.11
2023-05-18T00:00:00+03:00,SO2,0.0003
2023-05-18T00:00:00+03:00,CO,0.1
2023-05-18T00:00:00+03:00,OZ,0.0808
2023-05-18T00:00:00+03:00,PM2.5,0.013
2023-05-18T00:00:00+03:00,PM10,0.032
2023-05-18T00:00:00+03:00,NO,0.004
2023-05-18T00:00:00+03:00,NO2,0.034
2023-05-19T00:00:00+03:00,CO,0.15
2023-05-19T00:00:00+03:00,PM2.5,0.008
2023-05-19T00:00:00+03:00,NO,0.002
2023-05-19T00:00:00+03:00,OZ,0.0564
2023-05-19T00:00:00+03:00,NO2,0.02
2023-05-19T00:00:00+03:00,PM10,0.02
2023-05-19T00:00:00+03:00,SO2,0.0007
2023-05-20T00:00:00+03:00,CO,0.03
2023-05-20T00:00:00+03:00,NO2,0.019
2023-05-20T00:00:00+03:00,OZ,0.0461
2023-05-20T00:00:00+03:00,NO,0.001
2023-05-20T00:00:00+03:00,PM10,0.017
2023-05-20T00:00:00+03:00,PM2.5,0.006
2023-05-20T00:00:00+03:00,SO2,0.0013
2023-05-21T00:00:00+03:00,PM10,0.014
2023-05-21T00:00:00+03:00,SO2,0.001
2023-05-21T00:00:00+03:00,OZ,0.03
2023-05-21T00:00:00+03:00,CO,0.18
2023-05-21T00:00:00+03:00,NO2,0.029
2023-05-21T00:00:00+03:00,PM2.5,0.008
2023-05-21T00:00:00+03:00,NO,0.003
2023-05-22T00:00:00+03:00,NO2,0.066
2023-05-22T00:00:00+03:00,NO,0.027
2023-05-22T00:00:00+03:00,CO,0.51
2023-05-22T00:00:00+03:00,OZ,0.0176
2023-05-22T00:00:00+03:00,PM10,0.029
2023-05-22T00:00:00+03:00,SO2,0.0015
2023-05-22T00:00:00+03:00,PM2.5,0.015
2023-05-23T00:00:00+03:00,NO,0.019
2023-05-23T00:00:00+03:00,PM10,0.034
2023-05-23T00:00:00+03:00,NO2,0.065
2023-05-23T00:00:00+03:00,OZ,0.019
2023-05-23T00:00:00+03:00,PM2.5,0.016
2023-05-23T00:00:00+03:00,SO2,0.0016
2023-05-23T00:00:00+03:00,CO,0.35
2023-05-24T00:00:00+03:00,PM2.5,0.014
2023-05-24T00:00:00+03:00,OZ,0.0332
2023-05-24T00:00:00+03:00,SO2,0.0016
2023-05-24T00:00:00+03:00,CO,0.34
2023-05-24T00:00:00+03:00,PM10,0.029
2023-05-24T00:00:00+03:00,NO2,0.048
2023-05-24T00:00:00+03:00,NO,0.006
2023-05-25T00:00:00+03:00,PM10,0.037
2023-05-25T00:00:00+03:00,SO2,0.0012
2023-05-25T00:00:00+03:00,CO,0.55
2023-05-25T00:00:00+03:00,NO2,0.07
2023-05-25T00:00:00+03:00,OZ,0.0092
2023-05-25T00:00:00+03:00,NO,0.041
2023-05-25T00:00:00+03:00,PM2.5,0.02
2023-05-26T00:00:00+03:00,NO,0.032
2023-05-26T00:00:00+03:00,SO2,0.0009
2023-05-26T00:00:00+03:00,OZ,0.042
2023-05-26T00:00:00+03:00,NO2,0.048
2023-05-26T00:00:00+03:00,PM2.5,0.014
2023-05-26T00:00:00+03:00,PM10,0.028
2023-05-26T00:00:00+03:00,CO,0.35
2023-05-27T00:00:00+03:00,CO,0.09
2023-05-27T00:00:00+03:00,NO2,0.028
2023-05-27T00:00:00+03:00,OZ,0.0594
2023-05-27T00:00:00+03:00,PM10,0.022
2023-05-27T00:00:00+03:00,PM2.5,0.01
2023-05-27T00:00:00+03:00,SO2,0.0002
2023-05-27T00:00:00+03:00,NO,0.002
2023-05-28T00:00:00+03:00,CO,0.1
2023-05-28T00:00:00+03:00,PM2.5,0.006
2023-05-28T00:00:00+03:00,OZ,0.0569
2023-05-28T00:00:00+03:00,SO2,0.0005
2023-05-28T00:00:00+03:00,NO,0.001
2023-05-28T00:00:00+03:00,NO2,0.018
2023-05-28T00:00:00+03:00,PM10,0.015
2023-05-29T00:00:00+03:00,CO,0.09
2023-05-29T00:00:00+03:00,NO2,0.03
2023-05-29T00:00:00+03:00,OZ,0.0532
2023-05-29T00:00:00+03:00,NO,0.003
2023-05-29T00:00:00+03:00,PM10,0.015
2023-05-29T00:00:00+03:00,SO2,0.0007
2023-05-29T00:00:00+03:00,PM2.5,0.007
2023-05-30T00:00:00+03:00,CO,0.22
2023-05-30T00:00:00+03:00,NO,0.004
2023-05-30T00:00:00+03:00,PM10,0.022
2023-05-30T00:00:00+03:00,PM2.5,0.01
2023-05-30T00:00:00+03:00,OZ,0.0514
2023-05-30T00:00:00+03:00,NO2,0.05
2023-05-30T00:00:00+03:00,SO2,0.0009
2023-05-31T00:00:00+03:00,SO2,0.0006
2023-05-31T00:00:00+03:00,NO,0.008
2023-05-31T00:00:00+03:00,NO2,0.044
2023-05-31T00:00:00+03:00,OZ,0.0263
2023-05-31T00:00:00+03:00,PM2.5,0.008
2023-05-31T00:00:00+03:00,PM10,0.018
2023-05-31T00:00:00+03:00,CO,0.17
2023-06-01T00:00:00+03:00,SO2,0.0008
2023-06-01T00:00:00+03:00,CO,0.1
2023-06-01T00:00:00+03:00,NO,0.005
2023-06-01T00:00:00+03:00,PM2.5,0.008
2023-06-01T00:00:00+03:00,NO2,0.033
2023-06-01T00:00:00+03:00,PM10,0.021
2023-06-01T00:00:00+03:00,OZ,0.0449
2023-06-02T00:00:00+03:00,OZ,0.0397
2023-06-02T00:00:00+03:00,NO2,0.047
2023-06-02T00:00:00+03:00,NO,0.006
2023-06-02T00:00:00+03:00,CO,0.15
2023-06-02T00:00:00+03:00,PM2.5,0.013
2023-06-02T00:00:00+03:00,PM10,0.028
2023-06-02T00:00:00+03:00,SO2,0.0009
2023-06-03T00:00:00+03:00,OZ,0.0216
2023-06-03T00:00:00+03:00,PM2.5,0.006
2023-06-03T00:00:00+03:00,NO2,0.034
2023-06-03T00:00:00+03:00,PM10,0.011
2023-06-03T00:00:00+03:00,CO,0.21
2023-06-03T00:00:00+03:00,NO,0.006
2023-06-03T00:00:00+03:00,SO2,0.0002
2023-06-04T00:00:00+03:00,PM10,0.012
2023-06-04T00:00:00+03:00,SO2,0.0003
2023-06-04T00:00:00+03:00,NO,0.002
2023-06-04T00:00:00+03:00,PM2.5,0.006
2023-06-04T00:00:00+03:00,NO2,0.019
2023-06-04T00:00:00+03:00,OZ,0.0384
2023-06-04T00:00:00+03:00,CO,0.03
2023-06-05T00:00:00+03:00,PM10,0.016
2023-06-05T00:00:00+03:00,PM2.5,0.008
2023-06-05T00:00:00+03:00,SO2,0.0005
2023-06-05T00:00:00+03:00,CO,0.08
2023-06-05T00:00:00+03:00,OZ,0.0364
2023-06-05T00:00:00+03:00,NO,0.004
2023-06-05T00:00:00+03:00,NO2,0.033
2023-06-06T00:00:00+03:00,OZ,0.0388
2023-06-06T00:00:00+03:00,PM10,0.015
2023-06-06T00:00:00+03:00,SO2,0.0005
2023-06-06T00:00:00+03:00,NO,0.003
2023-06-06T00:00:00+03:00,NO2,0.031
2023-06-06T00:00:00+03:00,CO,0.13
2023-06-06T00:00:00+03:00,PM2.5,0.007
2023-06-07T00:00:00+03:00,SO2,0.0005
2023-06-07T00:00:00+03:00,PM2.5,0.009
2023-06-07T00:00:00+03:00,NO2,0.041
2023-06-07T00:00:00+03:00,CO,0.17
2023-06-07T00:00:00+03:00,OZ,0.0356
2023-06-07T00:00:00+03:00,PM10,0.023
2023-06-07T00:00:00+03:00,NO,0.005
2023-06-08T00:00:00+03:00,CO,0.3
2023-06-08T00:00:00+03:00,OZ,0.0441
2023-06-08T00:00:00+03:00,NO,0.011
2023-06-08T00:00:00+03:00,NO2,0.04
2023-06-08T00:00:00+03:00,SO2,0.0005
2023-06-08T00:00:00+03:00,PM2.5,0.011
2023-06-08T00:00:00+03:00,PM10,0.022
2023-06-09T00:00:00+03:00,PM10,0.028
2023-06-09T00:00:00+03:00,SO2,0.0001
2023-06-09T00:00:00+03:00,PM2.5,0.012
2023-06-09T00:00:00+03:00,OZ,0.0558
2023-06-09T00:00:00+03:00,NO2,0.032
2023-06-09T00:00:00+03:00,CO,0.16
2023-06-09T00:00:00+03:00,NO,0.002
2023-06-10T00:00:00+03:00,CO,0.01
2023-06-10T00:00:00+03:00,PM2.5,0.006
2023-06-10T00:00:00+03:00,NO2,0.017
2023-06-10T00:00:00+03:00,SO2,0.0003
2023-06-10T00:00:00+03:00,NO,0.002
2023-06-10T00:00:00+03:00,OZ,0.0455
2023-06-10T00:00:00+03:00,PM10,0.014
2023-06-11T00:00:00+03:00,CO,0.02
2023-06-11T00:00:00+03:00,OZ,0.0522
2023-06-11T00:00:00+03:00,NO2,0.014
2023-06-11T00:00:00+03:00,PM2.5,0.007
2023-06-11T00:00:00+03:00,SO2,0.0009
2023-06-11T00:00:00+03:00,NO,0.001
2023-06-11T00:00:00+03:00,PM10,0.014
2023-06-12T00:00:00+03:00,NO,0.001
2023-06-12T00:00:00+03:00,PM10,0.016
2023-06-12T00:00:00+03:00,OZ,0.0515
2023-06-12T00:00:00+03:00,NO2,0.016
2023-06-12T00:00:00+03:00,PM2.5,0.006
2023-06-12T00:00:00+03:00,CO,0.05
2023-06-12T00:00:00+03:00,SO2,0.0006
2023-06-13T00:00:00+03:00,NO,0.002
2023-06-13T00:00:00+03:00,OZ,0.0507
2023-06-13T00:00:00+03:00,PM10,0.022
2023-06-13T00:00:00+03:00,SO2,0.0008
2023-06-13T00:00:00+03:00,CO,0.1
2023-06-13T00:00:00+03:00,PM2.5,0.009
2023-06-13T00:00:00+03:00,NO2,0.027
2023-06-14T00:00:00+03:00,NO,0.007
2023-06-14T00:00:00+03:00,CO,0.11
2023-06-14T00:00:00+03:00,OZ,0.0538
2023-06-14T00:00:00+03:00,PM2.5,0.012
2023-06-14T00:00:00+03:00,SO2,0.0014
2023-06-14T00:00:00+03:00,PM10,0.026
2023-06-14T00:00:00+03:00,NO2,0.041
2023-06-15T00:00:00+03:00,PM10,0.026
2023-06-15T00:00:00+03:00,SO2,0.0013
2023-06-15T00:00:00+03:00,CO,0.22
2023-06-15T00:00:00+03:00,NO2,0.044
2023-06-15T00:00:00+03:00,OZ,0.0578
2023-06-15T00:00:00+03:00,NO,0.009
2023-06-15T00:00:00+03:00,PM2.5,0.013
2023-06-16T00:00:00+03:00,PM10,0.036
2023-06-16T00:00:00+03:00,SO2,0.0011
2023-06-16T00:00:00+03:00,NO2,0.058
2023-06-16T00:00:00+03:00,CO,0.31
2023-06-16T00:00:00+03:00,NO,0.017
2023-06-16T00:00:00+03:00,OZ,0.052
2023-06-16T00:00:00+03:00,PM2.5,0.018
2023-06-17T00:00:00+03:00,OZ,0.0517
2023-06-17T00:00:00+03:00,PM10,0.028
2023-06-17T00:00:00+03:00,NO2,0.038
2023-06-17T00:00:00+03:00,PM2.5,0.015
2023-06-17T00:00:00+03:00,NO,0.008
2023-06-17T00:00:00+03:00,SO2,0.0008
2023-06-17T00:00:00+03:00,CO,0.34
2023-06-18T00:00:00+03:00,OZ,0.0628
2023-06-18T00:00:00+03:00,CO,0.13
2023-06-18T00:00:00+03:00,SO2,0.0007
2023-06-18T00:00:00+03:00,PM10,0.02
2023-06-18T00:00:00+03:00,NO,0.001
2023-06-18T00:00:00+03:00,NO2,0.021
2023-06-18T00:00:00+03:00,PM2.5,0.009
2023-06-19T00:00:00+03:00,PM2.5,0.008
2023-06-19T00:00:00+03:00,NO2,0.024
2023-06-19T00:00:00+03:00,SO2,0.0006
2023-06-19T00:00:00+03:00,PM10,0.02
2023-06-19T00:00:00+03:00,OZ,0.0602
2023-06-19T00:00:00+03:00,NO,0.002
2023-06-19T00:00:00+03:00,CO,0
2023-06-20T00:00:00+03:00,PM10,0.023
2023-06-20T00:00:00+03:00,OZ,0.0407
2023-06-20T00:00:00+03:00,CO,0.18
2023-06-20T00:00:00+03:00,NO,0.008
2023-06-20T00:00:00+03:00,NO2,0.036
2023-06-20T00:00:00+03:00,SO2,0.0005
2023-06-20T00:00:00+03:00,PM2.5,0.01
2023-06-21T00:00:00+03:00,NO2,0.025
2023-06-21T00:00:00+03:00,PM10,0.016
2023-06-21T00:00:00+03:00,NO,0.004
2023-06-21T00:00:00+03:00,SO2,0.0004
2023-06-21T00:00:00+03:00,PM2.5,0.008
2023-06-21T00:00:00+03:00,OZ,0.045
2023-06-21T00:00:00+03:00,CO,0.07
2023-06-22T00:00:00+03:00,NO2,0.041
2023-06-22T00:00:00+03:00,NO,0.008
2023-06-22T00:00:00+03:00,OZ,0.0525
2023-06-22T00:00:00+03:00,PM2.5,0.012
2023-06-22T00:00:00+03:00,SO2,0.0006
2023-06-22T00:00:00+03:00,PM10,0.025
2023-06-22T00:00:00+03:00,CO,0.14
2023-06-23T00:00:00+03:00,PM10,0.027
2023-06-23T00:00:00+03:00,NO,0.018
2023-06-23T00:00:00+03:00,OZ,0.0232
2023-06-23T00:00:00+03:00,SO2,0.0006
2023-06-23T00:00:00+03:00,PM2.5,0.016
2023-06-23T00:00:00+03:00,NO2,0.052
2023-06-23T00:00:00+03:00,CO,0.34
2023-06-24T00:00:00+03:00,CO,0.17
2023-06-24T00:00:00+03:00,OZ,0.036
2023-06-24T00:00:00+03:00,NO,0.002
2023-06-24T00:00:00+03:00,PM10,0.012
2023-06-24T00:00:00+03:00,SO2,0.0001
2023-06-24T00:00:00+03:00,NO2,0.026
2023-06-24T00:00:00+03:00,PM2.5,0.006
2023-06-25T00:00:00+03:00,NO,0.004
2023-06-25T00:00:00+03:00,PM2.5,0.009
2023-06-25T00:00:00+03:00,SO2,0.0002
2023-06-25T00:00:00+03:00,PM10,0.017
2023-06-25T00:00:00+03:00,NO2,0.028
2023-06-25T00:00:00+03:00,CO,0.14
2023-06-25T00:00:00+03:00,OZ,0.0503
2023-06-26T00:00:00+03:00,NO,0.013
2023-06-26T00:00:00+03:00,NO2,0.049
2023-06-26T00:00:00+03:00,CO,0.32
2023-06-26T00:00:00+03:00,PM10,0.027
2023-06-26T00:00:00+03:00,SO2,0.0006
2023-06-26T00:00:00+03:00,PM2.5,0.013
2023-06-26T00:00:00+03:00,OZ,0.0445
2023-06-27T00:00:00+03:00,NO,0.003
2023-06-27T00:00:00+03:00,NO2,0.037
2023-06-27T00:00:00+03:00,PM2.5,0.011
2023-06-27T00:00:00+03:00,OZ,0.0467
2023-06-27T00:00:00+03:00,CO,0.19
2023-06-27T00:00:00+03:00,PM10,0.022
2023-06-27T00:00:00+03:00,SO2,0.0005
2023-06-28T00:00:00+03:00,NO2,0.028
2023-06-28T00:00:00+03:00,NO,0.002
2023-06-28T00:00:00+03:00,PM10,0.018
2023-06-28T00:00:00+03:00,SO2,0.0004
2023-06-28T00:00:00+03:00,PM2.5,0.01
2023-06-28T00:00:00+03:00,CO,0.18
2023-06-28T00:00:00+03:00,OZ,0.0558
2023-06-29T00:00:00+03:00,PM2.5,0.008
2023-06-29T00:00:00+03:00,NO,0.004
2023-06-29T00:00:00+03:00,SO2,0.0001
2023-06-29T00:00:00+03:00,OZ,0.0368
2023-06-29T00:00:00+03:00,NO2,0.04
2023-06-29T00:00:00+03:00,CO,0.19
2023-06-29T00:00:00+03:00,PM10,0.014
2023-06-30T00:00:00+03:00,PM10,0.019
2023-06-30T00:00:00+03:00,NO,0.008
2023-06-30T00:00:00+03:00,SO2,0.0006
2023-06-30T00:00:00+03:00,CO,0.21
2023-06-30T00:00:00+03:00,PM2.5,0.011
2023-06-30T00:00:00+03:00,NO2,0.047
2023-06-30T00:00:00+03:00,OZ,0.0241
2023-07-01T00:00:00+03:00,PM2.5,0.009
2023-07-01T00:00:00+03:00,SO2,0.0011
2023-07-01T00:00:00+03:00,CO,0.17
2023-07-01T00:00:00+03:00,NO2,0.028
2023-07-01T00:00:00+03:00,NO,0.006
2023-07-01T00:00:00+03:00,OZ,0.0425
2023-07-01T00:00:00+03:00,PM10,0.017
2023-07-02T00:00:00+03:00,PM10,0.017
2023-07-02T00:00:00+03:00,NO2,0.018
2023-07-02T00:00:00+03:00,OZ,0.0527
2023-07-02T00:00:00+03:00,NO,0.001
2023-07-02T00:00:00+03:00,SO2,0.0013
2023-07-02T00:00:00+03:00,CO,0.11
2023-07-02T00:00:00+03:00,PM2.5,0.009
2023-07-03T00:00:00+03:00,SO2,0.0013
2023-07-03T00:00:00+03:00,CO,0.21
2023-07-03T00:00:00+03:00,PM2.5,0.01
2023-07-03T00:00:00+03:00,OZ,0.0549
2023-07-03T00:00:00+03:00,PM10,0.021
2023-07-03T00:00:00+03:00,NO2,0.034
2023-07-03T00:00:00+03:00,NO,0.003
2023-07-04T00:00:00+03:00,PM2.5,0.012
2023-07-04T00:00:00+03:00,SO2,0.0016
2023-07-04T00:00:00+03:00,NO2,
2023-07-04T00:00:00+03:00,PM10,0.026
2023-07-04T00:00:00+03:00,NO,
2023-07-04T00:00:00+03:00,CO,0.13
2023-07-04T00:00:00+03:00,OZ,0.069
2023-07-05T00:00:00+03:00,NO,
2023-07-05T00:00:00+03:00,PM10,0.029
2023-07-05T00:00:00+03:00,NO2,
2023-07-05T00:00:00+03:00,OZ,0.0676
2023-07-05T00:00:00+03:00,CO,0.2
2023-07-05T00:00:00+03:00,SO2,0.0021
2023-07-05T00:00:00+03:00,PM2.5,0.014
2023-07-06T00:00:00+03:00,NO,
2023-07-06T00:00:00+03:00,PM10,0.027
2023-07-06T00:00:00+03:00,PM2.5,0.015
2023-07-06T00:00:00+03:00,NO2,
2023-07-06T00:00:00+03:00,SO2,0.0019
2023-07-06T00:00:00+03:00,CO,0.16
2023-07-06T00:00:00+03:00,OZ,0.0721
2023-07-07T00:00:00+03:00,SO2,0.0015
2023-07-07T00:00:00+03:00,NO,
2023-07-07T00:00:00+03:00,PM2.5,0.014
2023-07-07T00:00:00+03:00,NO2,
2023-07-07T00:00:00+03:00,OZ,0.0536
2023-07-07T00:00:00+03:00,CO,0.25
2023-07-07T00:00:00+03:00,PM10,0.027
2023-07-08T00:00:00+03:00,NO,
2023-07-08T00:00:00+03:00,NO2,
2023-07-08T00:00:00+03:00,OZ,0.0381
2023-07-08T00:00:00+03:00,SO2,0.0007
2023-07-08T00:00:00+03:00,PM10,0.015
2023-07-08T00:00:00+03:00,CO,0.16
2023-07-08T00:00:00+03:00,PM2.5,0.008
2023-07-09T00:00:00+03:00,NO2,
2023-07-09T00:00:00+03:00,OZ,0.0422
2023-07-09T00:00:00+03:00,SO2,0.001
2023-07-09T00:00:00+03:00,NO,
2023-07-09T00:00:00+03:00,CO,0.22
2023-07-09T00:00:00+03:00,PM2.5,0.01
2023-07-09T00:00:00+03:00,PM10,0.022
2023-07-10T00:00:00+03:00,NO,
2023-07-10T00:00:00+03:00,NO2,
2023-07-10T00:00:00+03:00,PM2.5,0.005
2023-07-10T00:00:00+03:00,OZ,0.031
2023-07-10T00:00:00+03:00,SO2,0.0009
2023-07-10T00:00:00+03:00,CO,0.04
2023-07-10T00:00:00+03:00,PM10,0.015
2023-07-11T00:00:00+03:00,SO2,0.0011
2023-07-11T00:00:00+03:00,PM10,0.012
2023-07-11T00:00:00+03:00,CO,0.11
2023-07-11T00:00:00+03:00,OZ,0.0234
2023-07-11T00:00:00+03:00,PM2.5,0.004
2023-07-11T00:00:00+03:00,NO2,
2023-07-11T00:00:00+03:00,NO,
2023-07-12T00:00:00+03:00,SO2,0.0007
2023-07-12T00:00:00+03:00,PM10,0.011
2023-07-12T00:00:00+03:00,CO,0.17
2023-07-12T00:00:00+03:00,NO,
2023-07-12T00:00:00+03:00,NO2,
2023-07-12T00:00:00+03:00,PM2.5,0.005
2023-07-12T00:00:00+03:00,OZ,0.0249
2023-07-13T00:00:00+03:00,NO,
2023-07-13T00:00:00+03:00,CO,0.18
2023-07-13T00:00:00+03:00,OZ,0.0202
2023-07-13T00:00:00+03:00,PM2.5,0.009
2023-07-13T00:00:00+03:00,PM10,0.015
2023-07-13T00:00:00+03:00,NO2,
2023-07-13T00:00:00+03:00,SO2,0.0009
2023-07-14T00:00:00+03:00,PM10,0.016
2023-07-14T00:00:00+03:00,OZ,0.0168
2023-07-14T00:00:00+03:00,PM2.5,0.009
2023-07-14T00:00:00+03:00,SO2,0.0016
2023-07-14T00:00:00+03:00,NO,
2023-07-14T00:00:00+03:00,CO,0.15
2023-07-14T00:00:00+03:00,NO2,
2023-07-15T00:00:00+03:00,NO,
2023-07-15T00:00:00+03:00,PM10,0.013
2023-07-15T00:00:00+03:00,CO,0.19
2023-07-15T00:00:00+03:00,OZ,0.0184
2023-07-15T00:00:00+03:00,SO2,0.0018
2023-07-15T00:00:00+03:00,PM2.5,0.008
2023-07-15T00:00:00+03:00,NO2,
2023-07-16T00:00:00+03:00,CO,0.17
2023-07-16T00:00:00+03:00,PM10,0.016
2023-07-16T00:00:00+03:00,OZ,0.0307
2023-07-16T00:00:00+03:00,NO,
2023-07-16T00:00:00+03:00,PM2.5,0.009
2023-07-16T00:00:00+03:00,SO2,0.0013
2023-07-16T00:00:00+03:00,NO2,
2023-07-17T00:00:00+03:00,PM10,0.024
2023-07-17T00:00:00+03:00,OZ,0.0371
2023-07-17T00:00:00+03:00,CO,0.19
2023-07-17T00:00:00+03:00,NO2,
2023-07-17T00:00:00+03:00,SO2,0.0017
2023-07-17T00:00:00+03:00,PM2.5,0.014
2023-07-17T00:00:00+03:00,NO,
2023-07-18T00:00:00+03:00,PM10,0.025
2023-07-18T00:00:00+03:00,NO2,
2023-07-18T00:00:00+03:00,PM2.5,0.014
2023-07-18T00:00:00+03:00,OZ,0.0393
2023-07-18T00:00:00+03:00,NO,
2023-07-18T00:00:00+03:00,CO,0.2
2023-07-18T00:00:00+03:00,SO2,0.0009
2023-07-19T00:00:00+03:00,NO,
2023-07-19T00:00:00+03:00,NO2,
2023-07-19T00:00:00+03:00,OZ,0.0457
2023-07-19T00:00:00+03:00,PM10,0.008
2023-07-19T00:00:00+03:00,CO,0.03
2023-07-19T00:00:00+03:00,PM2.5,0.003
2023-07-19T00:00:00+03:00,SO2,0.0009
2023-07-20T00:00:00+03:00,CO,0.08
2023-07-20T00:00:00+03:00,NO2,
2023-07-20T00:00:00+03:00,SO2,0.001
2023-07-20T00:00:00+03:00,NO,
2023-07-20T00:00:00+03:00,PM10,0.012
2023-07-20T00:00:00+03:00,OZ,0.0395
2023-07-20T00:00:00+03:00,PM2.5,0.006
2023-07-21T00:00:00+03:00,NO2,
2023-07-21T00:00:00+03:00,PM10,0.016
2023-07-21T00:00:00+03:00,NO,
2023-07-21T00:00:00+03:00,PM2.5,0.007
2023-07-21T00:00:00+03:00,OZ,0.0375
2023-07-21T00:00:00+03:00,SO2,0.0009
2023-07-21T00:00:00+03:00,CO,0.11
2023-07-22T00:00:00+03:00,NO2,
2023-07-22T00:00:00+03:00,NO,
2023-07-22T00:00:00+03:00,CO,0.07
2023-07-22T00:00:00+03:00,PM10,0.016
2023-07-22T00:00:00+03:00,SO2,0.001
2023-07-22T00:00:00+03:00,PM2.5,0.007
2023-07-22T00:00:00+03:00,OZ,0.0453
2023-07-23T00:00:00+03:00,NO2,
2023-07-23T00:00:00+03:00,PM10,0.016
2023-07-23T00:00:00+03:00,OZ,0.0342
2023-07-23T00:00:00+03:00,SO2,0.0013
2023-07-23T00:00:00+03:00,CO,0.26
2023-07-23T00:00:00+03:00,PM2.5,0.009
2023-07-23T00:00:00+03:00,NO,
2023-07-24T00:00:00+03:00,PM10,0.014
2023-07-24T00:00:00+03:00,CO,0.17
2023-07-24T00:00:00+03:00,NO,
2023-07-24T00:00:00+03:00,OZ,0.0309
2023-07-24T00:00:00+03:00,PM2.5,0.008
2023-07-24T00:00:00+03:00,SO2,0.0013
2023-07-24T00:00:00+03:00,NO2,
2023-07-25T00:00:00+03:00,PM10,0.02
2023-07-25T00:00:00+03:00,OZ,0.0368
2023-07-25T00:00:00+03:00,CO,0.33
2023-07-25T00:00:00+03:00,PM2.5,0.012
2023-07-25T00:00:00+03:00,SO2,0.0013
2023-07-25T00:00:00+03:00,NO2,0.032
2023-07-25T00:00:00+03:00,NO,0.003
2023-07-26T00:00:00+03:00,SO2,0.0008
2023-07-26T00:00:00+03:00,PM2.5,0.015
2023-07-26T00:00:00+03:00,NO2,0.032
2023-07-26T00:00:00+03:00,OZ,0.0365
2023-07-26T00:00:00+03:00,PM10,0.024
2023-07-26T00:00:00+03:00,CO,0.29
2023-07-26T00:00:00+03:00,NO,0.001
2023-07-27T00:00:00+03:00,PM10,0.021
2023-07-27T00:00:00+03:00,NO,0.004
2023-07-27T00:00:00+03:00,CO,0.11
2023-07-27T00:00:00+03:00,OZ,0.0407
2023-07-27T00:00:00+03:00,PM2.5,0.011
2023-07-27T00:00:00+03:00,NO2,0.029
2023-07-27T00:00:00+03:00,SO2,0.0015
2023-07-28T00:00:00+03:00,SO2,0.001
2023-07-28T00:00:00+03:00,OZ,0.0326
2023-07-28T00:00:00+03:00,PM10,0.017
2023-07-28T00:00:00+03:00,PM2.5,0.011
2023-07-28T00:00:00+03:00,NO,0.003
2023-07-28T00:00:00+03:00,CO,0.3
2023-07-28T00:00:00+03:00,NO2,0.032
2023-07-29T00:00:00+03:00,NO2,0.029
2023-07-29T00:00:00+03:00,OZ,0.0235
2023-07-29T00:00:00+03:00,PM10,0.01
2023-07-29T00:00:00+03:00,SO2,0.0009
2023-07-29T00:00:00+03:00,CO,0.1
2023-07-29T00:00:00+03:00,PM2.5,0.005
2023-07-29T00:00:00+03:00,NO,0.004
2023-07-30T00:00:00+03:00,NO,0.016
2023-07-30T00:00:00+03:00,CO,0.24
2023-07-30T00:00:00+03:00,NO2,0.025
2023-07-30T00:00:00+03:00,OZ,0.0349
2023-07-30T00:00:00+03:00,SO2,0.0011
2023-07-30T00:00:00+03:00,PM10,0.016
2023-07-30T00:00:00+03:00,PM2.5,0.009
2023-07-31T00:00:00+03:00,PM2.5,0.01
2023-07-31T00:00:00+03:00,OZ,0.0305
2023-07-31T00:00:00+03:00,PM10,0.021
2023-07-31T00:00:00+03:00,NO2,0.04
2023-07-31T00:00:00+03:00,NO,0.009
2023-07-31T00:00:00+03:00,SO2,0.0008
2023-07-31T00:00:00+03:00,CO,0.18
2023-08-01T00:00:00+03:00,PM10,0.024
2023-08-01T00:00:00+03:00,CO,0.17
2023-08-01T00:00:00+03:00,OZ,0.0457
2023-08-01T00:00:00+03:00,SO2,0.001
2023-08-01T00:00:00+03:00,PM2.5,0.013
2023-08-01T00:00:00+03:00,NO,0.011
2023-08-01T00:00:00+03:00,NO2,0.041
2023-08-02T00:00:00+03:00,OZ,0.0343
2023-08-02T00:00:00+03:00,PM2.5,0.017
2023-08-02T00:00:00+03:00,NO2,0.045
2023-08-02T00:00:00+03:00,PM10,0.032
2023-08-02T00:00:00+03:00,NO,0.007
2023-08-02T00:00:00+03:00,CO,0.39
2023-08-02T00:00:00+03:00,SO2,0.0018
2023-08-03T00:00:00+03:00,OZ,0.0443
2023-08-03T00:00:00+03:00,CO,0.29
2023-08-03T00:00:00+03:00,NO2,0.044
2023-08-03T00:00:00+03:00,PM2.5,0.016
2023-08-03T00:00:00+03:00,PM10,0.031
2023-08-03T00:00:00+03:00,NO,0.005
2023-08-03T00:00:00+03:00,SO2,0.0011
2023-08-04T00:00:00+03:00,PM10,0.026
2023-08-04T00:00:00+03:00,CO,0.22
2023-08-04T00:00:00+03:00,NO,0.001
2023-08-04T00:00:00+03:00,NO2,0.033
2023-08-04T00:00:00+03:00,SO2,0.001
2023-08-04T00:00:00+03:00,OZ,0.0566
2023-08-04T00:00:00+03:00,PM2.5,0.014
2023-08-05T00:00:00+03:00,OZ,0.0582
2023-08-05T00:00:00+03:00,NO2,0.042
2023-08-05T00:00:00+03:00,PM2.5,0.01
2023-08-05T00:00:00+03:00,NO,0.005
2023-08-05T00:00:00+03:00,CO,0.13
2023-08-05T00:00:00+03:00,PM10,0.022
2023-08-05T00:00:00+03:00,SO2,0.0012
2023-08-06T00:00:00+03:00,OZ,0.072
2023-08-06T00:00:00+03:00,NO,0.003
2023-08-06T00:00:00+03:00,CO,0.33
2023-08-06T00:00:00+03:00,PM2.5,0.016
2023-08-06T00:00:00+03:00,NO2,0.04
2023-08-06T00:00:00+03:00,PM10,0.035
2023-08-06T00:00:00+03:00,SO2,0.0016
2023-08-07T00:00:00+03:00,NO2,0.023
2023-08-07T00:00:00+03:00,PM2.5,0.01
2023-08-07T00:00:00+03:00,SO2,0.0021
2023-08-07T00:00:00+03:00,CO,0.28
2023-08-07T00:00:00+03:00,NO,0.001
2023-08-07T00:00:00+03:00,PM10,0.027
2023-08-07T00:00:00+03:00,OZ,0.0697
2023-08-08T00:00:00+03:00,NO,0.004
2023-08-08T00:00:00+03:00,PM2.5,0.011
2023-08-08T00:00:00+03:00,SO2,0.0022
2023-08-08T00:00:00+03:00,NO2,0.037
2023-08-08T00:00:00+03:00,PM10,0.027
2023-08-08T00:00:00+03:00,CO,0.21
2023-08-08T00:00:00+03:00,OZ,0.0461
2023-08-09T00:00:00+03:00,NO2,0.026
2023-08-09T00:00:00+03:00,PM10,0.015
2023-08-09T00:00:00+03:00,OZ,0.0397
2023-08-09T00:00:00+03:00,SO2,0.0011
2023-08-09T00:00:00+03:00,PM2.5,0.006
2023-08-09T00:00:00+03:00,NO,0.002
2023-08-09T00:00:00+03:00,CO,0.17
2023-08-10T00:00:00+03:00,NO,0.002
2023-08-10T00:00:00+03:00,OZ,0.0486
2023-08-10T00:00:00+03:00,NO2,0.028
2023-08-10T00:00:00+03:00,PM2.5,0.009
2023-08-10T00:00:00+03:00,SO2,0.0012
2023-08-10T00:00:00+03:00,PM10,0.02
2023-08-10T00:00:00+03:00,CO,0.27
2023-08-11T00:00:00+03:00,NO,0.004
2023-08-11T00:00:00+03:00,PM10,0.027
2023-08-11T00:00:00+03:00,OZ,0.0256
2023-08-11T00:00:00+03:00,CO,0.25
2023-08-11T00:00:00+03:00,SO2,0.0015
2023-08-11T00:00:00+03:00,PM2.5,0.014
2023-08-11T00:00:00+03:00,NO2,0.048
2023-08-12T00:00:00+03:00,PM2.5,0.015
2023-08-12T00:00:00+03:00,NO,0.005
2023-08-12T00:00:00+03:00,NO2,0.045
2023-08-12T00:00:00+03:00,SO2,0.0021
2023-08-12T00:00:00+03:00,PM10,0.027
2023-08-12T00:00:00+03:00,OZ,0.0271
2023-08-12T00:00:00+03:00,CO,0.33
2023-08-13T00:00:00+03:00,PM10,0.016
2023-08-13T00:00:00+03:00,SO2,0.0017
2023-08-13T00:00:00+03:00,PM2.5,0.009
2023-08-13T00:00:00+03:00,CO,0.24
2023-08-13T00:00:00+03:00,NO,0.001
2023-08-13T00:00:00+03:00,OZ,0.0298
2023-08-13T00:00:00+03:00,NO2,0.026
2023-08-14T00:00:00+03:00,CO,0.17
2023-08-14T00:00:00+03:00,NO2,0.025
2023-08-14T00:00:00+03:00,NO,0.002
2023-08-14T00:00:00+03:00,PM2.5,0.007
2023-08-14T00:00:00+03:00,SO2,0.0011
2023-08-14T00:00:00+03:00,OZ,0.0295
2023-08-14T00:00:00+03:00,PM10,0.014
2023-08-15T00:00:00+03:00,PM2.5,0.009
2023-08-15T00:00:00+03:00,NO,0.005
2023-08-15T00:00:00+03:00,SO2,0.0009
2023-08-15T00:00:00+03:00,OZ,0.0388
2023-08-15T00:00:00+03:00,PM10,0.019
2023-08-15T00:00:00+03:00,CO,0.25
2023-08-15T00:00:00+03:00,NO2,0.035
2023-08-16T00:00:00+03:00,NO2,0.039
2023-08-16T00:00:00+03:00,PM10,0.02
2023-08-16T00:00:00+03:00,SO2,0.0011
2023-08-16T00:00:00+03:00,PM2.5,0.008
2023-08-16T00:00:00+03:00,NO,0.009
2023-08-16T00:00:00+03:00,OZ,0.039
2023-08-16T00:00:00+03:00,CO,0.19
2023-08-17T00:00:00+03:00,PM2.5,0.015
2023-08-17T00:00:00+03:00,CO,0.52
2023-08-17T00:00:00+03:00,NO2,0.065
2023-08-17T00:00:00+03:00,PM10,0.034
2023-08-17T00:00:00+03:00,NO,0.048
2023-08-17T00:00:00+03:00,SO2,0.0021
2023-08-17T00:00:00+03:00,OZ,0.0398
2023-08-18T00:00:00+03:00,CO,0.62
2023-08-18T00:00:00+03:00,SO2,0.0022
2023-08-18T00:00:00+03:00,PM10,0.048
2023-08-18T00:00:00+03:00,NO,0.042
2023-08-18T00:00:00+03:00,PM2.5,0.021
2023-08-18T00:00:00+03:00,NO2,0.095
2023-08-18T00:00:00+03:00,OZ,0.0175
2023-08-19T00:00:00+03:00,CO,0.24
2023-08-19T00:00:00+03:00,PM10,0.021
2023-08-19T00:00:00+03:00,SO2,0.0014
2023-08-19T00:00:00+03:00,NO2,0.036
2023-08-19T00:00:00+03:00,PM2.5,0.014
2023-08-19T00:00:00+03:00,NO,0.003
2023-08-19T00:00:00+03:00,OZ,0.0452
2023-08-20T00:00:00+03:00,NO,0.013
2023-08-20T00:00:00+03:00,SO2,0.0011
2023-08-20T00:00:00+03:00,NO2,0.039
2023-08-20T00:00:00+03:00,PM10,0.021
2023-08-20T00:00:00+03:00,PM2.5,0.012
2023-08-20T00:00:00+03:00,CO,0.3
2023-08-20T00:00:00+03:00,OZ,0.0381
2023-08-21T00:00:00+03:00,PM10,0.011
2023-08-21T00:00:00+03:00,NO,0.002
2023-08-21T00:00:00+03:00,PM2.5,0.005
2023-08-21T00:00:00+03:00,NO2,0.023
2023-08-21T00:00:00+03:00,CO,0.23
2023-08-21T00:00:00+03:00,OZ,0.0451
2023-08-21T00:00:00+03:00,SO2,0.0012
2023-08-22T00:00:00+03:00,OZ,0.0178
2023-08-22T00:00:00+03:00,SO2,0.0011
2023-08-22T00:00:00+03:00,NO2,0.056
2023-08-22T00:00:00+03:00,CO,0.36
2023-08-22T00:00:00+03:00,PM10,0.027
2023-08-22T00:00:00+03:00,NO,0.011
2023-08-22T00:00:00+03:00,PM2.5,0.012
2023-08-23T00:00:00+03:00,PM2.5,0.008
2023-08-23T00:00:00+03:00,NO,0.007
2023-08-23T00:00:00+03:00,SO2,0.0007
2023-08-23T00:00:00+03:00,CO,0.27
2023-08-23T00:00:00+03:00,NO2,0.039
2023-08-23T00:00:00+03:00,PM10,0.016
2023-08-23T00:00:00+03:00,OZ,0.0197
2023-08-24T00:00:00+03:00,NO,0.004
2023-08-24T00:00:00+03:00,SO2,0.0007
2023-08-24T00:00:00+03:00,OZ,0.0155
2023-08-24T00:00:00+03:00,PM2.5,0.007
2023-08-24T00:00:00+03:00,CO,0.24
2023-08-24T00:00:00+03:00,PM10,0.013
2023-08-24T00:00:00+03:00,NO2,0.033
2023-08-25T00:00:00+03:00,NO,0.029
2023-08-25T00:00:00+03:00,NO2,0.037
2023-08-25T00:00:00+03:00,SO2,0.0014
2023-08-25T00:00:00+03:00,PM10,0.02
2023-08-25T00:00:00+03:00,PM2.5,0.01
2023-08-25T00:00:00+03:00,OZ,0.0211
2023-08-25T00:00:00+03:00,CO,0.16
2023-08-26T00:00:00+03:00,NO,0.061
2023-08-26T00:00:00+03:00,CO,0.43
2023-08-26T00:00:00+03:00,PM10,0.028
2023-08-26T00:00:00+03:00,OZ,0.0171
2023-08-26T00:00:00+03:00,NO2,0.054
2023-08-26T00:00:00+03:00,SO2,0.002
2023-08-26T00:00:00+03:00,PM2.5,0.014
2023-08-27T00:00:00+03:00,NO2,0.032
2023-08-27T00:00:00+03:00,PM10,0.016
2023-08-27T00:00:00+03:00,CO,0.21
2023-08-27T00:00:00+03:00,PM2.5,0.009
2023-08-27T00:00:00+03:00,SO2,0.0008
2023-08-27T00:00:00+03:00,NO,0.008
2023-08-27T00:00:00+03:00,OZ,0.0218
2023-08-28T00:00:00+03:00,OZ,0.0272
2023-08-28T00:00:00+03:00,CO,0.29
2023-08-28T00:00:00+03:00,PM10,0.019
2023-08-28T00:00:00+03:00,PM2.5,0.011
2023-08-28T00:00:00+03:00,NO,0.014
2023-08-28T00:00:00+03:00,NO2,0.038
2023-08-28T00:00:00+03:00,SO2,0.0014
2023-08-29T00:00:00+03:00,PM2.5,0.012
2023-08-29T00:00:00+03:00,PM10,0.028
2023-08-29T00:00:00+03:00,NO,0.008
2023-08-29T00:00:00+03:00,OZ,0.0192
2023-08-29T00:00:00+03:00,CO,0.28
2023-08-29T00:00:00+03:00,SO2,
2023-08-29T00:00:00+03:00,NO2,0.043
2023-08-30T00:00:00+03:00,NO2,0.045
2023-08-30T00:00:00+03:00,CO,0.22
2023-08-30T00:00:00+03:00,SO2,
2023-08-30T00:00:00+03:00,PM2.5,0.01
2023-08-30T00:00:00+03:00,NO,0.009
2023-08-30T00:00:00+03:00,OZ,0.0244
2023-08-30T00:00:00+03:00,PM10,0.02
2023-08-31T00:00:00+03:00,OZ,0.0418
2023-08-31T00:00:00+03:00,NO2,0.044
2023-08-31T00:00:00+03:00,SO2,
2023-08-31T00:00:00+03:00,PM10,0.034
2023-08-31T00:00:00+03:00,CO,0.11
2023-08-31T00:00:00+03:00,NO,0.006
2023-08-31T00:00:00+03:00,PM2.5,0.015
2023-09-01T00:00:00+03:00,OZ,0.0565
2023-09-01T00:00:00+03:00,PM2.5,0.016
2023-09-01T00:00:00+03:00,NO,0.004
2023-09-01T00:00:00+03:00,PM10,0.036
2023-09-01T00:00:00+03:00,SO2,
2023-09-01T00:00:00+03:00,NO2,0.045
2023-09-01T00:00:00+03:00,CO,0.26
2023-09-02T00:00:00+03:00,SO2,
2023-09-02T00:00:00+03:00,OZ,0.0161
2023-09-02T00:00:00+03:00,PM10,0.037
2023-09-02T00:00:00+03:00,CO,
2023-09-02T00:00:00+03:00,NO,0.014
2023-09-02T00:00:00+03:00,NO2,0.065
2023-09-02T00:00:00+03:00,PM2.5,0.02
2023-09-03T00:00:00+03:00,NO2,0.034
2023-09-03T00:00:00+03:00,CO,
2023-09-03T00:00:00+03:00,PM10,0.013
2023-09-03T00:00:00+03:00,NO,0.003
2023-09-03T00:00:00+03:00,SO2,
2023-09-03T00:00:00+03:00,OZ,0.033
2023-09-03T00:00:00+03:00,PM2.5,0.008
2023-09-04T00:00:00+03:00,NO,0.031
2023-09-04T00:00:00+03:00,NO2,0.045
2023-09-04T00:00:00+03:00,OZ,0.0238
2023-09-04T00:00:00+03:00,PM10,0.024
2023-09-04T00:00:00+03:00,PM2.5,0.012
2023-09-04T00:00:00+03:00,CO,
2023-09-04T00:00:00+03:00,SO2,
2023-09-05T00:00:00+03:00,PM2.5,0.009
2023-09-05T00:00:00+03:00,OZ,0.0294
2023-09-05T00:00:00+03:00,SO2,
2023-09-05T00:00:00+03:00,PM10,0.018
2023-09-05T00:00:00+03:00,NO2,0.042
2023-09-05T00:00:00+03:00,NO,0.016
2023-09-05T00:00:00+03:00,CO,
2023-09-06T00:00:00+03:00,PM2.5,0.008
2023-09-06T00:00:00+03:00,SO2,
2023-09-06T00:00:00+03:00,PM10,0.021
2023-09-06T00:00:00+03:00,OZ,0.0392
2023-09-06T00:00:00+03:00,NO,0.002
2023-09-06T00:00:00+03:00,CO,
2023-09-06T00:00:00+03:00,NO2,0.029
2023-09-07T00:00:00+03:00,SO2,
2023-09-07T00:00:00+03:00,OZ,0.0307
2023-09-07T00:00:00+03:00,NO,0.002
2023-09-07T00:00:00+03:00,PM2.5,0.006
2023-09-07T00:00:00+03:00,CO,
2023-09-07T00:00:00+03:00,NO2,0.024
2023-09-07T00:00:00+03:00,PM10,0.013
2023-09-08T00:00:00+03:00,CO,
2023-09-08T00:00:00+03:00,NO,0.002
2023-09-08T00:00:00+03:00,NO2,0.021
2023-09-08T00:00:00+03:00,PM10,0.012
2023-09-08T00:00:00+03:00,OZ,0.0346
2023-09-08T00:00:00+03:00,SO2,
2023-09-08T00:00:00+03:00,PM2.5,0.005
2023-09-09T00:00:00+03:00,CO,
2023-09-09T00:00:00+03:00,PM10,0.013
2023-09-09T00:00:00+03:00,PM2.5,0.006
2023-09-09T00:00:00+03:00,NO,0.004
2023-09-09T00:00:00+03:00,SO2,
2023-09-09T00:00:00+03:00,OZ,0.0187
2023-09-09T00:00:00+03:00,NO2,0.024
2023-09-10T00:00:00+03:00,PM2.5,0.012
2023-09-10T00:00:00+03:00,NO,0.007
2023-09-10T00:00:00+03:00,NO2,0.03
2023-09-10T00:00:00+03:00,OZ,0.0228
2023-09-10T00:00:00+03:00,CO,
2023-09-10T00:00:00+03:00,SO2,
2023-09-10T00:00:00+03:00,PM10,0.021
2023-09-11T00:00:00+03:00,SO2,
2023-09-11T00:00:00+03:00,OZ,0.0086
2023-09-11T00:00:00+03:00,NO,0.025
2023-09-11T00:00:00+03:00,PM10,0.032
2023-09-11T00:00:00+03:00,NO2,0.053
2023-09-11T00:00:00+03:00,PM2.5,0.018
2023-09-11T00:00:00+03:00,CO,
2023-09-12T00:00:00+03:00,PM10,0.032
2023-09-12T00:00:00+03:00,CO,
2023-09-12T00:00:00+03:00,SO2,
2023-09-12T00:00:00+03:00,OZ,0.0195
2023-09-12T00:00:00+03:00,NO2,0.042
2023-09-12T00:00:00+03:00,PM2.5,0.018
2023-09-12T00:00:00+03:00,NO,0.021
2023-09-13T00:00:00+03:00,OZ,0.0223
2023-09-13T00:00:00+03:00,PM10,0.028
2023-09-13T00:00:00+03:00,NO,0.032
2023-09-13T00:00:00+03:00,PM2.5,0.013
2023-09-13T00:00:00+03:00,SO2,
2023-09-13T00:00:00+03:00,NO2,0.049
2023-09-13T00:00:00+03:00,CO,
2023-09-14T00:00:00+03:00,PM10,0.024
2023-09-14T00:00:00+03:00,NO,0.019
2023-09-14T00:00:00+03:00,NO2,0.048
2023-09-14T00:00:00+03:00,PM2.5,0.012
2023-09-14T00:00:00+03:00,CO,0.38
2023-09-14T00:00:00+03:00,OZ,0.029
2023-09-14T00:00:00+03:00,SO2,0.0035
2023-09-15T00:00:00+03:00,SO2,0.0025
2023-09-15T00:00:00+03:00,CO,0.24
2023-09-15T00:00:00+03:00,PM10,0.026
2023-09-15T00:00:00+03:00,OZ,0.0375
2023-09-15T00:00:00+03:00,NO2,0.043
2023-09-15T00:00:00+03:00,PM2.5,0.013
2023-09-15T00:00:00+03:00,NO,0.005
2023-09-16T00:00:00+03:00,PM10,0.015
2023-09-16T00:00:00+03:00,SO2,0.0022
2023-09-16T00:00:00+03:00,CO,0.12
2023-09-16T00:00:00+03:00,NO,0.004
2023-09-16T00:00:00+03:00,PM2.5,0.008
2023-09-16T00:00:00+03:00,NO2,0.032
2023-09-16T00:00:00+03:00,OZ,0.018
2023-09-17T00:00:00+03:00,SO2,0.0028
2023-09-17T00:00:00+03:00,OZ,0.0272
2023-09-17T00:00:00+03:00,PM10,0.02
2023-09-17T00:00:00+03:00,NO2,0.036
2023-09-17T00:00:00+03:00,NO,0.035
2023-09-17T00:00:00+03:00,PM2.5,0.01
2023-09-17T00:00:00+03:00,CO,0.31
2023-09-18T00:00:00+03:00,SO2,0.0023
2023-09-18T00:00:00+03:00,PM2.5,0.009
2023-09-18T00:00:00+03:00,OZ,0.0139
2023-09-18T00:00:00+03:00,NO2,0.039
2023-09-18T00:00:00+03:00,NO,0.017
2023-09-18T00:00:00+03:00,CO,0.27
2023-09-18T00:00:00+03:00,PM10,0.018
2023-09-19T00:00:00+03:00,NO2,0.05
2023-09-19T00:00:00+03:00,PM10,0.034
2023-09-19T00:00:00+03:00,NO,0.038
2023-09-19T00:00:00+03:00,OZ,0.0208
2023-09-19T00:00:00+03:00,PM2.5,0.017
2023-09-19T00:00:00+03:00,CO,0.38
2023-09-19T00:00:00+03:00,SO2,0.0035
2023-09-20T00:00:00+03:00,NO2,0.026
2023-09-20T00:00:00+03:00,CO,0.14
2023-09-20T00:00:00+03:00,PM2.5,0.015
2023-09-20T00:00:00+03:00,OZ,0.0769
2023-09-20T00:00:00+03:00,NO,0.001
2023-09-20T00:00:00+03:00,PM10,0.038
2023-09-20T00:00:00+03:00,SO2,0.0023
2023-09-21T00:00:00+03:00,PM10,0.03
2023-09-21T00:00:00+03:00,PM2.5,0.015
2023-09-21T00:00:00+03:00,SO2,0.0021
2023-09-21T00:00:00+03:00,CO,0.29
2023-09-21T00:00:00+03:00,OZ,0.0484
2023-09-21T00:00:00+03:00,NO,0.005
2023-09-21T00:00:00+03:00,NO2,0.036
2023-09-22T00:00:00+03:00,NO,0.014
2023-09-22T00:00:00+03:00,OZ,0.0402
2023-09-22T00:00:00+03:00,CO,0.36
2023-09-22T00:00:00+03:00,PM10,0.031
2023-09-22T00:00:00+03:00,SO2,0.0028
2023-09-22T00:00:00+03:00,NO2,0.046
2023-09-22T00:00:00+03:00,PM2.5,0.015
2023-09-23T00:00:00+03:00,CO,0.23
2023-09-23T00:00:00+03:00,PM2.5,0.012
2023-09-23T00:00:00+03:00,NO2,0.034
2023-09-23T00:00:00+03:00,OZ,0.0613
2023-09-23T00:00:00+03:00,SO2,0.0029
2023-09-23T00:00:00+03:00,PM10,0.031
2023-09-23T00:00:00+03:00,NO,0.001
2023-09-24T00:00:00+03:00,NO,0.001
2023-09-24T00:00:00+03:00,SO2,0.0033
2023-09-24T00:00:00+03:00,PM2.5,0.014
2023-09-24T00:00:00+03:00,PM10,0.036
2023-09-24T00:00:00+03:00,CO,0.11
2023-09-24T00:00:00+03:00,NO2,0.022
2023-09-24T00:00:00+03:00,OZ,0.0744
2023-09-25T00:00:00+03:00,CO,0.16
2023-09-25T00:00:00+03:00,OZ,0.0364
2023-09-25T00:00:00+03:00,NO,0.003
2023-09-25T00:00:00+03:00,PM2.5,0.009
2023-09-25T00:00:00+03:00,PM10,0.018
2023-09-25T00:00:00+03:00,SO2,0.0019
2023-09-25T00:00:00+03:00,NO2,0.03
2023-09-26T00:00:00+03:00,PM2.5,0.01
2023-09-26T00:00:00+03:00,NO2,0.053
2023-09-26T00:00:00+03:00,CO,0.33
2023-09-26T00:00:00+03:00,SO2,0.0028
2023-09-26T00:00:00+03:00,OZ,0.0128
2023-09-26T00:00:00+03:00,NO,0.027
2023-09-26T00:00:00+03:00,PM10,0.021
2023-09-27T00:00:00+03:00,NO2,0.061
2023-09-27T00:00:00+03:00,PM2.5,0.013
2023-09-27T00:00:00+03:00,NO,0.047
2023-09-27T00:00:00+03:00,SO2,0.0027
2023-09-27T00:00:00+03:00,PM10,0.026
2023-09-27T00:00:00+03:00,OZ,0.0206
2023-09-27T00:00:00+03:00,CO,0.4
2023-09-28T00:00:00+03:00,CO,0.39
2023-09-28T00:00:00+03:00,NO,0.03
2023-09-28T00:00:00+03:00,PM10,0.028
2023-09-28T00:00:00+03:00,PM2.5,0.013
2023-09-28T00:00:00+03:00,NO2,0.058
2023-09-28T00:00:00+03:00,SO2,0.002
2023-09-28T00:00:00+03:00,OZ,0.0306
2023-09-29T00:00:00+03:00,PM10,0.033
2023-09-29T00:00:00+03:00,OZ,0.0356
2023-09-29T00:00:00+03:00,CO,0.33
2023-09-29T00:00:00+03:00,PM2.5,0.014
2023-09-29T00:00:00+03:00,SO2,0.0015
2023-09-29T00:00:00+03:00,NO2,0.052
2023-09-29T00:00:00+03:00,NO,0.01
2023-09-30T00:00:00+03:00,CO,0.26
2023-09-30T00:00:00+03:00,SO2,0.0017
2023-09-30T00:00:00+03:00,NO2,0.048
2023-09-30T00:00:00+03:00,OZ,0.0489
2023-09-30T00:00:00+03:00,PM10,0.036
2023-09-30T00:00:00+03:00,PM2.5,0.017
2023-09-30T00:00:00+03:00,NO,0.004
2023-10-01T00:00:00+03:00,SO2,0.0013
2023-10-01T00:00:00+03:00,NO2,0.02
2023-10-01T00:00:00+03:00,PM10,0.022
2023-10-01T00:00:00+03:00,PM2.5,0.011
2023-10-01T00:00:00+03:00,CO,0.14
2023-10-01T00:00:00+03:00,NO,0.001
2023-10-01T00:00:00+03:00,OZ,0.0557
2023-10-02T00:00:00+03:00,CO,0.28
2023-10-02T00:00:00+03:00,SO2,0.0014
2023-10-02T00:00:00+03:00,OZ,0.02
2023-10-02T00:00:00+03:00,PM10,0.014
2023-10-02T00:00:00+03:00,NO,0.004
2023-10-02T00:00:00+03:00,NO2,0.031
2023-10-02T00:00:00+03:00,PM2.5,0.006
2023-10-03T00:00:00+03:00,PM2.5,0.006
2023-10-03T00:00:00+03:00,NO2,0.024
2023-10-03T00:00:00+03:00,NO,0.005
2023-10-03T00:00:00+03:00,OZ,0.0353
2023-10-03T00:00:00+03:00,SO2,0.0013
2023-10-03T00:00:00+03:00,PM10,0.015
2023-10-03T00:00:00+03:00,CO,0.27
2023-10-04T00:00:00+03:00,OZ,0.0476
2023-10-04T00:00:00+03:00,SO2,0.0012
2023-10-04T00:00:00+03:00,NO2,0.021
2023-10-04T00:00:00+03:00,PM2.5,0.011
2023-10-04T00:00:00+03:00,NO,0.001
2023-10-04T00:00:00+03:00,PM10,0.027
2023-10-04T00:00:00+03:00,CO,0.12
2023-10-05T00:00:00+03:00,NO2,0.03
2023-10-05T00:00:00+03:00,PM2.5,0.006
2023-10-05T00:00:00+03:00,CO,0.21
2023-10-05T00:00:00+03:00,PM10,0.014
2023-10-05T00:00:00+03:00,NO,0.003
2023-10-05T00:00:00+03:00,OZ,0.0284
2023-10-05T00:00:00+03:00,SO2,0.0012
2023-10-06T00:00:00+03:00,PM2.5,0.005
2023-10-06T00:00:00+03:00,NO2,0.019
2023-10-06T00:00:00+03:00,PM10,0.01
2023-10-06T00:00:00+03:00,NO,0.002
2023-10-06T00:00:00+03:00,CO,0.16
2023-10-06T00:00:00+03:00,SO2,0.0012
2023-10-06T00:00:00+03:00,OZ,0.0345
2023-10-07T00:00:00+03:00,SO2,0.0012
2023-10-07T00:00:00+03:00,OZ,0.0273
2023-10-07T00:00:00+03:00,NO2,0.021
2023-10-07T00:00:00+03:00,PM10,0.006
2023-10-07T00:00:00+03:00,PM10,0.007
2023-10-07T00:00:00+03:00,NO,0.002
2023-10-07T00:00:00+03:00,CO,0.18
2023-10-07T00:00:00+03:00,PM2.5,0.003
2023-10-08T00:00:00+03:00,PM2.5,0.003
2023-10-08T00:00:00+03:00,PM10,0.006
2023-10-08T00:00:00+03:00,SO2,0.0013
2023-10-08T00:00:00+03:00,NO2,0.016
2023-10-08T00:00:00+03:00,CO,0.06
2023-10-08T00:00:00+03:00,NO,0.003
2023-10-08T00:00:00+03:00,OZ,0.0335
2023-10-09T00:00:00+03:00,PM10,0.006
2023-10-09T00:00:00+03:00,OZ,0.0272
2023-10-09T00:00:00+03:00,CO,0.13
2023-10-09T00:00:00+03:00,PM2.5,0.005
2023-10-09T00:00:00+03:00,NO2,0.014
2023-10-09T00:00:00+03:00,NO,0.002
2023-10-09T00:00:00+03:00,SO2,0.0014
2023-10-10T00:00:00+03:00,OZ,0.0214
2023-10-10T00:00:00+03:00,PM10,0.009
2023-10-10T00:00:00+03:00,NO,0.003
2023-10-10T00:00:00+03:00,NO2,0.02
2023-10-10T00:00:00+03:00,SO2,0.0016
2023-10-10T00:00:00+03:00,CO,0.1
2023-10-10T00:00:00+03:00,PM2.5,0.005
2023-10-11T00:00:00+03:00,PM10,0.014
2023-10-11T00:00:00+03:00,NO,0.007
2023-10-11T00:00:00+03:00,PM2.5,0.007
2023-10-11T00:00:00+03:00,SO2,0.0017
2023-10-11T00:00:00+03:00,NO2,0.026
2023-10-11T00:00:00+03:00,OZ,0.0256
2023-10-11T00:00:00+03:00,CO,0.26
2023-10-12T00:00:00+03:00,NO2,0.02
2023-10-12T00:00:00+03:00,OZ,0.0435
2023-10-12T00:00:00+03:00,SO2,0.0012
2023-10-12T00:00:00+03:00,CO,0.12
2023-10-12T00:00:00+03:00,NO,0.001
2023-10-12T00:00:00+03:00,PM2.5,0.01
2023-10-12T00:00:00+03:00,PM10,0.017
2023-10-13T00:00:00+03:00,PM10,0.014
2023-10-13T00:00:00+03:00,PM2.5,0.006
2023-10-13T00:00:00+03:00,SO2,0.0012
2023-10-13T00:00:00+03:00,NO2,0.026
2023-10-13T00:00:00+03:00,OZ,0.0391
2023-10-13T00:00:00+03:00,NO,0.002
2023-10-13T00:00:00+03:00,CO,0.08
2023-10-14T00:00:00+03:00,OZ,0.0372
2023-10-14T00:00:00+03:00,NO2,0.022
2023-10-14T00:00:00+03:00,PM2.5,0.009
2023-10-14T00:00:00+03:00,NO,0.001
2023-10-14T00:00:00+03:00,SO2,0.0013
2023-10-14T00:00:00+03:00,PM10,0.017
2023-10-14T00:00:00+03:00,CO,0.09
2023-10-15T00:00:00+03:00,OZ,0.0376
2023-10-15T00:00:00+03:00,SO2,0.0015
2023-10-15T00:00:00+03:00,NO2,0.022
2023-10-15T00:00:00+03:00,NO,0.001
2023-10-15T00:00:00+03:00,PM2.5,0.008
2023-10-15T00:00:00+03:00,PM10,0.015
2023-10-15T00:00:00+03:00,CO,0.09
2023-10-16T00:00:00+03:00,SO2,0.0015
2023-10-16T00:00:00+03:00,PM2.5,0.007
2023-10-16T00:00:00+03:00,NO2,0.035
2023-10-16T00:00:00+03:00,NO,0.008
2023-10-16T00:00:00+03:00,PM10,0.013
2023-10-16T00:00:00+03:00,CO,0.22
2023-10-16T00:00:00+03:00,OZ,0.0099
2023-10-17T00:00:00+03:00,OZ,0.0234
2023-10-17T00:00:00+03:00,NO,0.003
2023-10-17T00:00:00+03:00,CO,0.06
2023-10-17T00:00:00+03:00,SO2,0.0012
2023-10-17T00:00:00+03:00,PM2.5,0.004
2023-10-17T00:00:00+03:00,PM10,0.008
2023-10-17T00:00:00+03:00,NO2,0.022
2023-10-18T00:00:00+03:00,NO,0.005
2023-10-18T00:00:00+03:00,SO2,0.0014
2023-10-18T00:00:00+03:00,CO,0.18
2023-10-18T00:00:00+03:00,PM10,0.009
2023-10-18T00:00:00+03:00,NO2,0.024
2023-10-18T00:00:00+03:00,PM2.5,0.005
2023-10-18T00:00:00+03:00,OZ,0.0227
2023-10-19T00:00:00+03:00,SO2,0.0015
2023-10-19T00:00:00+03:00,NO2,0.028
2023-10-19T00:00:00+03:00,PM10,0.009
2023-10-19T00:00:00+03:00,OZ,0.0156
2023-10-19T00:00:00+03:00,PM2.5,0.007
2023-10-19T00:00:00+03:00,CO,0.17
2023-10-19T00:00:00+03:00,NO,0.011
2023-10-20T00:00:00+03:00,PM2.5,0.007
2023-10-20T00:00:00+03:00,OZ,0.0056
2023-10-20T00:00:00+03:00,PM10,0.01
2023-10-20T00:00:00+03:00,CO,0.27
2023-10-20T00:00:00+03:00,SO2,0.0017
2023-10-20T00:00:00+03:00,NO2,0.032
2023-10-20T00:00:00+03:00,NO,0.009
2023-10-21T00:00:00+03:00,NO,0.011
2023-10-21T00:00:00+03:00,CO,0.16
2023-10-21T00:00:00+03:00,PM10,0.013
2023-10-21T00:00:00+03:00,OZ,0.009
2023-10-21T00:00:00+03:00,SO2,0.0016
2023-10-21T00:00:00+03:00,PM2.5,0.008
2023-10-21T00:00:00+03:00,NO2,0.025
2023-10-22T00:00:00+03:00,OZ,0.0047
2023-10-22T00:00:00+03:00,SO2,0.0023
2023-10-22T00:00:00+03:00,PM10,0.02
2023-10-22T00:00:00+03:00,CO,0.35
2023-10-22T00:00:00+03:00,PM2.5,0.012
2023-10-22T00:00:00+03:00,NO,0.023
2023-10-22T00:00:00+03:00,NO2,0.032
2023-10-23T00:00:00+03:00,PM10,0.012
2023-10-23T00:00:00+03:00,PM2.5,0.009
2023-10-23T00:00:00+03:00,NO,0.047
2023-10-23T00:00:00+03:00,SO2,0.0026
2023-10-23T00:00:00+03:00,NO2,0.03
2023-10-23T00:00:00+03:00,OZ,0.0022
2023-10-23T00:00:00+03:00,CO,0.35
2023-10-24T00:00:00+03:00,NO2,0.023
2023-10-24T00:00:00+03:00,OZ,0.0146
2023-10-24T00:00:00+03:00,PM2.5,0.007
2023-10-24T00:00:00+03:00,NO,0.005
2023-10-24T00:00:00+03:00,SO2,0.0013
2023-10-24T00:00:00+03:00,PM10,0.011
2023-10-24T00:00:00+03:00,CO,0.1
2023-10-25T00:00:00+03:00,CO,0.05
2023-10-25T00:00:00+03:00,NO2,0.028
2023-10-25T00:00:00+03:00,SO2,0.0018
2023-10-25T00:00:00+03:00,PM10,0.01
2023-10-25T00:00:00+03:00,PM2.5,0.006
2023-10-25T00:00:00+03:00,OZ,0.0255
2023-10-25T00:00:00+03:00,NO,0.003
2023-10-26T00:00:00+03:00,NO,0.001
2023-10-26T00:00:00+03:00,OZ,0.0376
2023-10-26T00:00:00+03:00,PM10,
2023-10-26T00:00:00+03:00,CO,0.02
2023-10-26T00:00:00+03:00,PM2.5,
2023-10-26T00:00:00+03:00,NO2,0.019
2023-10-26T00:00:00+03:00,SO2,0.0024
2023-10-27T00:00:00+03:00,SO2,0.0022
2023-10-27T00:00:00+03:00,NO,0.005
2023-10-27T00:00:00+03:00,OZ,0.0129
2023-10-27T00:00:00+03:00,PM2.5,
2023-10-27T00:00:00+03:00,NO2,0.029
2023-10-27T00:00:00+03:00,PM10,
2023-10-27T00:00:00+03:00,CO,0.17
2023-10-28T00:00:00+03:00,SO2,0.0022
2023-10-28T00:00:00+03:00,OZ,0.0034
2023-10-28T00:00:00+03:00,NO,0.011
2023-10-28T00:00:00+03:00,CO,0.21
2023-10-28T00:00:00+03:00,NO2,0.026
2023-10-28T00:00:00+03:00,PM10,
2023-10-28T00:00:00+03:00,PM2.5,
2023-10-29T00:00:00+03:00,NO2,0.018
2023-10-29T00:00:00+03:00,CO,0.1
2023-10-29T00:00:00+03:00,PM10,
2023-10-29T00:00:00+03:00,SO2,0.0016
2023-10-29T00:00:00+03:00,OZ,0.0058
2023-10-29T00:00:00+03:00,PM2.5,
2023-10-29T00:00:00+03:00,NO,0.006
2023-10-30T00:00:00+03:00,NO2,0.027
2023-10-30T00:00:00+03:00,PM10,
2023-10-30T00:00:00+03:00,OZ,0.0079
2023-10-30T00:00:00+03:00,SO2,0.0015
2023-10-30T00:00:00+03:00,CO,0.26
2023-10-30T00:00:00+03:00,PM2.5,
2023-10-30T00:00:00+03:00,NO,0.007
2023-10-31T00:00:00+03:00,PM2.5,
2023-10-31T00:00:00+03:00,SO2,0.0015
2023-10-31T00:00:00+03:00,OZ,0.0133
2023-10-31T00:00:00+03:00,NO,0.015
2023-10-31T00:00:00+03:00,PM10,
2023-10-31T00:00:00+03:00,NO2,0.037
2023-10-31T00:00:00+03:00,CO,0.32
2023-11-01T00:00:00+03:00,NO2,0.03
2023-11-01T00:00:00+03:00,PM2.5,
2023-11-01T00:00:00+03:00,NO,0.002
2023-11-01T00:00:00+03:00,OZ,0.0279
2023-11-01T00:00:00+03:00,PM10,
2023-11-01T00:00:00+03:00,CO,0.24
2023-11-01T00:00:00+03:00,SO2,0.0016
2023-11-02T00:00:00+03:00,PM2.5,
2023-11-02T00:00:00+03:00,NO,0.003
2023-11-02T00:00:00+03:00,OZ,0.021
2023-11-02T00:00:00+03:00,PM10,
2023-11-02T00:00:00+03:00,CO,0.22
2023-11-02T00:00:00+03:00,SO2,0.0012
2023-11-02T00:00:00+03:00,NO2,0.026
2023-11-03T00:00:00+03:00,CO,0.16
2023-11-03T00:00:00+03:00,NO,0.006
2023-11-03T00:00:00+03:00,PM10,0.016
2023-11-03T00:00:00+03:00,OZ,0.0203
2023-11-03T00:00:00+03:00,PM2.5,0.007
2023-11-03T00:00:00+03:00,SO2,0.0007
2023-11-03T00:00:00+03:00,NO2,0.026
2023-11-04T00:00:00+03:00,NO2,0.026
2023-11-04T00:00:00+03:00,PM2.5,0.008
2023-11-04T00:00:00+03:00,OZ,0.0152
2023-11-04T00:00:00+03:00,NO,0.002
2023-11-04T00:00:00+03:00,PM10,0.017
2023-11-04T00:00:00+03:00,SO2,0.0011
2023-11-04T00:00:00+03:00,CO,0.11
2023-11-05T00:00:00+03:00,PM10,0.021
2023-11-05T00:00:00+03:00,OZ,0.022
2023-11-05T00:00:00+03:00,NO,0.001
2023-11-05T00:00:00+03:00,SO2,0.001
2023-11-05T00:00:00+03:00,PM2.5,0.012
2023-11-05T00:00:00+03:00,CO,0.09
2023-11-05T00:00:00+03:00,NO2,0.02
2023-11-06T00:00:00+03:00,PM10,0.009
2023-11-06T00:00:00+03:00,PM2.5,0.006
2023-11-06T00:00:00+03:00,SO2,0.0008
2023-11-06T00:00:00+03:00,NO2,0.021
2023-11-06T00:00:00+03:00,CO,0.25
2023-11-06T00:00:00+03:00,OZ,0.026
2023-11-06T00:00:00+03:00,NO,0.001
2023-11-07T00:00:00+03:00,SO2,0.0008
2023-11-07T00:00:00+03:00,CO,0.25
2023-11-07T00:00:00+03:00,PM2.5,0.006
2023-11-07T00:00:00+03:00,NO,0.003
2023-11-07T00:00:00+03:00,PM10,0.01
2023-11-07T00:00:00+03:00,OZ,0.0262
2023-11-07T00:00:00+03:00,NO2,0.022
2023-11-08T00:00:00+03:00,PM2.5,0.008
2023-11-08T00:00:00+03:00,CO,0.07
2023-11-08T00:00:00+03:00,OZ,0.0167
2023-11-08T00:00:00+03:00,NO,0.005
2023-11-08T00:00:00+03:00,PM10,0.018
2023-11-08T00:00:00+03:00,SO2,0.001
2023-11-08T00:00:00+03:00,NO2,0.03
2023-11-09T00:00:00+03:00,CO,
2023-11-09T00:00:00+03:00,NO2,0.04
2023-11-09T00:00:00+03:00,PM2.5,0.01
2023-11-09T00:00:00+03:00,PM10,0.031
2023-11-09T00:00:00+03:00,OZ,0.0052
2023-11-09T00:00:00+03:00,SO2,0.0016
2023-11-09T00:00:00+03:00,NO,0.029
2023-11-10T00:00:00+03:00,CO,
2023-11-10T00:00:00+03:00,PM10,0.021
2023-11-10T00:00:00+03:00,SO2,0.0006
2023-11-10T00:00:00+03:00,NO2,0.03
2023-11-10T00:00:00+03:00,OZ,0.0115
2023-11-10T00:00:00+03:00,NO,0.005
2023-11-10T00:00:00+03:00,PM2.5,0.008
2023-11-11T00:00:00+03:00,NO2,0.024
2023-11-11T00:00:00+03:00,SO2,0.0009
2023-11-11T00:00:00+03:00,CO,
2023-11-11T00:00:00+03:00,PM2.5,0.01
2023-11-11T00:00:00+03:00,PM10,0.02
2023-11-11T00:00:00+03:00,NO,0.001
2023-11-11T00:00:00+03:00,OZ,0.0264
2023-11-12T00:00:00+03:00,CO,
2023-11-12T00:00:00+03:00,OZ,0.0244
2023-11-12T00:00:00+03:00,SO2,0.0013
2023-11-12T00:00:00+03:00,NO,0.001
2023-11-12T00:00:00+03:00,NO2,0.025
2023-11-12T00:00:00+03:00,PM10,0.011
2023-11-12T00:00:00+03:00,PM2.5,0.007
2023-11-13T00:00:00+03:00,PM10,0.005
2023-11-13T00:00:00+03:00,NO,0.002
2023-11-13T00:00:00+03:00,SO2,0.0005
2023-11-13T00:00:00+03:00,OZ,0.022
2023-11-13T00:00:00+03:00,NO2,0.017
2023-11-13T00:00:00+03:00,CO,
2023-11-13T00:00:00+03:00,PM2.5,0.004
2023-11-14T00:00:00+03:00,OZ,0.0234
2023-11-14T00:00:00+03:00,NO,0.003
2023-11-14T00:00:00+03:00,PM2.5,0.003
2023-11-14T00:00:00+03:00,PM10,0.022
2023-11-14T00:00:00+03:00,CO,
2023-11-14T00:00:00+03:00,SO2,0.0005
2023-11-14T00:00:00+03:00,NO2,0.023
2023-11-15T00:00:00+03:00,PM10,0.027
2023-11-15T00:00:00+03:00,PM2.5,0.007
2023-11-15T00:00:00+03:00,SO2,0.0008
2023-11-15T00:00:00+03:00,NO,0.01
2023-11-15T00:00:00+03:00,OZ,0.0142
2023-11-15T00:00:00+03:00,NO2,0.037
2023-11-15T00:00:00+03:00,CO,
2023-11-16T00:00:00+03:00,NO2,0.03
2023-11-16T00:00:00+03:00,CO,
2023-11-16T00:00:00+03:00,PM10,0.017
2023-11-16T00:00:00+03:00,PM2.5,0.008
2023-11-16T00:00:00+03:00,SO2,0.0013
2023-11-16T00:00:00+03:00,NO,0.024
2023-11-16T00:00:00+03:00,OZ,0.0028
2023-11-17T00:00:00+03:00,NO2,0.027
2023-11-17T00:00:00+03:00,NO,0.002
2023-11-17T00:00:00+03:00,CO,
2023-11-17T00:00:00+03:00,SO2,0.0011
2023-11-17T00:00:00+03:00,PM2.5,0.005
2023-11-17T00:00:00+03:00,OZ,0.0338
2023-11-17T00:00:00+03:00,PM10,0.011
2023-11-18T00:00:00+03:00,PM10,0.028
2023-11-18T00:00:00+03:00,NO2,0.055
2023-11-18T00:00:00+03:00,PM2.5,0.01
2023-11-18T00:00:00+03:00,OZ,0.0127
2023-11-18T00:00:00+03:00,NO,0.032
2023-11-18T00:00:00+03:00,SO2,0.0023
2023-11-18T00:00:00+03:00,CO,
2023-11-19T00:00:00+03:00,PM2.5,0.014
2023-11-19T00:00:00+03:00,NO2,0.06
2023-11-19T00:00:00+03:00,NO,0.028
2023-11-19T00:00:00+03:00,OZ,0.0031
2023-11-19T00:00:00+03:00,CO,
2023-11-19T00:00:00+03:00,SO2,0.0025
2023-11-19T00:00:00+03:00,PM10,0.026
2023-11-20T00:00:00+03:00,OZ,0.0079
2023-11-20T00:00:00+03:00,NO,0.009
2023-11-20T00:00:00+03:00,PM2.5,0.012
2023-11-20T00:00:00+03:00,CO,
2023-11-20T00:00:00+03:00,NO2,0.044
2023-11-20T00:00:00+03:00,SO2,0.0022
2023-11-20T00:00:00+03:00,PM10,0.021
2023-11-21T00:00:00+03:00,SO2,0.0016
2023-11-21T00:00:00+03:00,PM10,0.017
2023-11-21T00:00:00+03:00,NO2,0.03
2023-11-21T00:00:00+03:00,CO,
2023-11-21T00:00:00+03:00,PM2.5,0.007
2023-11-21T00:00:00+03:00,OZ,0.0186
2023-11-21T00:00:00+03:00,NO,0.003
2023-11-22T00:00:00+03:00,NO,0.003
2023-11-22T00:00:00+03:00,SO2,0.0019
2023-11-22T00:00:00+03:00,PM2.5,0.007
2023-11-22T00:00:00+03:00,OZ,0.0242
2023-11-22T00:00:00+03:00,NO2,0.032
2023-11-22T00:00:00+03:00,PM10,0.012
2023-11-22T00:00:00+03:00,CO,
2023-11-23T00:00:00+03:00,NO2,0.021
2023-11-23T00:00:00+03:00,CO,
2023-11-23T00:00:00+03:00,NO,0.001
2023-11-23T00:00:00+03:00,OZ,0.0423
2023-11-23T00:00:00+03:00,PM2.5,0.002
2023-11-23T00:00:00+03:00,PM10,0.009
2023-11-23T00:00:00+03:00,SO2,0.0015
2023-11-24T00:00:00+03:00,NO2,0.042
2023-11-24T00:00:00+03:00,OZ,0.0091
2023-11-24T00:00:00+03:00,PM10,0.019
2023-11-24T00:00:00+03:00,NO,0.019
2023-11-24T00:00:00+03:00,PM2.5,0.013
2023-11-24T00:00:00+03:00,SO2,0.002
2023-11-24T00:00:00+03:00,CO,
2023-11-25T00:00:00+03:00,CO,
2023-11-25T00:00:00+03:00,PM10,0.02
2023-11-25T00:00:00+03:00,NO,0.026
2023-11-25T00:00:00+03:00,PM2.5,0.016
2023-11-25T00:00:00+03:00,OZ,0.0029
2023-11-25T00:00:00+03:00,SO2,0.0025
2023-11-25T00:00:00+03:00,NO2,0.043
2023-11-26T00:00:00+03:00,CO,
2023-11-26T00:00:00+03:00,OZ,0.0027
2023-11-26T00:00:00+03:00,PM10,0.017
2023-11-26T00:00:00+03:00,NO,0.035
2023-11-26T00:00:00+03:00,PM2.5,0.013
2023-11-26T00:00:00+03:00,SO2,0.0031
2023-11-26T00:00:00+03:00,NO2,0.049
2023-11-27T00:00:00+03:00,NO2,0.036
2023-11-27T00:00:00+03:00,PM10,0.01
2023-11-27T00:00:00+03:00,SO2,0.002
2023-11-27T00:00:00+03:00,CO,
2023-11-27T00:00:00+03:00,PM2.5,0.006
2023-11-27T00:00:00+03:00,NO,0.008
2023-11-27T00:00:00+03:00,OZ,0.0094
2023-11-28T00:00:00+03:00,NO,0.002
2023-11-28T00:00:00+03:00,PM10,0.012
2023-11-28T00:00:00+03:00,PM2.5,0.008
2023-11-28T00:00:00+03:00,OZ,0.0214
2023-11-28T00:00:00+03:00,NO2,0.024
2023-11-28T00:00:00+03:00,SO2,0.0015
2023-11-28T00:00:00+03:00,CO,
2023-11-29T00:00:00+03:00,CO,
2023-11-29T00:00:00+03:00,NO2,0.038
2023-11-29T00:00:00+03:00,OZ,0.0179
2023-11-29T00:00:00+03:00,NO,0.007
2023-11-29T00:00:00+03:00,PM10,0.014
2023-11-29T00:00:00+03:00,PM2.5,0.01
2023-11-29T00:00:00+03:00,SO2,0.0031
2023-11-30T00:00:00+03:00,NO2,0.028
2023-11-30T00:00:00+03:00,PM10,0.009
2023-11-30T00:00:00+03:00,OZ,0.0228
2023-11-30T00:00:00+03:00,CO,
2023-11-30T00:00:00+03:00,NO,0.002
2023-11-30T00:00:00+03:00,SO2,0.002
2023-11-30T00:00:00+03:00,PM2.5,0.007
2023-12-01T00:00:00+03:00,NO2,0.033
2023-12-01T00:00:00+03:00,OZ,0.0237
2023-12-01T00:00:00+03:00,PM2.5,0.011
2023-12-01T00:00:00+03:00,CO,0.19
2023-12-01T00:00:00+03:00,PM10,0.014
2023-12-01T00:00:00+03:00,SO2,0.002
2023-12-01T00:00:00+03:00,NO,0.005
2023-12-02T00:00:00+03:00,SO2,0.0027
2023-12-02T00:00:00+03:00,NO,0.025
2023-12-02T00:00:00+03:00,CO,0.34
2023-12-02T00:00:00+03:00,PM2.5,0.016
2023-12-02T00:00:00+03:00,PM10,0.021
2023-12-02T00:00:00+03:00,OZ,0.0055
2023-12-02T00:00:00+03:00,NO2,0.052
2023-12-03T00:00:00+03:00,NO,0.006
2023-12-03T00:00:00+03:00,PM10,0.013
2023-12-03T00:00:00+03:00,NO2,0.042
2023-12-03T00:00:00+03:00,CO,0.25
2023-12-03T00:00:00+03:00,PM2.5,0.011
2023-12-03T00:00:00+03:00,SO2,0.0022
2023-12-03T00:00:00+03:00,OZ,0.0123
2023-12-04T00:00:00+03:00,PM2.5,0.012
2023-12-04T00:00:00+03:00,PM10,0.013
2023-12-04T00:00:00+03:00,NO,0.01
2023-12-04T00:00:00+03:00,OZ,0.0098
2023-12-04T00:00:00+03:00,SO2,0.0022
2023-12-04T00:00:00+03:00,NO2,0.033
2023-12-04T00:00:00+03:00,CO,0.21
2023-12-05T00:00:00+03:00,CO,0.25
2023-12-05T00:00:00+03:00,PM2.5,0.011
2023-12-05T00:00:00+03:00,SO2,0.0018
2023-12-05T00:00:00+03:00,NO,0.025
2023-12-05T00:00:00+03:00,PM10,0.013
2023-12-05T00:00:00+03:00,NO2,0.037
2023-12-05T00:00:00+03:00,OZ,0.0042
2023-12-06T00:00:00+03:00,PM10,0.025
2023-12-06T00:00:00+03:00,PM2.5,0.018
2023-12-06T00:00:00+03:00,OZ,0.0025
2023-12-06T00:00:00+03:00,SO2,0.0027
2023-12-06T00:00:00+03:00,NO2,0.046
2023-12-06T00:00:00+03:00,CO,0.52
2023-12-06T00:00:00+03:00,NO,0.11
2023-12-07T00:00:00+03:00,CO,0.3
2023-12-07T00:00:00+03:00,PM2.5,0.015
2023-12-07T00:00:00+03:00,NO,0.048
2023-12-07T00:00:00+03:00,OZ,0.0028
2023-12-07T00:00:00+03:00,NO2,0.037
2023-12-07T00:00:00+03:00,SO2,0.0019
2023-12-07T00:00:00+03:00,PM10,0.019
2023-12-08T00:00:00+03:00,CO,
2023-12-08T00:00:00+03:00,OZ,0.0044
2023-12-08T00:00:00+03:00,NO2,0.028
2023-12-08T00:00:00+03:00,NO,0.024
2023-12-08T00:00:00+03:00,PM10,0.018
2023-12-08T00:00:00+03:00,SO2,0.0027
2023-12-08T00:00:00+03:00,PM2.5,0.014
2023-12-09T00:00:00+03:00,OZ,0.0032
2023-12-09T00:00:00+03:00,NO,0.026
2023-12-09T00:00:00+03:00,PM2.5,0.015
2023-12-09T00:00:00+03:00,SO2,0.0124
2023-12-09T00:00:00+03:00,PM10,0.021
2023-12-09T00:00:00+03:00,CO,
2023-12-09T00:00:00+03:00,NO2,0.032
2023-12-10T00:00:00+03:00,PM10,0.017
2023-12-10T00:00:00+03:00,NO,0.01
2023-12-10T00:00:00+03:00,SO2,0.0066
2023-12-10T00:00:00+03:00,NO2,0.029
2023-12-10T00:00:00+03:00,PM2.5,0.013
2023-12-10T00:00:00+03:00,CO,
2023-12-10T00:00:00+03:00,OZ,0.0091
2023-12-11T00:00:00+03:00,PM2.5,0.008
2023-12-11T00:00:00+03:00,PM10,0.012
2023-12-11T00:00:00+03:00,NO,0.003
2023-12-11T00:00:00+03:00,OZ,0.0218
2023-12-11T00:00:00+03:00,CO,
2023-12-11T00:00:00+03:00,NO2,0.016
2023-12-11T00:00:00+03:00,SO2,0.0027
2023-12-12T00:00:00+03:00,NO,0.003
2023-12-12T00:00:00+03:00,PM10,0.013
2023-12-12T00:00:00+03:00,NO2,0.016
2023-12-12T00:00:00+03:00,CO,
2023-12-12T00:00:00+03:00,SO2,0.001
2023-12-12T00:00:00+03:00,PM2.5,0.007
2023-12-12T00:00:00+03:00,OZ,0.023
2023-12-13T00:00:00+03:00,NO2,0.016
2023-12-13T00:00:00+03:00,CO,
2023-12-13T00:00:00+03:00,PM10,0.043
2023-12-13T00:00:00+03:00,NO,0.003
2023-12-13T00:00:00+03:00,SO2,0.0008
2023-12-13T00:00:00+03:00,OZ,0.0241
2023-12-13T00:00:00+03:00,PM2.5,0.015
2023-12-14T00:00:00+03:00,NO,0.006
2023-12-14T00:00:00+03:00,SO2,0.0011
2023-12-14T00:00:00+03:00,CO,
2023-12-14T00:00:00+03:00,PM10,0.071
2023-12-14T00:00:00+03:00,OZ,0.0143
2023-12-14T00:00:00+03:00,PM2.5,0.021
2023-12-14T00:00:00+03:00,NO2,0.02
2023-12-15T00:00:00+03:00,NO,0.011
2023-12-15T00:00:00+03:00,PM2.5,0.02
2023-12-15T00:00:00+03:00,PM10,0.051
2023-12-15T00:00:00+03:00,NO2,0.025
2023-12-15T00:00:00+03:00,OZ,0.0105
2023-12-15T00:00:00+03:00,CO,
2023-12-15T00:00:00+03:00,SO2,0.0016
2023-12-16T00:00:00+03:00,OZ,0.0049
2023-12-16T00:00:00+03:00,CO,
2023-12-16T00:00:00+03:00,NO2,0.015
2023-12-16T00:00:00+03:00,NO,0.012
2023-12-16T00:00:00+03:00,PM2.5,0.011
2023-12-16T00:00:00+03:00,SO2,0.0008
2023-12-16T00:00:00+03:00,PM10,0.02
2023-12-17T00:00:00+03:00,CO,
2023-12-17T00:00:00+03:00,PM10,0.007
2023-12-17T00:00:00+03:00,OZ,0.0287
2023-12-17T00:00:00+03:00,PM2.5,0.004
2023-12-17T00:00:00+03:00,NO2,0.009
2023-12-17T00:00:00+03:00,NO,0.003
2023-12-17T00:00:00+03:00,SO2,0.0003
2023-12-18T00:00:00+03:00,PM10,0.009
2023-12-18T00:00:00+03:00,CO,
2023-12-18T00:00:00+03:00,SO2,0
2023-12-18T00:00:00+03:00,NO,0.004
2023-12-18T00:00:00+03:00,PM2.5,0.005
2023-12-18T00:00:00+03:00,OZ,0.0348
2023-12-18T00:00:00+03:00,NO2,0.016
2023-12-19T00:00:00+03:00,PM10,0.004
2023-12-19T00:00:00+03:00,PM2.5,0.002
2023-12-19T00:00:00+03:00,NO,0.003
2023-12-19T00:00:00+03:00,SO2,0.0005
2023-12-19T00:00:00+03:00,OZ,0.0239
2023-12-19T00:00:00+03:00,NO2,0.009
2023-12-19T00:00:00+03:00,CO,
2023-12-20T00:00:00+03:00,SO2,0.001
2023-12-20T00:00:00+03:00,NO,0.006
2023-12-20T00:00:00+03:00,PM10,0.006
2023-12-20T00:00:00+03:00,PM2.5,0.004
2023-12-20T00:00:00+03:00,NO2,0.017
2023-12-20T00:00:00+03:00,CO,
2023-12-20T00:00:00+03:00,OZ,0.0186
2023-12-21T00:00:00+03:00,SO2,0.001
2023-12-21T00:00:00+03:00,PM10,0.006
2023-12-21T00:00:00+03:00,PM2.5,0.004
2023-12-21T00:00:00+03:00,NO2,0.019
2023-12-21T00:00:00+03:00,OZ,0.0118
2023-12-21T00:00:00+03:00,CO,0.25
2023-12-21T00:00:00+03:00,NO,0.008
2023-12-22T00:00:00+03:00,NO,0.003
2023-12-22T00:00:00+03:00,PM10,0.011
2023-12-22T00:00:00+03:00,NO2,0.015
2023-12-22T00:00:00+03:00,SO2,0.0008
2023-12-22T00:00:00+03:00,CO,0.15
2023-12-22T00:00:00+03:00,OZ,0.0277
2023-12-22T00:00:00+03:00,PM2.5,0.008
2023-12-23T00:00:00+03:00,PM2.5,0.009
2023-12-23T00:00:00+03:00,PM10,0.011
2023-12-23T00:00:00+03:00,NO,0.003
2023-12-23T00:00:00+03:00,SO2,0.0008
2023-12-23T00:00:00+03:00,OZ,0.0201
2023-12-23T00:00:00+03:00,CO,0.22
2023-12-23T00:00:00+03:00,NO2,0.017
2023-12-24T00:00:00+03:00,OZ,0.0193
2023-12-24T00:00:00+03:00,NO2,0.017
2023-12-24T00:00:00+03:00,SO2,0.001
2023-12-24T00:00:00+03:00,PM10,0.011
2023-12-24T00:00:00+03:00,PM2.5,0.008
2023-12-24T00:00:00+03:00,CO,0.18
2023-12-24T00:00:00+03:00,NO,0.003
2023-12-25T00:00:00+03:00,NO2,0.011
2023-12-25T00:00:00+03:00,OZ,0.0248
2023-12-25T00:00:00+03:00,SO2,0.0007
2023-12-25T00:00:00+03:00,PM10,0.006
2023-12-25T00:00:00+03:00,NO,0.003
2023-12-25T00:00:00+03:00,PM2.5,0.004
2023-12-25T00:00:00+03:00,CO,0.18
2023-12-26T00:00:00+03:00,NO2,0.019
2023-12-26T00:00:00+03:00,OZ,0.0188
2023-12-26T00:00:00+03:00,PM10,0.009
2023-12-26T00:00:00+03:00,NO,0.007
2023-12-26T00:00:00+03:00,CO,0.13
2023-12-26T00:00:00+03:00,SO2,0.0011
2023-12-26T00:00:00+03:00,PM2.5,0.007
2023-12-27T00:00:00+03:00,OZ,0.0136
2023-12-27T00:00:00+03:00,SO2,0.0013
2023-12-27T00:00:00+03:00,PM2.5,0.008
2023-12-27T00:00:00+03:00,NO,0.011
2023-12-27T00:00:00+03:00,NO2,0.027
2023-12-27T00:00:00+03:00,CO,0.24
2023-12-27T00:00:00+03:00,PM10,0.01
2023-12-28T00:00:00+03:00,NO2,0.013
2023-12-28T00:00:00+03:00,NO,0.004
2023-12-28T00:00:00+03:00,OZ,0.0255
2023-12-28T00:00:00+03:00,SO2,0.0013
2023-12-28T00:00:00+03:00,CO,0.09
2023-12-28T00:00:00+03:00,PM2.5,0.005
2023-12-28T00:00:00+03:00,PM10,0.007
2023-12-29T00:00:00+03:00,CO,0.17
2023-12-29T00:00:00+03:00,PM10,0.009
2023-12-29T00:00:00+03:00,NO,0.007
2023-12-29T00:00:00+03:00,SO2,0.0017
2023-12-29T00:00:00+03:00,OZ,0.019
2023-12-29T00:00:00+03:00,PM2.5,0.007
2023-12-29T00:00:00+03:00,NO2,0.019
2023-12-30T00:00:00+03:00,SO2,0.0012
2023-12-30T00:00:00+03:00,PM10,0.007
2023-12-30T00:00:00+03:00,NO2,0.013
2023-12-30T00:00:00+03:00,OZ,0.0224
2023-12-30T00:00:00+03:00,CO,0.09
2023-12-30T00:00:00+03:00,PM2.5,0.005
2023-12-30T00:00:00+03:00,NO,0.002
2023-12-31T00:00:00+03:00,NO,0.002
2023-12-31T00:00:00+03:00,PM10,0.006
2023-12-31T00:00:00+03:00,PM2.5,0.005
2023-12-31T00:00:00+03:00,NO2,0.007
2023-12-31T00:00:00+03:00,CO,0.12
2023-12-31T00:00:00+03:00,OZ,0.0257
2023-12-31T00:00:00+03:00,SO2,0.0008
2024-01-01T00:00:00+03:00,SO2,0.0014
2024-01-01T00:00:00+03:00,OZ,0.0274
2024-01-01T00:00:00+03:00,NO2,0.006
2024-01-01T00:00:00+03:00,NO,0.003
2024-01-01T00:00:00+03:00,PM2.5,0.008
2024-01-01T00:00:00+03:00,PM10,0.009
2024-01-01T00:00:00+03:00,CO,0.1
2024-01-02T00:00:00+03:00,NO2,0.014
2024-01-02T00:00:00+03:00,PM2.5,0.007
2024-01-02T00:00:00+03:00,SO2,0.0021
2024-01-02T00:00:00+03:00,NO,0.002
2024-01-02T00:00:00+03:00,PM10,0.008
2024-01-02T00:00:00+03:00,CO,0.19
2024-01-02T00:00:00+03:00,OZ,0.0281
2024-01-03T00:00:00+03:00,SO2,0.0026
2024-01-03T00:00:00+03:00,OZ,0.0154
2024-01-03T00:00:00+03:00,PM10,0.012
2024-01-03T00:00:00+03:00,NO,0.012
2024-01-03T00:00:00+03:00,NO2,0.038
2024-01-03T00:00:00+03:00,PM2.5,0.009
2024-01-03T00:00:00+03:00,CO,0.13
2024-01-04T00:00:00+03:00,NO,0.034
2024-01-04T00:00:00+03:00,OZ,0.004
2024-01-04T00:00:00+03:00,PM2.5,0.013
2024-01-04T00:00:00+03:00,PM10,0.017
2024-01-04T00:00:00+03:00,CO,0.34
2024-01-04T00:00:00+03:00,NO2,0.045
2024-01-04T00:00:00+03:00,SO2,0.0036
2024-01-05T00:00:00+03:00,PM2.5,0.013
2024-01-05T00:00:00+03:00,NO,0.032
2024-01-05T00:00:00+03:00,NO2,0.049
2024-01-05T00:00:00+03:00,PM10,0.017
2024-01-05T00:00:00+03:00,OZ,0.0039
2024-01-05T00:00:00+03:00,CO,0.38
2024-01-05T00:00:00+03:00,SO2,0.0043
2024-01-06T00:00:00+03:00,OZ,0.0046
2024-01-06T00:00:00+03:00,NO,0.043
2024-01-06T00:00:00+03:00,PM10,0.023
2024-01-06T00:00:00+03:00,NO2,0.042
2024-01-06T00:00:00+03:00,CO,0.38
2024-01-06T00:00:00+03:00,SO2,0.0042
2024-01-06T00:00:00+03:00,PM2.5,0.019
2024-01-07T00:00:00+03:00,PM10,0.015
2024-01-07T00:00:00+03:00,NO,0.032
2024-01-07T00:00:00+03:00,OZ,0.0039
2024-01-07T00:00:00+03:00,NO2,0.042
2024-01-07T00:00:00+03:00,CO,0.36
2024-01-07T00:00:00+03:00,SO2,0.0033
2024-01-07T00:00:00+03:00,PM2.5,0.014
2024-01-08T00:00:00+03:00,PM10,0.016
2024-01-08T00:00:00+03:00,NO,0.026
2024-01-08T00:00:00+03:00,OZ,0.0116
2024-01-08T00:00:00+03:00,SO2,0.0034
2024-01-08T00:00:00+03:00,PM2.5,0.013
2024-01-08T00:00:00+03:00,CO,0.33
2024-01-08T00:00:00+03:00,NO2,0.049
2024-01-09T00:00:00+03:00,PM10,0.007
2024-01-09T00:00:00+03:00,SO2,0.0013
2024-01-09T00:00:00+03:00,OZ,0.0314
2024-01-09T00:00:00+03:00,NO2,0.021
2024-01-09T00:00:00+03:00,CO,0.12
2024-01-09T00:00:00+03:00,PM2.5,0.005
2024-01-09T00:00:00+03:00,NO,0.003
2024-01-10T00:00:00+03:00,NO,0.01
2024-01-10T00:00:00+03:00,PM2.5,0.007
2024-01-10T00:00:00+03:00,SO2,0.0001
2024-01-10T00:00:00+03:00,CO,0.25
2024-01-10T00:00:00+03:00,OZ,0.0212
2024-01-10T00:00:00+03:00,PM10,0.009
2024-01-10T00:00:00+03:00,NO2,0.023
2024-01-11T00:00:00+03:00,PM2.5,0.004
2024-01-11T00:00:00+03:00,NO2,0.011
2024-01-11T00:00:00+03:00,OZ,0.0379
2024-01-11T00:00:00+03:00,NO,0.002
2024-01-11T00:00:00+03:00,CO,0.17
2024-01-11T00:00:00+03:00,SO2,0.0004
2024-01-11T00:00:00+03:00,PM10,0.006
2024-01-12T00:00:00+03:00,SO2,0.0011
2024-01-12T00:00:00+03:00,CO,0.09
2024-01-12T00:00:00+03:00,PM2.5,0.006
2024-01-12T00:00:00+03:00,PM10,0.008
2024-01-12T00:00:00+03:00,NO,0.004
2024-01-12T00:00:00+03:00,OZ,0.0431
2024-01-12T00:00:00+03:00,NO2,0.015
2024-01-13T00:00:00+03:00,PM2.5,0.013
2024-01-13T00:00:00+03:00,SO2,0.0026
2024-01-13T00:00:00+03:00,NO2,0.061
2024-01-13T00:00:00+03:00,CO,0.32
2024-01-13T00:00:00+03:00,PM10,0.017
2024-01-13T00:00:00+03:00,OZ,0.0057
2024-01-13T00:00:00+03:00,NO,0.035
2024-01-14T00:00:00+03:00,OZ,0.0204
2024-01-14T00:00:00+03:00,CO,0.18
2024-01-14T00:00:00+03:00,NO,0.007
2024-01-14T00:00:00+03:00,SO2,0.0026
2024-01-14T00:00:00+03:00,PM2.5,0.012
2024-01-14T00:00:00+03:00,PM10,0.016
2024-01-14T00:00:00+03:00,NO2,0.033
2024-01-15T00:00:00+03:00,CO,0.19
2024-01-15T00:00:00+03:00,SO2,0.0021
2024-01-15T00:00:00+03:00,PM2.5,0.012
2024-01-15T00:00:00+03:00,NO,0.003
2024-01-15T00:00:00+03:00,OZ,0.0272
2024-01-15T00:00:00+03:00,NO2,0.02
2024-01-15T00:00:00+03:00,PM10,0.014
2024-01-16T00:00:00+03:00,OZ,0.036
2024-01-16T00:00:00+03:00,PM10,0.013
2024-01-16T00:00:00+03:00,NO,0.002
2024-01-16T00:00:00+03:00,NO2,0.016
2024-01-16T00:00:00+03:00,SO2,0.0015
2024-01-16T00:00:00+03:00,PM2.5,0.011
2024-01-16T00:00:00+03:00,CO,0.18
2024-01-17T00:00:00+03:00,NO,0.004
2024-01-17T00:00:00+03:00,CO,0.17
2024-01-17T00:00:00+03:00,PM2.5,0.009
2024-01-17T00:00:00+03:00,SO2,0.001
2024-01-17T00:00:00+03:00,PM10,0.011
2024-01-17T00:00:00+03:00,NO2,0.011
2024-01-17T00:00:00+03:00,OZ,0.0308
2024-01-18T00:00:00+03:00,NO,0.004
2024-01-18T00:00:00+03:00,SO2,0.0013
2024-01-18T00:00:00+03:00,CO,0.08
2024-01-18T00:00:00+03:00,OZ,0.0336
2024-01-18T00:00:00+03:00,NO2,0.027
2024-01-18T00:00:00+03:00,PM10,0.009
2024-01-18T00:00:00+03:00,PM2.5,0.005
2024-01-19T00:00:00+03:00,SO2,0.0018
2024-01-19T00:00:00+03:00,CO,0.26
2024-01-19T00:00:00+03:00,PM2.5,0.011
2024-01-19T00:00:00+03:00,NO,0.019
2024-01-19T00:00:00+03:00,NO2,0.044
2024-01-19T00:00:00+03:00,PM10,0.014
2024-01-19T00:00:00+03:00,OZ,0.0094
2024-01-20T00:00:00+03:00,NO,0.01
2024-01-20T00:00:00+03:00,PM2.5,0.011
2024-01-20T00:00:00+03:00,NO2,0.041
2024-01-20T00:00:00+03:00,CO,0.21
2024-01-20T00:00:00+03:00,OZ,0.0122
2024-01-20T00:00:00+03:00,PM10,0.014
2024-01-20T00:00:00+03:00,SO2,0.0015
2024-01-21T00:00:00+03:00,SO2,0.0018
2024-01-21T00:00:00+03:00,OZ,0.0122
2024-01-21T00:00:00+03:00,NO,0.02
2024-01-21T00:00:00+03:00,CO,0.28
2024-01-21T00:00:00+03:00,PM10,0.013
2024-01-21T00:00:00+03:00,PM2.5,0.011
2024-01-21T00:00:00+03:00,NO2,0.041
2024-01-22T00:00:00+03:00,OZ,0.0332
2024-01-22T00:00:00+03:00,NO,0.004
2024-01-22T00:00:00+03:00,PM10,0.009
2024-01-22T00:00:00+03:00,NO2,0.023
2024-01-22T00:00:00+03:00,CO,0.16
2024-01-22T00:00:00+03:00,SO2,0.0015
2024-01-22T00:00:00+03:00,PM2.5,0.007
2024-01-23T00:00:00+03:00,CO,0.16
2024-01-23T00:00:00+03:00,PM2.5,0.013
2024-01-23T00:00:00+03:00,OZ,0.0413
2024-01-23T00:00:00+03:00,NO2,0.01
2024-01-23T00:00:00+03:00,PM10,0.015
2024-01-23T00:00:00+03:00,SO2,0.0017
2024-01-23T00:00:00+03:00,NO,0.002
2024-01-24T00:00:00+03:00,SO2,0.0011
2024-01-24T00:00:00+03:00,NO,0.002
2024-01-24T00:00:00+03:00,NO2,0.011
2024-01-24T00:00:00+03:00,PM2.5,0.01
2024-01-24T00:00:00+03:00,CO,0.19
2024-01-24T00:00:00+03:00,OZ,0.0329
2024-01-24T00:00:00+03:00,PM10,0.013
2024-01-25T00:00:00+03:00,CO,0.18
2024-01-25T00:00:00+03:00,OZ,0.027
2024-01-25T00:00:00+03:00,SO2,0.0008
2024-01-25T00:00:00+03:00,PM10,0.013
2024-01-25T00:00:00+03:00,NO,0.004
2024-01-25T00:00:00+03:00,PM2.5,0.011
2024-01-25T00:00:00+03:00,NO2,0.02
2024-01-26T00:00:00+03:00,OZ,0.0049
2024-01-26T00:00:00+03:00,NO,0.037
2024-01-26T00:00:00+03:00,PM10,0.025
2024-01-26T00:00:00+03:00,SO2,0.0018
2024-01-26T00:00:00+03:00,NO2,0.04
2024-01-26T00:00:00+03:00,CO,0.35
2024-01-26T00:00:00+03:00,PM2.5,0.02
2024-01-27T00:00:00+03:00,NO,0.032
2024-01-27T00:00:00+03:00,NO2,0.042
2024-01-27T00:00:00+03:00,PM2.5,0.016
2024-01-27T00:00:00+03:00,CO,0.33
2024-01-27T00:00:00+03:00,PM10,0.021
2024-01-27T00:00:00+03:00,SO2,0.0019
2024-01-27T00:00:00+03:00,OZ,0.0032
2024-01-28T00:00:00+03:00,NO,0.033
2024-01-28T00:00:00+03:00,PM2.5,0.015
2024-01-28T00:00:00+03:00,PM10,0.018
2024-01-28T00:00:00+03:00,CO,0.27
2024-01-28T00:00:00+03:00,NO2,0.033
2024-01-28T00:00:00+03:00,SO2,0.0023
2024-01-28T00:00:00+03:00,OZ,0.0062
2024-01-29T00:00:00+03:00,OZ,0.0299
2024-01-29T00:00:00+03:00,PM10,0.007
2024-01-29T00:00:00+03:00,PM2.5,0.006
2024-01-29T00:00:00+03:00,SO2,0.0013
2024-01-29T00:00:00+03:00,CO,0.13
2024-01-29T00:00:00+03:00,NO,0.004
2024-01-29T00:00:00+03:00,NO2,0.018
2024-01-30T00:00:00+03:00,NO2,0.019
2024-01-30T00:00:00+03:00,PM10,0.011
2024-01-30T00:00:00+03:00,PM2.5,0.008
2024-01-30T00:00:00+03:00,SO2,0.001
2024-01-30T00:00:00+03:00,NO,0.004
2024-01-30T00:00:00+03:00,CO,0.15
2024-01-30T00:00:00+03:00,OZ,0.0244
2024-01-31T00:00:00+03:00,NO,0.006
2024-01-31T00:00:00+03:00,CO,0.06
2024-01-31T00:00:00+03:00,OZ,0.0113
2024-01-31T00:00:00+03:00,PM10,0.014
2024-01-31T00:00:00+03:00,NO2,0.029
2024-01-31T00:00:00+03:00,SO2,0.0007
2024-01-31T00:00:00+03:00,PM2.5,0.011
2024-02-01T00:00:00+03:00,PM2.5,0.01
2024-02-01T00:00:00+03:00,CO,0.28
2024-02-01T00:00:00+03:00,NO2,0.02
2024-02-01T00:00:00+03:00,SO2,0.0004
2024-02-01T00:00:00+03:00,OZ,0.0136
2024-02-01T00:00:00+03:00,PM10,0.012
2024-02-01T00:00:00+03:00,NO,0.007
2024-02-02T00:00:00+03:00,NO,0.002
2024-02-02T00:00:00+03:00,PM2.5,0.004
2024-02-02T00:00:00+03:00,PM10,0.006
2024-02-02T00:00:00+03:00,NO2,0.014
2024-02-02T00:00:00+03:00,OZ,0.0467
2024-02-02T00:00:00+03:00,SO2,0.0003
2024-02-02T00:00:00+03:00,CO,0.11
2024-02-03T00:00:00+03:00,CO,0.14
2024-02-03T00:00:00+03:00,PM2.5,0.005
2024-02-03T00:00:00+03:00,PM10,0.008
2024-02-03T00:00:00+03:00,SO2,0.0006
2024-02-03T00:00:00+03:00,NO,0.002
2024-02-03T00:00:00+03:00,OZ,0.0495
2024-02-03T00:00:00+03:00,NO2,0.015
2024-02-04T00:00:00+03:00,SO2,0.0004
2024-02-04T00:00:00+03:00,NO2,0.012
2024-02-04T00:00:00+03:00,CO,0.08
2024-02-04T00:00:00+03:00,NO,0.002
2024-02-04T00:00:00+03:00,OZ,0.0414
2024-02-04T00:00:00+03:00,PM10,0.006
2024-02-04T00:00:00+03:00,PM2.5,0.004
2024-02-05T00:00:00+03:00,PM10,0.008
2024-02-05T00:00:00+03:00,CO,0.14
2024-02-05T00:00:00+03:00,PM2.5,0.004
2024-02-05T00:00:00+03:00,SO2,0.0002
2024-02-05T00:00:00+03:00,NO2,0.018
2024-02-05T00:00:00+03:00,OZ,0.043
2024-02-05T00:00:00+03:00,NO,0.003
2024-02-06T00:00:00+03:00,PM10,0.009
2024-02-06T00:00:00+03:00,PM2.5,0.006
2024-02-06T00:00:00+03:00,SO2,0.0006
2024-02-06T00:00:00+03:00,CO,0.19
2024-02-06T00:00:00+03:00,NO2,0.022
2024-02-06T00:00:00+03:00,NO,0.004
2024-02-06T00:00:00+03:00,OZ,0.0325
2024-02-07T00:00:00+03:00,NO2,0.039
2024-02-07T00:00:00+03:00,SO2,0.001
2024-02-07T00:00:00+03:00,OZ,0.0169
2024-02-07T00:00:00+03:00,PM10,0.009
2024-02-07T00:00:00+03:00,PM2.5,0.007
2024-02-07T00:00:00+03:00,NO,0.018
2024-02-07T00:00:00+03:00,CO,0.14
2024-02-08T00:00:00+03:00,CO,0.14
2024-02-08T00:00:00+03:00,SO2,0.001
2024-02-08T00:00:00+03:00,PM10,0.012
2024-02-08T00:00:00+03:00,PM2.5,0.009
2024-02-08T00:00:00+03:00,NO2,0.019
2024-02-08T00:00:00+03:00,OZ,0.0346
2024-02-08T00:00:00+03:00,NO,0.005
2024-02-09T00:00:00+03:00,PM10,0.011
2024-02-09T00:00:00+03:00,CO,0.23
2024-02-09T00:00:00+03:00,SO2,0.0017
2024-02-09T00:00:00+03:00,PM2.5,0.009
2024-02-09T00:00:00+03:00,NO2,0.022
2024-02-09T00:00:00+03:00,OZ,0.0329
2024-02-09T00:00:00+03:00,NO,0.006
2024-02-10T00:00:00+03:00,SO2,0.0029
2024-02-10T00:00:00+03:00,NO,0.05
2024-02-10T00:00:00+03:00,OZ,0.0089
2024-02-10T00:00:00+03:00,NO2,0.062
2024-02-10T00:00:00+03:00,CO,0.38
2024-02-10T00:00:00+03:00,PM10,0.02
2024-02-10T00:00:00+03:00,PM2.5,0.016
2024-02-11T00:00:00+03:00,OZ,0.0181
2024-02-11T00:00:00+03:00,NO2,0.047
2024-02-11T00:00:00+03:00,PM10,0.018
2024-02-11T00:00:00+03:00,CO,0.23
2024-02-11T00:00:00+03:00,PM2.5,0.013
2024-02-11T00:00:00+03:00,NO,0.013
2024-02-11T00:00:00+03:00,SO2,0.0026
2024-02-12T00:00:00+03:00,PM10,0.015
2024-02-12T00:00:00+03:00,NO2,0.041
2024-02-12T00:00:00+03:00,CO,0.25
2024-02-12T00:00:00+03:00,SO2,0.002
2024-02-12T00:00:00+03:00,PM2.5,0.011
2024-02-12T00:00:00+03:00,NO,0.012
2024-02-12T00:00:00+03:00,OZ,0.0233
2024-02-13T00:00:00+03:00,SO2,0.0016
2024-02-13T00:00:00+03:00,CO,0.29
2024-02-13T00:00:00+03:00,NO,0.007
2024-02-13T00:00:00+03:00,PM2.5,0.011
2024-02-13T00:00:00+03:00,NO2,0.032
2024-02-13T00:00:00+03:00,PM10,0.015
2024-02-13T00:00:00+03:00,OZ,0.0202
2024-02-14T00:00:00+03:00,PM2.5,0.011
2024-02-14T00:00:00+03:00,NO,0.011
2024-02-14T00:00:00+03:00,SO2,0.0017
2024-02-14T00:00:00+03:00,CO,0.15
2024-02-14T00:00:00+03:00,OZ,0.0181
2024-02-14T00:00:00+03:00,NO2,0.043
2024-02-14T00:00:00+03:00,PM10,0.014
2024-02-15T00:00:00+03:00,NO2,0.036
2024-02-15T00:00:00+03:00,PM2.5,0.012
2024-02-15T00:00:00+03:00,NO,0.005
2024-02-15T00:00:00+03:00,OZ,0.0241
2024-02-15T00:00:00+03:00,SO2,0.0021
2024-02-15T00:00:00+03:00,PM10,0.017
2024-02-15T00:00:00+03:00,CO,0.19
2024-02-16T00:00:00+03:00,PM2.5,0.015
2024-02-16T00:00:00+03:00,NO2,0.044
2024-02-16T00:00:00+03:00,OZ,0.0214
2024-02-16T00:00:00+03:00,NO,0.009
2024-02-16T00:00:00+03:00,PM10,0.02
2024-02-16T00:00:00+03:00,CO,0.27
2024-02-16T00:00:00+03:00,SO2,0.0024
2024-02-17T00:00:00+03:00,NO2,0.025
2024-02-17T00:00:00+03:00,PM10,0.014
2024-02-17T00:00:00+03:00,CO,0.2
2024-02-17T00:00:00+03:00,OZ,0.0348
2024-02-17T00:00:00+03:00,PM2.5,0.01
2024-02-17T00:00:00+03:00,NO,0.004
2024-02-17T00:00:00+03:00,SO2,0.0025
2024-02-18T00:00:00+03:00,PM10,0.006
2024-02-18T00:00:00+03:00,CO,0.09
2024-02-18T00:00:00+03:00,PM2.5,0.004
2024-02-18T00:00:00+03:00,OZ,0.046
2024-02-18T00:00:00+03:00,SO2,0.0018
2024-02-18T00:00:00+03:00,NO,0.002
2024-02-18T00:00:00+03:00,NO2,0.009
2024-02-19T00:00:00+03:00,NO2,0.031
2024-02-19T00:00:00+03:00,PM10,0.009
2024-02-19T00:00:00+03:00,NO,0.015
2024-02-19T00:00:00+03:00,SO2,0.0018
2024-02-19T00:00:00+03:00,PM2.5,0.006
2024-02-19T00:00:00+03:00,OZ,0.0382
2024-02-19T00:00:00+03:00,CO,0.28
2024-02-20T00:00:00+03:00,SO2,0.0027
2024-02-20T00:00:00+03:00,CO,0.33
2024-02-20T00:00:00+03:00,PM10,0.013
2024-02-20T00:00:00+03:00,PM2.5,0.01
2024-02-20T00:00:00+03:00,OZ,0.025
2024-02-20T00:00:00+03:00,NO,0.049
2024-02-20T00:00:00+03:00,NO2,0.053
2024-02-21T00:00:00+03:00,CO,0.13
2024-02-21T00:00:00+03:00,OZ,0.035
2024-02-21T00:00:00+03:00,NO,0.004
2024-02-21T00:00:00+03:00,NO2,0.029
2024-02-21T00:00:00+03:00,PM10,0.013
2024-02-21T00:00:00+03:00,SO2,0.0021
2024-02-21T00:00:00+03:00,PM2.5,0.01
2024-02-22T00:00:00+03:00,NO,0.007
2024-02-22T00:00:00+03:00,SO2,0.002
2024-02-22T00:00:00+03:00,PM10,0.02
2024-02-22T00:00:00+03:00,OZ,0.0221
2024-02-22T00:00:00+03:00,CO,0.17
2024-02-22T00:00:00+03:00,NO2,0.031
2024-02-22T00:00:00+03:00,PM2.5,0.015
2024-02-23T00:00:00+03:00,OZ,0.0214
2024-02-23T00:00:00+03:00,SO2,0.0019
2024-02-23T00:00:00+03:00,NO2,0.025
2024-02-23T00:00:00+03:00,CO,0.21
2024-02-23T00:00:00+03:00,NO,0.005
2024-02-23T00:00:00+03:00,PM10,0.019
2024-02-23T00:00:00+03:00,PM2.5,0.016
2024-02-24T00:00:00+03:00,PM2.5,0.01
2024-02-24T00:00:00+03:00,OZ,0.0433
2024-02-24T00:00:00+03:00,CO,0.16
2024-02-24T00:00:00+03:00,NO2,0.011
2024-02-24T00:00:00+03:00,PM10,0.013
2024-02-24T00:00:00+03:00,SO2,0.0017
2024-02-24T00:00:00+03:00,NO,0.002
2024-02-25T00:00:00+03:00,CO,0.17
2024-02-25T00:00:00+03:00,SO2,0.0017
2024-02-25T00:00:00+03:00,PM2.5,0.006
2024-02-25T00:00:00+03:00,OZ,0.0508
2024-02-25T00:00:00+03:00,PM10,0.011
2024-02-25T00:00:00+03:00,NO2,0.013
2024-02-25T00:00:00+03:00,NO,0.002
2024-02-26T00:00:00+03:00,NO2,0.018
2024-02-26T00:00:00+03:00,OZ,0.0463
2024-02-26T00:00:00+03:00,SO2,0.0026
2024-02-26T00:00:00+03:00,PM2.5,0.008
2024-02-26T00:00:00+03:00,CO,0.16
2024-02-26T00:00:00+03:00,NO,0.003
2024-02-26T00:00:00+03:00,PM10,0.017
2024-02-27T00:00:00+03:00,PM2.5,0.012
2024-02-27T00:00:00+03:00,OZ,0.0366
2024-02-27T00:00:00+03:00,CO,0.19
2024-02-27T00:00:00+03:00,SO2,0.0028
2024-02-27T00:00:00+03:00,NO2,0.028
2024-02-27T00:00:00+03:00,NO,0.006
2024-02-27T00:00:00+03:00,PM10,0.023
2024-02-28T00:00:00+03:00,NO2,0.021
2024-02-28T00:00:00+03:00,SO2,0.003
2024-02-28T00:00:00+03:00,CO,0.08
2024-02-28T00:00:00+03:00,PM10,0.02
2024-02-28T00:00:00+03:00,NO,0.004
2024-02-28T00:00:00+03:00,OZ,0.0461
2024-02-28T00:00:00+03:00,PM2.5,0.011
2024-02-29T00:00:00+03:00,OZ,0.0361
2024-02-29T00:00:00+03:00,CO,0.2
2024-02-29T00:00:00+03:00,PM10,0.024
2024-02-29T00:00:00+03:00,NO2,0.029
2024-02-29T00:00:00+03:00,PM2.5,0.012
2024-02-29T00:00:00+03:00,NO,0.005
2024-02-29T00:00:00+03:00,SO2,0.0032
2024-03-01T00:00:00+03:00,NO2,0.068
2024-03-01T00:00:00+03:00,NO,0.053
2024-03-01T00:00:00+03:00,PM10,0.041
2024-03-01T00:00:00+03:00,SO2,0.0049
2024-03-01T00:00:00+03:00,PM2.5,0.025
2024-03-01T00:00:00+03:00,CO,0.52
2024-03-01T00:00:00+03:00,OZ,0.007
2024-03-02T00:00:00+03:00,PM10,0.038
2024-03-02T00:00:00+03:00,PM2.5,0.023
2024-03-02T00:00:00+03:00,SO2,0.0048
2024-03-02T00:00:00+03:00,OZ,0.0124
2024-03-02T00:00:00+03:00,NO,0.041
2024-03-02T00:00:00+03:00,NO2,0.063
2024-03-02T00:00:00+03:00,CO,0.53
2024-03-03T00:00:00+03:00,NO2,0.05
2024-03-03T00:00:00+03:00,NO,0.009
2024-03-03T00:00:00+03:00,PM2.5,0.014
2024-03-03T00:00:00+03:00,CO,0.28
2024-03-03T00:00:00+03:00,PM10,0.03
2024-03-03T00:00:00+03:00,OZ,0.0273
2024-03-03T00:00:00+03:00,SO2,0.0043
2024-03-04T00:00:00+03:00,OZ,0.0247
2024-03-04T00:00:00+03:00,PM10,0.024
2024-03-04T00:00:00+03:00,NO2,0.066
2024-03-04T00:00:00+03:00,CO,0.3
2024-03-04T00:00:00+03:00,PM2.5,0.012
2024-03-04T00:00:00+03:00,NO,0.012
2024-03-04T00:00:00+03:00,SO2,0.004
2024-03-05T00:00:00+03:00,PM2.5,0.01
2024-03-05T00:00:00+03:00,NO,0.01
2024-03-05T00:00:00+03:00,NO2,0.053
2024-03-05T00:00:00+03:00,CO,0.3
2024-03-05T00:00:00+03:00,SO2,0.003
2024-03-05T00:00:00+03:00,PM10,0.017
2024-03-05T00:00:00+03:00,OZ,0.0251
2024-03-06T00:00:00+03:00,OZ,0.0243
2024-03-06T00:00:00+03:00,SO2,0.0031
2024-03-06T00:00:00+03:00,CO,0.22
2024-03-06T00:00:00+03:00,NO,0.026
2024-03-06T00:00:00+03:00,NO2,0.053
2024-03-06T00:00:00+03:00,PM10,0.022
2024-03-06T00:00:00+03:00,PM2.5,0.007
2024-03-07T00:00:00+03:00,SO2,0.0033
2024-03-07T00:00:00+03:00,NO2,0.063
2024-03-07T00:00:00+03:00,PM10,0.028
2024-03-07T00:00:00+03:00,PM2.5,0.009
2024-03-07T00:00:00+03:00,CO,0.36
2024-03-07T00:00:00+03:00,NO,0.05
2024-03-07T00:00:00+03:00,OZ,0.0212
2024-03-08T00:00:00+03:00,SO2,0.002
2024-03-08T00:00:00+03:00,PM10,0.01
2024-03-08T00:00:00+03:00,CO,0.21
2024-03-08T00:00:00+03:00,PM2.5,0.007
2024-03-08T00:00:00+03:00,NO,0.004
2024-03-08T00:00:00+03:00,NO2,0.031
2024-03-08T00:00:00+03:00,OZ,0.0344
2024-03-09T00:00:00+03:00,NO2,0.023
2024-03-09T00:00:00+03:00,PM2.5,0.004
2024-03-09T00:00:00+03:00,PM10,0.009
2024-03-09T00:00:00+03:00,CO,0.09
2024-03-09T00:00:00+03:00,SO2,0.0023
2024-03-09T00:00:00+03:00,OZ,0.0505
2024-03-09T00:00:00+03:00,NO,0.002
2024-03-10T00:00:00+03:00,NO2,0.032
2024-03-10T00:00:00+03:00,NO,0.004
2024-03-10T00:00:00+03:00,SO2,0.003
2024-03-10T00:00:00+03:00,PM10,0.013
2024-03-10T00:00:00+03:00,PM2.5,0.006
2024-03-10T00:00:00+03:00,CO,0.12
2024-03-10T00:00:00+03:00,OZ,0.0411
2024-03-11T00:00:00+03:00,NO2,0.035
2024-03-11T00:00:00+03:00,NO,0.005
2024-03-11T00:00:00+03:00,PM10,0.015
2024-03-11T00:00:00+03:00,OZ,0.0403
2024-03-11T00:00:00+03:00,SO2,0.0028
2024-03-11T00:00:00+03:00,CO,0.2
2024-03-11T00:00:00+03:00,PM2.5,0.006
2024-03-12T00:00:00+03:00,NO2,0.039
2024-03-12T00:00:00+03:00,NO,0.011
2024-03-12T00:00:00+03:00,OZ,0.0396
2024-03-12T00:00:00+03:00,CO,0.26
2024-03-12T00:00:00+03:00,PM2.5,0.006
2024-03-12T00:00:00+03:00,PM10,0.014
2024-03-12T00:00:00+03:00,SO2,0.0028
2024-03-13T00:00:00+03:00,CO,0.31
2024-03-13T00:00:00+03:00,SO2,0.0029
2024-03-13T00:00:00+03:00,PM2.5,0.008
2024-03-13T00:00:00+03:00,OZ,0.0416
2024-03-13T00:00:00+03:00,PM10,0.016
2024-03-13T00:00:00+03:00,NO2,0.056
2024-03-13T00:00:00+03:00,NO,0.02
2024-03-14T00:00:00+03:00,CO,0.19
2024-03-14T00:00:00+03:00,PM10,0.017
2024-03-14T00:00:00+03:00,NO2,0.034
2024-03-14T00:00:00+03:00,PM2.5,0.009
2024-03-14T00:00:00+03:00,OZ,0.0673
2024-03-14T00:00:00+03:00,SO2,0.0025
2024-03-14T00:00:00+03:00,NO,0.005
2024-03-15T00:00:00+03:00,NO,0.004
2024-03-15T00:00:00+03:00,PM10,0.024
2024-03-15T00:00:00+03:00,PM2.5,0.014
2024-03-15T00:00:00+03:00,SO2,0.0022
2024-03-15T00:00:00+03:00,OZ,0.0649
2024-03-15T00:00:00+03:00,NO2,0.031
2024-03-15T00:00:00+03:00,CO,0.18
2024-03-16T00:00:00+03:00,PM10,0.062
2024-03-16T00:00:00+03:00,NO2,0.03
2024-03-16T00:00:00+03:00,SO2,0.0021
2024-03-16T00:00:00+03:00,NO,0.003
2024-03-16T00:00:00+03:00,PM2.5,0.02
2024-03-16T00:00:00+03:00,CO,0.14
2024-03-16T00:00:00+03:00,OZ,0.0561
2024-03-17T00:00:00+03:00,PM2.5,0.026
2024-03-17T00:00:00+03:00,CO,0.22
2024-03-17T00:00:00+03:00,SO2,0.0017
2024-03-17T00:00:00+03:00,NO,0.006
2024-03-17T00:00:00+03:00,OZ,0.0417
2024-03-17T00:00:00+03:00,NO2,0.042
2024-03-17T00:00:00+03:00,PM10,0.125
2024-03-18T00:00:00+03:00,PM10,0.114
2024-03-18T00:00:00+03:00,SO2,0.0028
2024-03-18T00:00:00+03:00,NO,0.026
2024-03-18T00:00:00+03:00,NO2,0.056
2024-03-18T00:00:00+03:00,OZ,0.0181
2024-03-18T00:00:00+03:00,CO,0.34
2024-03-18T00:00:00+03:00,PM2.5,0.03
2024-03-19T00:00:00+03:00,OZ,0.0208
2024-03-19T00:00:00+03:00,SO2,0.0018
2024-03-19T00:00:00+03:00,PM10,0.067
2024-03-19T00:00:00+03:00,NO,0.008
2024-03-19T00:00:00+03:00,NO2,0.052
2024-03-19T00:00:00+03:00,CO,0.25
2024-03-19T00:00:00+03:00,PM2.5,0.018
2024-03-20T00:00:00+03:00,PM10,0.035
2024-03-20T00:00:00+03:00,SO2,0.0042
2024-03-20T00:00:00+03:00,OZ,0.0242
2024-03-20T00:00:00+03:00,PM2.5,0.016
2024-03-20T00:00:00+03:00,NO,0.019
2024-03-20T00:00:00+03:00,NO2,0.077
2024-03-20T00:00:00+03:00,CO,0.34
2024-03-21T00:00:00+03:00,NO,0.008
2024-03-21T00:00:00+03:00,CO,0.09
2024-03-21T00:00:00+03:00,SO2,0.0042
2024-03-21T00:00:00+03:00,PM10,0.032
2024-03-21T00:00:00+03:00,OZ,0.0587
2024-03-21T00:00:00+03:00,NO2,0.067
2024-03-21T00:00:00+03:00,PM2.5,0.013
2024-03-22T00:00:00+03:00,NO,0.005
2024-03-22T00:00:00+03:00,PM2.5,0.015
2024-03-22T00:00:00+03:00,NO2,0.046
2024-03-22T00:00:00+03:00,SO2,0.0037
2024-03-22T00:00:00+03:00,OZ,0.0886
2024-03-22T00:00:00+03:00,CO,0.1
2024-03-22T00:00:00+03:00,PM10,0.034
2024-03-23T00:00:00+03:00,PM10,0.016
2024-03-23T00:00:00+03:00,NO2,0.024
2024-03-23T00:00:00+03:00,OZ,0.053
2024-03-23T00:00:00+03:00,CO,0.22
2024-03-23T00:00:00+03:00,SO2,0.0013
2024-03-23T00:00:00+03:00,NO,0.001
2024-03-23T00:00:00+03:00,PM2.5,0.012
2024-03-24T00:00:00+03:00,NO2,0.025
2024-03-24T00:00:00+03:00,CO,0.13
2024-03-24T00:00:00+03:00,OZ,0.0342
2024-03-24T00:00:00+03:00,PM2.5,0.006
2024-03-24T00:00:00+03:00,PM10,0.007
2024-03-24T00:00:00+03:00,SO2,0.0007
2024-03-24T00:00:00+03:00,NO,0.003
2024-03-25T00:00:00+03:00,NO2,0.031
2024-03-25T00:00:00+03:00,PM10,0.017
2024-03-25T00:00:00+03:00,CO,0.15
2024-03-25T00:00:00+03:00,NO,0.007
2024-03-25T00:00:00+03:00,OZ,0.0444
2024-03-25T00:00:00+03:00,PM2.5,0.006
2024-03-25T00:00:00+03:00,SO2,0.0007
2024-03-26T00:00:00+03:00,PM10,0.022
2024-03-26T00:00:00+03:00,OZ,0.036
2024-03-26T00:00:00+03:00,SO2,0.0013
2024-03-26T00:00:00+03:00,PM2.5,0.009
2024-03-26T00:00:00+03:00,CO,0.15
2024-03-26T00:00:00+03:00,NO,0.008
2024-03-26T00:00:00+03:00,NO2,0.047
2024-03-27T00:00:00+03:00,SO2,0.0022
2024-03-27T00:00:00+03:00,PM10,0.03
2024-03-27T00:00:00+03:00,PM2.5,0.009
2024-03-27T00:00:00+03:00,NO2,0.057
2024-03-27T00:00:00+03:00,NO,0.021
2024-03-27T00:00:00+03:00,OZ,0.0349
2024-03-27T00:00:00+03:00,CO,0.22
2024-03-28T00:00:00+03:00,CO,0.3
2024-03-28T00:00:00+03:00,NO,0.025
2024-03-28T00:00:00+03:00,PM10,0.033
2024-03-28T00:00:00+03:00,NO2,0.055
2024-03-28T00:00:00+03:00,PM2.5,0.01
2024-03-28T00:00:00+03:00,SO2,0.0018
2024-03-28T00:00:00+03:00,OZ,0.045
2024-03-29T00:00:00+03:00,NO,0.004
2024-03-29T00:00:00+03:00,PM2.5,0.016
2024-03-29T00:00:00+03:00,PM10,0.035
2024-03-29T00:00:00+03:00,NO2,0.048
2024-03-29T00:00:00+03:00,OZ,0.0443
2024-03-29T00:00:00+03:00,CO,0.22
2024-03-29T00:00:00+03:00,SO2,0.0023
2024-03-30T00:00:00+03:00,NO2,0.024
2024-03-30T00:00:00+03:00,OZ,0.0625
2024-03-30T00:00:00+03:00,PM2.5,0.006
2024-03-30T00:00:00+03:00,CO,0.09
2024-03-30T00:00:00+03:00,PM10,0.015
2024-03-30T00:00:00+03:00,NO,0.002
2024-03-30T00:00:00+03:00,SO2,0.0011
2024-03-31T00:00:00+03:00,OZ,0.0548
2024-03-31T00:00:00+03:00,PM2.5,0.01
2024-03-31T00:00:00+03:00,PM10,0.022
2024-03-31T00:00:00+03:00,NO,0.006
2024-03-31T00:00:00+03:00,SO2,0.0013
2024-03-31T00:00:00+03:00,NO2,0.036
2024-03-31T00:00:00+03:00,CO,0.12
2024-04-01T00:00:00+03:00,CO,0.28
2024-04-01T00:00:00+03:00,NO2,0.027
2024-04-01T00:00:00+03:00,NO,0.002
2024-04-01T00:00:00+03:00,OZ,0.0748
2024-04-01T00:00:00+03:00,SO2,0.0021
2024-04-01T00:00:00+03:00,PM10,0.048
2024-04-01T00:00:00+03:00,PM2.5,0.018
2024-04-02T00:00:00+03:00,CO,0.31
2024-04-02T00:00:00+03:00,SO2,0.0022
2024-04-02T00:00:00+03:00,PM10,0.097
2024-04-02T00:00:00+03:00,PM2.5,0.033
2024-04-02T00:00:00+03:00,NO2,0.034
2024-04-02T00:00:00+03:00,NO,0.003
2024-04-02T00:00:00+03:00,OZ,0.068
2024-04-03T00:00:00+03:00,SO2,0.0009
2024-04-03T00:00:00+03:00,CO,0.19
2024-04-03T00:00:00+03:00,NO,0.001
2024-04-03T00:00:00+03:00,PM10,0.052
2024-04-03T00:00:00+03:00,OZ,0.0617
2024-04-03T00:00:00+03:00,NO2,0.017
2024-04-03T00:00:00+03:00,PM2.5,0.017
2024-04-04T00:00:00+03:00,NO2,0.018
2024-04-04T00:00:00+03:00,CO,0.07
2024-04-04T00:00:00+03:00,OZ,0.0328
2024-04-04T00:00:00+03:00,NO,0.005
2024-04-04T00:00:00+03:00,SO2,0.0002
2024-04-04T00:00:00+03:00,PM2.5,0.005
2024-04-04T00:00:00+03:00,PM10,0.011
2024-04-05T00:00:00+03:00,CO,0.04
2024-04-05T00:00:00+03:00,NO2,0.031
2024-04-05T00:00:00+03:00,OZ,0.047
2024-04-05T00:00:00+03:00,PM2.5,0.009
2024-04-05T00:00:00+03:00,PM10,0.025
2024-04-05T00:00:00+03:00,SO2,0.003
2024-04-05T00:00:00+03:00,NO,0.007
2024-04-06T00:00:00+03:00,NO,0.008
2024-04-06T00:00:00+03:00,SO2,0.0016
2024-04-06T00:00:00+03:00,PM10,0.028
2024-04-06T00:00:00+03:00,PM2.5,0.012
2024-04-06T00:00:00+03:00,OZ,0.0288
2024-04-06T00:00:00+03:00,CO,0.1
2024-04-06T00:00:00+03:00,NO2,0.04
2024-04-07T00:00:00+03:00,OZ,0.0281
2024-04-07T00:00:00+03:00,PM2.5,0.014
2024-04-07T00:00:00+03:00,SO2,0.0011
2024-04-07T00:00:00+03:00,NO,0.008
2024-04-07T00:00:00+03:00,NO2,0.039
2024-04-07T00:00:00+03:00,PM10,0.028
2024-04-07T00:00:00+03:00,CO,0.23
2024-04-08T00:00:00+03:00,SO2,0.0006
2024-04-08T00:00:00+03:00,CO,0.3
2024-04-08T00:00:00+03:00,PM10,0.022
2024-04-08T00:00:00+03:00,PM2.5,0.009
2024-04-08T00:00:00+03:00,NO2,0.032
2024-04-08T00:00:00+03:00,NO,0.003
2024-04-08T00:00:00+03:00,OZ,0.041
2024-04-09T00:00:00+03:00,SO2,0.0004
2024-04-09T00:00:00+03:00,PM10,0.025
2024-04-09T00:00:00+03:00,CO,0.32
2024-04-09T00:00:00+03:00,NO2,0.053
2024-04-09T00:00:00+03:00,NO,0.013
2024-04-09T00:00:00+03:00,PM2.5,0.013
2024-04-09T00:00:00+03:00,OZ,0.0282
2024-04-10T00:00:00+03:00,CO,0.38
2024-04-10T00:00:00+03:00,PM10,0.033
2024-04-10T00:00:00+03:00,SO2,0.0008
2024-04-10T00:00:00+03:00,NO,0.012
2024-04-10T00:00:00+03:00,NO2,0.057
2024-04-10T00:00:00+03:00,OZ,0.031
2024-04-10T00:00:00+03:00,PM2.5,0.015
2024-04-11T00:00:00+03:00,NO2,0.028
2024-04-11T00:00:00+03:00,CO,0.1
2024-04-11T00:00:00+03:00,PM10,0.03
2024-04-11T00:00:00+03:00,OZ,0.0661
2024-04-11T00:00:00+03:00,PM2.5,0.01
2024-04-11T00:00:00+03:00,SO2,0.0006
2024-04-11T00:00:00+03:00,NO,0.001
2024-04-12T00:00:00+03:00,CO,0.08
2024-04-12T00:00:00+03:00,OZ,
2024-04-12T00:00:00+03:00,NO,
2024-04-12T00:00:00+03:00,PM10,0.02
2024-04-12T00:00:00+03:00,PM2.5,0.008
2024-04-12T00:00:00+03:00,SO2,0.0006
2024-04-12T00:00:00+03:00,NO2,
2024-04-13T00:00:00+03:00,NO2,
2024-04-13T00:00:00+03:00,PM10,0.016
2024-04-13T00:00:00+03:00,NO,
2024-04-13T00:00:00+03:00,OZ,
2024-04-13T00:00:00+03:00,CO,0.1
2024-04-13T00:00:00+03:00,SO2,0.0007
2024-04-13T00:00:00+03:00,PM2.5,0.006
2024-04-14T00:00:00+03:00,PM10,0.018
2024-04-14T00:00:00+03:00,PM2.5,0.009
2024-04-14T00:00:00+03:00,CO,0.32
2024-04-14T00:00:00+03:00,NO2,
2024-04-14T00:00:00+03:00,SO2,0.0006
2024-04-14T00:00:00+03:00,NO,
2024-04-14T00:00:00+03:00,OZ,
2024-04-15T00:00:00+03:00,NO2,
2024-04-15T00:00:00+03:00,PM10,0.011
2024-04-15T00:00:00+03:00,NO,
2024-04-15T00:00:00+03:00,CO,0.21
2024-04-15T00:00:00+03:00,SO2,0.0002
2024-04-15T00:00:00+03:00,OZ,
2024-04-15T00:00:00+03:00,PM2.5,0.004
2024-04-16T00:00:00+03:00,SO2,0.0003
2024-04-16T00:00:00+03:00,NO2,
2024-04-16T00:00:00+03:00,PM10,0.013
2024-04-16T00:00:00+03:00,PM2.5,0.005
2024-04-16T00:00:00+03:00,OZ,
2024-04-16T00:00:00+03:00,CO,0.12
2024-04-16T00:00:00+03:00,NO,
2024-04-17T00:00:00+03:00,PM10,0.021
2024-04-17T00:00:00+03:00,NO,
2024-04-17T00:00:00+03:00,OZ,
2024-04-17T00:00:00+03:00,CO,0.21
2024-04-17T00:00:00+03:00,SO2,0.0005
2024-04-17T00:00:00+03:00,PM2.5,0.009
2024-04-17T00:00:00+03:00,NO2,
2024-04-18T00:00:00+03:00,OZ,
2024-04-18T00:00:00+03:00,CO,0.27
2024-04-18T00:00:00+03:00,PM10,0.023
2024-04-18T00:00:00+03:00,SO2,0.001
2024-04-18T00:00:00+03:00,PM2.5,0.01
2024-04-18T00:00:00+03:00,NO2,
2024-04-18T00:00:00+03:00,NO,
2024-04-19T00:00:00+03:00,PM2.5,0.005
2024-04-19T00:00:00+03:00,NO,
2024-04-19T00:00:00+03:00,OZ,
2024-04-19T00:00:00+03:00,NO2,
2024-04-19T00:00:00+03:00,CO,0.21
2024-04-19T00:00:00+03:00,PM10,0.011
2024-04-19T00:00:00+03:00,SO2,0.0003
2024-04-20T00:00:00+03:00,CO,0.08
2024-04-20T00:00:00+03:00,PM10,0.013
2024-04-20T00:00:00+03:00,NO,
2024-04-20T00:00:00+03:00,OZ,
2024-04-20T00:00:00+03:00,SO2,0.0006
2024-04-20T00:00:00+03:00,NO2,
2024-04-20T00:00:00+03:00,PM2.5,0.006
2024-04-21T00:00:00+03:00,CO,0.14
2024-04-21T00:00:00+03:00,PM2.5,0.012
2024-04-21T00:00:00+03:00,NO,
2024-04-21T00:00:00+03:00,SO2,0.0015
2024-04-21T00:00:00+03:00,NO2,
2024-04-21T00:00:00+03:00,OZ,
2024-04-21T00:00:00+03:00,PM10,0.032
2024-04-22T00:00:00+03:00,PM10,0.021
2024-04-22T00:00:00+03:00,CO,0.27
2024-04-22T00:00:00+03:00,NO,
2024-04-22T00:00:00+03:00,PM2.5,0.01
2024-04-22T00:00:00+03:00,NO2,
2024-04-22T00:00:00+03:00,SO2,0.0006
2024-04-22T00:00:00+03:00,OZ,
2024-04-23T00:00:00+03:00,PM2.5,0.007
2024-04-23T00:00:00+03:00,SO2,0.0004
2024-04-23T00:00:00+03:00,NO,
2024-04-23T00:00:00+03:00,PM10,0.012
2024-04-23T00:00:00+03:00,NO2,
2024-04-23T00:00:00+03:00,CO,0.13
2024-04-23T00:00:00+03:00,OZ,
2024-04-24T00:00:00+03:00,SO2,0.0008
2024-04-24T00:00:00+03:00,CO,0.07
2024-04-24T00:00:00+03:00,PM10,0.017
2024-04-24T00:00:00+03:00,NO2,
2024-04-24T00:00:00+03:00,NO,
2024-04-24T00:00:00+03:00,OZ,
2024-04-24T00:00:00+03:00,PM2.5,0.007
2024-04-25T00:00:00+03:00,PM10,0.04
2024-04-25T00:00:00+03:00,NO,
2024-04-25T00:00:00+03:00,SO2,0.0013
2024-04-25T00:00:00+03:00,CO,0.13
2024-04-25T00:00:00+03:00,NO2,
2024-04-25T00:00:00+03:00,PM2.5,0.014
2024-04-25T00:00:00+03:00,OZ,
2024-04-26T00:00:00+03:00,PM2.5,0.024
2024-04-26T00:00:00+03:00,CO,0.29
2024-04-26T00:00:00+03:00,NO2,0.05
2024-04-26T00:00:00+03:00,PM10,0.067
2024-04-26T00:00:00+03:00,NO,0.023
2024-04-26T00:00:00+03:00,SO2,0.002
2024-04-26T00:00:00+03:00,OZ,0.032
2024-04-27T00:00:00+03:00,OZ,0.0267
2024-04-27T00:00:00+03:00,SO2,0.0006
2024-04-27T00:00:00+03:00,NO,0.006
2024-04-27T00:00:00+03:00,NO2,0.032
2024-04-27T00:00:00+03:00,PM10,0.03
2024-04-27T00:00:00+03:00,PM2.5,0.015
2024-04-27T00:00:00+03:00,CO,0.3
2024-04-28T00:00:00+03:00,PM2.5,0.008
2024-04-28T00:00:00+03:00,NO2,0.035
2024-04-28T00:00:00+03:00,NO,0.008
2024-04-28T00:00:00+03:00,CO,0.16
2024-04-28T00:00:00+03:00,OZ,0.0437
2024-04-28T00:00:00+03:00,PM10,0.017
2024-04-28T00:00:00+03:00,SO2,0.0009
2024-04-29T00:00:00+03:00,PM10,0.025
2024-04-29T00:00:00+03:00,OZ,0.0532
2024-04-29T00:00:00+03:00,SO2,0.0014
2024-04-29T00:00:00+03:00,NO2,0.044
2024-04-29T00:00:00+03:00,PM2.5,0.012
2024-04-29T00:00:00+03:00,NO,0.022
2024-04-29T00:00:00+03:00,CO,0.15
2024-04-30T00:00:00+03:00,NO,0.011
2024-04-30T00:00:00+03:00,OZ,0.0637
2024-04-30T00:00:00+03:00,PM10,0.029
2024-04-30T00:00:00+03:00,NO2,0.046
2024-04-30T00:00:00+03:00,CO,0.16
2024-04-30T00:00:00+03:00,PM2.5,0.013
2024-04-30T00:00:00+03:00,SO2,0.0013
2024-05-01T00:00:00+03:00,OZ,0.075
2024-05-01T00:00:00+03:00,CO,0.15
2024-05-01T00:00:00+03:00,PM10,0.017
2024-05-01T00:00:00+03:00,NO2,0.021
2024-05-01T00:00:00+03:00,NO,0.002
2024-05-01T00:00:00+03:00,PM2.5,0.008
2024-05-01T00:00:00+03:00,SO2,0.0008
2024-05-02T00:00:00+03:00,PM2.5,0.005
2024-05-02T00:00:00+03:00,SO2,0.0011
2024-05-02T00:00:00+03:00,PM10,0.014
2024-05-02T00:00:00+03:00,CO,0.12
2024-05-02T00:00:00+03:00,OZ,0.066
2024-05-02T00:00:00+03:00,NO2,0.019
2024-05-02T00:00:00+03:00,NO,0.002
2024-05-03T00:00:00+03:00,PM2.5,0.004
2024-05-03T00:00:00+03:00,OZ,0.0666
2024-05-03T00:00:00+03:00,PM10,0.012
2024-05-03T00:00:00+03:00,CO,0.06
2024-05-03T00:00:00+03:00,NO2,0.015
2024-05-03T00:00:00+03:00,NO,0.002
2024-05-03T00:00:00+03:00,SO2,0.0011
2024-05-04T00:00:00+03:00,SO2,0.0016
2024-05-04T00:00:00+03:00,PM10,0.021
2024-05-04T00:00:00+03:00,NO,0.019
2024-05-04T00:00:00+03:00,PM2.5,0.009
2024-05-04T00:00:00+03:00,OZ,0.0519
2024-05-04T00:00:00+03:00,NO2,0.034
2024-05-04T00:00:00+03:00,CO,0.11
2024-05-05T00:00:00+03:00,NO,0.001
2024-05-05T00:00:00+03:00,PM10,0.012
2024-05-05T00:00:00+03:00,PM2.5,0.006
2024-05-05T00:00:00+03:00,NO2,0.017
2024-05-05T00:00:00+03:00,CO,0.13
2024-05-05T00:00:00+03:00,SO2,0.0008
2024-05-05T00:00:00+03:00,OZ,0.0588
2024-05-06T00:00:00+03:00,OZ,0.0283
2024-05-06T00:00:00+03:00,SO2,0.0012
2024-05-06T00:00:00+03:00,CO,0.21
2024-05-06T00:00:00+03:00,NO2,0.037
2024-05-06T00:00:00+03:00,NO,0.009
2024-05-06T00:00:00+03:00,PM2.5,0.006
2024-05-06T00:00:00+03:00,PM10,0.015
2024-05-07T00:00:00+03:00,CO,0.09
2024-05-07T00:00:00+03:00,PM2.5,0.006
2024-05-07T00:00:00+03:00,NO2,0.032
2024-05-07T00:00:00+03:00,PM10,0.01
2024-05-07T00:00:00+03:00,SO2,0.0009
2024-05-07T00:00:00+03:00,NO,0.007
2024-05-07T00:00:00+03:00,OZ,0.0386
2024-05-08T00:00:00+03:00,OZ,0.0492
2024-05-08T00:00:00+03:00,NO2,0.019
2024-05-08T00:00:00+03:00,CO,0.1
2024-05-08T00:00:00+03:00,SO2,0.0011
2024-05-08T00:00:00+03:00,PM10,0.012
2024-05-08T00:00:00+03:00,PM2.5,0.006
2024-05-08T00:00:00+03:00,NO,0.003
2024-05-09T00:00:00+03:00,SO2,0.0012
2024-05-09T00:00:00+03:00,OZ,0.0522
2024-05-09T00:00:00+03:00,NO,0.001
2024-05-09T00:00:00+03:00,PM10,0.011
2024-05-09T00:00:00+03:00,PM2.5,0.006
2024-05-09T00:00:00+03:00,NO2,0.013
2024-05-09T00:00:00+03:00,CO,0.03
2024-05-10T00:00:00+03:00,SO2,0.0014
2024-05-10T00:00:00+03:00,OZ,0.055
2024-05-10T00:00:00+03:00,PM10,0.018
2024-05-10T00:00:00+03:00,PM2.5,0.009
2024-05-10T00:00:00+03:00,NO,0.003
2024-05-10T00:00:00+03:00,NO2,0.021
2024-05-10T00:00:00+03:00,CO,0.03
2024-05-11T00:00:00+03:00,NO,0.002
2024-05-11T00:00:00+03:00,PM2.5,0.005
2024-05-11T00:00:00+03:00,SO2,0.0007
2024-05-11T00:00:00+03:00,CO,0.07
2024-05-11T00:00:00+03:00,NO2,0.016
2024-05-11T00:00:00+03:00,OZ,0.0557
2024-05-11T00:00:00+03:00,PM10,0.009
2024-05-12T00:00:00+03:00,PM2.5,0.008
2024-05-12T00:00:00+03:00,OZ,0.0457
2024-05-12T00:00:00+03:00,SO2,0.0011
2024-05-12T00:00:00+03:00,CO,0.03
2024-05-12T00:00:00+03:00,PM10,0.012
2024-05-12T00:00:00+03:00,NO,0.002
2024-05-12T00:00:00+03:00,NO2,0.021
2024-05-13T00:00:00+03:00,OZ,0.0333
2024-05-13T00:00:00+03:00,NO2,0.037
2024-05-13T00:00:00+03:00,SO2,0.0014
2024-05-13T00:00:00+03:00,PM10,0.019
2024-05-13T00:00:00+03:00,PM2.5,0.01
2024-05-13T00:00:00+03:00,CO,0.19
2024-05-13T00:00:00+03:00,NO,0.011
2024-05-14T00:00:00+03:00,CO,0.23
2024-05-14T00:00:00+03:00,PM10,0.026
2024-05-14T00:00:00+03:00,PM2.5,0.012
2024-05-14T00:00:00+03:00,NO,0.016
2024-05-14T00:00:00+03:00,OZ,0.0274
2024-05-14T00:00:00+03:00,SO2,0.0015
2024-05-14T00:00:00+03:00,NO2,0.058
2024-05-15T00:00:00+03:00,NO,0.027
2024-05-15T00:00:00+03:00,PM10,0.024
2024-05-15T00:00:00+03:00,OZ,0.0398
2024-05-15T00:00:00+03:00,PM2.5,0.011
2024-05-15T00:00:00+03:00,CO,0.17
2024-05-15T00:00:00+03:00,NO2,0.048
2024-05-15T00:00:00+03:00,SO2,0.0014
2024-05-16T00:00:00+03:00,OZ,0.0458
2024-05-16T00:00:00+03:00,CO,0.17
2024-05-16T00:00:00+03:00,NO2,0.05
2024-05-16T00:00:00+03:00,SO2,0.0014
2024-05-16T00:00:00+03:00,NO,0.009
2024-05-16T00:00:00+03:00,PM2.5,0.011
2024-05-16T00:00:00+03:00,PM10,0.026
2024-05-17T00:00:00+03:00,NO,0.005
2024-05-17T00:00:00+03:00,PM10,0.017
2024-05-17T00:00:00+03:00,SO2,0.0009
2024-05-17T00:00:00+03:00,OZ,0.054
2024-05-17T00:00:00+03:00,CO,0.23
2024-05-17T00:00:00+03:00,NO2,0.032
2024-05-17T00:00:00+03:00,PM2.5,0.009
2024-05-18T00:00:00+03:00,OZ,0.0597
2024-05-18T00:00:00+03:00,PM2.5,0.006
2024-05-18T00:00:00+03:00,NO,0.003
2024-05-18T00:00:00+03:00,NO2,0.027
2024-05-18T00:00:00+03:00,CO,0.05
2024-05-18T00:00:00+03:00,SO2,0.0029
2024-05-18T00:00:00+03:00,PM10,0.014
2024-05-19T00:00:00+03:00,OZ,0.0647
2024-05-19T00:00:00+03:00,NO2,0.029
2024-05-19T00:00:00+03:00,NO,0.003
2024-05-19T00:00:00+03:00,SO2,0.0028
2024-05-19T00:00:00+03:00,PM2.5,0.009
2024-05-19T00:00:00+03:00,CO,0.05
2024-05-19T00:00:00+03:00,PM10,0.021
2024-05-20T00:00:00+03:00,NO,0.003
2024-05-20T00:00:00+03:00,CO,0.14
2024-05-20T00:00:00+03:00,OZ,0.0784
2024-05-20T00:00:00+03:00,NO2,0.031
2024-05-20T00:00:00+03:00,PM2.5,0.01
2024-05-20T00:00:00+03:00,PM10,0.024
2024-05-20T00:00:00+03:00,SO2,0.0014
2024-05-21T00:00:00+03:00,CO,0.25
2024-05-21T00:00:00+03:00,PM2.5,0.014
2024-05-21T00:00:00+03:00,SO2,0.0011
2024-05-21T00:00:00+03:00,PM10,0.033
2024-05-21T00:00:00+03:00,NO,0.006
2024-05-21T00:00:00+03:00,OZ,0.0608
2024-05-21T00:00:00+03:00,NO2,0.046
2024-05-22T00:00:00+03:00,PM10,0.022
2024-05-22T00:00:00+03:00,NO,0.005
2024-05-22T00:00:00+03:00,NO2,0.034
2024-05-22T00:00:00+03:00,OZ,0.064
2024-05-22T00:00:00+03:00,CO,0.16
2024-05-22T00:00:00+03:00,SO2,0.0019
2024-05-22T00:00:00+03:00,PM2.5,0.008
2024-05-23T00:00:00+03:00,NO2,0.028
2024-05-23T00:00:00+03:00,OZ,0.0573
2024-05-23T00:00:00+03:00,SO2,0.0051
2024-05-23T00:00:00+03:00,CO,0.06
2024-05-23T00:00:00+03:00,NO,0.004
2024-05-23T00:00:00+03:00,PM10,0.022
2024-05-23T00:00:00+03:00,PM2.5,0.008
2024-05-24T00:00:00+03:00,SO2,0.0046
2024-05-24T00:00:00+03:00,NO2,0.044
2024-05-24T00:00:00+03:00,CO,0.07
2024-05-24T00:00:00+03:00,PM10,0.029
2024-05-24T00:00:00+03:00,NO,0.006
2024-05-24T00:00:00+03:00,PM2.5,0.009
2024-05-24T00:00:00+03:00,OZ,0.0588
2024-05-25T00:00:00+03:00,PM10,0.027
2024-05-25T00:00:00+03:00,CO,0.05
2024-05-25T00:00:00+03:00,OZ,0.0807
2024-05-25T00:00:00+03:00,NO2,0.036
2024-05-25T00:00:00+03:00,NO,0.002
2024-05-25T00:00:00+03:00,SO2,0.0018
2024-05-25T00:00:00+03:00,PM2.5,0.009
2024-05-26T00:00:00+03:00,OZ,0.0431
2024-05-26T00:00:00+03:00,NO,0.008
2024-05-26T00:00:00+03:00,PM10,0.035
2024-05-26T00:00:00+03:00,PM2.5,0.017
2024-05-26T00:00:00+03:00,SO2,0.0016
2024-05-26T00:00:00+03:00,CO,0.34
2024-05-26T00:00:00+03:00,NO2,0.056
2024-05-27T00:00:00+03:00,NO2,0.037
2024-05-27T00:00:00+03:00,PM10,0.02
2024-05-27T00:00:00+03:00,OZ,0.048
2024-05-27T00:00:00+03:00,CO,0.08
2024-05-27T00:00:00+03:00,PM2.5,0.009
2024-05-27T00:00:00+03:00,SO2,0.0016
2024-05-27T00:00:00+03:00,NO,0.005
2024-05-28T00:00:00+03:00,CO,0.11
2024-05-28T00:00:00+03:00,NO,0.004
2024-05-28T00:00:00+03:00,PM10,0.024
2024-05-28T00:00:00+03:00,NO2,0.039
2024-05-28T00:00:00+03:00,PM2.5,0.01
2024-05-28T00:00:00+03:00,SO2,0.0015
2024-05-28T00:00:00+03:00,OZ,0.0759
2024-05-29T00:00:00+03:00,NO,0.023
2024-05-29T00:00:00+03:00,NO2,0.119
2024-05-29T00:00:00+03:00,PM10,0.046
2024-05-29T00:00:00+03:00,SO2,0.002
2024-05-29T00:00:00+03:00,CO,0.53
2024-05-29T00:00:00+03:00,OZ,0.0612
2024-05-29T00:00:00+03:00,PM2.5,0.02
2024-05-30T00:00:00+03:00,CO,0.13
2024-05-30T00:00:00+03:00,SO2,0.0013
2024-05-30T00:00:00+03:00,NO,
2024-05-30T00:00:00+03:00,OZ,0.0698
2024-05-30T00:00:00+03:00,PM2.5,0.013
2024-05-30T00:00:00+03:00,NO2,
2024-05-30T00:00:00+03:00,PM10,0.034
2024-05-31T00:00:00+03:00,CO,0.2
2024-05-31T00:00:00+03:00,NO,
2024-05-31T00:00:00+03:00,OZ,0.0502
2024-05-31T00:00:00+03:00,PM2.5,0.016
2024-05-31T00:00:00+03:00,NO2,
2024-05-31T00:00:00+03:00,PM10,0.049
2024-05-31T00:00:00+03:00,SO2,0.0019
2024-06-01T00:00:00+03:00,PM10,0.038
2024-06-01T00:00:00+03:00,NO2,
2024-06-01T00:00:00+03:00,OZ,0.0544
2024-06-01T00:00:00+03:00,CO,0.29
2024-06-01T00:00:00+03:00,NO,
2024-06-01T00:00:00+03:00,SO2,0.0027
2024-06-01T00:00:00+03:00,PM2.5,0.016
2024-06-02T00:00:00+03:00,SO2,0.0019
2024-06-02T00:00:00+03:00,NO,
2024-06-02T00:00:00+03:00,OZ,0.0763
2024-06-02T00:00:00+03:00,CO,0.16
2024-06-02T00:00:00+03:00,PM2.5,0.015
2024-06-02T00:00:00+03:00,PM10,0.03
2024-06-02T00:00:00+03:00,NO2,
2024-06-03T00:00:00+03:00,OZ,0.0474
2024-06-03T00:00:00+03:00,SO2,0.0004
2024-06-03T00:00:00+03:00,NO2,
2024-06-03T00:00:00+03:00,CO,0.2
2024-06-03T00:00:00+03:00,PM10,0.025
2024-06-03T00:00:00+03:00,NO,
2024-06-03T00:00:00+03:00,PM2.5,0.013
2024-06-04T00:00:00+03:00,SO2,0.0002
2024-06-04T00:00:00+03:00,OZ,0.0478
2024-06-04T00:00:00+03:00,NO2,
2024-06-04T00:00:00+03:00,PM2.5,0.008
2024-06-04T00:00:00+03:00,CO,0.13
2024-06-04T00:00:00+03:00,PM10,0.018
2024-06-04T00:00:00+03:00,NO,
2024-06-05T00:00:00+03:00,PM2.5,0.01
2024-06-05T00:00:00+03:00,CO,0.22
2024-06-05T00:00:00+03:00,PM10,0.02
2024-06-05T00:00:00+03:00,OZ,0.0608
2024-06-05T00:00:00+03:00,NO,
2024-06-05T00:00:00+03:00,SO2,0.0003
2024-06-05T00:00:00+03:00,NO2,
2024-06-06T00:00:00+03:00,NO,
2024-06-06T00:00:00+03:00,SO2,0.0009
2024-06-06T00:00:00+03:00,NO2,
2024-06-06T00:00:00+03:00,CO,0.22
2024-06-06T00:00:00+03:00,OZ,0.0288
2024-06-06T00:00:00+03:00,PM2.5,0.011
2024-06-06T00:00:00+03:00,PM10,0.024
2024-06-07T00:00:00+03:00,NO2,
2024-06-07T00:00:00+03:00,CO,0.23
2024-06-07T00:00:00+03:00,PM2.5,0.011
2024-06-07T00:00:00+03:00,PM10,0.02
2024-06-07T00:00:00+03:00,SO2,0.0002
2024-06-07T00:00:00+03:00,OZ,0.0414
2024-06-07T00:00:00+03:00,NO,
2024-06-08T00:00:00+03:00,PM10,0.015
2024-06-08T00:00:00+03:00,OZ,0.0574
2024-06-08T00:00:00+03:00,SO2,0.0002
2024-06-08T00:00:00+03:00,CO,0.19
2024-06-08T00:00:00+03:00,NO,
2024-06-08T00:00:00+03:00,PM2.5,0.008
2024-06-08T00:00:00+03:00,NO2,
2024-06-09T00:00:00+03:00,SO2,0.0002
2024-06-09T00:00:00+03:00,NO,
2024-06-09T00:00:00+03:00,PM2.5,0.008
2024-06-09T00:00:00+03:00,NO2,
2024-06-09T00:00:00+03:00,PM10,0.016
2024-06-09T00:00:00+03:00,CO,0.06
2024-06-09T00:00:00+03:00,OZ,0.0594
2024-06-10T00:00:00+03:00,SO2,0.0005
2024-06-10T00:00:00+03:00,NO,
2024-06-10T00:00:00+03:00,PM10,0.027
2024-06-10T00:00:00+03:00,NO2,
2024-06-10T00:00:00+03:00,OZ,0.0356
2024-06-10T00:00:00+03:00,CO,0.23
2024-06-10T00:00:00+03:00,PM2.5,0.012
2024-06-11T00:00:00+03:00,PM10,0.023
2024-06-11T00:00:00+03:00,OZ,0.0465
2024-06-11T00:00:00+03:00,SO2,0.0001
2024-06-11T00:00:00+03:00,NO,
2024-06-11T00:00:00+03:00,NO2,
2024-06-11T00:00:00+03:00,CO,0.16
2024-06-11T00:00:00+03:00,PM2.5,0.014
2024-06-12T00:00:00+03:00,OZ,0.0505
2024-06-12T00:00:00+03:00,PM10,0.024
2024-06-12T00:00:00+03:00,NO,
2024-06-12T00:00:00+03:00,NO2,
2024-06-12T00:00:00+03:00,SO2,0.0001
2024-06-12T00:00:00+03:00,PM2.5,0.014
2024-06-12T00:00:00+03:00,CO,0.23
2024-06-13T00:00:00+03:00,OZ,0.0297
2024-06-13T00:00:00+03:00,SO2,0.0005
2024-06-13T00:00:00+03:00,PM2.5,0.011
2024-06-13T00:00:00+03:00,CO,0.3
2024-06-13T00:00:00+03:00,NO2,
2024-06-13T00:00:00+03:00,NO,
2024-06-13T00:00:00+03:00,PM10,0.016
2024-06-14T00:00:00+03:00,SO2,0.0008
2024-06-14T00:00:00+03:00,PM2.5,0.007
2024-06-14T00:00:00+03:00,NO2,
2024-06-14T00:00:00+03:00,NO,
2024-06-14T00:00:00+03:00,OZ,0.0487
2024-06-14T00:00:00+03:00,PM10,0.011
2024-06-14T00:00:00+03:00,CO,0.07
2024-06-15T00:00:00+03:00,CO,0.3
2024-06-15T00:00:00+03:00,OZ,0.0414
2024-06-15T00:00:00+03:00,NO2,
2024-06-15T00:00:00+03:00,SO2,0.0015
2024-06-15T00:00:00+03:00,PM10,0.026
2024-06-15T00:00:00+03:00,NO,
2024-06-15T00:00:00+03:00,PM2.5,0.012
2024-06-16T00:00:00+03:00,NO,
2024-06-16T00:00:00+03:00,PM2.5,0.01
2024-06-16T00:00:00+03:00,OZ,0.0403
2024-06-16T00:00:00+03:00,CO,0.23
2024-06-16T00:00:00+03:00,PM10,0.019
2024-06-16T00:00:00+03:00,SO2,0.0012
2024-06-16T00:00:00+03:00,NO2,
2024-06-17T00:00:00+03:00,CO,0.16
2024-06-17T00:00:00+03:00,NO,0.004
2024-06-17T00:00:00+03:00,SO2,0.0007
2024-06-17T00:00:00+03:00,OZ,0.0279
2024-06-17T00:00:00+03:00,PM10,0.023
2024-06-17T00:00:00+03:00,NO2,0.025
2024-06-17T00:00:00+03:00,PM2.5,0.011
2024-06-18T00:00:00+03:00,PM10,0.014
2024-06-18T00:00:00+03:00,PM2.5,0.009
2024-06-18T00:00:00+03:00,CO,0.22
2024-06-18T00:00:00+03:00,NO2,0.016
2024-06-18T00:00:00+03:00,OZ,0.0328
2024-06-18T00:00:00+03:00,NO,0.001
2024-06-18T00:00:00+03:00,SO2,0.0006
2024-06-19T00:00:00+03:00,OZ,0.0447
2024-06-19T00:00:00+03:00,NO,0.001
2024-06-19T00:00:00+03:00,SO2,0.0006
2024-06-19T00:00:00+03:00,PM2.5,0.008
2024-06-19T00:00:00+03:00,NO2,0.01
2024-06-19T00:00:00+03:00,PM10,0.015
2024-06-19T00:00:00+03:00,CO,0.11
2024-06-20T00:00:00+03:00,PM2.5,0.007
2024-06-20T00:00:00+03:00,SO2,0.0006
2024-06-20T00:00:00+03:00,OZ,0.0474
2024-06-20T00:00:00+03:00,NO2,0.019
2024-06-20T00:00:00+03:00,PM10,0.014
2024-06-20T00:00:00+03:00,NO,0.001
2024-06-20T00:00:00+03:00,CO,0.12
2024-06-21T00:00:00+03:00,NO2,0.017
2024-06-21T00:00:00+03:00,SO2,0.0008
2024-06-21T00:00:00+03:00,CO,0.05
2024-06-21T00:00:00+03:00,OZ,0.0438
2024-06-21T00:00:00+03:00,PM2.5,0.006
2024-06-21T00:00:00+03:00,NO,0.001
2024-06-21T00:00:00+03:00,PM10,0.014
2024-06-22T00:00:00+03:00,SO2,0.0009
2024-06-22T00:00:00+03:00,PM2.5,0.008
2024-06-22T00:00:00+03:00,NO2,0.027
2024-06-22T00:00:00+03:00,PM10,0.015
2024-06-22T00:00:00+03:00,NO,0.002
2024-06-22T00:00:00+03:00,OZ,0.0407
2024-06-22T00:00:00+03:00,CO,0.05
2024-06-23T00:00:00+03:00,PM10,0.021
2024-06-23T00:00:00+03:00,NO,0.016
2024-06-23T00:00:00+03:00,SO2,0.0014
2024-06-23T00:00:00+03:00,OZ,0.0383
2024-06-23T00:00:00+03:00,NO2,0.041
2024-06-23T00:00:00+03:00,PM2.5,0.01
2024-06-23T00:00:00+03:00,CO,0.19
2024-06-24T00:00:00+03:00,NO,0.003
2024-06-24T00:00:00+03:00,PM10,0.016
2024-06-24T00:00:00+03:00,CO,0.2
2024-06-24T00:00:00+03:00,PM2.5,0.008
2024-06-24T00:00:00+03:00,NO2,0.031
2024-06-24T00:00:00+03:00,SO2,0.0018
2024-06-24T00:00:00+03:00,OZ,0.0346
2024-06-25T00:00:00+03:00,SO2,0.0011
2024-06-25T00:00:00+03:00,NO2,0.025
2024-06-25T00:00:00+03:00,CO,0
2024-06-25T00:00:00+03:00,PM10,0.017
2024-06-25T00:00:00+03:00,NO,0.003
2024-06-25T00:00:00+03:00,OZ,0.0355
2024-06-25T00:00:00+03:00,PM2.5,0.008
2024-06-26T00:00:00+03:00,PM2.5,0.009
2024-06-26T00:00:00+03:00,PM10,0.021
2024-06-26T00:00:00+03:00,NO,0.009
2024-06-26T00:00:00+03:00,OZ,0.0326
2024-06-26T00:00:00+03:00,NO2,0.036
2024-06-26T00:00:00+03:00,CO,
2024-06-26T00:00:00+03:00,SO2,0.0008
2024-06-27T00:00:00+03:00,OZ,0.0294
2024-06-27T00:00:00+03:00,PM2.5,0.01
2024-06-27T00:00:00+03:00,CO,
2024-06-27T00:00:00+03:00,NO2,0.038
2024-06-27T00:00:00+03:00,SO2,0.001
2024-06-27T00:00:00+03:00,NO,0.016
2024-06-27T00:00:00+03:00,PM10,0.019
2024-06-28T00:00:00+03:00,PM10,0.027
2024-06-28T00:00:00+03:00,SO2,0.0018
2024-06-28T00:00:00+03:00,PM2.5,0.012
2024-06-28T00:00:00+03:00,NO2,0.059
2024-06-28T00:00:00+03:00,NO,0.01
2024-06-28T00:00:00+03:00,OZ,0.0474
2024-06-28T00:00:00+03:00,CO,
2024-06-29T00:00:00+03:00,CO,
2024-06-29T00:00:00+03:00,NO,0.006
2024-06-29T00:00:00+03:00,NO2,0.048
2024-06-29T00:00:00+03:00,SO2,0.0009
2024-06-29T00:00:00+03:00,PM2.5,0.014
2024-06-29T00:00:00+03:00,PM10,0.029
2024-06-29T00:00:00+03:00,OZ,0.0412
2024-06-30T00:00:00+03:00,CO,
2024-06-30T00:00:00+03:00,NO,0.01
2024-06-30T00:00:00+03:00,OZ,0.0484
2024-06-30T00:00:00+03:00,PM2.5,0.014
2024-06-30T00:00:00+03:00,PM10,0.027
2024-06-30T00:00:00+03:00,NO2,0.036
2024-06-30T00:00:00+03:00,SO2,0.0007
2024-07-01T00:00:00+03:00,OZ,0.0608
2024-07-01T00:00:00+03:00,NO2,0.042
2024-07-01T00:00:00+03:00,CO,
2024-07-01T00:00:00+03:00,PM2.5,0.014
2024-07-01T00:00:00+03:00,SO2,0.0005
2024-07-01T00:00:00+03:00,NO,0.004
2024-07-01T00:00:00+03:00,PM10,0.031
2024-07-02T00:00:00+03:00,NO2,0.025
2024-07-02T00:00:00+03:00,PM2.5,0.016
2024-07-02T00:00:00+03:00,SO2,0.0005
2024-07-02T00:00:00+03:00,NO,0.001
2024-07-02T00:00:00+03:00,OZ,0.0695
2024-07-02T00:00:00+03:00,CO,
2024-07-02T00:00:00+03:00,PM10,0.037
2024-07-03T00:00:00+03:00,NO2,0.024
2024-07-03T00:00:00+03:00,OZ,0.078
2024-07-03T00:00:00+03:00,NO,0.001
2024-07-03T00:00:00+03:00,PM10,0.039
2024-07-03T00:00:00+03:00,CO,
2024-07-03T00:00:00+03:00,SO2,0.0004
2024-07-03T00:00:00+03:00,PM2.5,0.015
2024-07-04T00:00:00+03:00,SO2,0.0015
2024-07-04T00:00:00+03:00,NO2,0.041
2024-07-04T00:00:00+03:00,NO,0.004
2024-07-04T00:00:00+03:00,PM10,0.033
2024-07-04T00:00:00+03:00,OZ,0.0655
2024-07-04T00:00:00+03:00,CO,
2024-07-04T00:00:00+03:00,PM2.5,0.013
2024-07-05T00:00:00+03:00,PM10,0.028
2024-07-05T00:00:00+03:00,CO,
2024-07-05T00:00:00+03:00,SO2,0.0008
2024-07-05T00:00:00+03:00,PM2.5,0.012
2024-07-05T00:00:00+03:00,NO,0.002
2024-07-05T00:00:00+03:00,OZ,0.0663
2024-07-05T00:00:00+03:00,NO2,0.036
2024-07-06T00:00:00+03:00,PM10,0.009
2024-07-06T00:00:00+03:00,NO,0.001
2024-07-06T00:00:00+03:00,PM2.5,0.005
2024-07-06T00:00:00+03:00,SO2,0.0001
2024-07-06T00:00:00+03:00,NO2,0.015
2024-07-06T00:00:00+03:00,CO,
2024-07-06T00:00:00+03:00,OZ,0.0459
2024-07-07T00:00:00+03:00,PM10,0.023
2024-07-07T00:00:00+03:00,CO,
2024-07-07T00:00:00+03:00,NO,0.002
2024-07-07T00:00:00+03:00,OZ,0.0651
2024-07-07T00:00:00+03:00,SO2,0.0004
2024-07-07T00:00:00+03:00,PM2.5,0.01
2024-07-07T00:00:00+03:00,NO2,0.035
2024-07-08T00:00:00+03:00,PM10,0.024
2024-07-08T00:00:00+03:00,OZ,0.0747
2024-07-08T00:00:00+03:00,CO,
2024-07-08T00:00:00+03:00,SO2,0.0017
2024-07-08T00:00:00+03:00,NO2,0.028
2024-07-08T00:00:00+03:00,NO,0.001
2024-07-08T00:00:00+03:00,PM2.5,0.011
2024-07-09T00:00:00+03:00,NO,0.001
2024-07-09T00:00:00+03:00,OZ,0.0723
2024-07-09T00:00:00+03:00,PM2.5,0.014
2024-07-09T00:00:00+03:00,SO2,0.001
2024-07-09T00:00:00+03:00,PM10,0.033
2024-07-09T00:00:00+03:00,CO,
2024-07-09T00:00:00+03:00,NO2,0.039
2024-07-10T00:00:00+03:00,OZ,0.0542
2024-07-10T00:00:00+03:00,SO2,0.0006
2024-07-10T00:00:00+03:00,PM2.5,0.006
2024-07-10T00:00:00+03:00,PM10,0.01
2024-07-10T00:00:00+03:00,CO,
2024-07-10T00:00:00+03:00,NO2,0.018
2024-07-10T00:00:00+03:00,NO,0.001
2024-07-11T00:00:00+03:00,NO,0.007
2024-07-11T00:00:00+03:00,PM10,0.019
2024-07-11T00:00:00+03:00,OZ,0.0316
2024-07-11T00:00:00+03:00,NO2,0.055
2024-07-11T00:00:00+03:00,PM2.5,0.009
2024-07-11T00:00:00+03:00,CO,
2024-07-11T00:00:00+03:00,SO2,0.001
2024-07-12T00:00:00+03:00,PM2.5,
2024-07-12T00:00:00+03:00,CO,
2024-07-12T00:00:00+03:00,SO2,
2024-07-12T00:00:00+03:00,PM10,
2024-07-12T00:00:00+03:00,NO,
2024-07-12T00:00:00+03:00,OZ,
2024-07-12T00:00:00+03:00,NO2,
2024-07-13T00:00:00+03:00,OZ,0.0666
2024-07-13T00:00:00+03:00,SO2,0.0008
2024-07-13T00:00:00+03:00,PM2.5,0.017
2024-07-13T00:00:00+03:00,CO,
2024-07-13T00:00:00+03:00,NO2,0.045
2024-07-13T00:00:00+03:00,NO,0.001
2024-07-13T00:00:00+03:00,PM10,0.037
2024-07-14T00:00:00+03:00,OZ,0.0548
2024-07-14T00:00:00+03:00,SO2,0.0002
2024-07-14T00:00:00+03:00,PM10,0.026
2024-07-14T00:00:00+03:00,NO,0.001
2024-07-14T00:00:00+03:00,PM2.5,0.015
2024-07-14T00:00:00+03:00,CO,
2024-07-14T00:00:00+03:00,NO2,0.049
2024-07-15T00:00:00+03:00,PM10,0.031
2024-07-15T00:00:00+03:00,CO,
2024-07-15T00:00:00+03:00,NO,0.004
2024-07-15T00:00:00+03:00,NO2,0.056
2024-07-15T00:00:00+03:00,PM2.5,0.017
2024-07-15T00:00:00+03:00,OZ,0.0492
2024-07-15T00:00:00+03:00,SO2,0.0002
2024-07-16T00:00:00+03:00,PM10,0.024
2024-07-16T00:00:00+03:00,OZ,0.0408
2024-07-16T00:00:00+03:00,SO2,0
2024-07-16T00:00:00+03:00,NO2,0.034
2024-07-16T00:00:00+03:00,CO,
2024-07-16T00:00:00+03:00,NO,0.003
2024-07-16T00:00:00+03:00,PM2.5,0.012
2024-07-17T00:00:00+03:00,PM2.5,0.01
2024-07-17T00:00:00+03:00,OZ,0.0532
2024-07-17T00:00:00+03:00,SO2,0.0007
2024-07-17T00:00:00+03:00,CO,
2024-07-17T00:00:00+03:00,NO2,0.047
2024-07-17T00:00:00+03:00,PM10,0.025
2024-07-17T00:00:00+03:00,NO,0.003
2024-07-18T00:00:00+03:00,OZ,0.0341
2024-07-18T00:00:00+03:00,PM10,0.029
2024-07-18T00:00:00+03:00,NO2,0.057
2024-07-18T00:00:00+03:00,NO,0.005
2024-07-18T00:00:00+03:00,PM2.5,0.016
2024-07-18T00:00:00+03:00,CO,
2024-07-18T00:00:00+03:00,SO2,0.0005
2024-07-19T00:00:00+03:00,SO2,0
2024-07-19T00:00:00+03:00,NO2,0.047
2024-07-19T00:00:00+03:00,PM10,0.022
2024-07-19T00:00:00+03:00,NO,0.003
2024-07-19T00:00:00+03:00,CO,
2024-07-19T00:00:00+03:00,OZ,0.0312
2024-07-19T00:00:00+03:00,PM2.5,0.01
2024-07-20T00:00:00+03:00,PM10,0.015
2024-07-20T00:00:00+03:00,SO2,0
2024-07-20T00:00:00+03:00,NO,0.002
2024-07-20T00:00:00+03:00,PM2.5,0.006
2024-07-20T00:00:00+03:00,CO,
2024-07-20T00:00:00+03:00,OZ,0.0319
2024-07-20T00:00:00+03:00,NO2,0.027
2024-07-21T00:00:00+03:00,CO,
2024-07-21T00:00:00+03:00,NO,0.003
2024-07-21T00:00:00+03:00,PM2.5,0.007
2024-07-21T00:00:00+03:00,PM10,0.015
2024-07-21T00:00:00+03:00,NO2,0.026
2024-07-21T00:00:00+03:00,SO2,0
2024-07-21T00:00:00+03:00,OZ,0.0299
2024-07-22T00:00:00+03:00,SO2,0.0002
2024-07-22T00:00:00+03:00,OZ,0.0099
2024-07-22T00:00:00+03:00,NO2,0.04
2024-07-22T00:00:00+03:00,NO,0.012
2024-07-22T00:00:00+03:00,PM2.5,0.009
2024-07-22T00:00:00+03:00,CO,
2024-07-22T00:00:00+03:00,PM10,0.016
2024-07-23T00:00:00+03:00,NO2,0.023
2024-07-23T00:00:00+03:00,NO,0.003
2024-07-23T00:00:00+03:00,PM10,0.017
2024-07-23T00:00:00+03:00,PM2.5,0.008
2024-07-23T00:00:00+03:00,CO,
2024-07-23T00:00:00+03:00,SO2,0.0008
2024-07-23T00:00:00+03:00,OZ,0.0311
2024-07-24T00:00:00+03:00,NO,0.005
2024-07-24T00:00:00+03:00,CO,0.13
2024-07-24T00:00:00+03:00,OZ,0.0327
2024-07-24T00:00:00+03:00,SO2,0.0014
2024-07-24T00:00:00+03:00,PM10,0.019
2024-07-24T00:00:00+03:00,PM2.5,0.01
2024-07-24T00:00:00+03:00,NO2,0.038
2024-07-25T00:00:00+03:00,OZ,0.0329
2024-07-25T00:00:00+03:00,PM10,0.02
2024-07-25T00:00:00+03:00,NO2,0.033
2024-07-25T00:00:00+03:00,PM2.5,0.01
2024-07-25T00:00:00+03:00,SO2,0.0013
2024-07-25T00:00:00+03:00,CO,0.16
2024-07-25T00:00:00+03:00,NO,0.007
2024-07-26T00:00:00+03:00,PM10,0.019
2024-07-26T00:00:00+03:00,PM2.5,0.01
2024-07-26T00:00:00+03:00,SO2,0.0017
2024-07-26T00:00:00+03:00,NO2,0.032
2024-07-26T00:00:00+03:00,NO,0.003
2024-07-26T00:00:00+03:00,OZ,0.0352
2024-07-26T00:00:00+03:00,CO,0.17
2024-07-27T00:00:00+03:00,OZ,0.0388
2024-07-27T00:00:00+03:00,PM10,0.03
2024-07-27T00:00:00+03:00,SO2,0.0017
2024-07-27T00:00:00+03:00,PM2.5,0.014
2024-07-27T00:00:00+03:00,CO,0.39
2024-07-27T00:00:00+03:00,NO,0.031
2024-07-27T00:00:00+03:00,NO2,0.041
2024-07-28T00:00:00+03:00,NO,0.002
2024-07-28T00:00:00+03:00,PM10,0.019
2024-07-28T00:00:00+03:00,SO2,0.0004
2024-07-28T00:00:00+03:00,NO2,0.023
2024-07-28T00:00:00+03:00,CO,0.09
2024-07-28T00:00:00+03:00,OZ,0.0409
2024-07-28T00:00:00+03:00,PM2.5,0.009
2024-07-29T00:00:00+03:00,NO,0.005
2024-07-29T00:00:00+03:00,OZ,0.0269
2024-07-29T00:00:00+03:00,PM10,0.016
2024-07-29T00:00:00+03:00,CO,0.13
2024-07-29T00:00:00+03:00,SO2,0.0003
2024-07-29T00:00:00+03:00,NO2,0.035
2024-07-29T00:00:00+03:00,PM2.5,0.007
2024-07-30T00:00:00+03:00,CO,0.1
2024-07-30T00:00:00+03:00,PM10,0.019
2024-07-30T00:00:00+03:00,NO2,0.034
2024-07-30T00:00:00+03:00,NO,0.006
2024-07-30T00:00:00+03:00,PM2.5,0.008
2024-07-30T00:00:00+03:00,OZ,0.0214
2024-07-30T00:00:00+03:00,SO2,0.0007
2024-07-31T00:00:00+03:00,CO,0.13
2024-07-31T00:00:00+03:00,NO2,0.022
2024-07-31T00:00:00+03:00,PM10,0.013
2024-07-31T00:00:00+03:00,OZ,0.0199
2024-07-31T00:00:00+03:00,NO,0.004
2024-07-31T00:00:00+03:00,PM2.5,0.007
2024-07-31T00:00:00+03:00,SO2,0.0003
2024-08-01T00:00:00+03:00,NO,0.004
2024-08-01T00:00:00+03:00,SO2,0.0004
2024-08-01T00:00:00+03:00,PM10,0.013
2024-08-01T00:00:00+03:00,PM2.5,0.006
2024-08-01T00:00:00+03:00,NO2,0.031
2024-08-01T00:00:00+03:00,OZ,0.026
2024-08-01T00:00:00+03:00,CO,0.2
2024-08-02T00:00:00+03:00,SO2,0.0005
2024-08-02T00:00:00+03:00,NO2,0.018
2024-08-02T00:00:00+03:00,PM10,0.013
2024-08-02T00:00:00+03:00,NO,0.004
2024-08-02T00:00:00+03:00,CO,0.12
2024-08-02T00:00:00+03:00,OZ,0.023
2024-08-02T00:00:00+03:00,PM2.5,0.006
2024-08-03T00:00:00+03:00,SO2,0.0006
2024-08-03T00:00:00+03:00,NO,0.006
2024-08-03T00:00:00+03:00,OZ,0.016
2024-08-03T00:00:00+03:00,PM10,0.017
2024-08-03T00:00:00+03:00,NO2,0.022
2024-08-03T00:00:00+03:00,PM2.5,0.007
2024-08-03T00:00:00+03:00,CO,0.12
2024-08-04T00:00:00+03:00,PM2.5,0.008
2024-08-04T00:00:00+03:00,CO,0.25
2024-08-04T00:00:00+03:00,SO2,0.0006
2024-08-04T00:00:00+03:00,NO,0.008
2024-08-04T00:00:00+03:00,PM10,0.016
2024-08-04T00:00:00+03:00,OZ,0.0234
2024-08-04T00:00:00+03:00,NO2,0.027
2024-08-05T00:00:00+03:00,SO2,0.0006
2024-08-05T00:00:00+03:00,CO,0.15
2024-08-05T00:00:00+03:00,OZ,0.0218
2024-08-05T00:00:00+03:00,NO,0.007
2024-08-05T00:00:00+03:00,PM10,0.02
2024-08-05T00:00:00+03:00,NO2,0.035
2024-08-05T00:00:00+03:00,PM2.5,0.009
2024-08-06T00:00:00+03:00,PM2.5,0.015
2024-08-06T00:00:00+03:00,SO2,0.0011
2024-08-06T00:00:00+03:00,OZ,0.0177
2024-08-06T00:00:00+03:00,NO,0.024
2024-08-06T00:00:00+03:00,CO,0.39
2024-08-06T00:00:00+03:00,NO2,0.047
2024-08-06T00:00:00+03:00,PM10,0.033
2024-08-07T00:00:00+03:00,PM2.5,0.016
2024-08-07T00:00:00+03:00,NO2,0.05
2024-08-07T00:00:00+03:00,OZ,0.012
2024-08-07T00:00:00+03:00,NO,0.035
2024-08-07T00:00:00+03:00,CO,0.37
2024-08-07T00:00:00+03:00,PM10,0.027
2024-08-07T00:00:00+03:00,SO2,0.0014
2024-08-08T00:00:00+03:00,SO2,0.001
2024-08-08T00:00:00+03:00,CO,0.24
2024-08-08T00:00:00+03:00,OZ,0.0067
2024-08-08T00:00:00+03:00,PM10,0.023
2024-08-08T00:00:00+03:00,PM2.5,0.017
2024-08-08T00:00:00+03:00,NO2,0.041
2024-08-08T00:00:00+03:00,NO,0.021
2024-08-09T00:00:00+03:00,NO2,0.034
2024-08-09T00:00:00+03:00,PM10,0.017
2024-08-09T00:00:00+03:00,NO,0.018
2024-08-09T00:00:00+03:00,PM2.5,0.01
2024-08-09T00:00:00+03:00,CO,0.35
2024-08-09T00:00:00+03:00,SO2,0.001
2024-08-09T00:00:00+03:00,OZ,0.0122
2024-08-10T00:00:00+03:00,NO2,0.027
2024-08-10T00:00:00+03:00,PM10,0.019
2024-08-10T00:00:00+03:00,PM2.5,0.009
2024-08-10T00:00:00+03:00,CO,0.26
2024-08-10T00:00:00+03:00,SO2,0.0011
2024-08-10T00:00:00+03:00,NO,0.022
2024-08-10T00:00:00+03:00,OZ,0.0265
2024-08-11T00:00:00+03:00,NO2,0.018
2024-08-11T00:00:00+03:00,PM10,0.014
2024-08-11T00:00:00+03:00,NO,0.002
2024-08-11T00:00:00+03:00,CO,0.14
2024-08-11T00:00:00+03:00,OZ,0.0304
2024-08-11T00:00:00+03:00,PM2.5,0.006
2024-08-11T00:00:00+03:00,SO2,0.0006
2024-08-12T00:00:00+03:00,PM2.5,0.005
2024-08-12T00:00:00+03:00,NO2,0.015
2024-08-12T00:00:00+03:00,OZ,0.0246
2024-08-12T00:00:00+03:00,CO,0.18
2024-08-12T00:00:00+03:00,NO,0.003
2024-08-12T00:00:00+03:00,SO2,0.0005
2024-08-12T00:00:00+03:00,PM10,0.011
2024-08-13T00:00:00+03:00,PM10,0.014
2024-08-13T00:00:00+03:00,NO2,0.023
2024-08-13T00:00:00+03:00,NO,0.005
2024-08-13T00:00:00+03:00,SO2,0.0006
2024-08-13T00:00:00+03:00,PM2.5,0.007
2024-08-13T00:00:00+03:00,OZ,0.0193
2024-08-13T00:00:00+03:00,CO,0.17
2024-08-14T00:00:00+03:00,CO,0.21
2024-08-14T00:00:00+03:00,SO2,0.0006
2024-08-14T00:00:00+03:00,OZ,0.0309
2024-08-14T00:00:00+03:00,NO2,0.022
2024-08-14T00:00:00+03:00,NO,0.003
2024-08-14T00:00:00+03:00,PM10,0.015
2024-08-14T00:00:00+03:00,PM2.5,0.007
2024-08-15T00:00:00+03:00,CO,0.09
2024-08-15T00:00:00+03:00,NO,0.006
2024-08-15T00:00:00+03:00,OZ,0.0298
2024-08-15T00:00:00+03:00,PM2.5,0.009
2024-08-15T00:00:00+03:00,SO2,0.0009
2024-08-15T00:00:00+03:00,PM10,0.02
2024-08-15T00:00:00+03:00,NO2,0.034
2024-08-16T00:00:00+03:00,OZ,0.0283
2024-08-16T00:00:00+03:00,CO,0.17
2024-08-16T00:00:00+03:00,NO2,0.038
2024-08-16T00:00:00+03:00,NO,0.006
2024-08-16T00:00:00+03:00,PM10,0.023
2024-08-16T00:00:00+03:00,SO2,0.0009
2024-08-16T00:00:00+03:00,PM2.5,0.011
2024-08-17T00:00:00+03:00,CO,0.21
2024-08-17T00:00:00+03:00,NO,0.008
2024-08-17T00:00:00+03:00,PM10,0.031
2024-08-17T00:00:00+03:00,SO2,0.0007
2024-08-17T00:00:00+03:00,OZ,0.0246
2024-08-17T00:00:00+03:00,NO2,0.042
2024-08-17T00:00:00+03:00,PM2.5,0.014
2024-08-18T00:00:00+03:00,SO2,0.0003
2024-08-18T00:00:00+03:00,PM10,0.021
2024-08-18T00:00:00+03:00,PM2.5,0.01
2024-08-18T00:00:00+03:00,CO,0.14
2024-08-18T00:00:00+03:00,OZ,0.0399
2024-08-18T00:00:00+03:00,NO,0.001
2024-08-18T00:00:00+03:00,NO2,0.022
2024-08-19T00:00:00+03:00,CO,0.43
2024-08-19T00:00:00+03:00,PM10,0.054
2024-08-19T00:00:00+03:00,NO,0.032
2024-08-19T00:00:00+03:00,OZ,0.0275
2024-08-19T00:00:00+03:00,SO2,0.0013
2024-08-19T00:00:00+03:00,NO2,0.051
2024-08-19T00:00:00+03:00,PM2.5,0.018
2024-08-20T00:00:00+03:00,SO2,0.0004
2024-08-20T00:00:00+03:00,OZ,0.0264
2024-08-20T00:00:00+03:00,PM2.5,0.01
2024-08-20T00:00:00+03:00,CO,0.18
2024-08-20T00:00:00+03:00,PM10,0.02
2024-08-20T00:00:00+03:00,NO2,0.032
2024-08-20T00:00:00+03:00,NO,0.003
2024-08-21T00:00:00+03:00,SO2,0.0011
2024-08-21T00:00:00+03:00,OZ,0.0272
2024-08-21T00:00:00+03:00,PM2.5,0.008
2024-08-21T00:00:00+03:00,NO,0.004
2024-08-21T00:00:00+03:00,CO,0.26
2024-08-21T00:00:00+03:00,PM10,0.019
2024-08-21T00:00:00+03:00,NO2,0.035
2024-08-22T00:00:00+03:00,PM10,0.035
2024-08-22T00:00:00+03:00,OZ,0.0282
2024-08-22T00:00:00+03:00,SO2,0.002
2024-08-22T00:00:00+03:00,NO2,0.038
2024-08-22T00:00:00+03:00,NO,0.005
2024-08-22T00:00:00+03:00,CO,0.17
2024-08-22T00:00:00+03:00,PM2.5,0.012
2024-08-23T00:00:00+03:00,CO,0.24
2024-08-23T00:00:00+03:00,PM10,0.027
2024-08-23T00:00:00+03:00,OZ,0.0256
2024-08-23T00:00:00+03:00,NO2,0.041
2024-08-23T00:00:00+03:00,SO2,0.0016
2024-08-23T00:00:00+03:00,NO,0.005
2024-08-23T00:00:00+03:00,PM2.5,0.012
2024-08-24T00:00:00+03:00,NO2,0.039
2024-08-24T00:00:00+03:00,PM10,0.021
2024-08-24T00:00:00+03:00,SO2,0.0006
2024-08-24T00:00:00+03:00,NO,0.007
2024-08-24T00:00:00+03:00,PM2.5,0.009
2024-08-24T00:00:00+03:00,CO,0.17
2024-08-24T00:00:00+03:00,OZ,0.02
2024-08-25T00:00:00+03:00,PM2.5,0.017
2024-08-25T00:00:00+03:00,PM10,0.036
2024-08-25T00:00:00+03:00,CO,0.4
2024-08-25T00:00:00+03:00,OZ,0.0321
2024-08-25T00:00:00+03:00,NO2,0.05
2024-08-25T00:00:00+03:00,SO2,0.0008
2024-08-25T00:00:00+03:00,NO,0.009
2024-08-26T00:00:00+03:00,SO2,0.0008
2024-08-26T00:00:00+03:00,NO2,0.07
2024-08-26T00:00:00+03:00,PM10,0.049
2024-08-26T00:00:00+03:00,PM2.5,0.019
2024-08-26T00:00:00+03:00,CO,0.31
2024-08-26T00:00:00+03:00,OZ,0.037
2024-08-26T00:00:00+03:00,NO,0.012
2024-08-27T00:00:00+03:00,PM2.5,0.018
2024-08-27T00:00:00+03:00,SO2,
2024-08-27T00:00:00+03:00,OZ,0.0499
2024-08-27T00:00:00+03:00,CO,0.38
2024-08-27T00:00:00+03:00,NO,0.003
2024-08-27T00:00:00+03:00,PM10,0.046
2024-08-27T00:00:00+03:00,NO2,0.054
2024-08-28T00:00:00+03:00,SO2,
2024-08-28T00:00:00+03:00,CO,0.36
2024-08-28T00:00:00+03:00,OZ,0.0262
2024-08-28T00:00:00+03:00,NO,0.01
2024-08-28T00:00:00+03:00,NO2,0.057
2024-08-28T00:00:00+03:00,PM2.5,0.018
2024-08-28T00:00:00+03:00,PM10,0.037
2024-08-29T00:00:00+03:00,NO2,0.047
2024-08-29T00:00:00+03:00,PM2.5,0.016
2024-08-29T00:00:00+03:00,OZ,0.0327
2024-08-29T00:00:00+03:00,PM10,0.031
2024-08-29T00:00:00+03:00,CO,0.23
2024-08-29T00:00:00+03:00,NO,0.004
2024-08-29T00:00:00+03:00,SO2,
2024-08-30T00:00:00+03:00,NO,0.01
2024-08-30T00:00:00+03:00,CO,0.39
2024-08-30T00:00:00+03:00,SO2,
2024-08-30T00:00:00+03:00,PM10,0.045
2024-08-30T00:00:00+03:00,PM2.5,0.022
2024-08-30T00:00:00+03:00,NO2,0.063
2024-08-30T00:00:00+03:00,OZ,0.0304
2024-08-31T00:00:00+03:00,PM10,0.041
2024-08-31T00:00:00+03:00,SO2,
2024-08-31T00:00:00+03:00,CO,0.22
2024-08-31T00:00:00+03:00,NO,0.003
2024-08-31T00:00:00+03:00,OZ,0.0327
2024-08-31T00:00:00+03:00,NO2,0.045
2024-08-31T00:00:00+03:00,PM2.5,0.02
2024-09-01T00:00:00+03:00,PM10,0.043
2024-09-01T00:00:00+03:00,SO2,
2024-09-01T00:00:00+03:00,PM2.5,0.02
2024-09-01T00:00:00+03:00,CO,0.35
2024-09-01T00:00:00+03:00,OZ,0.044
2024-09-01T00:00:00+03:00,NO,0.001
2024-09-01T00:00:00+03:00,NO2,0.036
2024-09-02T00:00:00+03:00,CO,0.31
2024-09-02T00:00:00+03:00,PM10,0.032
2024-09-02T00:00:00+03:00,PM2.5,0.013
2024-09-02T00:00:00+03:00,SO2,
2024-09-02T00:00:00+03:00,NO,0.003
2024-09-02T00:00:00+03:00,OZ,0.0365
2024-09-02T00:00:00+03:00,NO2,0.04
2024-09-03T00:00:00+03:00,NO,0.011
2024-09-03T00:00:00+03:00,PM10,0.037
2024-09-03T00:00:00+03:00,NO2,0.063
2024-09-03T00:00:00+03:00,OZ,0.0299
2024-09-03T00:00:00+03:00,CO,0.31
2024-09-03T00:00:00+03:00,PM2.5,0.016
2024-09-03T00:00:00+03:00,SO2,
2024-09-04T00:00:00+03:00,NO,0.003
2024-09-04T00:00:00+03:00,OZ,0.0283
2024-09-04T00:00:00+03:00,SO2,
2024-09-04T00:00:00+03:00,NO2,0.035
2024-09-04T00:00:00+03:00,CO,0.19
2024-09-04T00:00:00+03:00,PM2.5,0.012
2024-09-04T00:00:00+03:00,PM10,0.026
2024-09-05T00:00:00+03:00,PM2.5,0.009
2024-09-05T00:00:00+03:00,PM10,0.025
2024-09-05T00:00:00+03:00,CO,0.22
2024-09-05T00:00:00+03:00,SO2,
2024-09-05T00:00:00+03:00,NO2,0.04
2024-09-05T00:00:00+03:00,NO,0.004
2024-09-05T00:00:00+03:00,OZ,0.0264
2024-09-06T00:00:00+03:00,CO,0.38
2024-09-06T00:00:00+03:00,SO2,
2024-09-06T00:00:00+03:00,PM10,0.035
2024-09-06T00:00:00+03:00,NO,0.022
2024-09-06T00:00:00+03:00,OZ,0.0149
2024-09-06T00:00:00+03:00,NO2,0.068
2024-09-06T00:00:00+03:00,PM2.5,0.014
2024-09-07T00:00:00+03:00,NO,0.088
2024-09-07T00:00:00+03:00,PM2.5,0.023
2024-09-07T00:00:00+03:00,CO,0.94
2024-09-07T00:00:00+03:00,NO2,0.097
2024-09-07T00:00:00+03:00,PM10,0.055
2024-09-07T00:00:00+03:00,OZ,0.0122
2024-09-07T00:00:00+03:00,SO2,
2024-09-08T00:00:00+03:00,OZ,0.0267
2024-09-08T00:00:00+03:00,NO2,0.086
2024-09-08T00:00:00+03:00,PM10,0.049
2024-09-08T00:00:00+03:00,CO,0.87
2024-09-08T00:00:00+03:00,SO2,
2024-09-08T00:00:00+03:00,NO,0.082
2024-09-08T00:00:00+03:00,PM2.5,0.022
2024-09-09T00:00:00+03:00,NO2,0.062
2024-09-09T00:00:00+03:00,CO,0.39
2024-09-09T00:00:00+03:00,NO,0.019
2024-09-09T00:00:00+03:00,OZ,0.0274
2024-09-09T00:00:00+03:00,PM2.5,0.019
2024-09-09T00:00:00+03:00,PM10,0.039
2024-09-09T00:00:00+03:00,SO2,
2024-09-10T00:00:00+03:00,OZ,0.0266
2024-09-10T00:00:00+03:00,PM10,0.04
2024-09-10T00:00:00+03:00,SO2,0.0023
2024-09-10T00:00:00+03:00,CO,0.21
2024-09-10T00:00:00+03:00,NO,0.004
2024-09-10T00:00:00+03:00,PM2.5,0.016
2024-09-10T00:00:00+03:00,NO2,0.046
2024-09-11T00:00:00+03:00,SO2,0.002
2024-09-11T00:00:00+03:00,NO,0.002
2024-09-11T00:00:00+03:00,OZ,0.0249
2024-09-11T00:00:00+03:00,PM2.5,0.014
2024-09-11T00:00:00+03:00,NO2,0.036
2024-09-11T00:00:00+03:00,CO,0.26
2024-09-11T00:00:00+03:00,PM10,0.046
2024-09-12T00:00:00+03:00,NO2,0.041
2024-09-12T00:00:00+03:00,PM10,0.052
2024-09-12T00:00:00+03:00,OZ,0.021
2024-09-12T00:00:00+03:00,SO2,0.0028
2024-09-12T00:00:00+03:00,PM2.5,0.015
2024-09-12T00:00:00+03:00,CO,0.27
2024-09-12T00:00:00+03:00,NO,0.003
2024-09-13T00:00:00+03:00,PM2.5,0.015
2024-09-13T00:00:00+03:00,SO2,0.0029
2024-09-13T00:00:00+03:00,PM10,0.052
2024-09-13T00:00:00+03:00,OZ,0.0364
2024-09-13T00:00:00+03:00,CO,0.14
2024-09-13T00:00:00+03:00,NO,0.001
2024-09-13T00:00:00+03:00,NO2,0.028
2024-09-14T00:00:00+03:00,SO2,0.0034
2024-09-14T00:00:00+03:00,PM10,
2024-09-14T00:00:00+03:00,NO2,0.033
2024-09-14T00:00:00+03:00,CO,0.1
2024-09-14T00:00:00+03:00,OZ,0.0328
2024-09-14T00:00:00+03:00,NO,0.002
2024-09-14T00:00:00+03:00,PM2.5,
2024-09-15T00:00:00+03:00,CO,0.19
2024-09-15T00:00:00+03:00,PM2.5,
2024-09-15T00:00:00+03:00,NO,0.004
2024-09-15T00:00:00+03:00,NO2,0.039
2024-09-15T00:00:00+03:00,OZ,0.0305
2024-09-15T00:00:00+03:00,SO2,0.0034
2024-09-15T00:00:00+03:00,PM10,
2024-09-16T00:00:00+03:00,CO,0.4
2024-09-16T00:00:00+03:00,OZ,0.0219
2024-09-16T00:00:00+03:00,PM2.5,
2024-09-16T00:00:00+03:00,SO2,0.0033
2024-09-16T00:00:00+03:00,NO2,0.084
2024-09-16T00:00:00+03:00,NO,0.039
2024-09-16T00:00:00+03:00,PM10,
2024-09-17T00:00:00+03:00,PM10,
2024-09-17T00:00:00+03:00,SO2,0.0056
2024-09-17T00:00:00+03:00,NO2,
2024-09-17T00:00:00+03:00,OZ,0.0203
2024-09-17T00:00:00+03:00,NO,
2024-09-17T00:00:00+03:00,PM2.5,
2024-09-17T00:00:00+03:00,CO,0.41
2024-09-18T00:00:00+03:00,SO2,0.0038
2024-09-18T00:00:00+03:00,CO,0.55
2024-09-18T00:00:00+03:00,NO2,
2024-09-18T00:00:00+03:00,NO,
2024-09-18T00:00:00+03:00,PM2.5,
2024-09-18T00:00:00+03:00,OZ,0.0184
2024-09-18T00:00:00+03:00,PM10,
2024-09-19T00:00:00+03:00,NO,
2024-09-19T00:00:00+03:00,OZ,0.0241
2024-09-19T00:00:00+03:00,PM10,
2024-09-19T00:00:00+03:00,SO2,0.0023
2024-09-19T00:00:00+03:00,NO2,
2024-09-19T00:00:00+03:00,CO,0.37
2024-09-19T00:00:00+03:00,PM2.5,
2024-09-20T00:00:00+03:00,PM10,0.018
2024-09-20T00:00:00+03:00,CO,0.17
2024-09-20T00:00:00+03:00,OZ,0.0153
2024-09-20T00:00:00+03:00,SO2,0.0014
2024-09-20T00:00:00+03:00,NO,
2024-09-20T00:00:00+03:00,NO2,
2024-09-20T00:00:00+03:00,PM2.5,0.007
2024-09-21T00:00:00+03:00,PM2.5,0.007
2024-09-21T00:00:00+03:00,NO,
2024-09-21T00:00:00+03:00,CO,0.15
2024-09-21T00:00:00+03:00,PM10,0.017
2024-09-21T00:00:00+03:00,NO2,
2024-09-21T00:00:00+03:00,OZ,0.0206
2024-09-21T00:00:00+03:00,SO2,0.0011
2024-09-22T00:00:00+03:00,CO,0.18
2024-09-22T00:00:00+03:00,SO2,0.0011
2024-09-22T00:00:00+03:00,OZ,0.0304
2024-09-22T00:00:00+03:00,NO,
2024-09-22T00:00:00+03:00,PM10,0.012
2024-09-22T00:00:00+03:00,PM2.5,0.005
2024-09-22T00:00:00+03:00,NO2,
2024-09-23T00:00:00+03:00,PM2.5,0.012
2024-09-23T00:00:00+03:00,SO2,0.0028
2024-09-23T00:00:00+03:00,CO,0.46
2024-09-23T00:00:00+03:00,NO,
2024-09-23T00:00:00+03:00,PM10,0.028
2024-09-23T00:00:00+03:00,OZ,0.0143
2024-09-23T00:00:00+03:00,NO2,
2024-09-24T00:00:00+03:00,NO,
2024-09-24T00:00:00+03:00,OZ,0.0353
2024-09-24T00:00:00+03:00,CO,0.22
2024-09-24T00:00:00+03:00,NO2,
2024-09-24T00:00:00+03:00,PM10,0.037
2024-09-24T00:00:00+03:00,PM2.5,0.013
2024-09-24T00:00:00+03:00,SO2,0.0028
2024-09-25T00:00:00+03:00,NO,
2024-09-25T00:00:00+03:00,SO2,0.0025
2024-09-25T00:00:00+03:00,OZ,0.0394
2024-09-25T00:00:00+03:00,CO,0.18
2024-09-25T00:00:00+03:00,PM10,0.051
2024-09-25T00:00:00+03:00,PM2.5,0.016
2024-09-25T00:00:00+03:00,NO2,
2024-09-26T00:00:00+03:00,PM2.5,0.015
2024-09-26T00:00:00+03:00,NO,
2024-09-26T00:00:00+03:00,OZ,0.0418
2024-09-26T00:00:00+03:00,NO2,
2024-09-26T00:00:00+03:00,SO2,0.0026
2024-09-26T00:00:00+03:00,PM10,0.057
2024-09-26T00:00:00+03:00,CO,0.21
2024-09-27T00:00:00+03:00,PM2.5,0.014
2024-09-27T00:00:00+03:00,SO2,0.0017
2024-09-27T00:00:00+03:00,CO,0.07
2024-09-27T00:00:00+03:00,NO,
2024-09-27T00:00:00+03:00,PM10,0.055
2024-09-27T00:00:00+03:00,NO2,
2024-09-27T00:00:00+03:00,OZ,0.034
2024-09-28T00:00:00+03:00,NO2,
2024-09-28T00:00:00+03:00,SO2,0.0008
2024-09-28T00:00:00+03:00,NO,
2024-09-28T00:00:00+03:00,CO,0.14
2024-09-28T00:00:00+03:00,OZ,0.0321
2024-09-28T00:00:00+03:00,PM10,0.036
2024-09-28T00:00:00+03:00,PM2.5,0.017
2024-09-29T00:00:00+03:00,OZ,0.0253
2024-09-29T00:00:00+03:00,NO2,
2024-09-29T00:00:00+03:00,PM10,0.035
2024-09-29T00:00:00+03:00,SO2,0.0006
2024-09-29T00:00:00+03:00,PM2.5,0.017
2024-09-29T00:00:00+03:00,CO,0.22
2024-09-29T00:00:00+03:00,NO,
2024-09-30T00:00:00+03:00,NO2,0.019
2024-09-30T00:00:00+03:00,PM10,0.012
2024-09-30T00:00:00+03:00,NO,0.002
2024-09-30T00:00:00+03:00,CO,0.2
2024-09-30T00:00:00+03:00,OZ,0.0221
2024-09-30T00:00:00+03:00,SO2,0.0008
2024-09-30T00:00:00+03:00,PM2.5,0.005
2024-10-01T00:00:00+03:00,PM2.5,0.009
2024-10-01T00:00:00+03:00,OZ,0.0169
2024-10-01T00:00:00+03:00,NO,0.006
2024-10-01T00:00:00+03:00,CO,0.18
2024-10-01T00:00:00+03:00,PM10,0.024
2024-10-01T00:00:00+03:00,SO2,0.0016
2024-10-01T00:00:00+03:00,NO2,0.029
2024-10-02T00:00:00+03:00,NO,0.008
2024-10-02T00:00:00+03:00,SO2,0.0036
2024-10-02T00:00:00+03:00,PM2.5,0.023
2024-10-02T00:00:00+03:00,OZ,0.0147
2024-10-02T00:00:00+03:00,PM10,0.054
2024-10-02T00:00:00+03:00,CO,0.37
2024-10-02T00:00:00+03:00,NO2,0.056
2024-10-03T00:00:00+03:00,PM10,0.045
2024-10-03T00:00:00+03:00,OZ,0.0225
2024-10-03T00:00:00+03:00,NO2,0.056
2024-10-03T00:00:00+03:00,SO2,0.0038
2024-10-03T00:00:00+03:00,NO,0.01
2024-10-03T00:00:00+03:00,PM2.5,0.019
2024-10-03T00:00:00+03:00,CO,0.33
2024-10-04T00:00:00+03:00,PM2.5,0.025
2024-10-04T00:00:00+03:00,CO,0.24
2024-10-04T00:00:00+03:00,SO2,0.0016
2024-10-04T00:00:00+03:00,NO,0.005
2024-10-04T00:00:00+03:00,OZ,0.0128
2024-10-04T00:00:00+03:00,PM10,0.046
2024-10-04T00:00:00+03:00,NO2,0.054
2024-10-05T00:00:00+03:00,CO,0.32
2024-10-05T00:00:00+03:00,OZ,0.0102
2024-10-05T00:00:00+03:00,NO2,0.026
2024-10-05T00:00:00+03:00,SO2,0.0009
2024-10-05T00:00:00+03:00,PM10,0.021
2024-10-05T00:00:00+03:00,PM2.5,0.015
2024-10-05T00:00:00+03:00,NO,0.005
2024-10-06T00:00:00+03:00,CO,0.2
2024-10-06T00:00:00+03:00,SO2,0.0014
2024-10-06T00:00:00+03:00,NO2,0.028
2024-10-06T00:00:00+03:00,OZ,0.0119
2024-10-06T00:00:00+03:00,PM2.5,0.009
2024-10-06T00:00:00+03:00,NO,0.004
2024-10-06T00:00:00+03:00,PM10,0.014
2024-10-07T00:00:00+03:00,SO2,0.0015
2024-10-07T00:00:00+03:00,NO2,0.029
2024-10-07T00:00:00+03:00,NO,0.038
2024-10-07T00:00:00+03:00,OZ,0.0045
2024-10-07T00:00:00+03:00,PM10,0.033
2024-10-07T00:00:00+03:00,CO,0.48
2024-10-07T00:00:00+03:00,PM2.5,0.02
2024-10-08T00:00:00+03:00,PM2.5,0.017
2024-10-08T00:00:00+03:00,SO2,0.0008
2024-10-08T00:00:00+03:00,OZ,0.0025
2024-10-08T00:00:00+03:00,CO,0.38
2024-10-08T00:00:00+03:00,NO2,0.029
2024-10-08T00:00:00+03:00,PM10,0.026
2024-10-08T00:00:00+03:00,NO,0.02
2024-10-09T00:00:00+03:00,SO2,0.0008
2024-10-09T00:00:00+03:00,PM2.5,0.004
2024-10-09T00:00:00+03:00,NO2,0.019
2024-10-09T00:00:00+03:00,NO,0.01
2024-10-09T00:00:00+03:00,PM10,0.008
2024-10-09T00:00:00+03:00,CO,0.19
2024-10-09T00:00:00+03:00,OZ,0.003
2024-10-10T00:00:00+03:00,CO,0.16
2024-10-10T00:00:00+03:00,NO,0.011
2024-10-10T00:00:00+03:00,PM2.5,0.008
2024-10-10T00:00:00+03:00,SO2,0.0012
2024-10-10T00:00:00+03:00,NO2,0.022
2024-10-10T00:00:00+03:00,PM10,0.016
2024-10-10T00:00:00+03:00,OZ,0.0027
2024-10-11T00:00:00+03:00,CO,0.21
2024-10-11T00:00:00+03:00,NO2,0.026
2024-10-11T00:00:00+03:00,OZ,0.0071
2024-10-11T00:00:00+03:00,SO2,0.001
2024-10-11T00:00:00+03:00,PM2.5,0.012
2024-10-11T00:00:00+03:00,NO,0.004
2024-10-11T00:00:00+03:00,PM10,0.023
2024-10-12T00:00:00+03:00,NO,0.002
2024-10-12T00:00:00+03:00,PM10,0.024
2024-10-12T00:00:00+03:00,OZ,0.0135
2024-10-12T00:00:00+03:00,PM2.5,0.012
2024-10-12T00:00:00+03:00,CO,0.19
2024-10-12T00:00:00+03:00,NO2,0.015
2024-10-12T00:00:00+03:00,SO2,0.0013
2024-10-13T00:00:00+03:00,OZ,0.0183
2024-10-13T00:00:00+03:00,PM2.5,0.009
2024-10-13T00:00:00+03:00,CO,0.15
2024-10-13T00:00:00+03:00,SO2,0.0012
2024-10-13T00:00:00+03:00,PM10,0.019
2024-10-13T00:00:00+03:00,NO,0.001
2024-10-13T00:00:00+03:00,NO2,0.012
2024-10-14T00:00:00+03:00,NO2,0.02
2024-10-14T00:00:00+03:00,OZ,0.0145
2024-10-14T00:00:00+03:00,PM2.5,0.006
2024-10-14T00:00:00+03:00,NO,0.002
2024-10-14T00:00:00+03:00,PM10,0.014
2024-10-14T00:00:00+03:00,SO2,0.0015
2024-10-14T00:00:00+03:00,CO,0.14
2024-10-15T00:00:00+03:00,NO,0.013
2024-10-15T00:00:00+03:00,CO,0.15
2024-10-15T00:00:00+03:00,PM2.5,0.007
2024-10-15T00:00:00+03:00,SO2,0.0016
2024-10-15T00:00:00+03:00,OZ,0.0034
2024-10-15T00:00:00+03:00,NO2,0.026
2024-10-15T00:00:00+03:00,PM10,0.009
2024-10-16T00:00:00+03:00,CO,0.18
2024-10-16T00:00:00+03:00,NO,0.004
2024-10-16T00:00:00+03:00,NO2,0.023
2024-10-16T00:00:00+03:00,OZ,0.0091
2024-10-16T00:00:00+03:00,PM10,0.009
2024-10-16T00:00:00+03:00,SO2,0.0013
2024-10-16T00:00:00+03:00,PM2.5,0.006
2024-10-17T00:00:00+03:00,NO,0.02
2024-10-17T00:00:00+03:00,PM10,0.018
2024-10-17T00:00:00+03:00,CO,0.27
2024-10-17T00:00:00+03:00,NO2,0.032
2024-10-17T00:00:00+03:00,OZ,0.0073
2024-10-17T00:00:00+03:00,SO2,0.0019
2024-10-17T00:00:00+03:00,PM2.5,0.008
2024-10-18T00:00:00+03:00,CO,0.29
2024-10-18T00:00:00+03:00,NO,0.015
2024-10-18T00:00:00+03:00,PM10,0.018
2024-10-18T00:00:00+03:00,SO2,0.0021
2024-10-18T00:00:00+03:00,OZ,0.0044
2024-10-18T00:00:00+03:00,NO2,0.035
2024-10-18T00:00:00+03:00,PM2.5,0.009
2024-10-19T00:00:00+03:00,SO2,0.0023
2024-10-19T00:00:00+03:00,PM10,0.025
2024-10-19T00:00:00+03:00,NO2,0.041
2024-10-19T00:00:00+03:00,PM2.5,0.011
2024-10-19T00:00:00+03:00,NO,0.024
2024-10-19T00:00:00+03:00,OZ,0.0041
2024-10-19T00:00:00+03:00,CO,0.22
2024-10-20T00:00:00+03:00,PM10,0.023
2024-10-20T00:00:00+03:00,NO,0.023
2024-10-20T00:00:00+03:00,PM2.5,0.011
2024-10-20T00:00:00+03:00,NO2,0.036
2024-10-20T00:00:00+03:00,SO2,0.0023
2024-10-20T00:00:00+03:00,CO,0.26
2024-10-20T00:00:00+03:00,OZ,0.0074
2024-10-21T00:00:00+03:00,PM2.5,0.012
2024-10-21T00:00:00+03:00,SO2,0.0027
2024-10-21T00:00:00+03:00,CO,0.34
2024-10-21T00:00:00+03:00,PM10,0.025
2024-10-21T00:00:00+03:00,OZ,0.0044
2024-10-21T00:00:00+03:00,NO2,0.055
2024-10-21T00:00:00+03:00,NO,0.043
2024-10-22T00:00:00+03:00,NO,0.007
2024-10-22T00:00:00+03:00,PM10,
2024-10-22T00:00:00+03:00,SO2,0.0015
2024-10-22T00:00:00+03:00,NO2,0.031
2024-10-22T00:00:00+03:00,PM2.5,
2024-10-22T00:00:00+03:00,CO,0.13
2024-10-22T00:00:00+03:00,OZ,0.0162
2024-10-23T00:00:00+03:00,PM10,
2024-10-23T00:00:00+03:00,OZ,0.0128
2024-10-23T00:00:00+03:00,SO2,0.0009
2024-10-23T00:00:00+03:00,NO,0.004
2024-10-23T00:00:00+03:00,PM2.5,
2024-10-23T00:00:00+03:00,CO,0.24
2024-10-23T00:00:00+03:00,NO2,0.025
2024-10-24T00:00:00+03:00,PM2.5,
2024-10-24T00:00:00+03:00,PM10,
2024-10-24T00:00:00+03:00,NO,0.002
2024-10-24T00:00:00+03:00,OZ,0.0231
2024-10-24T00:00:00+03:00,CO,0.05
2024-10-24T00:00:00+03:00,NO2,0.019
2024-10-24T00:00:00+03:00,SO2,0.0008
2024-10-25T00:00:00+03:00,NO2,0.02
2024-10-25T00:00:00+03:00,SO2,0.0011
2024-10-25T00:00:00+03:00,OZ,0.0253
2024-10-25T00:00:00+03:00,PM10,
2024-10-25T00:00:00+03:00,CO,0.11
2024-10-25T00:00:00+03:00,NO,0.001
2024-10-25T00:00:00+03:00,PM2.5,
2024-10-26T00:00:00+03:00,CO,0.32
2024-10-26T00:00:00+03:00,SO2,0.002
2024-10-26T00:00:00+03:00,NO2,0.043
2024-10-26T00:00:00+03:00,PM10,
2024-10-26T00:00:00+03:00,OZ,0.0057
2024-10-26T00:00:00+03:00,PM2.5,
2024-10-26T00:00:00+03:00,NO,0.024
2024-10-27T00:00:00+03:00,SO2,0.0016
2024-10-27T00:00:00+03:00,CO,0.3
2024-10-27T00:00:00+03:00,NO,0.016
2024-10-27T00:00:00+03:00,NO2,0.031
2024-10-27T00:00:00+03:00,OZ,0.0058
2024-10-27T00:00:00+03:00,PM10,
2024-10-27T00:00:00+03:00,PM2.5,
2024-10-28T00:00:00+03:00,SO2,0.0017
2024-10-28T00:00:00+03:00,PM10,
2024-10-28T00:00:00+03:00,NO2,0.033
2024-10-28T00:00:00+03:00,OZ,0.0023
2024-10-28T00:00:00+03:00,PM2.5,
2024-10-28T00:00:00+03:00,CO,0.32
2024-10-28T00:00:00+03:00,NO,0.027
2024-10-29T00:00:00+03:00,PM2.5,
2024-10-29T00:00:00+03:00,NO,0.003
2024-10-29T00:00:00+03:00,CO,0.21
2024-10-29T00:00:00+03:00,SO2,0.0009
2024-10-29T00:00:00+03:00,OZ,0.014
2024-10-29T00:00:00+03:00,NO2,0.023
2024-10-29T00:00:00+03:00,PM10,
2024-10-30T00:00:00+03:00,PM2.5,
2024-10-30T00:00:00+03:00,SO2,0.0011
2024-10-30T00:00:00+03:00,PM10,
2024-10-30T00:00:00+03:00,NO,0.004
2024-10-30T00:00:00+03:00,OZ,0.0109
2024-10-30T00:00:00+03:00,CO,0.1
2024-10-30T00:00:00+03:00,NO2,0.027
2024-10-31T00:00:00+03:00,NO2,0.018
2024-10-31T00:00:00+03:00,NO,0.002
2024-10-31T00:00:00+03:00,CO,0.04
2024-10-31T00:00:00+03:00,PM10,
2024-10-31T00:00:00+03:00,SO2,0.0009
2024-10-31T00:00:00+03:00,OZ,0.0277
2024-10-31T00:00:00+03:00,PM2.5,
2024-11-01T00:00:00+03:00,OZ,0.0151
2024-11-01T00:00:00+03:00,SO2,0.001
2024-11-01T00:00:00+03:00,CO,0.15
2024-11-01T00:00:00+03:00,PM2.5,
2024-11-01T00:00:00+03:00,NO,0.005
2024-11-01T00:00:00+03:00,PM10,
2024-11-01T00:00:00+03:00,NO2,0.022
2024-11-02T00:00:00+03:00,PM10,
2024-11-02T00:00:00+03:00,OZ,0.0207
2024-11-02T00:00:00+03:00,PM2.5,
2024-11-02T00:00:00+03:00,NO2,0.017
2024-11-02T00:00:00+03:00,NO,0.001
2024-11-02T00:00:00+03:00,SO2,0.0008
2024-11-02T00:00:00+03:00,CO,0.06
2024-11-03T00:00:00+03:00,CO,0.06
2024-11-03T00:00:00+03:00,SO2,0.0013
2024-11-03T00:00:00+03:00,OZ,0.0256
2024-11-03T00:00:00+03:00,PM10,
2024-11-03T00:00:00+03:00,NO2,0.014
2024-11-03T00:00:00+03:00,PM2.5,
2024-11-03T00:00:00+03:00,NO,0.001
2024-11-04T00:00:00+03:00,CO,0.1
2024-11-04T00:00:00+03:00,PM2.5,
2024-11-04T00:00:00+03:00,PM10,
2024-11-04T00:00:00+03:00,SO2,0.0013
2024-11-04T00:00:00+03:00,NO2,0.02
2024-11-04T00:00:00+03:00,NO,0.001
2024-11-04T00:00:00+03:00,OZ,0.0179
2024-11-05T00:00:00+03:00,OZ,0.022
2024-11-05T00:00:00+03:00,NO2,0.02
2024-11-05T00:00:00+03:00,PM2.5,
2024-11-05T00:00:00+03:00,PM10,
2024-11-05T00:00:00+03:00,SO2,0.0014
2024-11-05T00:00:00+03:00,CO,0.19
2024-11-05T00:00:00+03:00,NO,0.001
2024-11-06T00:00:00+03:00,SO2,0.0018
2024-11-06T00:00:00+03:00,NO,0.012
2024-11-06T00:00:00+03:00,NO2,0.036
2024-11-06T00:00:00+03:00,OZ,0.0058
2024-11-06T00:00:00+03:00,PM2.5,
2024-11-06T00:00:00+03:00,CO,0.14
2024-11-06T00:00:00+03:00,PM10,
2024-11-07T00:00:00+03:00,CO,
2024-11-07T00:00:00+03:00,NO2,0.02
2024-11-07T00:00:00+03:00,OZ,0.0152
2024-11-07T00:00:00+03:00,SO2,0.0014
2024-11-07T00:00:00+03:00,PM2.5,
2024-11-07T00:00:00+03:00,PM10,
2024-11-07T00:00:00+03:00,NO,0.003
2024-11-08T00:00:00+03:00,SO2,0.0012
2024-11-08T00:00:00+03:00,OZ,0.0147
2024-11-08T00:00:00+03:00,CO,
2024-11-08T00:00:00+03:00,PM10,
2024-11-08T00:00:00+03:00,NO2,0.017
2024-11-08T00:00:00+03:00,PM2.5,
2024-11-08T00:00:00+03:00,NO,0.001
2024-11-09T00:00:00+03:00,OZ,0.0176
2024-11-09T00:00:00+03:00,PM10,
2024-11-09T00:00:00+03:00,SO2,0.0013
2024-11-09T00:00:00+03:00,NO,0.002
2024-11-09T00:00:00+03:00,CO,
2024-11-09T00:00:00+03:00,NO2,0.012
2024-11-09T00:00:00+03:00,PM2.5,
2024-11-10T00:00:00+03:00,PM2.5,
2024-11-10T00:00:00+03:00,SO2,0.0012
2024-11-10T00:00:00+03:00,NO,0.001
2024-11-10T00:00:00+03:00,PM10,
2024-11-10T00:00:00+03:00,OZ,0.0216
2024-11-10T00:00:00+03:00,CO,
2024-11-10T00:00:00+03:00,NO2,0.015
2024-11-11T00:00:00+03:00,SO2,0.0015
2024-11-11T00:00:00+03:00,CO,
2024-11-11T00:00:00+03:00,PM10,
2024-11-11T00:00:00+03:00,OZ,0.0132
2024-11-11T00:00:00+03:00,PM2.5,
2024-11-11T00:00:00+03:00,NO2,0.036
2024-11-11T00:00:00+03:00,NO,0.002
2024-11-12T00:00:00+03:00,PM10,0.025
2024-11-12T00:00:00+03:00,OZ,0.0109
2024-11-12T00:00:00+03:00,SO2,0.0018
2024-11-12T00:00:00+03:00,NO,0.002
2024-11-12T00:00:00+03:00,NO2,0.032
2024-11-12T00:00:00+03:00,CO,
2024-11-12T00:00:00+03:00,PM2.5,0.01
2024-11-13T00:00:00+03:00,PM10,0.02
2024-11-13T00:00:00+03:00,CO,
2024-11-13T00:00:00+03:00,NO2,0.02
2024-11-13T00:00:00+03:00,NO,0.011
2024-11-13T00:00:00+03:00,SO2,0.0019
2024-11-13T00:00:00+03:00,PM2.5,0.006
2024-11-13T00:00:00+03:00,OZ,0.006
2024-11-14T00:00:00+03:00,NO2,0.018
2024-11-14T00:00:00+03:00,NO,0.002
2024-11-14T00:00:00+03:00,PM2.5,0.009
2024-11-14T00:00:00+03:00,SO2,0.0015
2024-11-14T00:00:00+03:00,PM10,0.017
2024-11-14T00:00:00+03:00,CO,
2024-11-14T00:00:00+03:00,OZ,0.0137
2024-11-15T00:00:00+03:00,NO,0.007
2024-11-15T00:00:00+03:00,CO,
2024-11-15T00:00:00+03:00,PM10,0.012
2024-11-15T00:00:00+03:00,SO2,0.0015
2024-11-15T00:00:00+03:00,OZ,0.0097
2024-11-15T00:00:00+03:00,NO2,0.024
2024-11-15T00:00:00+03:00,PM2.5,0.008
2024-11-16T00:00:00+03:00,PM10,0.011
2024-11-16T00:00:00+03:00,PM2.5,0.006
2024-11-16T00:00:00+03:00,OZ,0.0146
2024-11-16T00:00:00+03:00,NO,0.002
2024-11-16T00:00:00+03:00,CO,
2024-11-16T00:00:00+03:00,NO2,0.017
2024-11-16T00:00:00+03:00,SO2,0.0013
2024-11-17T00:00:00+03:00,PM2.5,0.004
2024-11-17T00:00:00+03:00,PM10,0.005
2024-11-17T00:00:00+03:00,CO,
2024-11-17T00:00:00+03:00,SO2,0.001
2024-11-17T00:00:00+03:00,OZ,0.0139
2024-11-17T00:00:00+03:00,NO,0.001
2024-11-17T00:00:00+03:00,NO2,0.01
2024-11-18T00:00:00+03:00,NO,0.001
2024-11-18T00:00:00+03:00,OZ,0.0166
2024-11-18T00:00:00+03:00,CO,
2024-11-18T00:00:00+03:00,PM2.5,0.011
2024-11-18T00:00:00+03:00,NO2,0.012
2024-11-18T00:00:00+03:00,PM10,0.015
2024-11-18T00:00:00+03:00,SO2,0.001
2024-11-19T00:00:00+03:00,NO2,0.019
2024-11-19T00:00:00+03:00,PM2.5,0.007
2024-11-19T00:00:00+03:00,CO,0.09
2024-11-19T00:00:00+03:00,NO,0.001
2024-11-19T00:00:00+03:00,PM10,0.012
2024-11-19T00:00:00+03:00,OZ,0.0152
2024-11-19T00:00:00+03:00,SO2,0.0009
2024-11-20T00:00:00+03:00,NO,0.001
2024-11-20T00:00:00+03:00,PM10,0.014
2024-11-20T00:00:00+03:00,PM2.5,0.008
2024-11-20T00:00:00+03:00,OZ,0.0185
2024-11-20T00:00:00+03:00,SO2,0.0006
2024-11-20T00:00:00+03:00,NO2,0.017
2024-11-20T00:00:00+03:00,CO,0.14
2024-11-21T00:00:00+03:00,NO,0.001
2024-11-21T00:00:00+03:00,PM2.5,0.009
2024-11-21T00:00:00+03:00,SO2,0.0004
2024-11-21T00:00:00+03:00,NO2,0.016
2024-11-21T00:00:00+03:00,OZ,0.0194
2024-11-21T00:00:00+03:00,CO,0.14
2024-11-21T00:00:00+03:00,PM10,0.013
2024-11-22T00:00:00+03:00,NO2,0.017
2024-11-22T00:00:00+03:00,CO,0.12
2024-11-22T00:00:00+03:00,PM10,0.007
2024-11-22T00:00:00+03:00,SO2,0.0004
2024-11-22T00:00:00+03:00,OZ,0.0202
2024-11-22T00:00:00+03:00,NO,0.001
2024-11-22T00:00:00+03:00,PM2.5,0.006
2024-11-23T00:00:00+03:00,SO2,0.0013
2024-11-23T00:00:00+03:00,PM2.5,0.008
2024-11-23T00:00:00+03:00,PM10,0.01
2024-11-23T00:00:00+03:00,NO2,0.027
2024-11-23T00:00:00+03:00,NO,0.02
2024-11-23T00:00:00+03:00,OZ,0.0099
2024-11-23T00:00:00+03:00,CO,0.18
2024-11-24T00:00:00+03:00,CO,0.1
2024-11-24T00:00:00+03:00,OZ,0.0197
2024-11-24T00:00:00+03:00,PM2.5,0.007
2024-11-24T00:00:00+03:00,NO2,0.014
2024-11-24T00:00:00+03:00,SO2,0.0008
2024-11-24T00:00:00+03:00,PM10,0.008
2024-11-24T00:00:00+03:00,NO,0.001
2024-11-25T00:00:00+03:00,OZ,0.0123
2024-11-25T00:00:00+03:00,SO2,0.0013
2024-11-25T00:00:00+03:00,PM2.5,0.007
2024-11-25T00:00:00+03:00,NO,0.004
2024-11-25T00:00:00+03:00,PM10,0.01
2024-11-25T00:00:00+03:00,CO,0.23
2024-11-25T00:00:00+03:00,NO2,0.027
2024-11-26T00:00:00+03:00,PM2.5,0.01
2024-11-26T00:00:00+03:00,OZ,0.0055
2024-11-26T00:00:00+03:00,SO2,0.0017
2024-11-26T00:00:00+03:00,CO,0.27
2024-11-26T00:00:00+03:00,NO2,0.032
2024-11-26T00:00:00+03:00,PM10,0.016
2024-11-26T00:00:00+03:00,NO,0.015
2024-11-27T00:00:00+03:00,OZ,0.0027
2024-11-27T00:00:00+03:00,NO2,0.029
2024-11-27T00:00:00+03:00,SO2,0.0018
2024-11-27T00:00:00+03:00,NO,0.017
2024-11-27T00:00:00+03:00,CO,0.24
2024-11-27T00:00:00+03:00,PM10,0.011
2024-11-27T00:00:00+03:00,PM2.5,0.009
2024-11-28T00:00:00+03:00,CO,0.23
2024-11-28T00:00:00+03:00,OZ,0.0023
2024-11-28T00:00:00+03:00,NO2,0.03
2024-11-28T00:00:00+03:00,PM2.5,0.01
2024-11-28T00:00:00+03:00,PM10,0.012
2024-11-28T00:00:00+03:00,NO,0.015
2024-11-28T00:00:00+03:00,SO2,0.0017
2024-11-29T00:00:00+03:00,NO2,0.029
2024-11-29T00:00:00+03:00,NO,0.011
2024-11-29T00:00:00+03:00,PM2.5,0.01
2024-11-29T00:00:00+03:00,PM10,0.012
2024-11-29T00:00:00+03:00,OZ,0.0037
2024-11-29T00:00:00+03:00,CO,0.15
2024-11-29T00:00:00+03:00,SO2,0.0015
2024-11-30T00:00:00+03:00,NO2,0.022
2024-11-30T00:00:00+03:00,NO,0.002
2024-11-30T00:00:00+03:00,OZ,0.0145
2024-11-30T00:00:00+03:00,PM10,0.01
2024-11-30T00:00:00+03:00,CO,0.22
2024-11-30T00:00:00+03:00,SO2,0.0011
2024-11-30T00:00:00+03:00,PM2.5,0.008
2024-12-01T00:00:00+03:00,CO,0.12
2024-12-01T00:00:00+03:00,SO2,0.0009
2024-12-01T00:00:00+03:00,OZ,0.0149
2024-12-01T00:00:00+03:00,PM10,0.006
2024-12-01T00:00:00+03:00,NO,0.001
2024-12-01T00:00:00+03:00,NO2,0.014
2024-12-01T00:00:00+03:00,PM2.5,0.005
2024-12-02T00:00:00+03:00,NO,0.002
2024-12-02T00:00:00+03:00,PM10,0.009
2024-12-02T00:00:00+03:00,SO2,0.001
2024-12-02T00:00:00+03:00,CO,0.14
2024-12-02T00:00:00+03:00,NO2,0.018
2024-12-02T00:00:00+03:00,PM2.5,0.007
2024-12-02T00:00:00+03:00,OZ,0.0133
2024-12-03T00:00:00+03:00,CO,0.16
2024-12-03T00:00:00+03:00,NO,0.001
2024-12-03T00:00:00+03:00,OZ,0.0149
2024-12-03T00:00:00+03:00,NO2,0.013
2024-12-03T00:00:00+03:00,PM10,0.006
2024-12-03T00:00:00+03:00,SO2,0.001
2024-12-03T00:00:00+03:00,PM2.5,0.005
2024-12-04T00:00:00+03:00,PM10,0.013
2024-12-04T00:00:00+03:00,NO,0.004
2024-12-04T00:00:00+03:00,SO2,0.0011
2024-12-04T00:00:00+03:00,OZ,0.014
2024-12-04T00:00:00+03:00,NO2,0.02
2024-12-04T00:00:00+03:00,PM2.5,0.006
2024-12-04T00:00:00+03:00,CO,0.28
2024-12-05T00:00:00+03:00,PM2.5,0.008
2024-12-05T00:00:00+03:00,NO2,0.034
2024-12-05T00:00:00+03:00,SO2,0.0016
2024-12-05T00:00:00+03:00,NO,0.008
2024-12-05T00:00:00+03:00,OZ,0.0121
2024-12-05T00:00:00+03:00,PM10,0.015
2024-12-05T00:00:00+03:00,CO,0.18
2024-12-06T00:00:00+03:00,PM10,0.014
2024-12-06T00:00:00+03:00,CO,0.27
2024-12-06T00:00:00+03:00,NO2,0.021
2024-12-06T00:00:00+03:00,PM2.5,0.009
2024-12-06T00:00:00+03:00,SO2,0.0015
2024-12-06T00:00:00+03:00,OZ,0.0146
2024-12-06T00:00:00+03:00,NO,0.001
2024-12-07T00:00:00+03:00,NO2,0.019
2024-12-07T00:00:00+03:00,PM10,0.013
2024-12-07T00:00:00+03:00,SO2,0.0016
2024-12-07T00:00:00+03:00,OZ,0.0101
2024-12-07T00:00:00+03:00,CO,0.17
2024-12-07T00:00:00+03:00,PM2.5,0.008
2024-12-07T00:00:00+03:00,NO,0.002
2024-12-08T00:00:00+03:00,CO,0.2
2024-12-08T00:00:00+03:00,OZ,0.0091
2024-12-08T00:00:00+03:00,PM10,0.011
2024-12-08T00:00:00+03:00,SO2,0.0013
2024-12-08T00:00:00+03:00,NO,0.002
2024-12-08T00:00:00+03:00,NO2,0.019
2024-12-08T00:00:00+03:00,PM2.5,0.008
2024-12-09T00:00:00+03:00,CO,0.19
2024-12-09T00:00:00+03:00,OZ,0.0077
2024-12-09T00:00:00+03:00,NO,0.009
2024-12-09T00:00:00+03:00,NO2,0.025
2024-12-09T00:00:00+03:00,PM10,0.011
2024-12-09T00:00:00+03:00,PM2.5,0.008
2024-12-09T00:00:00+03:00,SO2,0.0016
2024-12-10T00:00:00+03:00,NO2,0.032
2024-12-10T00:00:00+03:00,CO,0.26
2024-12-10T00:00:00+03:00,PM2.5,0.007
2024-12-10T00:00:00+03:00,NO,0.016
2024-12-10T00:00:00+03:00,OZ,0.0035
2024-12-10T00:00:00+03:00,PM10,0.01
2024-12-10T00:00:00+03:00,SO2,0.0017
2024-12-11T00:00:00+03:00,PM2.5,0.004
2024-12-11T00:00:00+03:00,NO2,0.021
2024-12-11T00:00:00+03:00,SO2,0.0012
2024-12-11T00:00:00+03:00,OZ,0.0122
2024-12-11T00:00:00+03:00,NO,0.002
2024-12-11T00:00:00+03:00,PM10,0.005
2024-12-11T00:00:00+03:00,CO,0.03
2024-12-12T00:00:00+03:00,NO2,0.021
2024-12-12T00:00:00+03:00,SO2,0.001
2024-12-12T00:00:00+03:00,CO,0.02
2024-12-12T00:00:00+03:00,NO,0.001
2024-12-12T00:00:00+03:00,PM10,0.006
2024-12-12T00:00:00+03:00,OZ,0.0205
2024-12-12T00:00:00+03:00,PM2.5,0.003
2024-12-13T00:00:00+03:00,NO,0
2024-12-13T00:00:00+03:00,PM2.5,0.004
2024-12-13T00:00:00+03:00,PM10,0.01
2024-12-13T00:00:00+03:00,OZ,0.0264
2024-12-13T00:00:00+03:00,SO2,0.0011
2024-12-13T00:00:00+03:00,NO2,0.01
2024-12-13T00:00:00+03:00,CO,0.08
2024-12-14T00:00:00+03:00,CO,0.16
2024-12-14T00:00:00+03:00,OZ,0.0162
2024-12-14T00:00:00+03:00,NO2,0.013
2024-12-14T00:00:00+03:00,SO2,0.0014
2024-12-14T00:00:00+03:00,PM10,0.009
2024-12-14T00:00:00+03:00,PM2.5,0.005
2024-12-14T00:00:00+03:00,NO,0.001
2024-12-15T00:00:00+03:00,PM10,0.012
2024-12-15T00:00:00+03:00,OZ,0.0192
2024-12-15T00:00:00+03:00,PM2.5,0.008
2024-12-15T00:00:00+03:00,CO,0.15
2024-12-15T00:00:00+03:00,NO,0
2024-12-15T00:00:00+03:00,NO2,0.006
2024-12-15T00:00:00+03:00,SO2,0.0012
2024-12-16T00:00:00+03:00,PM10,0.007
2024-12-16T00:00:00+03:00,NO,0.001
2024-12-16T00:00:00+03:00,SO2,0.0011
2024-12-16T00:00:00+03:00,CO,0.12
2024-12-16T00:00:00+03:00,NO2,0.008
2024-12-16T00:00:00+03:00,PM2.5,0.004
2024-12-16T00:00:00+03:00,OZ,0.0122
2024-12-17T00:00:00+03:00,NO,0
2024-12-17T00:00:00+03:00,SO2,0.0008
2024-12-17T00:00:00+03:00,CO,0.08
2024-12-17T00:00:00+03:00,PM10,0.008
2024-12-17T00:00:00+03:00,PM2.5,0.004
2024-12-17T00:00:00+03:00,OZ,0.026
2024-12-17T00:00:00+03:00,NO2,0.006
2024-12-18T00:00:00+03:00,OZ,0.0151
2024-12-18T00:00:00+03:00,NO,0
2024-12-18T00:00:00+03:00,CO,0.09
2024-12-18T00:00:00+03:00,PM2.5,0.009
2024-12-18T00:00:00+03:00,SO2,0.0011
2024-12-18T00:00:00+03:00,NO2,0.005
2024-12-18T00:00:00+03:00,PM10,0.014
2024-12-19T00:00:00+03:00,CO,0.2
2024-12-19T00:00:00+03:00,SO2,0.0018
2024-12-19T00:00:00+03:00,PM10,0.011
2024-12-19T00:00:00+03:00,NO2,0.015
2024-12-19T00:00:00+03:00,PM2.5,0.008
2024-12-19T00:00:00+03:00,NO,0.004
2024-12-19T00:00:00+03:00,OZ,0.0084
2024-12-20T00:00:00+03:00,SO2,0.0014
2024-12-20T00:00:00+03:00,NO,0.001
2024-12-20T00:00:00+03:00,PM2.5,0.009
2024-12-20T00:00:00+03:00,OZ,0.0103
2024-12-20T00:00:00+03:00,PM10,0.013
2024-12-20T00:00:00+03:00,NO2,0.008
2024-12-20T00:00:00+03:00,CO,0.22
2024-12-21T00:00:00+03:00,NO,0
2024-12-21T00:00:00+03:00,SO2,0.001
2024-12-21T00:00:00+03:00,OZ,0.0166
2024-12-21T00:00:00+03:00,PM2.5,0.007
2024-12-21T00:00:00+03:00,PM10,0.009
2024-12-21T00:00:00+03:00,NO2,0.007
2024-12-21T00:00:00+03:00,CO,0.08
2024-12-22T00:00:00+03:00,NO,0
2024-12-22T00:00:00+03:00,PM2.5,0.005
2024-12-22T00:00:00+03:00,CO,0.19
2024-12-22T00:00:00+03:00,NO2,0.005
2024-12-22T00:00:00+03:00,OZ,0.0193
2024-12-22T00:00:00+03:00,PM10,0.008
2024-12-22T00:00:00+03:00,SO2,0.0009
2024-12-23T00:00:00+03:00,CO,0.24
2024-12-23T00:00:00+03:00,NO,0.008
2024-12-23T00:00:00+03:00,NO2,0.011
2024-12-23T00:00:00+03:00,PM10,0.017
2024-12-23T00:00:00+03:00,PM2.5,0.012
2024-12-23T00:00:00+03:00,SO2,0.0017
2024-12-23T00:00:00+03:00,OZ,0.0116
2024-12-24T00:00:00+03:00,OZ,0.0021
2024-12-24T00:00:00+03:00,PM10,0.021
2024-12-24T00:00:00+03:00,PM2.5,0.015
2024-12-24T00:00:00+03:00,NO,0.025
2024-12-24T00:00:00+03:00,CO,0.41
2024-12-24T00:00:00+03:00,NO2,0.007
2024-12-24T00:00:00+03:00,SO2,0.0028
2025-01-19T00:00:00+03:00,NO2,0.006
2025-01-19T00:00:00+03:00,PM10,0.008
2025-01-19T00:00:00+03:00,NO,0
2025-01-19T00:00:00+03:00,CO,0.05
2025-01-19T00:00:00+03:00,OZ,0.0598
2025-01-19T00:00:00+03:00,SO2,0.0005
2025-01-19T00:00:00+03:00,PM2.5,0.005
2025-01-20T00:00:00+03:00,OZ,0.0513
2025-01-20T00:00:00+03:00,SO2,0.0007
2025-01-20T00:00:00+03:00,NO,0.003
2025-01-20T00:00:00+03:00,PM10,0.008
2025-01-20T00:00:00+03:00,PM2.5,0.005
2025-01-20T00:00:00+03:00,NO2,0.007
2025-01-20T00:00:00+03:00,CO,0.03
2025-01-21T00:00:00+03:00,CO,0.14
2025-01-21T00:00:00+03:00,OZ,0.0426
2025-01-21T00:00:00+03:00,NO,0.003
2025-01-21T00:00:00+03:00,SO2,0.0012
2025-01-21T00:00:00+03:00,PM2.5,0.006
2025-01-21T00:00:00+03:00,PM10,0.024
2025-01-21T00:00:00+03:00,NO2,0.027
2025-01-22T00:00:00+03:00,CO,0.14
2025-01-22T00:00:00+03:00,PM10,0.029
2025-01-22T00:00:00+03:00,NO2,0.025
2025-01-22T00:00:00+03:00,SO2,0.002
2025-01-22T00:00:00+03:00,PM2.5,0.007
2025-01-22T00:00:00+03:00,OZ,0.0385
2025-01-22T00:00:00+03:00,NO,0.001
2025-01-23T00:00:00+03:00,PM10,0.019
2025-01-23T00:00:00+03:00,CO,0.1
2025-01-23T00:00:00+03:00,NO2,0.018
2025-01-23T00:00:00+03:00,NO,0.001
2025-01-23T00:00:00+03:00,PM2.5,0.007
2025-01-23T00:00:00+03:00,OZ,0.0364
2025-01-23T00:00:00+03:00,SO2,0.0014
2025-01-24T00:00:00+03:00,NO,0.007
2025-01-24T00:00:00+03:00,SO2,0.0015
2025-01-24T00:00:00+03:00,CO,0.15
2025-01-24T00:00:00+03:00,NO2,0.034
2025-01-24T00:00:00+03:00,PM2.5,0.012
2025-01-24T00:00:00+03:00,OZ,0.0122
2025-01-24T00:00:00+03:00,PM10,0.023
2025-01-25T00:00:00+03:00,PM10,0.019
2025-01-25T00:00:00+03:00,SO2,0.0016
2025-01-25T00:00:00+03:00,CO,0.19
2025-01-25T00:00:00+03:00,PM2.5,0.014
2025-01-25T00:00:00+03:00,NO,0.008
2025-01-25T00:00:00+03:00,NO2,0.027
2025-01-25T00:00:00+03:00,OZ,0.006
2025-01-26T00:00:00+03:00,CO,0.26
2025-01-26T00:00:00+03:00,NO,0.002
2025-01-26T00:00:00+03:00,PM2.5,0.01
2025-01-26T00:00:00+03:00,NO2,0.017
2025-01-26T00:00:00+03:00,PM10,0.012
2025-01-26T00:00:00+03:00,OZ,0.0291
2025-01-26T00:00:00+03:00,SO2,0.0009
2025-01-27T00:00:00+03:00,OZ,0.0326
2025-01-27T00:00:00+03:00,SO2,0.0005
2025-01-27T00:00:00+03:00,NO2,0.021
2025-01-27T00:00:00+03:00,PM2.5,0.007
2025-01-27T00:00:00+03:00,PM10,0.01
2025-01-27T00:00:00+03:00,CO,0.27
2025-01-27T00:00:00+03:00,NO,0.002
2025-01-28T00:00:00+03:00,SO2,0.0006
2025-01-28T00:00:00+03:00,NO2,0.026
2025-01-28T00:00:00+03:00,OZ,0.0322
2025-01-28T00:00:00+03:00,PM2.5,0.011
2025-01-28T00:00:00+03:00,CO,0.26
2025-01-28T00:00:00+03:00,NO,0.002
2025-01-28T00:00:00+03:00,PM10,0.014
2025-01-29T00:00:00+03:00,OZ,0.0317
2025-01-29T00:00:00+03:00,SO2,0.0006
2025-01-29T00:00:00+03:00,PM10,0.011
2025-01-29T00:00:00+03:00,NO,0.002
2025-01-29T00:00:00+03:00,NO2,0.026
2025-01-29T00:00:00+03:00,PM2.5,0.008
2025-01-29T00:00:00+03:00,CO,0.17
2025-01-30T00:00:00+03:00,NO,0.002
2025-01-30T00:00:00+03:00,CO,0.17
2025-01-30T00:00:00+03:00,SO2,0.0005
2025-01-30T00:00:00+03:00,PM10,0.015
2025-01-30T00:00:00+03:00,NO2,0.021
2025-01-30T00:00:00+03:00,OZ,0.0384
2025-01-30T00:00:00+03:00,PM2.5,0.011
2025-01-31T00:00:00+03:00,NO2,0.025
2025-01-31T00:00:00+03:00,CO,0.06
2025-01-31T00:00:00+03:00,OZ,0.0256
2025-01-31T00:00:00+03:00,PM10,0.015
2025-01-31T00:00:00+03:00,NO,0.003
2025-01-31T00:00:00+03:00,PM2.5,0.01
2025-01-31T00:00:00+03:00,SO2,0.0005
2025-02-01T00:00:00+03:00,NO,0.002
2025-02-01T00:00:00+03:00,SO2,0.0005
2025-02-01T00:00:00+03:00,PM2.5,0.006
2025-02-01T00:00:00+03:00,PM10,0.009
2025-02-01T00:00:00+03:00,NO2,0.018
2025-02-01T00:00:00+03:00,OZ,0.0321
2025-02-01T00:00:00+03:00,CO,0.17
2025-02-02T00:00:00+03:00,OZ,0.0451
2025-02-02T00:00:00+03:00,PM2.5,0.004
2025-02-02T00:00:00+03:00,NO2,0.013
2025-02-02T00:00:00+03:00,SO2,0.0005
2025-02-02T00:00:00+03:00,CO,0.19
2025-02-02T00:00:00+03:00,NO,0.001
2025-02-02T00:00:00+03:00,PM10,0.006
2025-02-03T00:00:00+03:00,PM2.5,0.004
2025-02-03T00:00:00+03:00,NO2,0.023
2025-02-03T00:00:00+03:00,OZ,0.038
2025-02-03T00:00:00+03:00,PM10,0.009
2025-02-03T00:00:00+03:00,SO2,0.0012
2025-02-03T00:00:00+03:00,NO,0.001
2025-02-03T00:00:00+03:00,CO,0.14
2025-02-04T00:00:00+03:00,CO,0.28
2025-02-04T00:00:00+03:00,NO,0.025
2025-02-04T00:00:00+03:00,PM2.5,0.009
2025-02-04T00:00:00+03:00,SO2,0.0022
2025-02-04T00:00:00+03:00,OZ,0.0136
2025-02-04T00:00:00+03:00,PM10,0.016
2025-02-04T00:00:00+03:00,NO2,0.048
2025-02-05T00:00:00+03:00,PM10,0.017
2025-02-05T00:00:00+03:00,SO2,0.0016
2025-02-05T00:00:00+03:00,PM2.5,0.011
2025-02-05T00:00:00+03:00,NO2,0.033
2025-02-05T00:00:00+03:00,NO,0.002
2025-02-05T00:00:00+03:00,CO,0.24
2025-02-05T00:00:00+03:00,OZ,0.0241
2025-02-06T00:00:00+03:00,NO,0.004
2025-02-06T00:00:00+03:00,OZ,0.03
2025-02-06T00:00:00+03:00,CO,0.15
2025-02-06T00:00:00+03:00,PM10,0.026
2025-02-06T00:00:00+03:00,NO2,0.034
2025-02-06T00:00:00+03:00,PM2.5,0.017
2025-02-06T00:00:00+03:00,SO2,0.0015
2025-02-07T00:00:00+03:00,PM10,0.026
2025-02-07T00:00:00+03:00,CO,0.13
2025-02-07T00:00:00+03:00,NO,0.003
2025-02-07T00:00:00+03:00,NO2,0.03
2025-02-07T00:00:00+03:00,PM2.5,0.015
2025-02-07T00:00:00+03:00,OZ,0.0405
2025-02-07T00:00:00+03:00,SO2,0.0019
2025-02-08T00:00:00+03:00,PM10,0.023
2025-02-08T00:00:00+03:00,PM2.5,0.014
2025-02-08T00:00:00+03:00,OZ,0.0179
2025-02-08T00:00:00+03:00,CO,0.19
2025-02-08T00:00:00+03:00,NO,0.008
2025-02-08T00:00:00+03:00,NO2,0.052
2025-02-08T00:00:00+03:00,SO2,0.0015
2025-02-09T00:00:00+03:00,OZ,0.0046
2025-02-09T00:00:00+03:00,SO2,0.0021
2025-02-09T00:00:00+03:00,CO,0.31
2025-02-09T00:00:00+03:00,PM2.5,0.019
2025-02-09T00:00:00+03:00,PM10,0.03
2025-02-09T00:00:00+03:00,NO,0.062
2025-02-09T00:00:00+03:00,NO2,0.067
2025-02-10T00:00:00+03:00,NO2,0.063
2025-02-10T00:00:00+03:00,PM10,0.037
2025-02-10T00:00:00+03:00,SO2,0.0024
2025-02-10T00:00:00+03:00,CO,0.33
2025-02-10T00:00:00+03:00,PM2.5,0.02
2025-02-10T00:00:00+03:00,OZ,0.004
2025-02-10T00:00:00+03:00,NO,0.092
2025-02-11T00:00:00+03:00,NO,0.026
2025-02-11T00:00:00+03:00,NO2,0.06
2025-02-11T00:00:00+03:00,OZ,0.0055
2025-02-11T00:00:00+03:00,PM2.5,0.01
2025-02-11T00:00:00+03:00,PM10,0.02
2025-02-11T00:00:00+03:00,CO,0.3
2025-02-11T00:00:00+03:00,SO2,0.0014
2025-02-12T00:00:00+03:00,NO2,0.044
2025-02-12T00:00:00+03:00,PM2.5,0.009
2025-02-12T00:00:00+03:00,NO,0.014
2025-02-12T00:00:00+03:00,PM10,0.02
2025-02-12T00:00:00+03:00,OZ,0.0143
2025-02-12T00:00:00+03:00,SO2,0.0011
2025-02-12T00:00:00+03:00,CO,0.17
2025-02-13T00:00:00+03:00,NO2,0.033
2025-02-13T00:00:00+03:00,OZ,0.0242
2025-02-13T00:00:00+03:00,NO,0.004
2025-02-13T00:00:00+03:00,PM2.5,0.007
2025-02-13T00:00:00+03:00,CO,0.25
2025-02-13T00:00:00+03:00,SO2,0.0011
2025-02-13T00:00:00+03:00,PM10,0.012
2025-02-14T00:00:00+03:00,OZ,0.0152
2025-02-14T00:00:00+03:00,NO2,0.045
2025-02-14T00:00:00+03:00,PM2.5,0.012
2025-02-14T00:00:00+03:00,PM10,0.024
2025-02-14T00:00:00+03:00,SO2,0.0013
2025-02-14T00:00:00+03:00,CO,0.28
2025-02-14T00:00:00+03:00,NO,0.02
2025-02-15T00:00:00+03:00,PM10,0.01
2025-02-15T00:00:00+03:00,SO2,0.0011
2025-02-15T00:00:00+03:00,OZ,0.0359
2025-02-15T00:00:00+03:00,CO,0.2
2025-02-15T00:00:00+03:00,NO,0.003
2025-02-15T00:00:00+03:00,NO2,0.033
2025-02-15T00:00:00+03:00,PM2.5,0.006
2025-02-16T00:00:00+03:00,PM2.5,0.006
2025-02-16T00:00:00+03:00,PM10,0.01
2025-02-16T00:00:00+03:00,CO,0.14
2025-02-16T00:00:00+03:00,NO,0.002
2025-02-16T00:00:00+03:00,SO2,0.0012
2025-02-16T00:00:00+03:00,OZ,0.0428
2025-02-16T00:00:00+03:00,NO2,0.026
2025-02-17T00:00:00+03:00,SO2,0.0015
2025-02-17T00:00:00+03:00,NO2,0.022
2025-02-17T00:00:00+03:00,PM2.5,0.007
2025-02-17T00:00:00+03:00,NO,0.004
2025-02-17T00:00:00+03:00,OZ,0.0431
2025-02-17T00:00:00+03:00,PM10,0.011
2025-02-17T00:00:00+03:00,CO,0.09
2025-02-18T00:00:00+03:00,SO2,0.002
2025-02-18T00:00:00+03:00,PM10,0.013
2025-02-18T00:00:00+03:00,OZ,0.0287
2025-02-18T00:00:00+03:00,PM2.5,0.009
2025-02-18T00:00:00+03:00,CO,0.27
2025-02-18T00:00:00+03:00,NO2,0.026
2025-02-18T00:00:00+03:00,NO,0.011
2025-02-19T00:00:00+03:00,PM10,0.011
2025-02-19T00:00:00+03:00,CO,0.22
2025-02-19T00:00:00+03:00,SO2,0.0017
2025-02-19T00:00:00+03:00,OZ,0.0318
2025-02-19T00:00:00+03:00,NO2,0.023
2025-02-19T00:00:00+03:00,PM2.5,0.007
2025-02-19T00:00:00+03:00,NO,0.007
2025-02-20T00:00:00+03:00,PM2.5,0.007
2025-02-20T00:00:00+03:00,NO2,0.026
2025-02-20T00:00:00+03:00,NO,0.007
2025-02-20T00:00:00+03:00,OZ,0.0321
2025-02-20T00:00:00+03:00,PM10,0.009
2025-02-20T00:00:00+03:00,CO,0.31
2025-02-20T00:00:00+03:00,SO2,0.0017
2025-02-21T00:00:00+03:00,NO2,0.025
2025-02-21T00:00:00+03:00,OZ,0.0396
2025-02-21T00:00:00+03:00,PM2.5,0.007
2025-02-21T00:00:00+03:00,SO2,0.002
2025-02-21T00:00:00+03:00,PM10,0.011
2025-02-21T00:00:00+03:00,NO,0.009
2025-02-21T00:00:00+03:00,CO,0.14
2025-02-22T00:00:00+03:00,PM10,0.012
2025-02-22T00:00:00+03:00,OZ,0.0406
2025-02-22T00:00:00+03:00,CO,0.18
2025-02-22T00:00:00+03:00,SO2,0.002
2025-02-22T00:00:00+03:00,NO,0.005
2025-02-22T00:00:00+03:00,NO2,0.027
2025-02-22T00:00:00+03:00,PM2.5,0.007
2025-02-23T00:00:00+03:00,PM2.5,0.015
2025-02-23T00:00:00+03:00,PM10,0.023
2025-02-23T00:00:00+03:00,SO2,0.0029
2025-02-23T00:00:00+03:00,NO2,0.04
2025-02-23T00:00:00+03:00,NO,0.032
2025-02-23T00:00:00+03:00,OZ,0.0149
2025-02-23T00:00:00+03:00,CO,0.44
2025-02-24T00:00:00+03:00,SO2,0.0027
2025-02-24T00:00:00+03:00,OZ,0.0194
2025-02-24T00:00:00+03:00,PM2.5,0.01
2025-02-24T00:00:00+03:00,NO,0.023
2025-02-24T00:00:00+03:00,NO2,0.037
2025-02-24T00:00:00+03:00,CO,0.3
2025-02-24T00:00:00+03:00,PM10,0.021
2025-02-25T00:00:00+03:00,SO2,0.0043
2025-02-25T00:00:00+03:00,OZ,0.0094
2025-02-25T00:00:00+03:00,NO2,0.047
2025-02-25T00:00:00+03:00,PM2.5,0.014
2025-02-25T00:00:00+03:00,PM10,0.038
2025-02-25T00:00:00+03:00,CO,0.44
2025-02-25T00:00:00+03:00,NO,0.049
2025-02-26T00:00:00+03:00,SO2,0.0033
2025-02-26T00:00:00+03:00,OZ,0.0167
2025-02-26T00:00:00+03:00,PM10,0.033
2025-02-26T00:00:00+03:00,NO,0.02
2025-02-26T00:00:00+03:00,CO,0.36
2025-02-26T00:00:00+03:00,PM2.5,0.016
2025-02-26T00:00:00+03:00,NO2,0.036
2025-02-27T00:00:00+03:00,PM2.5,0.015
2025-02-27T00:00:00+03:00,OZ,0.0173
2025-02-27T00:00:00+03:00,PM10,0.033
2025-02-27T00:00:00+03:00,CO,0.44
2025-02-27T00:00:00+03:00,NO2,0.035
2025-02-27T00:00:00+03:00,SO2,0.003
2025-02-27T00:00:00+03:00,NO,0.027
2025-02-28T00:00:00+03:00,PM2.5,0.02
2025-02-28T00:00:00+03:00,CO,0.47
2025-02-28T00:00:00+03:00,NO2,0.037
2025-02-28T00:00:00+03:00,PM10,0.035
2025-02-28T00:00:00+03:00,OZ,0.0277
2025-02-28T00:00:00+03:00,NO,0.041
2025-02-28T00:00:00+03:00,SO2,0.0043
2025-03-01T00:00:00+03:00,CO,0.25
2025-03-01T00:00:00+03:00,NO,0.003
2025-03-01T00:00:00+03:00,SO2,0.0022
2025-03-01T00:00:00+03:00,PM2.5,0.025
2025-03-01T00:00:00+03:00,OZ,0.056
2025-03-01T00:00:00+03:00,PM10,0.031
2025-03-01T00:00:00+03:00,NO2,0.02
2025-03-02T00:00:00+03:00,PM2.5,0.018
2025-03-02T00:00:00+03:00,PM10,0.02
2025-03-02T00:00:00+03:00,NO,0.004
2025-03-02T00:00:00+03:00,OZ,0.0446
2025-03-02T00:00:00+03:00,SO2,0.0013
2025-03-02T00:00:00+03:00,NO2,0.014
2025-03-02T00:00:00+03:00,CO,0.25
2025-03-03T00:00:00+03:00,SO2,0.0009
2025-03-03T00:00:00+03:00,NO,0.006
2025-03-03T00:00:00+03:00,NO2,0.013
2025-03-03T00:00:00+03:00,PM2.5,0.007
2025-03-03T00:00:00+03:00,PM10,0.008
2025-03-03T00:00:00+03:00,CO,0.27
2025-03-03T00:00:00+03:00,OZ,0.0282
2025-03-04T00:00:00+03:00,CO,0.16
2025-03-04T00:00:00+03:00,SO2,0.0006
2025-03-04T00:00:00+03:00,OZ,0.0336
2025-03-04T00:00:00+03:00,PM10,0.005
2025-03-04T00:00:00+03:00,NO,0.005
2025-03-04T00:00:00+03:00,PM2.5,0.003
2025-03-04T00:00:00+03:00,NO2,0.013
2025-03-05T00:00:00+03:00,NO,0.003
2025-03-05T00:00:00+03:00,NO2,0.011
2025-03-05T00:00:00+03:00,PM2.5,0.004
2025-03-05T00:00:00+03:00,SO2,0.0003
2025-03-05T00:00:00+03:00,PM10,0.006
2025-03-05T00:00:00+03:00,OZ,0.0558
2025-03-05T00:00:00+03:00,CO,0.15
2025-03-06T00:00:00+03:00,PM2.5,0.004
2025-03-06T00:00:00+03:00,PM10,0.006
2025-03-06T00:00:00+03:00,SO2,0.0003
2025-03-06T00:00:00+03:00,NO2,0.012
2025-03-06T00:00:00+03:00,OZ,0.039
2025-03-06T00:00:00+03:00,CO,0.18
2025-03-06T00:00:00+03:00,NO,0.005
2025-03-07T00:00:00+03:00,NO2,0.012
2025-03-07T00:00:00+03:00,PM2.5,0.007
2025-03-07T00:00:00+03:00,CO,0.11
2025-03-07T00:00:00+03:00,OZ,0.054
2025-03-07T00:00:00+03:00,NO,0.003
2025-03-07T00:00:00+03:00,SO2,0.0002
2025-03-07T00:00:00+03:00,PM10,0.014
2025-03-08T00:00:00+03:00,NO,0.012
2025-03-08T00:00:00+03:00,NO2,0.02
2025-03-08T00:00:00+03:00,CO,0.26
2025-03-08T00:00:00+03:00,SO2,0.0009
2025-03-08T00:00:00+03:00,PM10,0.019
2025-03-08T00:00:00+03:00,OZ,0.0381
2025-03-08T00:00:00+03:00,PM2.5,0.008
2025-03-09T00:00:00+03:00,PM10,0.019
2025-03-09T00:00:00+03:00,OZ,0.0594
2025-03-09T00:00:00+03:00,PM2.5,0.008
2025-03-09T00:00:00+03:00,SO2,0.0005
2025-03-09T00:00:00+03:00,CO,0.21
2025-03-09T00:00:00+03:00,NO,0.003
2025-03-09T00:00:00+03:00,NO2,0.014
2025-03-10T00:00:00+03:00,PM10,0.03
2025-03-10T00:00:00+03:00,SO2,0.0026
2025-03-10T00:00:00+03:00,NO2,0.022
2025-03-10T00:00:00+03:00,NO,0.008
2025-03-10T00:00:00+03:00,OZ,0.037
2025-03-10T00:00:00+03:00,CO,0.19
2025-03-10T00:00:00+03:00,PM2.5,0.01
2025-03-11T00:00:00+03:00,OZ,0.0561
2025-03-11T00:00:00+03:00,SO2,0.0011
2025-03-11T00:00:00+03:00,NO2,0.014
2025-03-11T00:00:00+03:00,NO,0.003
2025-03-11T00:00:00+03:00,PM10,0.03
2025-03-11T00:00:00+03:00,PM2.5,0.018
2025-03-11T00:00:00+03:00,CO,0.17
2025-03-12T00:00:00+03:00,SO2,0.0006
2025-03-12T00:00:00+03:00,OZ,0.0191
2025-03-12T00:00:00+03:00,NO2,0.013
2025-03-12T00:00:00+03:00,PM2.5,0.031
2025-03-12T00:00:00+03:00,PM10,0.038
2025-03-12T00:00:00+03:00,CO,0.28
2025-03-12T00:00:00+03:00,NO,0.013
2025-03-13T00:00:00+03:00,CO,0.28
2025-03-13T00:00:00+03:00,NO2,0.018
2025-03-13T00:00:00+03:00,OZ,0.0451
2025-03-13T00:00:00+03:00,PM10,0.03
2025-03-13T00:00:00+03:00,SO2,0.0001
2025-03-13T00:00:00+03:00,PM2.5,0.026
2025-03-13T00:00:00+03:00,NO,0.004
2025-03-14T00:00:00+03:00,PM2.5,0.008
2025-03-14T00:00:00+03:00,PM10,0.014
2025-03-14T00:00:00+03:00,CO,0.28
2025-03-14T00:00:00+03:00,SO2,0.0001
2025-03-14T00:00:00+03:00,NO,0.003
2025-03-14T00:00:00+03:00,OZ,0.0492
2025-03-14T00:00:00+03:00,NO2,0.011
2025-03-15T00:00:00+03:00,PM10,0.012
2025-03-15T00:00:00+03:00,NO,0.003
2025-03-15T00:00:00+03:00,PM2.5,0.004
2025-03-15T00:00:00+03:00,OZ,0.0544
2025-03-15T00:00:00+03:00,CO,0.08
2025-03-15T00:00:00+03:00,NO2,0.013
2025-03-15T00:00:00+03:00,SO2,0.0006
2025-03-16T00:00:00+03:00,CO,0.15
2025-03-16T00:00:00+03:00,PM10,0.02
2025-03-16T00:00:00+03:00,OZ,0.0443
2025-03-16T00:00:00+03:00,NO2,0.024
2025-03-16T00:00:00+03:00,NO,0.007
2025-03-16T00:00:00+03:00,SO2,0.0012
2025-03-16T00:00:00+03:00,PM2.5,0.007
2025-03-17T00:00:00+03:00,SO2,0.0011
2025-03-17T00:00:00+03:00,PM2.5,0.005
2025-03-17T00:00:00+03:00,NO2,0.016
2025-03-17T00:00:00+03:00,NO,0.003
2025-03-17T00:00:00+03:00,CO,0.14
2025-03-17T00:00:00+03:00,PM10,0.012
2025-03-17T00:00:00+03:00,OZ,0.0467
2025-03-18T00:00:00+03:00,PM2.5,0.007
2025-03-18T00:00:00+03:00,PM10,0.016
2025-03-18T00:00:00+03:00,CO,0.19
2025-03-18T00:00:00+03:00,NO2,0.028
2025-03-18T00:00:00+03:00,NO,0.008
2025-03-18T00:00:00+03:00,SO2,0.0016
2025-03-18T00:00:00+03:00,OZ,0.0346
2025-03-19T00:00:00+03:00,PM2.5,0.007
2025-03-19T00:00:00+03:00,CO,0.09
2025-03-19T00:00:00+03:00,PM10,0.012
2025-03-19T00:00:00+03:00,SO2,0.0013
2025-03-19T00:00:00+03:00,NO2,0.019
2025-03-19T00:00:00+03:00,OZ,0.0397
2025-03-19T00:00:00+03:00,NO,0.003
2025-03-20T00:00:00+03:00,CO,0.17
2025-03-20T00:00:00+03:00,NO2,0.02
2025-03-20T00:00:00+03:00,OZ,0.0519
2025-03-20T00:00:00+03:00,NO,0.003
2025-03-20T00:00:00+03:00,PM2.5,0.006
2025-03-20T00:00:00+03:00,PM10,0.015
2025-03-20T00:00:00+03:00,SO2,0.0013
2025-03-21T00:00:00+03:00,PM10,0.023
2025-03-21T00:00:00+03:00,PM2.5,0.009
2025-03-21T00:00:00+03:00,CO,0.17
2025-03-21T00:00:00+03:00,NO2,0.022
2025-03-21T00:00:00+03:00,SO2,0.0013
2025-03-21T00:00:00+03:00,OZ,0.0485
2025-03-21T00:00:00+03:00,NO,0.003
2025-03-22T00:00:00+03:00,CO,0.16
2025-03-22T00:00:00+03:00,NO,0.001
2025-03-22T00:00:00+03:00,OZ,0.0653
2025-03-22T00:00:00+03:00,PM2.5,0.005
2025-03-22T00:00:00+03:00,SO2,0.0015
2025-03-22T00:00:00+03:00,NO2,0.011
2025-03-22T00:00:00+03:00,PM10,0.015
2025-03-23T00:00:00+03:00,PM2.5,0.009
2025-03-23T00:00:00+03:00,PM10,0.022
2025-03-23T00:00:00+03:00,OZ,0.049
2025-03-23T00:00:00+03:00,NO2,0.025
2025-03-23T00:00:00+03:00,NO,0.003
2025-03-23T00:00:00+03:00,CO,0.14
2025-03-23T00:00:00+03:00,SO2,0.0026
2025-03-24T00:00:00+03:00,CO,0.32
2025-03-24T00:00:00+03:00,SO2,0.0022
2025-03-24T00:00:00+03:00,NO2,0.032
2025-03-24T00:00:00+03:00,PM2.5,0.016
2025-03-24T00:00:00+03:00,NO,0.006
2025-03-24T00:00:00+03:00,PM10,0.033
2025-03-24T00:00:00+03:00,OZ,0.0372
2025-03-25T00:00:00+03:00,OZ,0.0492
2025-03-25T00:00:00+03:00,PM10,0.015
2025-03-25T00:00:00+03:00,NO,0.002
2025-03-25T00:00:00+03:00,PM2.5,0.011
2025-03-25T00:00:00+03:00,SO2,0.001
2025-03-25T00:00:00+03:00,NO2,0.014
2025-03-25T00:00:00+03:00,CO,0.2
2025-03-26T00:00:00+03:00,CO,0.24
2025-03-26T00:00:00+03:00,NO2,0.023
2025-03-26T00:00:00+03:00,PM2.5,0.014
2025-03-26T00:00:00+03:00,SO2,0.001
2025-03-26T00:00:00+03:00,PM10,0.021
2025-03-26T00:00:00+03:00,NO,0.012
2025-03-26T00:00:00+03:00,OZ,0.0229
2025-03-27T00:00:00+03:00,CO,0.21
2025-03-27T00:00:00+03:00,NO,0.007
2025-03-27T00:00:00+03:00,SO2,0.0008
2025-03-27T00:00:00+03:00,PM2.5,0.01
2025-03-27T00:00:00+03:00,NO2,0.022
2025-03-27T00:00:00+03:00,PM10,0.015
2025-03-27T00:00:00+03:00,OZ,0.0172
2025-03-28T00:00:00+03:00,NO,0.035
2025-03-28T00:00:00+03:00,NO2,0.027
2025-03-28T00:00:00+03:00,PM2.5,0.012
2025-03-28T00:00:00+03:00,SO2,0.0015
2025-03-28T00:00:00+03:00,PM10,0.03
2025-03-28T00:00:00+03:00,CO,0.39
2025-03-28T00:00:00+03:00,OZ,
2025-03-29T00:00:00+03:00,CO,0.48
2025-03-29T00:00:00+03:00,PM2.5,0.016
2025-03-29T00:00:00+03:00,PM10,0.04
2025-03-29T00:00:00+03:00,NO,0.05
2025-03-29T00:00:00+03:00,SO2,0.0025
2025-03-29T00:00:00+03:00,NO2,0.03
2025-03-29T00:00:00+03:00,OZ,
2025-03-30T00:00:00+03:00,CO,0.25
2025-03-30T00:00:00+03:00,OZ,
2025-03-30T00:00:00+03:00,NO,0.006
2025-03-30T00:00:00+03:00,SO2,0.0012
2025-03-30T00:00:00+03:00,PM2.5,0.01
2025-03-30T00:00:00+03:00,PM10,0.027
2025-03-30T00:00:00+03:00,NO2,0.023
2025-03-31T00:00:00+03:00,CO,0.24
2025-03-31T00:00:00+03:00,SO2,0.0027
2025-03-31T00:00:00+03:00,NO,0.014
2025-03-31T00:00:00+03:00,PM10,0.047
2025-03-31T00:00:00+03:00,OZ,
2025-03-31T00:00:00+03:00,PM2.5,0.017
2025-03-31T00:00:00+03:00,NO2,0.032
2025-04-01T00:00:00+03:00,PM10,0.035
2025-04-01T00:00:00+03:00,OZ,
2025-04-01T00:00:00+03:00,SO2,0.0017
2025-04-01T00:00:00+03:00,CO,0.27
2025-04-01T00:00:00+03:00,NO2,0.028
2025-04-01T00:00:00+03:00,NO,0.006
2025-04-01T00:00:00+03:00,PM2.5,0.018
2025-04-02T00:00:00+03:00,NO,0.003
2025-04-02T00:00:00+03:00,PM2.5,0.008
2025-04-02T00:00:00+03:00,PM10,0.021
2025-04-02T00:00:00+03:00,SO2,0.0008
2025-04-02T00:00:00+03:00,NO2,0.018
2025-04-02T00:00:00+03:00,OZ,
2025-04-02T00:00:00+03:00,CO,0.17
2025-04-03T00:00:00+03:00,PM10,0.032
2025-04-03T00:00:00+03:00,SO2,0.0012
2025-04-03T00:00:00+03:00,NO,0.009
2025-04-03T00:00:00+03:00,CO,0.29
2025-04-03T00:00:00+03:00,PM2.5,0.007
2025-04-03T00:00:00+03:00,NO2,0.027
2025-04-04T00:00:00+03:00,NO2,0.021
2025-04-04T00:00:00+03:00,PM10,0.03
2025-04-04T00:00:00+03:00,SO2,0.001
2025-04-04T00:00:00+03:00,CO,0.22
2025-04-04T00:00:00+03:00,PM2.5,0.008
2025-04-04T00:00:00+03:00,NO,0.007
2025-04-05T00:00:00+03:00,SO2,0.0009
2025-04-05T00:00:00+03:00,PM10,0.019
2025-04-05T00:00:00+03:00,PM2.5,0.007
2025-04-05T00:00:00+03:00,CO,0.16
2025-04-05T00:00:00+03:00,NO2,0.017
2025-04-05T00:00:00+03:00,NO,0.003
2025-04-06T00:00:00+03:00,SO2,0.001
2025-04-06T00:00:00+03:00,PM2.5,0.005
2025-04-06T00:00:00+03:00,CO,0.1
2025-04-06T00:00:00+03:00,PM10,0.012
2025-04-06T00:00:00+03:00,NO,0.002
2025-04-06T00:00:00+03:00,NO2,0.012
2025-04-07T00:00:00+03:00,SO2,0.0013
2025-04-07T00:00:00+03:00,PM2.5,0.006
2025-04-07T00:00:00+03:00,PM10,0.01
2025-04-07T00:00:00+03:00,NO2,0.018
2025-04-07T00:00:00+03:00,CO,0.17
2025-04-07T00:00:00+03:00,NO,0.008
2025-04-08T00:00:00+03:00,NO,0.004
2025-04-08T00:00:00+03:00,PM2.5,0.005
2025-04-08T00:00:00+03:00,SO2,0.001
2025-04-08T00:00:00+03:00,CO,0.1
2025-04-08T00:00:00+03:00,NO2,0.017
2025-04-08T00:00:00+03:00,PM10,0.006
2025-04-09T00:00:00+03:00,CO,0.11
2025-04-09T00:00:00+03:00,NO,0.001
2025-04-09T00:00:00+03:00,SO2,0.001
2025-04-09T00:00:00+03:00,PM2.5,0.005
2025-04-09T00:00:00+03:00,NO2,0.011
2025-04-09T00:00:00+03:00,PM10,0.007
2025-04-10T00:00:00+03:00,NO2,0.017
2025-04-10T00:00:00+03:00,PM10,0.008
2025-04-10T00:00:00+03:00,NO,0
2025-04-10T00:00:00+03:00,CO,0.15
2025-04-10T00:00:00+03:00,PM2.5,0.005
2025-04-10T00:00:00+03:00,SO2,0.0009
2025-04-11T00:00:00+03:00,NO,0
2025-04-11T00:00:00+03:00,NO2,0.014
2025-04-11T00:00:00+03:00,CO,0.2
2025-04-11T00:00:00+03:00,PM2.5,0.007
2025-04-11T00:00:00+03:00,PM10,0.009
2025-04-11T00:00:00+03:00,SO2,0.0006
2025-04-12T00:00:00+03:00,NO2,0.009
2025-04-12T00:00:00+03:00,PM2.5,0.005
2025-04-12T00:00:00+03:00,CO,0.06
2025-04-12T00:00:00+03:00,NO,0
2025-04-12T00:00:00+03:00,PM10,0.01
2025-04-12T00:00:00+03:00,SO2,0.0007
2025-04-13T00:00:00+03:00,CO,0.13
2025-04-13T00:00:00+03:00,SO2,0.0009
2025-04-13T00:00:00+03:00,NO2,0.012
2025-04-13T00:00:00+03:00,NO,0
2025-04-13T00:00:00+03:00,PM2.5,0.007
2025-04-13T00:00:00+03:00,PM10,0.012
2025-04-14T00:00:00+03:00,NO2,0.016
2025-04-14T00:00:00+03:00,PM10,0.016
2025-04-14T00:00:00+03:00,PM2.5,0.008
2025-04-14T00:00:00+03:00,NO,0.001
2025-04-14T00:00:00+03:00,SO2,0.001
2025-04-14T00:00:00+03:00,CO,0.24
2025-04-15T00:00:00+03:00,NO,0.001
2025-04-15T00:00:00+03:00,PM10,0.025
2025-04-15T00:00:00+03:00,CO,0.18
2025-04-15T00:00:00+03:00,PM2.5,0.011
2025-04-15T00:00:00+03:00,NO2,0.014
2025-04-15T00:00:00+03:00,SO2,0.0011
2025-04-16T00:00:00+03:00,NO2,0.024
2025-04-16T00:00:00+03:00,SO2,0.0015
2025-04-16T00:00:00+03:00,NO,0.005
2025-04-16T00:00:00+03:00,CO,0.16
2025-04-16T00:00:00+03:00,PM2.5,0.011
2025-04-16T00:00:00+03:00,PM10,0.03
2025-04-17T00:00:00+03:00,SO2,0.0014
2025-04-17T00:00:00+03:00,PM10,0.033
2025-04-17T00:00:00+03:00,NO2,0.019
2025-04-17T00:00:00+03:00,NO,0.002
2025-04-17T00:00:00+03:00,CO,0.16
2025-04-17T00:00:00+03:00,PM2.5,0.014
2025-04-18T00:00:00+03:00,NO2,0.017
2025-04-18T00:00:00+03:00,PM10,0.034
2025-04-18T00:00:00+03:00,SO2,0.0009
2025-04-18T00:00:00+03:00,NO,0.003
2025-04-18T00:00:00+03:00,PM2.5,0.015
2025-04-18T00:00:00+03:00,CO,0.28
2025-04-19T00:00:00+03:00,PM2.5,0.016
2025-04-19T00:00:00+03:00,PM10,0.04
2025-04-19T00:00:00+03:00,SO2,0.0007
2025-04-19T00:00:00+03:00,NO,0.002
2025-04-19T00:00:00+03:00,NO2,0.016
2025-04-19T00:00:00+03:00,CO,0.14
2025-04-20T00:00:00+03:00,PM10,0.039
2025-04-20T00:00:00+03:00,CO,0.13
2025-04-20T00:00:00+03:00,NO,0.001
2025-04-20T00:00:00+03:00,NO2,0.014
2025-04-20T00:00:00+03:00,PM2.5,0.016
2025-04-20T00:00:00+03:00,SO2,0.0012
2025-04-21T00:00:00+03:00,PM10,0.046
2025-04-21T00:00:00+03:00,CO,0.13
2025-04-21T00:00:00+03:00,NO2,0.014
2025-04-21T00:00:00+03:00,NO,0.001
2025-04-21T00:00:00+03:00,SO2,0.0017
2025-04-21T00:00:00+03:00,PM2.5,0.018
2025-04-22T00:00:00+03:00,NO,0.005
2025-04-22T00:00:00+03:00,NO2,0.017
2025-04-22T00:00:00+03:00,CO,0.2
2025-04-22T00:00:00+03:00,SO2,0.0012
2025-04-22T00:00:00+03:00,PM2.5,0.02
2025-04-22T00:00:00+03:00,PM10,0.044
2025-04-23T00:00:00+03:00,PM2.5,0.017
2025-04-23T00:00:00+03:00,NO2,0.016
2025-04-23T00:00:00+03:00,CO,0.27
2025-04-23T00:00:00+03:00,SO2,0.0011
2025-04-23T00:00:00+03:00,OZ,0.0466
2025-04-23T00:00:00+03:00,NO,0.007
2025-04-23T00:00:00+03:00,PM10,0.043
2025-04-24T00:00:00+03:00,NO,0.004
2025-04-24T00:00:00+03:00,SO2,0.0003
2025-04-24T00:00:00+03:00,NO2,0.011
2025-04-24T00:00:00+03:00,PM2.5,0.006
2025-04-24T00:00:00+03:00,PM10,0.018
2025-04-24T00:00:00+03:00,CO,0.25
2025-04-24T00:00:00+03:00,OZ,0.0498
2025-04-25T00:00:00+03:00,NO2,0.01
2025-04-25T00:00:00+03:00,PM10,0.017
2025-04-25T00:00:00+03:00,PM2.5,0.006
2025-04-25T00:00:00+03:00,OZ,0.0506
2025-04-25T00:00:00+03:00,SO2,0.0004
2025-04-25T00:00:00+03:00,CO,0.08
2025-04-25T00:00:00+03:00,NO,0.002
2025-04-26T00:00:00+03:00,PM10,0.013
2025-04-26T00:00:00+03:00,CO,0.25
2025-04-26T00:00:00+03:00,SO2,0.0004
2025-04-26T00:00:00+03:00,NO,0
2025-04-26T00:00:00+03:00,OZ,0.0614
2025-04-26T00:00:00+03:00,NO2,0.006
2025-04-26T00:00:00+03:00,PM2.5,0.005
2025-04-27T00:00:00+03:00,CO,0.13
2025-04-27T00:00:00+03:00,NO,0
2025-04-27T00:00:00+03:00,PM10,0.014
2025-04-27T00:00:00+03:00,SO2,0.0011
2025-04-27T00:00:00+03:00,NO2,0.006
2025-04-27T00:00:00+03:00,OZ,0.0584
2025-04-27T00:00:00+03:00,PM2.5,0.006
2025-04-28T00:00:00+03:00,NO,0.001
2025-04-28T00:00:00+03:00,PM10,0.014
2025-04-28T00:00:00+03:00,CO,0.16
2025-04-28T00:00:00+03:00,NO2,0.008
2025-04-28T00:00:00+03:00,PM2.5,0.006
2025-04-28T00:00:00+03:00,SO2,0.0009
2025-04-28T00:00:00+03:00,OZ,0.0523
2025-04-29T00:00:00+03:00,PM2.5,0.008
2025-04-29T00:00:00+03:00,OZ,0.0607
2025-04-29T00:00:00+03:00,PM10,0.019
2025-04-29T00:00:00+03:00,NO2,0.008
2025-04-29T00:00:00+03:00,SO2,0.0007
2025-04-29T00:00:00+03:00,CO,0.19
2025-04-29T00:00:00+03:00,NO,0
2025-04-30T00:00:00+03:00,OZ,0.0408
2025-04-30T00:00:00+03:00,CO,0.19
2025-04-30T00:00:00+03:00,PM2.5,0.005
2025-04-30T00:00:00+03:00,PM10,0.008
2025-04-30T00:00:00+03:00,NO2,0.006
2025-04-30T00:00:00+03:00,NO,0.002
2025-04-30T00:00:00+03:00,SO2,0.0002
2025-05-01T00:00:00+03:00,CO,0.19
2025-05-01T00:00:00+03:00,NO,0.003
2025-05-01T00:00:00+03:00,SO2,0.0003
2025-05-01T00:00:00+03:00,PM2.5,0.006
2025-05-01T00:00:00+03:00,PM10,0.009
2025-05-01T00:00:00+03:00,OZ,0.0275
2025-05-01T00:00:00+03:00,NO2,0.009
2025-05-02T00:00:00+03:00,CO,0.18
2025-05-02T00:00:00+03:00,OZ,0.0409
2025-05-02T00:00:00+03:00,NO,0.002
2025-05-02T00:00:00+03:00,SO2,0.0002
2025-05-02T00:00:00+03:00,NO2,0.013
2025-05-02T00:00:00+03:00,PM2.5,0.005
2025-05-02T00:00:00+03:00,PM10,0.009
2025-05-03T00:00:00+03:00,CO,0.18
2025-05-03T00:00:00+03:00,NO2,0.016
2025-05-03T00:00:00+03:00,NO,0.003
2025-05-03T00:00:00+03:00,PM2.5,0.009
2025-05-03T00:00:00+03:00,SO2,0.0005
2025-05-03T00:00:00+03:00,PM10,0.02
2025-05-03T00:00:00+03:00,OZ,0.0531
2025-05-04T00:00:00+03:00,OZ,0.047
2025-05-04T00:00:00+03:00,NO2,0.02
2025-05-04T00:00:00+03:00,PM10,0.022
2025-05-04T00:00:00+03:00,CO,0.23
2025-05-04T00:00:00+03:00,SO2,0.0002
2025-05-04T00:00:00+03:00,NO,0.003
2025-05-04T00:00:00+03:00,PM2.5,0.013
2025-05-05T00:00:00+03:00,NO,0.001
2025-05-05T00:00:00+03:00,SO2,0
2025-05-05T00:00:00+03:00,CO,0.14
2025-05-05T00:00:00+03:00,PM2.5,0.006
2025-05-05T00:00:00+03:00,NO2,0.007
2025-05-05T00:00:00+03:00,PM10,0.013
2025-05-05T00:00:00+03:00,OZ,0.062
2025-05-06T00:00:00+03:00,NO2,0.006
2025-05-06T00:00:00+03:00,OZ,0.0523
2025-05-06T00:00:00+03:00,PM10,0.009
2025-05-06T00:00:00+03:00,PM2.5,0.005
2025-05-06T00:00:00+03:00,SO2,0.0004
2025-05-06T00:00:00+03:00,CO,0.01
2025-05-06T00:00:00+03:00,NO,0.001
2025-05-07T00:00:00+03:00,OZ,0.0465
2025-05-07T00:00:00+03:00,SO2,0.001
2025-05-07T00:00:00+03:00,CO,0.12
2025-05-07T00:00:00+03:00,NO2,0.02
2025-05-07T00:00:00+03:00,NO,0.004
2025-05-07T00:00:00+03:00,PM10,0.019
2025-05-07T00:00:00+03:00,PM2.5,0.009
2025-05-08T00:00:00+03:00,NO2,0.011
2025-05-08T00:00:00+03:00,CO,0.16
2025-05-08T00:00:00+03:00,OZ,0.0387
2025-05-08T00:00:00+03:00,PM2.5,0.006
2025-05-08T00:00:00+03:00,SO2,0.0008
2025-05-08T00:00:00+03:00,PM10,0.012
2025-05-08T00:00:00+03:00,NO,0.002
2025-05-09T00:00:00+03:00,CO,0.13
2025-05-09T00:00:00+03:00,NO2,0.01
2025-05-09T00:00:00+03:00,SO2,0.001
2025-05-09T00:00:00+03:00,NO,0.001
2025-05-09T00:00:00+03:00,OZ,0.046
2025-05-09T00:00:00+03:00,PM2.5,0.006
2025-05-09T00:00:00+03:00,PM10,0.013
2025-05-10T00:00:00+03:00,OZ,0.0334
2025-05-10T00:00:00+03:00,NO,0.006
2025-05-10T00:00:00+03:00,NO2,0.01
2025-05-10T00:00:00+03:00,PM10,0.012
2025-05-10T00:00:00+03:00,PM2.5,0.006
2025-05-10T00:00:00+03:00,SO2,0.0012
2025-05-10T00:00:00+03:00,CO,0.15
2025-05-11T00:00:00+03:00,OZ,0.0449
2025-05-11T00:00:00+03:00,SO2,0.0009
2025-05-11T00:00:00+03:00,PM10,0.006
2025-05-11T00:00:00+03:00,NO2,0.005
2025-05-11T00:00:00+03:00,NO,0.001
2025-05-11T00:00:00+03:00,CO,0.16
2025-05-11T00:00:00+03:00,PM2.5,0.004
2025-05-12T00:00:00+03:00,NO,0.002
2025-05-12T00:00:00+03:00,PM2.5,0.005
2025-05-12T00:00:00+03:00,SO2,0.0009
2025-05-12T00:00:00+03:00,PM10,0.008
2025-05-12T00:00:00+03:00,CO,0.18
2025-05-12T00:00:00+03:00,NO2,0.009
2025-05-12T00:00:00+03:00,OZ,0.0401
2025-05-13T00:00:00+03:00,PM2.5,0.01
2025-05-13T00:00:00+03:00,CO,0.35
2025-05-13T00:00:00+03:00,SO2,0.0015
2025-05-13T00:00:00+03:00,NO2,0.019
2025-05-13T00:00:00+03:00,OZ,0.0262
2025-05-13T00:00:00+03:00,NO,0.018
2025-05-13T00:00:00+03:00,PM10,0.02
2025-05-14T00:00:00+03:00,CO,0.26
2025-05-14T00:00:00+03:00,NO2,0.012
2025-05-14T00:00:00+03:00,PM2.5,0.007
2025-05-14T00:00:00+03:00,SO2,0.0008
2025-05-14T00:00:00+03:00,OZ,0.0433
2025-05-14T00:00:00+03:00,NO,0.003
2025-05-14T00:00:00+03:00,PM10,0.012
2025-05-15T00:00:00+03:00,OZ,0.0591
2025-05-15T00:00:00+03:00,SO2,0.0009
2025-05-15T00:00:00+03:00,PM10,0.02
2025-05-15T00:00:00+03:00,NO2,0.013
2025-05-15T00:00:00+03:00,NO,0.002
2025-05-15T00:00:00+03:00,PM2.5,0.01
2025-05-15T00:00:00+03:00,CO,0.13
2025-05-16T00:00:00+03:00,PM10,0.025
2025-05-16T00:00:00+03:00,CO,0.07
2025-05-16T00:00:00+03:00,NO,0.001
2025-05-16T00:00:00+03:00,NO2,0.01
2025-05-16T00:00:00+03:00,PM2.5,0.012
2025-05-16T00:00:00+03:00,SO2,0.0011
2025-05-16T00:00:00+03:00,OZ,0.0667
2025-05-17T00:00:00+03:00,NO,0.004
2025-05-17T00:00:00+03:00,OZ,0.0508
2025-05-17T00:00:00+03:00,SO2,0.0011
2025-05-17T00:00:00+03:00,NO2,0.015
2025-05-17T00:00:00+03:00,PM2.5,0.013
2025-05-17T00:00:00+03:00,CO,0.23
2025-05-17T00:00:00+03:00,PM10,0.03
2025-05-18T00:00:00+03:00,PM10,0.024
2025-05-18T00:00:00+03:00,PM2.5,0.01
2025-05-18T00:00:00+03:00,NO,0.002
2025-05-18T00:00:00+03:00,CO,0.08
2025-05-18T00:00:00+03:00,NO2,0.009
2025-05-18T00:00:00+03:00,SO2,0.0018
2025-05-18T00:00:00+03:00,OZ,0.0581
2025-05-19T00:00:00+03:00,NO,0.002
2025-05-19T00:00:00+03:00,SO2,0.0004
2025-05-19T00:00:00+03:00,PM10,0.01
2025-05-19T00:00:00+03:00,PM2.5,0.005
2025-05-19T00:00:00+03:00,NO2,0.007
2025-05-19T00:00:00+03:00,CO,0.12
2025-05-19T00:00:00+03:00,OZ,0.0446
2025-05-20T00:00:00+03:00,OZ,0.0377
2025-05-20T00:00:00+03:00,NO,0.006
2025-05-20T00:00:00+03:00,PM2.5,0.006
2025-05-20T00:00:00+03:00,SO2,0.0007
2025-05-20T00:00:00+03:00,CO,0.2
2025-05-20T00:00:00+03:00,NO2,0.018
2025-05-20T00:00:00+03:00,PM10,0.015
2025-05-21T00:00:00+03:00,PM10,0.076
2025-05-21T00:00:00+03:00,PM2.5,0.018
2025-05-21T00:00:00+03:00,NO,0.004
2025-05-21T00:00:00+03:00,NO2,0.014
2025-05-21T00:00:00+03:00,OZ,0.0531
2025-05-21T00:00:00+03:00,SO2,0.0007
2025-05-21T00:00:00+03:00,CO,0.19
2025-05-22T00:00:00+03:00,PM10,
2025-05-22T00:00:00+03:00,NO,0.014
2025-05-22T00:00:00+03:00,NO2,0.023
2025-05-22T00:00:00+03:00,PM2.5,
2025-05-22T00:00:00+03:00,SO2,0.0015
2025-05-22T00:00:00+03:00,OZ,0.0562
2025-05-22T00:00:00+03:00,CO,0.13
2025-05-23T00:00:00+03:00,SO2,0.0013
2025-05-23T00:00:00+03:00,NO,0.004
2025-05-23T00:00:00+03:00,CO,0.12
2025-05-23T00:00:00+03:00,OZ,0.0689
2025-05-23T00:00:00+03:00,PM2.5,
2025-05-23T00:00:00+03:00,PM10,
2025-05-23T00:00:00+03:00,NO2,0.021
2025-05-24T00:00:00+03:00,PM2.5,
2025-05-24T00:00:00+03:00,NO2,0.013
2025-05-24T00:00:00+03:00,OZ,0.0857
2025-05-24T00:00:00+03:00,CO,0.2
2025-05-24T00:00:00+03:00,NO,0.002
2025-05-24T00:00:00+03:00,SO2,0.0015
2025-05-24T00:00:00+03:00,PM10,
2025-05-25T00:00:00+03:00,SO2,0.0017
2025-05-25T00:00:00+03:00,PM10,
2025-05-25T00:00:00+03:00,CO,0.15
2025-05-25T00:00:00+03:00,OZ,0.0867
2025-05-25T00:00:00+03:00,NO2,0.011
2025-05-25T00:00:00+03:00,NO,0.002
2025-05-25T00:00:00+03:00,PM2.5,
2025-05-26T00:00:00+03:00,PM2.5,0.01
2025-05-26T00:00:00+03:00,NO,0.002
2025-05-26T00:00:00+03:00,OZ,0.0805
2025-05-26T00:00:00+03:00,PM10,0.031
2025-05-26T00:00:00+03:00,SO2,0.0019
2025-05-26T00:00:00+03:00,CO,0.09
2025-05-26T00:00:00+03:00,NO2,0.011
2025-05-27T00:00:00+03:00,PM2.5,0.01
2025-05-27T00:00:00+03:00,CO,0.14
2025-05-27T00:00:00+03:00,SO2,0.0018
2025-05-27T00:00:00+03:00,PM10,0.027
2025-05-27T00:00:00+03:00,NO2,0.01
2025-05-27T00:00:00+03:00,OZ,0.0814
2025-05-27T00:00:00+03:00,NO,0.001
2025-05-28T00:00:00+03:00,PM2.5,0.011
2025-05-28T00:00:00+03:00,NO2,0.011
2025-05-28T00:00:00+03:00,PM10,0.036
2025-05-28T00:00:00+03:00,NO,0.002
2025-05-28T00:00:00+03:00,OZ,0.0746
2025-05-28T00:00:00+03:00,CO,0.09
2025-05-28T00:00:00+03:00,SO2,0.0023
2025-05-29T00:00:00+03:00,OZ,0.06
2025-05-29T00:00:00+03:00,NO2,0.012
2025-05-29T00:00:00+03:00,NO,0.003
2025-05-29T00:00:00+03:00,PM10,0.053
2025-05-29T00:00:00+03:00,CO,0.11
2025-05-29T00:00:00+03:00,SO2,0.0026
2025-05-29T00:00:00+03:00,PM2.5,0.017
2025-05-30T00:00:00+03:00,SO2,0.0019
2025-05-30T00:00:00+03:00,NO,0.003
2025-05-30T00:00:00+03:00,NO2,0.009
2025-05-30T00:00:00+03:00,PM2.5,0.017
2025-05-30T00:00:00+03:00,CO,0.17
2025-05-30T00:00:00+03:00,OZ,0.048
2025-05-30T00:00:00+03:00,PM10,0.042
2025-05-31T00:00:00+03:00,OZ,0.0384
2025-05-31T00:00:00+03:00,PM2.5,0.02
2025-05-31T00:00:00+03:00,NO2,0.008
2025-05-31T00:00:00+03:00,SO2,0.0007
2025-05-31T00:00:00+03:00,NO,0.004
2025-05-31T00:00:00+03:00,PM10,0.045
2025-05-31T00:00:00+03:00,CO,0.2
2025-06-01T00:00:00+03:00,PM2.5,0.007
2025-06-01T00:00:00+03:00,NO2,0.004
2025-06-01T00:00:00+03:00,SO2,0.0003
2025-06-01T00:00:00+03:00,PM10,0.016
2025-06-01T00:00:00+03:00,OZ,0.0471
2025-06-01T00:00:00+03:00,NO,0.002
2025-06-01T00:00:00+03:00,CO,0.08
2025-06-02T00:00:00+03:00,SO2,0.0008
2025-06-02T00:00:00+03:00,OZ,0.0542
2025-06-02T00:00:00+03:00,PM2.5,0.006
2025-06-02T00:00:00+03:00,CO,0.14
2025-06-02T00:00:00+03:00,NO,0.003
2025-06-02T00:00:00+03:00,PM10,0.015
2025-06-02T00:00:00+03:00,NO2,0.006
2025-06-03T00:00:00+03:00,CO,0.08
2025-06-03T00:00:00+03:00,NO2,0.004
2025-06-03T00:00:00+03:00,SO2,0.0008
2025-06-03T00:00:00+03:00,PM10,0.02
2025-06-03T00:00:00+03:00,OZ,0.0575
2025-06-03T00:00:00+03:00,PM2.5,0.011
2025-06-03T00:00:00+03:00,NO,0.002
2025-06-04T00:00:00+03:00,PM10,0.018
2025-06-04T00:00:00+03:00,NO,0.002
2025-06-04T00:00:00+03:00,SO2,0.0007
2025-06-04T00:00:00+03:00,OZ,0.0489
2025-06-04T00:00:00+03:00,CO,0.12
2025-06-04T00:00:00+03:00,PM2.5,0.009
2025-06-04T00:00:00+03:00,NO2,0.004
2025-06-05T00:00:00+03:00,SO2,0.001
2025-06-05T00:00:00+03:00,NO,0.003
2025-06-05T00:00:00+03:00,NO2,0.005
2025-06-05T00:00:00+03:00,OZ,0.0509
2025-06-05T00:00:00+03:00,PM2.5,0.01
2025-06-05T00:00:00+03:00,CO,0.15
2025-06-05T00:00:00+03:00,PM10,0.021
2025-06-06T00:00:00+03:00,NO,0
2025-06-06T00:00:00+03:00,NO2,0.002
2025-06-06T00:00:00+03:00,PM2.5,0.012
2025-06-06T00:00:00+03:00,OZ,0.067
2025-06-06T00:00:00+03:00,PM10,0.024
2025-06-06T00:00:00+03:00,CO,0.11
2025-06-06T00:00:00+03:00,SO2,0.0008
2025-06-07T00:00:00+03:00,SO2,0.0003
2025-06-07T00:00:00+03:00,PM2.5,0.012
2025-06-07T00:00:00+03:00,CO,0.07
2025-06-07T00:00:00+03:00,PM10,0.021
2025-06-07T00:00:00+03:00,NO,0.001
2025-06-07T00:00:00+03:00,NO2,0
2025-06-07T00:00:00+03:00,OZ,0.0553
2025-06-08T00:00:00+03:00,PM10,0.025
2025-06-08T00:00:00+03:00,NO2,0.001
2025-06-08T00:00:00+03:00,NO,0
2025-06-08T00:00:00+03:00,PM2.5,0.013
2025-06-08T00:00:00+03:00,SO2,0.0001
2025-06-08T00:00:00+03:00,CO,0.13
2025-06-08T00:00:00+03:00,OZ,0.0487
2025-06-09T00:00:00+03:00,PM10,0.024
2025-06-09T00:00:00+03:00,NO,0.001
2025-06-09T00:00:00+03:00,NO2,0.005
2025-06-09T00:00:00+03:00,CO,0.33
2025-06-09T00:00:00+03:00,OZ,0.0575
2025-06-09T00:00:00+03:00,PM2.5,0.012
2025-06-09T00:00:00+03:00,SO2,0.0003
2025-06-10T00:00:00+03:00,PM2.5,0.006
2025-06-10T00:00:00+03:00,NO,0
2025-06-10T00:00:00+03:00,SO2,0.0009
2025-06-10T00:00:00+03:00,OZ,0.0591
2025-06-10T00:00:00+03:00,PM10,0.015
2025-06-10T00:00:00+03:00,CO,0.08
2025-06-10T00:00:00+03:00,NO2,0.01
2025-06-11T00:00:00+03:00,PM2.5,0.008
2025-06-11T00:00:00+03:00,CO,0.16
2025-06-11T00:00:00+03:00,NO,0.003
2025-06-11T00:00:00+03:00,PM10,0.018
2025-06-11T00:00:00+03:00,OZ,0.0334
2025-06-11T00:00:00+03:00,NO2,0.032
2025-06-11T00:00:00+03:00,SO2,0.0013
2025-06-12T00:00:00+03:00,NO,0.011
2025-06-12T00:00:00+03:00,NO2,0.033
2025-06-12T00:00:00+03:00,PM10,0.025
2025-06-12T00:00:00+03:00,SO2,0.0018
2025-06-12T00:00:00+03:00,CO,0.22
2025-06-12T00:00:00+03:00,OZ,0.0484
2025-06-12T00:00:00+03:00,PM2.5,0.012
2025-06-13T00:00:00+03:00,NO2,0.017
2025-06-13T00:00:00+03:00,OZ,0.0419
2025-06-13T00:00:00+03:00,CO,0.18
2025-06-13T00:00:00+03:00,PM2.5,0.011
2025-06-13T00:00:00+03:00,SO2,0.0014
2025-06-13T00:00:00+03:00,PM10,0.019
2025-06-13T00:00:00+03:00,NO,0.001
2025-06-14T00:00:00+03:00,PM2.5,0.005
2025-06-14T00:00:00+03:00,CO,0.08
2025-06-14T00:00:00+03:00,OZ,0.031
2025-06-14T00:00:00+03:00,NO2,0.008
2025-06-14T00:00:00+03:00,SO2,0.001
2025-06-14T00:00:00+03:00,NO,0.001
2025-06-14T00:00:00+03:00,PM10,0.009
2025-06-15T00:00:00+03:00,PM2.5,0.007
2025-06-15T00:00:00+03:00,OZ,0.0276
2025-06-15T00:00:00+03:00,NO,0.001
2025-06-15T00:00:00+03:00,PM10,0.012
2025-06-15T00:00:00+03:00,CO,0.23
2025-06-15T00:00:00+03:00,SO2,0.001
2025-06-15T00:00:00+03:00,NO2,0.01
2025-06-16T00:00:00+03:00,PM2.5,0.011
2025-06-16T00:00:00+03:00,PM10,0.019
2025-06-16T00:00:00+03:00,CO,0.29
2025-06-16T00:00:00+03:00,SO2,0.0013
2025-06-16T00:00:00+03:00,NO2,0.021
2025-06-16T00:00:00+03:00,NO,0.009
2025-06-16T00:00:00+03:00,OZ,0.0386
2025-06-17T00:00:00+03:00,PM2.5,0.015
2025-06-17T00:00:00+03:00,NO2,0.04
2025-06-17T00:00:00+03:00,OZ,0.0226
2025-06-17T00:00:00+03:00,SO2,0.0018
2025-06-17T00:00:00+03:00,PM10,0.026
2025-06-17T00:00:00+03:00,NO,0.009
2025-06-17T00:00:00+03:00,CO,0.3
2025-06-18T00:00:00+03:00,CO,0.16
2025-06-18T00:00:00+03:00,SO2,0.0007
2025-06-18T00:00:00+03:00,OZ,0.0227
2025-06-18T00:00:00+03:00,NO2,0.027
2025-06-18T00:00:00+03:00,PM2.5,0.011
2025-06-18T00:00:00+03:00,PM10,0.017
2025-06-18T00:00:00+03:00,NO,0.001
2025-06-19T00:00:00+03:00,OZ,0.0308
2025-06-19T00:00:00+03:00,PM2.5,0.005
2025-06-19T00:00:00+03:00,NO2,0.015
2025-06-19T00:00:00+03:00,PM10,0.01
2025-06-19T00:00:00+03:00,NO,0.001
2025-06-19T00:00:00+03:00,SO2,0.0005
2025-06-19T00:00:00+03:00,CO,0.21
2025-06-20T00:00:00+03:00,OZ,0.0247
2025-06-20T00:00:00+03:00,NO2,0.017
2025-06-20T00:00:00+03:00,SO2,0.0007
2025-06-20T00:00:00+03:00,PM2.5,0.006
2025-06-20T00:00:00+03:00,NO,0.003
2025-06-20T00:00:00+03:00,CO,0.24
2025-06-20T00:00:00+03:00,PM10,0.011
2025-06-21T00:00:00+03:00,CO,0.12
2025-06-21T00:00:00+03:00,OZ,0.0351
2025-06-21T00:00:00+03:00,NO,0.002
2025-06-21T00:00:00+03:00,NO2,0.008
2025-06-21T00:00:00+03:00,PM10,0.014
2025-06-21T00:00:00+03:00,SO2,0.001
2025-06-21T00:00:00+03:00,PM2.5,0.006
2025-06-22T00:00:00+03:00,OZ,0.0304
2025-06-22T00:00:00+03:00,NO2,0.024
2025-06-22T00:00:00+03:00,PM10,0.014
2025-06-22T00:00:00+03:00,PM2.5,0.008
2025-06-22T00:00:00+03:00,CO,0.08
2025-06-22T00:00:00+03:00,SO2,0.0015
2025-06-22T00:00:00+03:00,NO,0.016
2025-06-23T00:00:00+03:00,OZ,0.0385
2025-06-23T00:00:00+03:00,NO2,0.018
2025-06-23T00:00:00+03:00,PM10,0.015
2025-06-23T00:00:00+03:00,NO,0.003
2025-06-23T00:00:00+03:00,PM2.5,0.009
2025-06-23T00:00:00+03:00,SO2,0.0015
2025-06-23T00:00:00+03:00,CO,0.1
2025-06-24T00:00:00+03:00,SO2,0.0016
2025-06-24T00:00:00+03:00,OZ,0.0516
2025-06-24T00:00:00+03:00,PM2.5,0.01
2025-06-24T00:00:00+03:00,PM10,0.019
2025-06-24T00:00:00+03:00,CO,0.18
2025-06-24T00:00:00+03:00,NO2,0.017
2025-06-24T00:00:00+03:00,NO,0.002
2025-06-25T00:00:00+03:00,SO2,0.0009
2025-06-25T00:00:00+03:00,OZ,0.0444
2025-06-25T00:00:00+03:00,PM10,0.013
2025-06-25T00:00:00+03:00,PM2.5,0.006
2025-06-25T00:00:00+03:00,NO,0.001
2025-06-25T00:00:00+03:00,CO,0.08
2025-06-25T00:00:00+03:00,NO2,0.009
2025-06-26T00:00:00+03:00,NO2,0.013
2025-06-26T00:00:00+03:00,NO,0.002
2025-06-26T00:00:00+03:00,SO2,0.0009
2025-06-26T00:00:00+03:00,PM10,0.012
2025-06-26T00:00:00+03:00,CO,0.15
2025-06-26T00:00:00+03:00,OZ,0.0365
2025-06-26T00:00:00+03:00,PM2.5,0.007
2025-06-27T00:00:00+03:00,SO2,0.0011
2025-06-27T00:00:00+03:00,PM10,0.012
2025-06-27T00:00:00+03:00,NO,0.002
2025-06-27T00:00:00+03:00,OZ,0.0431
2025-06-27T00:00:00+03:00,PM2.5,0.006
2025-06-27T00:00:00+03:00,CO,0.08
2025-06-27T00:00:00+03:00,NO2,0.01
2025-06-28T00:00:00+03:00,SO2,0.0016
2025-06-28T00:00:00+03:00,NO2,0.029
2025-06-28T00:00:00+03:00,CO,0.15
2025-06-28T00:00:00+03:00,OZ,0.0396
2025-06-28T00:00:00+03:00,PM10,0.02
2025-06-28T00:00:00+03:00,NO,0.014
2025-06-28T00:00:00+03:00,PM2.5,0.011
2025-06-29T00:00:00+03:00,NO,0.012
2025-06-29T00:00:00+03:00,OZ,0.0285
2025-06-29T00:00:00+03:00,SO2,0.0012
2025-06-29T00:00:00+03:00,NO2,0.026
2025-06-29T00:00:00+03:00,PM10,0.019
2025-06-29T00:00:00+03:00,PM2.5,0.011
2025-06-29T00:00:00+03:00,CO,0.26
2025-06-30T00:00:00+03:00,NO,0.004
2025-06-30T00:00:00+03:00,NO2,0.012
2025-06-30T00:00:00+03:00,OZ,0.0326
2025-06-30T00:00:00+03:00,SO2,0.0007
2025-06-30T00:00:00+03:00,PM2.5,0.005
2025-06-30T00:00:00+03:00,PM10,0.008
2025-06-30T00:00:00+03:00,CO,0.24
2025-07-01T00:00:00+03:00,NO2,0.007
2025-07-01T00:00:00+03:00,OZ,0.0233
2025-07-01T00:00:00+03:00,PM2.5,0.004
2025-07-01T00:00:00+03:00,PM10,0.007
2025-07-01T00:00:00+03:00,SO2,0.0008
2025-07-01T00:00:00+03:00,CO,0.06
2025-07-01T00:00:00+03:00,NO,0.003
2025-07-02T00:00:00+03:00,CO,0.11
2025-07-02T00:00:00+03:00,NO,0.002
2025-07-02T00:00:00+03:00,NO2,0.007
2025-07-02T00:00:00+03:00,PM10,0.009
2025-07-02T00:00:00+03:00,OZ,0.0271
2025-07-02T00:00:00+03:00,PM2.5,0.006
2025-07-02T00:00:00+03:00,SO2,0.001
2025-07-03T00:00:00+03:00,SO2,0.001
2025-07-03T00:00:00+03:00,NO,0.001
2025-07-03T00:00:00+03:00,NO2,0.01
2025-07-03T00:00:00+03:00,CO,0.2
2025-07-03T00:00:00+03:00,PM2.5,0.011
2025-07-03T00:00:00+03:00,PM10,0.018
2025-07-03T00:00:00+03:00,OZ,0.0358
2025-07-04T00:00:00+03:00,SO2,0.0009
2025-07-04T00:00:00+03:00,CO,0.17
2025-07-04T00:00:00+03:00,NO2,0.017
2025-07-04T00:00:00+03:00,PM10,0.02
2025-07-04T00:00:00+03:00,OZ,0.0393
2025-07-04T00:00:00+03:00,NO,0.002
2025-07-04T00:00:00+03:00,PM2.5,0.01
2025-07-05T00:00:00+03:00,CO,0.15
2025-07-05T00:00:00+03:00,OZ,0.0394
2025-07-05T00:00:00+03:00,SO2,0.0012
2025-07-05T00:00:00+03:00,PM2.5,0.005
2025-07-05T00:00:00+03:00,NO,0.001
2025-07-05T00:00:00+03:00,NO2,0.018
2025-07-05T00:00:00+03:00,PM10,0.014
2025-07-06T00:00:00+03:00,SO2,0.0015
2025-07-06T00:00:00+03:00,NO2,0.019
2025-07-06T00:00:00+03:00,CO,0.17
2025-07-06T00:00:00+03:00,PM10,0.016
2025-07-06T00:00:00+03:00,OZ,0.0482
2025-07-06T00:00:00+03:00,PM2.5,0.008
2025-07-06T00:00:00+03:00,NO,0.001
2025-07-07T00:00:00+03:00,NO,0
2025-07-07T00:00:00+03:00,PM10,0.025
2025-07-07T00:00:00+03:00,OZ,0.0713
2025-07-07T00:00:00+03:00,PM2.5,0.013
2025-07-07T00:00:00+03:00,NO2,0.015
2025-07-07T00:00:00+03:00,SO2,0.0015
2025-07-07T00:00:00+03:00,CO,0.17
2025-07-08T00:00:00+03:00,PM2.5,0.017
2025-07-08T00:00:00+03:00,PM10,0.038
2025-07-08T00:00:00+03:00,SO2,0.0013
2025-07-08T00:00:00+03:00,OZ,0.0736
2025-07-08T00:00:00+03:00,NO,0.001
2025-07-08T00:00:00+03:00,CO,0.23
2025-07-08T00:00:00+03:00,NO2,0.02
2025-07-09T00:00:00+03:00,OZ,0.0534
2025-07-09T00:00:00+03:00,NO,0.002
2025-07-09T00:00:00+03:00,NO2,0.036
2025-07-09T00:00:00+03:00,PM10,0.035
2025-07-09T00:00:00+03:00,PM2.5,0.019
2025-07-09T00:00:00+03:00,CO,0.4
2025-07-09T00:00:00+03:00,SO2,0.0012
2025-07-10T00:00:00+03:00,PM10,0.034
2025-07-10T00:00:00+03:00,NO,0.001
2025-07-10T00:00:00+03:00,OZ,0.0844
2025-07-10T00:00:00+03:00,NO2,0.02
2025-07-10T00:00:00+03:00,SO2,0.0014
2025-07-10T00:00:00+03:00,PM2.5,0.012
2025-07-10T00:00:00+03:00,CO,0.36
2025-07-11T00:00:00+03:00,NO2,0.044
2025-07-11T00:00:00+03:00,CO,0.44
2025-07-11T00:00:00+03:00,PM10,0.046
2025-07-11T00:00:00+03:00,OZ,0.0539
2025-07-11T00:00:00+03:00,PM2.5,0.02
2025-07-11T00:00:00+03:00,NO,0.002
2025-07-11T00:00:00+03:00,SO2,0.0026
2025-07-12T00:00:00+03:00,NO2,0.034
2025-07-12T00:00:00+03:00,PM2.5,0.019
2025-07-12T00:00:00+03:00,PM10,0.039
2025-07-12T00:00:00+03:00,NO,0.003
2025-07-12T00:00:00+03:00,CO,0.41
2025-07-12T00:00:00+03:00,OZ,
2025-07-12T00:00:00+03:00,SO2,0.003
2025-07-13T00:00:00+03:00,SO2,0.0015
2025-07-13T00:00:00+03:00,NO,0.004
2025-07-13T00:00:00+03:00,NO2,0.032
2025-07-13T00:00:00+03:00,CO,0.28
2025-07-13T00:00:00+03:00,PM10,0.022
2025-07-13T00:00:00+03:00,OZ,
2025-07-13T00:00:00+03:00,PM2.5,0.012
2025-07-14T00:00:00+03:00,NO2,0.03
2025-07-14T00:00:00+03:00,PM10,0.023
2025-07-14T00:00:00+03:00,OZ,
2025-07-14T00:00:00+03:00,PM2.5,0.012
2025-07-14T00:00:00+03:00,SO2,0.0014
2025-07-14T00:00:00+03:00,CO,0.23
2025-07-14T00:00:00+03:00,NO,0.002
2025-07-15T00:00:00+03:00,OZ,
2025-07-15T00:00:00+03:00,PM2.5,0.012
2025-07-15T00:00:00+03:00,CO,0.31
2025-07-15T00:00:00+03:00,PM10,0.022
2025-07-15T00:00:00+03:00,NO2,0.041
2025-07-15T00:00:00+03:00,NO,0.005
2025-07-15T00:00:00+03:00,SO2,0.0014
2025-07-16T00:00:00+03:00,NO,0.004
2025-07-16T00:00:00+03:00,PM10,0.021
2025-07-16T00:00:00+03:00,SO2,0.0014
2025-07-16T00:00:00+03:00,PM2.5,0.013
2025-07-16T00:00:00+03:00,NO2,0.036
2025-07-16T00:00:00+03:00,CO,0.29
2025-07-16T00:00:00+03:00,OZ,
2025-07-17T00:00:00+03:00,NO2,0.039
2025-07-17T00:00:00+03:00,PM2.5,0.012
2025-07-17T00:00:00+03:00,CO,0.33
2025-07-17T00:00:00+03:00,SO2,0.0015
2025-07-17T00:00:00+03:00,PM10,0.023
2025-07-17T00:00:00+03:00,NO,0.011
2025-07-17T00:00:00+03:00,OZ,
2025-07-18T00:00:00+03:00,PM2.5,0.012
2025-07-18T00:00:00+03:00,SO2,0.0019
2025-07-18T00:00:00+03:00,NO,0.008
2025-07-18T00:00:00+03:00,NO2,0.026
2025-07-18T00:00:00+03:00,PM10,0.023
2025-07-18T00:00:00+03:00,CO,0.3
2025-07-18T00:00:00+03:00,OZ,
2025-07-19T00:00:00+03:00,CO,0.04
2025-07-19T00:00:00+03:00,NO,0.002
2025-07-19T00:00:00+03:00,SO2,0.0021
2025-07-19T00:00:00+03:00,NO2,0.023
2025-07-19T00:00:00+03:00,PM2.5,0.011
2025-07-19T00:00:00+03:00,PM10,0.023
2025-07-19T00:00:00+03:00,OZ,
2025-07-20T00:00:00+03:00,OZ,
2025-07-20T00:00:00+03:00,PM10,0.022
2025-07-20T00:00:00+03:00,NO2,0.015
2025-07-20T00:00:00+03:00,NO,0.001
2025-07-20T00:00:00+03:00,SO2,0.0013
2025-07-20T00:00:00+03:00,CO,0.2
2025-07-20T00:00:00+03:00,PM2.5,0.013
2025-07-21T00:00:00+03:00,PM10,0.011
2025-07-21T00:00:00+03:00,NO,0.001
2025-07-21T00:00:00+03:00,PM2.5,0.008
2025-07-21T00:00:00+03:00,CO,0.14
2025-07-21T00:00:00+03:00,NO2,0.024
2025-07-21T00:00:00+03:00,SO2,0.0013
2025-07-21T00:00:00+03:00,OZ,
2025-07-22T00:00:00+03:00,NO2,0.025
2025-07-22T00:00:00+03:00,PM10,0.022
2025-07-22T00:00:00+03:00,PM2.5,0.014
2025-07-22T00:00:00+03:00,NO,0.005
2025-07-22T00:00:00+03:00,CO,0.31
2025-07-22T00:00:00+03:00,OZ,
2025-07-22T00:00:00+03:00,SO2,0.0015
2025-07-23T00:00:00+03:00,PM2.5,0.013
2025-07-23T00:00:00+03:00,SO2,0.0016
2025-07-23T00:00:00+03:00,NO2,0.031
2025-07-23T00:00:00+03:00,PM10,0.022
2025-07-23T00:00:00+03:00,NO,0.008
2025-07-23T00:00:00+03:00,OZ,
2025-07-23T00:00:00+03:00,CO,0.33
2025-07-24T00:00:00+03:00,OZ,
2025-07-24T00:00:00+03:00,NO,0.01
2025-07-24T00:00:00+03:00,CO,0.25
2025-07-24T00:00:00+03:00,NO2,0.03
2025-07-24T00:00:00+03:00,PM10,0.026
2025-07-24T00:00:00+03:00,SO2,0.0017
2025-07-24T00:00:00+03:00,PM2.5,0.015
2025-07-25T00:00:00+03:00,OZ,
2025-07-25T00:00:00+03:00,PM2.5,0.012
2025-07-25T00:00:00+03:00,NO2,0.024
2025-07-25T00:00:00+03:00,NO,0.019
2025-07-25T00:00:00+03:00,SO2,0.002
2025-07-25T00:00:00+03:00,CO,0.38
2025-07-25T00:00:00+03:00,PM10,0.022
2025-07-26T00:00:00+03:00,PM2.5,0.014
2025-07-26T00:00:00+03:00,CO,0.24
2025-07-26T00:00:00+03:00,NO,0.001
2025-07-26T00:00:00+03:00,OZ,
2025-07-26T00:00:00+03:00,NO2,0.022
2025-07-26T00:00:00+03:00,PM10,0.025
2025-07-26T00:00:00+03:00,SO2,0.0041
2025-07-27T00:00:00+03:00,SO2,0.0027
2025-07-27T00:00:00+03:00,NO2,0.026
2025-07-27T00:00:00+03:00,CO,0.26
2025-07-27T00:00:00+03:00,PM10,0.026
2025-07-27T00:00:00+03:00,NO,0.003
2025-07-27T00:00:00+03:00,OZ,
2025-07-27T00:00:00+03:00,PM2.5,0.015
2025-07-28T00:00:00+03:00,PM2.5,0.019
2025-07-28T00:00:00+03:00,PM10,0.034
2025-07-28T00:00:00+03:00,SO2,0.0026
2025-07-28T00:00:00+03:00,NO2,0.043
2025-07-28T00:00:00+03:00,CO,0.31
2025-07-28T00:00:00+03:00,OZ,
2025-07-28T00:00:00+03:00,NO,0.014
2025-07-29T00:00:00+03:00,PM2.5,0.018
2025-07-29T00:00:00+03:00,PM10,0.033
2025-07-29T00:00:00+03:00,NO,0.008
2025-07-29T00:00:00+03:00,NO2,0.041
2025-07-29T00:00:00+03:00,OZ,
2025-07-29T00:00:00+03:00,CO,0.32
2025-07-29T00:00:00+03:00,SO2,0.0026
2025-07-30T00:00:00+03:00,PM10,0.033
2025-07-30T00:00:00+03:00,PM2.5,0.017
2025-07-30T00:00:00+03:00,OZ,
2025-07-30T00:00:00+03:00,CO,0.3
2025-07-30T00:00:00+03:00,NO2,0.035
2025-07-30T00:00:00+03:00,SO2,0.0086
2025-07-30T00:00:00+03:00,NO,0.007
2025-07-31T00:00:00+03:00,NO,0.012
2025-07-31T00:00:00+03:00,PM2.5,0.015
2025-07-31T00:00:00+03:00,OZ,
2025-07-31T00:00:00+03:00,SO2,0.0027
2025-07-31T00:00:00+03:00,CO,0.31
2025-07-31T00:00:00+03:00,NO2,0.032
2025-07-31T00:00:00+03:00,PM10,0.031
2025-08-01T00:00:00+03:00,NO2,0.032
2025-08-01T00:00:00+03:00,SO2,0.0019
2025-08-01T00:00:00+03:00,PM2.5,0.016
2025-08-01T00:00:00+03:00,OZ,
2025-08-01T00:00:00+03:00,CO,0.25
2025-08-01T00:00:00+03:00,PM10,0.028
2025-08-01T00:00:00+03:00,NO,0.004
2025-08-02T00:00:00+03:00,NO2,0.02
2025-08-02T00:00:00+03:00,OZ,
2025-08-02T00:00:00+03:00,CO,0.17
2025-08-02T00:00:00+03:00,NO,0.002
2025-08-02T00:00:00+03:00,SO2,0.0014
2025-08-02T00:00:00+03:00,PM10,0.015
2025-08-02T00:00:00+03:00,PM2.5,0.009
2025-08-03T00:00:00+03:00,OZ,
2025-08-03T00:00:00+03:00,NO,0.002
2025-08-03T00:00:00+03:00,CO,0.24
2025-08-03T00:00:00+03:00,SO2,0.0016
2025-08-03T00:00:00+03:00,PM2.5,0.008
2025-08-03T00:00:00+03:00,NO2,0.016
2025-08-03T00:00:00+03:00,PM10,0.015
2025-08-04T00:00:00+03:00,NO,0.001
2025-08-04T00:00:00+03:00,PM10,0.021
2025-08-04T00:00:00+03:00,PM2.5,0.013
2025-08-04T00:00:00+03:00,SO2,0.0015
2025-08-04T00:00:00+03:00,CO,0.27
2025-08-04T00:00:00+03:00,OZ,
2025-08-04T00:00:00+03:00,NO2,0.024
2025-08-05T00:00:00+03:00,CO,0.24
2025-08-05T00:00:00+03:00,NO,0.001
2025-08-05T00:00:00+03:00,PM2.5,0.009
2025-08-05T00:00:00+03:00,NO2,0.014
2025-08-05T00:00:00+03:00,PM10,0.014
2025-08-05T00:00:00+03:00,SO2,0.0013
2025-08-05T00:00:00+03:00,OZ,
2025-08-06T00:00:00+03:00,PM2.5,0.007
2025-08-06T00:00:00+03:00,PM10,0.014
2025-08-06T00:00:00+03:00,NO2,0.011
2025-08-06T00:00:00+03:00,NO,0.001
2025-08-06T00:00:00+03:00,CO,0.1
2025-08-06T00:00:00+03:00,SO2,
2025-08-06T00:00:00+03:00,OZ,
2025-08-07T00:00:00+03:00,CO,0.17
2025-08-07T00:00:00+03:00,NO2,0.023
2025-08-07T00:00:00+03:00,PM10,0.018
2025-08-07T00:00:00+03:00,SO2,
2025-08-07T00:00:00+03:00,PM2.5,0.01
2025-08-07T00:00:00+03:00,NO,0.006
2025-08-08T00:00:00+03:00,CO,0.25
2025-08-08T00:00:00+03:00,PM2.5,0.006
2025-08-08T00:00:00+03:00,SO2,
2025-08-08T00:00:00+03:00,NO2,0.012
2025-08-08T00:00:00+03:00,NO,0.001
2025-08-08T00:00:00+03:00,PM10,0.013
2025-08-09T00:00:00+03:00,PM10,0.017
2025-08-09T00:00:00+03:00,CO,0.34
2025-08-09T00:00:00+03:00,NO2,0.024
2025-08-09T00:00:00+03:00,SO2,
2025-08-09T00:00:00+03:00,PM2.5,0.01
2025-08-09T00:00:00+03:00,NO,0.004
2025-08-10T00:00:00+03:00,NO,0.001
2025-08-10T00:00:00+03:00,PM10,0.016
2025-08-10T00:00:00+03:00,CO,0.24
2025-08-10T00:00:00+03:00,SO2,
2025-08-10T00:00:00+03:00,PM2.5,0.009
2025-08-10T00:00:00+03:00,NO2,0.014
2025-08-11T00:00:00+03:00,NO,0.002
2025-08-11T00:00:00+03:00,PM10,0.02
2025-08-11T00:00:00+03:00,CO,0.24
2025-08-11T00:00:00+03:00,SO2,
2025-08-11T00:00:00+03:00,NO2,0.032
2025-08-11T00:00:00+03:00,PM2.5,0.013
2025-08-12T00:00:00+03:00,CO,0.25
2025-08-12T00:00:00+03:00,SO2,
2025-08-12T00:00:00+03:00,NO2,0.027
2025-08-12T00:00:00+03:00,PM10,0.018
2025-08-12T00:00:00+03:00,NO,0.006
2025-08-12T00:00:00+03:00,PM2.5,0.013
2025-08-13T00:00:00+03:00,NO,0.004
2025-08-13T00:00:00+03:00,NO2,0.017
2025-08-13T00:00:00+03:00,PM10,0.012
2025-08-13T00:00:00+03:00,CO,0.18
2025-08-13T00:00:00+03:00,PM2.5,0.008
2025-08-13T00:00:00+03:00,SO2,
2025-08-14T00:00:00+03:00,SO2,
2025-08-14T00:00:00+03:00,PM10,0.012
2025-08-14T00:00:00+03:00,NO2,0.013
2025-08-14T00:00:00+03:00,CO,0.16
2025-08-14T00:00:00+03:00,NO,0.002
2025-08-14T00:00:00+03:00,PM2.5,0.008
2025-08-15T00:00:00+03:00,CO,0.12
2025-08-15T00:00:00+03:00,PM2.5,0.01
2025-08-15T00:00:00+03:00,NO,0.002
2025-08-15T00:00:00+03:00,SO2,
2025-08-15T00:00:00+03:00,PM10,0.015
2025-08-15T00:00:00+03:00,NO2,0.011
2025-08-16T00:00:00+03:00,PM10,0.021
2025-08-16T00:00:00+03:00,CO,0.24
2025-08-16T00:00:00+03:00,SO2,
2025-08-16T00:00:00+03:00,NO2,0.021
2025-08-16T00:00:00+03:00,PM2.5,0.014
2025-08-16T00:00:00+03:00,NO,0.006
2025-08-17T00:00:00+03:00,PM10,0.011
2025-08-17T00:00:00+03:00,NO,0
2025-08-17T00:00:00+03:00,PM2.5,0.008
2025-08-17T00:00:00+03:00,NO2,0.006
2025-08-17T00:00:00+03:00,SO2,
2025-08-17T00:00:00+03:00,CO,0.24
2025-08-18T00:00:00+03:00,CO,0.2
2025-08-18T00:00:00+03:00,NO,0.002
2025-08-18T00:00:00+03:00,NO2,0.016
2025-08-18T00:00:00+03:00,PM2.5,0.009
2025-08-18T00:00:00+03:00,SO2,
2025-08-18T00:00:00+03:00,PM10,0.012
2025-08-19T00:00:00+03:00,PM2.5,0.009
2025-08-19T00:00:00+03:00,NO,0.001
2025-08-19T00:00:00+03:00,SO2,
2025-08-19T00:00:00+03:00,CO,0.12
2025-08-19T00:00:00+03:00,NO2,0.01
2025-08-19T00:00:00+03:00,PM10,0.012
2025-08-20T00:00:00+03:00,NO2,0.011
2025-08-20T00:00:00+03:00,SO2,
2025-08-20T00:00:00+03:00,CO,0.12
2025-08-20T00:00:00+03:00,NO,0.001
2025-08-20T00:00:00+03:00,PM2.5,0.008
2025-08-20T00:00:00+03:00,PM10,0.012
2025-08-21T00:00:00+03:00,NO2,0.021
2025-08-21T00:00:00+03:00,CO,0.22
2025-08-21T00:00:00+03:00,PM10,0.01
2025-08-21T00:00:00+03:00,PM2.5,0.008
2025-08-21T00:00:00+03:00,NO,0.005
2025-08-21T00:00:00+03:00,SO2,
2025-08-22T00:00:00+03:00,SO2,
2025-08-22T00:00:00+03:00,NO,0.019
2025-08-22T00:00:00+03:00,CO,0.28
2025-08-22T00:00:00+03:00,NO2,0.028
2025-08-22T00:00:00+03:00,PM2.5,0.014
2025-08-22T00:00:00+03:00,PM10,0.019
2025-08-23T00:00:00+03:00,NO,0.006
2025-08-23T00:00:00+03:00,PM2.5,0.011
2025-08-23T00:00:00+03:00,CO,0.27
2025-08-23T00:00:00+03:00,NO2,0.022
2025-08-23T00:00:00+03:00,SO2,
2025-08-23T00:00:00+03:00,PM10,0.015
2025-08-24T00:00:00+03:00,NO,0.03
2025-08-24T00:00:00+03:00,PM10,0.02
2025-08-24T00:00:00+03:00,CO,0.39
2025-08-24T00:00:00+03:00,PM2.5,0.016
2025-08-24T00:00:00+03:00,SO2,
2025-08-24T00:00:00+03:00,NO2,0.022
2025-08-25T00:00:00+03:00,SO2,
2025-08-25T00:00:00+03:00,CO,0.1
2025-08-25T00:00:00+03:00,PM10,0.012
2025-08-25T00:00:00+03:00,NO2,0.015
2025-08-25T00:00:00+03:00,NO,0.002
2025-08-25T00:00:00+03:00,PM2.5,0.009
2025-08-26T00:00:00+03:00,CO,0.11
2025-08-26T00:00:00+03:00,PM2.5,0.009
2025-08-26T00:00:00+03:00,SO2,
2025-08-26T00:00:00+03:00,NO,0.001
2025-08-26T00:00:00+03:00,NO2,0.013
2025-08-26T00:00:00+03:00,PM10,0.011
2025-08-27T00:00:00+03:00,NO2,0.018
2025-08-27T00:00:00+03:00,SO2,
2025-08-27T00:00:00+03:00,NO,0.004
2025-08-27T00:00:00+03:00,PM10,0.013
2025-08-27T00:00:00+03:00,CO,0.15
2025-08-27T00:00:00+03:00,PM2.5,0.011
2025-08-28T00:00:00+03:00,PM2.5,0.011
2025-08-28T00:00:00+03:00,NO,0.003
2025-08-28T00:00:00+03:00,SO2,
2025-08-28T00:00:00+03:00,NO2,0.019
2025-08-28T00:00:00+03:00,PM10,0.014
2025-08-28T00:00:00+03:00,CO,0.15
2025-08-29T00:00:00+03:00,SO2,
2025-08-29T00:00:00+03:00,NO,0.011
2025-08-29T00:00:00+03:00,PM2.5,0.017
2025-08-29T00:00:00+03:00,PM10,0.021
2025-08-29T00:00:00+03:00,CO,0.22
2025-08-29T00:00:00+03:00,NO2,0.031
2025-08-30T00:00:00+03:00,NO2,0.009
2025-08-30T00:00:00+03:00,CO,0.03
2025-08-30T00:00:00+03:00,NO,0
2025-08-30T00:00:00+03:00,PM10,0.033
2025-08-30T00:00:00+03:00,PM2.5,0.026
2025-08-30T00:00:00+03:00,SO2,
2025-08-31T00:00:00+03:00,PM2.5,0.027
2025-08-31T00:00:00+03:00,NO,0
2025-08-31T00:00:00+03:00,CO,0.23
2025-08-31T00:00:00+03:00,PM10,0.033
2025-08-31T00:00:00+03:00,NO2,0.023
2025-08-31T00:00:00+03:00,SO2,
2025-09-01T00:00:00+03:00,SO2,
2025-09-01T00:00:00+03:00,NO,0.001
2025-09-01T00:00:00+03:00,CO,0.25
2025-09-01T00:00:00+03:00,PM10,0.022
2025-09-01T00:00:00+03:00,PM2.5,0.018
2025-09-01T00:00:00+03:00,NO2,0.028
2025-09-02T00:00:00+03:00,PM2.5,0.009
2025-09-02T00:00:00+03:00,PM10,0.011
2025-09-02T00:00:00+03:00,SO2,
2025-09-02T00:00:00+03:00,NO2,0.012
2025-09-02T00:00:00+03:00,NO,0.001
2025-09-02T00:00:00+03:00,CO,0.14
2025-09-03T00:00:00+03:00,PM2.5,0.011
2025-09-03T00:00:00+03:00,NO,0.002
2025-09-03T00:00:00+03:00,SO2,
2025-09-03T00:00:00+03:00,NO2,0.017
2025-09-03T00:00:00+03:00,PM10,0.014
2025-09-03T00:00:00+03:00,CO,0.15
2025-09-04T00:00:00+03:00,PM10,0.022
2025-09-04T00:00:00+03:00,NO,0.009
2025-09-04T00:00:00+03:00,NO2,0.032
2025-09-04T00:00:00+03:00,PM2.5,0.017
2025-09-04T00:00:00+03:00,CO,0.28
2025-09-05T00:00:00+03:00,NO2,0.032
2025-09-05T00:00:00+03:00,CO,0.28
2025-09-05T00:00:00+03:00,PM10,0.023
2025-09-05T00:00:00+03:00,NO,0.01
2025-09-05T00:00:00+03:00,PM2.5,0.018
2025-09-06T00:00:00+03:00,PM10,0.023
2025-09-06T00:00:00+03:00,NO2,0.025
2025-09-06T00:00:00+03:00,CO,0.28
2025-09-06T00:00:00+03:00,PM2.5,0.02
2025-09-06T00:00:00+03:00,NO,0.023
2025-09-07T00:00:00+03:00,PM10,0.024
2025-09-07T00:00:00+03:00,PM2.5,0.02
2025-09-07T00:00:00+03:00,NO,0.002
2025-09-07T00:00:00+03:00,NO2,0.02
2025-09-07T00:00:00+03:00,CO,0.19
2025-09-08T00:00:00+03:00,CO,0.32
2025-09-08T00:00:00+03:00,NO,0.008
2025-09-08T00:00:00+03:00,PM2.5,0.021
2025-09-08T00:00:00+03:00,PM10,0.025
2025-09-08T00:00:00+03:00,NO2,0.028
2025-09-09T00:00:00+03:00,PM2.5,0.023
2025-09-09T00:00:00+03:00,PM10,0.026
2025-09-09T00:00:00+03:00,CO,0.28
2025-09-09T00:00:00+03:00,NO,0.017
2025-09-09T00:00:00+03:00,NO2,0.029
2025-09-10T00:00:00+03:00,CO,0.3
2025-09-10T00:00:00+03:00,PM2.5,0.029
2025-09-10T00:00:00+03:00,SO2,0.0032
2025-09-10T00:00:00+03:00,PM10,0.034
2025-09-10T00:00:00+03:00,NO2,0.036
2025-09-10T00:00:00+03:00,NO,0.022
2025-09-11T00:00:00+03:00,NO,0.065
2025-09-11T00:00:00+03:00,CO,0.36
2025-09-11T00:00:00+03:00,PM10,0.035
2025-09-11T00:00:00+03:00,NO2,0.052
2025-09-11T00:00:00+03:00,PM2.5,0.029
2025-09-11T00:00:00+03:00,SO2,0.0032
2025-09-12T00:00:00+03:00,CO,0.15
2025-09-12T00:00:00+03:00,NO,0.002
2025-09-12T00:00:00+03:00,PM10,0.021
2025-09-12T00:00:00+03:00,PM2.5,0.017
2025-09-12T00:00:00+03:00,NO2,0.027
2025-09-12T00:00:00+03:00,SO2,0.0017
2025-09-13T00:00:00+03:00,NO2,0.039
2025-09-13T00:00:00+03:00,SO2,0.0015
2025-09-13T00:00:00+03:00,NO,0
2025-09-13T00:00:00+03:00,PM2.5,0.016
2025-09-13T00:00:00+03:00,PM10,0.018
2025-09-13T00:00:00+03:00,CO,0.2
2025-09-14T00:00:00+03:00,SO2,
2025-09-14T00:00:00+03:00,PM2.5,
2025-09-14T00:00:00+03:00,CO,
2025-09-14T00:00:00+03:00,NO2,
2025-09-14T00:00:00+03:00,NO,
2025-09-14T00:00:00+03:00,PM10,
2025-09-15T00:00:00+03:00,NO2,
2025-09-15T00:00:00+03:00,CO,0.19
2025-09-15T00:00:00+03:00,PM2.5,0.026
2025-09-15T00:00:00+03:00,PM10,0.032
2025-09-15T00:00:00+03:00,NO,
2025-09-15T00:00:00+03:00,SO2,0.0023
2025-09-16T00:00:00+03:00,PM2.5,0.021
2025-09-16T00:00:00+03:00,SO2,0.0025
2025-09-16T00:00:00+03:00,NO,
2025-09-16T00:00:00+03:00,NO2,
2025-09-16T00:00:00+03:00,PM10,0.031
2025-09-16T00:00:00+03:00,CO,0.18
2025-09-17T00:00:00+03:00,PM10,0.033
2025-09-17T00:00:00+03:00,NO2,
2025-09-17T00:00:00+03:00,NO,
2025-09-17T00:00:00+03:00,SO2,0.0022
2025-09-17T00:00:00+03:00,PM2.5,0.019
2025-09-17T00:00:00+03:00,CO,0.08
2025-09-18T00:00:00+03:00,CO,0.2
2025-09-18T00:00:00+03:00,NO2,
2025-09-18T00:00:00+03:00,PM10,0.043
2025-09-18T00:00:00+03:00,NO,
2025-09-18T00:00:00+03:00,PM2.5,0.026
2025-09-18T00:00:00+03:00,SO2,0.0027
2025-09-19T00:00:00+03:00,NO2,
2025-09-19T00:00:00+03:00,CO,0.07
2025-09-19T00:00:00+03:00,PM10,0.013
2025-09-19T00:00:00+03:00,NO,
2025-09-19T00:00:00+03:00,PM2.5,0.007
2025-09-19T00:00:00+03:00,SO2,0.0015
2025-09-20T00:00:00+03:00,NO2,
2025-09-20T00:00:00+03:00,SO2,0.0015
2025-09-20T00:00:00+03:00,NO,
2025-09-20T00:00:00+03:00,PM10,0.014
2025-09-20T00:00:00+03:00,CO,0.13
2025-09-20T00:00:00+03:00,PM2.5,0.005
2025-09-21T00:00:00+03:00,NO2,
2025-09-21T00:00:00+03:00,PM10,0.018
2025-09-21T00:00:00+03:00,CO,0.08
2025-09-21T00:00:00+03:00,PM2.5,0.007
2025-09-21T00:00:00+03:00,NO,
2025-09-21T00:00:00+03:00,SO2,0.0014
2025-09-22T00:00:00+03:00,PM10,0.024
2025-09-22T00:00:00+03:00,CO,0.15
2025-09-22T00:00:00+03:00,SO2,0.0012
2025-09-22T00:00:00+03:00,NO2,
2025-09-22T00:00:00+03:00,NO,
2025-09-22T00:00:00+03:00,PM2.5,0.009
2025-09-23T00:00:00+03:00,NO2,
2025-09-23T00:00:00+03:00,CO,0.31
2025-09-23T00:00:00+03:00,NO,
2025-09-23T00:00:00+03:00,SO2,0.0013
2025-09-23T00:00:00+03:00,PM2.5,0.007
2025-09-23T00:00:00+03:00,PM10,0.02
2025-09-24T00:00:00+03:00,CO,0.11
2025-09-24T00:00:00+03:00,NO2,
2025-09-24T00:00:00+03:00,PM10,0.012
2025-09-24T00:00:00+03:00,NO,
2025-09-24T00:00:00+03:00,PM2.5,0.003
2025-09-24T00:00:00+03:00,SO2,0.0016
2025-09-25T00:00:00+03:00,PM2.5,0.004
2025-09-25T00:00:00+03:00,NO2,
2025-09-25T00:00:00+03:00,PM10,0.01
2025-09-25T00:00:00+03:00,NO,
2025-09-25T00:00:00+03:00,CO,0.28
2025-09-25T00:00:00+03:00,SO2,0.002
2025-09-26T00:00:00+03:00,NO2,
2025-09-26T00:00:00+03:00,SO2,0.0022
2025-09-26T00:00:00+03:00,PM2.5,0.005
2025-09-26T00:00:00+03:00,PM10,0.013
2025-09-26T00:00:00+03:00,NO,
2025-09-26T00:00:00+03:00,CO,0.17
2025-09-27T00:00:00+03:00,SO2,0.0022
2025-09-27T00:00:00+03:00,CO,0.24
2025-09-27T00:00:00+03:00,NO2,
2025-09-27T00:00:00+03:00,PM2.5,0.006
2025-09-27T00:00:00+03:00,PM10,0.012
2025-09-27T00:00:00+03:00,NO,
2025-09-28T00:00:00+03:00,PM10,0.009
2025-09-28T00:00:00+03:00,SO2,0.0019
2025-09-28T00:00:00+03:00,NO,
2025-09-28T00:00:00+03:00,PM2.5,0.004
2025-09-28T00:00:00+03:00,NO2,
2025-09-28T00:00:00+03:00,CO,0.1
2025-09-29T00:00:00+03:00,PM10,0.013
2025-09-29T00:00:00+03:00,NO2,
2025-09-29T00:00:00+03:00,PM2.5,0.005
2025-09-29T00:00:00+03:00,SO2,0.0024
2025-09-29T00:00:00+03:00,CO,0.17
2025-09-29T00:00:00+03:00,NO,
2025-09-30T00:00:00+03:00,NO2,
2025-09-30T00:00:00+03:00,CO,0.31
2025-09-30T00:00:00+03:00,NO,
2025-09-30T00:00:00+03:00,PM2.5,0.008
2025-09-30T00:00:00+03:00,PM10,0.019
2025-09-30T00:00:00+03:00,SO2,0.0031
2025-10-01T00:00:00+03:00,NO2,
2025-10-01T00:00:00+03:00,CO,0.29
2025-10-01T00:00:00+03:00,SO2,0.0037
2025-10-01T00:00:00+03:00,NO,
2025-10-01T00:00:00+03:00,PM10,0.021
2025-10-01T00:00:00+03:00,PM2.5,0.009
2025-10-02T00:00:00+03:00,NO,
2025-10-02T00:00:00+03:00,SO2,0.0029
2025-10-02T00:00:00+03:00,PM10,0.024
2025-10-02T00:00:00+03:00,CO,0.28
2025-10-02T00:00:00+03:00,NO2,
2025-10-02T00:00:00+03:00,PM2.5,0.009
2025-10-03T00:00:00+03:00,SO2,0.0039
2025-10-03T00:00:00+03:00,NO2,
2025-10-03T00:00:00+03:00,CO,0.29
2025-10-03T00:00:00+03:00,NO,
2025-10-03T00:00:00+03:00,PM10,0.028
2025-10-03T00:00:00+03:00,PM2.5,0.01
2025-10-04T00:00:00+03:00,SO2,0.0033
2025-10-04T00:00:00+03:00,PM2.5,0.01
2025-10-04T00:00:00+03:00,CO,0.13
2025-10-04T00:00:00+03:00,PM10,0.028
2025-10-04T00:00:00+03:00,NO2,
2025-10-04T00:00:00+03:00,NO,
2025-10-05T00:00:00+03:00,PM2.5,0.01
2025-10-05T00:00:00+03:00,PM10,0.028
2025-10-05T00:00:00+03:00,CO,0.12
2025-10-05T00:00:00+03:00,SO2,0.0026
2025-10-05T00:00:00+03:00,NO,
2025-10-05T00:00:00+03:00,NO2,
2025-10-06T00:00:00+03:00,PM10,0.029
2025-10-06T00:00:00+03:00,CO,0.36
2025-10-06T00:00:00+03:00,NO,
2025-10-06T00:00:00+03:00,PM2.5,0.015
2025-10-06T00:00:00+03:00,SO2,0.0027
2025-10-06T00:00:00+03:00,NO2,
2025-10-07T00:00:00+03:00,CO,0.45
2025-10-07T00:00:00+03:00,NO,
2025-10-07T00:00:00+03:00,PM2.5,0.013
2025-10-07T00:00:00+03:00,NO2,
2025-10-07T00:00:00+03:00,PM10,0.023
2025-10-07T00:00:00+03:00,SO2,0.0028
2025-10-08T00:00:00+03:00,NO,
2025-10-08T00:00:00+03:00,PM2.5,0.013
2025-10-08T00:00:00+03:00,NO2,
2025-10-08T00:00:00+03:00,SO2,0.0025
2025-10-08T00:00:00+03:00,PM10,0.025
2025-10-08T00:00:00+03:00,CO,0.31
2025-10-09T00:00:00+03:00,PM10,0.026
2025-10-09T00:00:00+03:00,CO,0.33
2025-10-09T00:00:00+03:00,SO2,0.0026
2025-10-09T00:00:00+03:00,PM2.5,0.013
2025-10-10T00:00:00+03:00,SO2,0.0019
2025-10-10T00:00:00+03:00,CO,0.25
2025-10-10T00:00:00+03:00,PM2.5,0.011
2025-10-10T00:00:00+03:00,PM10,0.025
2025-10-11T00:00:00+03:00,PM10,0.023
2025-10-11T00:00:00+03:00,PM2.5,0.01
2025-10-11T00:00:00+03:00,SO2,0.0017
2025-10-11T00:00:00+03:00,CO,0.3
2025-10-12T00:00:00+03:00,CO,0.14
2025-10-12T00:00:00+03:00,PM2.5,0.003
2025-10-12T00:00:00+03:00,PM10,0.007
2025-10-12T00:00:00+03:00,SO2,0.0016
2025-10-13T00:00:00+03:00,PM2.5,0.003
2025-10-13T00:00:00+03:00,SO2,0.0017
2025-10-13T00:00:00+03:00,CO,0.2
2025-10-13T00:00:00+03:00,PM10,0.006
2025-10-14T00:00:00+03:00,CO,0.1
2025-10-14T00:00:00+03:00,PM2.5,0.004
2025-10-14T00:00:00+03:00,SO2,0.0019
2025-10-14T00:00:00+03:00,PM10,0.007
2025-10-15T00:00:00+03:00,PM10,0.006
2025-10-15T00:00:00+03:00,SO2,0.0022
2025-10-15T00:00:00+03:00,PM2.5,0.004
2025-10-15T00:00:00+03:00,CO,0.29
2025-10-16T00:00:00+03:00,PM10,0.01
2025-10-16T00:00:00+03:00,CO,0.24
2025-10-16T00:00:00+03:00,PM2.5,0.005
2025-10-16T00:00:00+03:00,SO2,0.0023
2025-10-17T00:00:00+03:00,CO,0.17
2025-10-17T00:00:00+03:00,PM10,0.01
2025-10-17T00:00:00+03:00,NO,0.002
2025-10-17T00:00:00+03:00,NO2,0.017
2025-10-17T00:00:00+03:00,SO2,0.0019
2025-10-17T00:00:00+03:00,PM2.5,0.005
2025-10-18T00:00:00+03:00,SO2,0.0019
2025-10-18T00:00:00+03:00,PM10,0.011
2025-10-18T00:00:00+03:00,NO,0.004
2025-10-18T00:00:00+03:00,CO,0.31
2025-10-18T00:00:00+03:00,NO2,0.031
2025-10-18T00:00:00+03:00,PM2.5,0.006
2025-10-19T00:00:00+03:00,PM10,0.016
2025-10-19T00:00:00+03:00,CO,0.15
2025-10-19T00:00:00+03:00,PM2.5,0.009
2025-10-19T00:00:00+03:00,NO,0.011
2025-10-19T00:00:00+03:00,SO2,0.0022
2025-10-19T00:00:00+03:00,NO2,0.029
2025-10-20T00:00:00+03:00,NO,0.007
2025-10-20T00:00:00+03:00,CO,0.18
2025-10-20T00:00:00+03:00,NO2,0.029
2025-10-20T00:00:00+03:00,PM10,0.016
2025-10-20T00:00:00+03:00,PM2.5,0.009
2025-10-20T00:00:00+03:00,SO2,0.0021
2025-10-21T00:00:00+03:00,NO2,0.023
2025-10-21T00:00:00+03:00,PM2.5,0.007
2025-10-21T00:00:00+03:00,NO,0.015
2025-10-21T00:00:00+03:00,PM10,0.011
2025-10-21T00:00:00+03:00,CO,0.15
2025-10-21T00:00:00+03:00,SO2,0.0023
2025-10-22T00:00:00+03:00,PM2.5,0.007
2025-10-22T00:00:00+03:00,NO2,0.033
2025-10-22T00:00:00+03:00,PM10,0.012
2025-10-22T00:00:00+03:00,CO,0.31
2025-10-22T00:00:00+03:00,SO2,0.0028
2025-10-22T00:00:00+03:00,NO,0.04
2025-10-23T00:00:00+03:00,PM10,
2025-10-23T00:00:00+03:00,NO2,0.04
2025-10-23T00:00:00+03:00,PM2.5,
2025-10-23T00:00:00+03:00,SO2,0.0025
2025-10-23T00:00:00+03:00,CO,0.3
2025-10-23T00:00:00+03:00,NO,0.022
2025-10-24T00:00:00+03:00,CO,0.16
2025-10-24T00:00:00+03:00,PM10,
2025-10-24T00:00:00+03:00,NO,0.005
2025-10-24T00:00:00+03:00,SO2,0.0022
2025-10-24T00:00:00+03:00,NO2,0.031
2025-10-24T00:00:00+03:00,PM2.5,
2025-10-25T00:00:00+03:00,CO,0.14
2025-10-25T00:00:00+03:00,NO2,0.023
2025-10-25T00:00:00+03:00,PM10,
2025-10-25T00:00:00+03:00,SO2,0.0019
2025-10-25T00:00:00+03:00,PM2.5,
2025-10-25T00:00:00+03:00,NO,0.002
2025-10-26T00:00:00+03:00,PM10,
2025-10-26T00:00:00+03:00,NO2,0.013
2025-10-26T00:00:00+03:00,SO2,0.0017
2025-10-26T00:00:00+03:00,PM2.5,
2025-10-26T00:00:00+03:00,NO,0.001
2025-10-26T00:00:00+03:00,CO,0.14
2025-10-27T00:00:00+03:00,NO,0.003
2025-10-27T00:00:00+03:00,PM2.5,
2025-10-27T00:00:00+03:00,CO,0.18
2025-10-27T00:00:00+03:00,PM10,
2025-10-27T00:00:00+03:00,SO2,0.0017
2025-10-27T00:00:00+03:00,NO2,0.027
2025-10-28T00:00:00+03:00,PM2.5,
2025-10-28T00:00:00+03:00,CO,0.16
2025-10-28T00:00:00+03:00,NO2,0.031
2025-10-28T00:00:00+03:00,PM10,
2025-10-28T00:00:00+03:00,NO,0.005
2025-10-28T00:00:00+03:00,SO2,0.0017
2025-10-29T00:00:00+03:00,CO,0.09
2025-10-29T00:00:00+03:00,PM10,
2025-10-29T00:00:00+03:00,PM2.5,
2025-10-29T00:00:00+03:00,SO2,0.0019
2025-10-29T00:00:00+03:00,NO,0.006
2025-10-29T00:00:00+03:00,NO2,0.024
2025-10-30T00:00:00+03:00,CO,0.15
2025-10-30T00:00:00+03:00,PM2.5,
2025-10-30T00:00:00+03:00,SO2,0.002
2025-10-30T00:00:00+03:00,NO2,0.034
2025-10-30T00:00:00+03:00,PM10,
2025-10-30T00:00:00+03:00,NO,0.007
2025-10-31T00:00:00+03:00,PM2.5,0.005
2025-10-31T00:00:00+03:00,CO,0.22
2025-10-31T00:00:00+03:00,SO2,0.0019
2025-10-31T00:00:00+03:00,PM10,0.008
2025-10-31T00:00:00+03:00,NO2,0.033
2025-10-31T00:00:00+03:00,NO,0.005
2025-11-01T00:00:00+03:00,SO2,0.0021
2025-11-01T00:00:00+03:00,NO,0.01
2025-11-01T00:00:00+03:00,CO,0.2
2025-11-01T00:00:00+03:00,PM2.5,0.007
2025-11-01T00:00:00+03:00,NO2,0.03
2025-11-01T00:00:00+03:00,PM10,0.015
2025-11-02T00:00:00+03:00,SO2,0.0025
2025-11-02T00:00:00+03:00,PM10,0.022
2025-11-02T00:00:00+03:00,PM2.5,0.009
2025-11-02T00:00:00+03:00,NO2,0.037
2025-11-02T00:00:00+03:00,NO,0.025
2025-11-02T00:00:00+03:00,CO,0.34
2025-11-03T00:00:00+03:00,CO,
2025-11-03T00:00:00+03:00,PM10,
2025-11-03T00:00:00+03:00,SO2,
2025-11-03T00:00:00+03:00,NO,
2025-11-03T00:00:00+03:00,PM2.5,
2025-11-03T00:00:00+03:00,NO2,
2025-11-04T00:00:00+03:00,SO2,
2025-11-04T00:00:00+03:00,NO,
2025-11-04T00:00:00+03:00,CO,
2025-11-04T00:00:00+03:00,PM10,
2025-11-04T00:00:00+03:00,PM2.5,
2025-11-04T00:00:00+03:00,NO2,
2025-11-05T00:00:00+03:00,NO2,
2025-11-05T00:00:00+03:00,CO,
2025-11-05T00:00:00+03:00,SO2,
2025-11-05T00:00:00+03:00,PM10,
2025-11-05T00:00:00+03:00,NO,
2025-11-05T00:00:00+03:00,PM2.5,
2025-11-06T00:00:00+03:00,PM2.5,
2025-11-06T00:00:00+03:00,NO,
2025-11-06T00:00:00+03:00,NO2,
2025-11-06T00:00:00+03:00,CO,
2025-11-06T00:00:00+03:00,SO2,
2025-11-06T00:00:00+03:00,PM10,
2025-11-07T00:00:00+03:00,CO,
2025-11-07T00:00:00+03:00,PM10,
2025-11-07T00:00:00+03:00,SO2,
2025-11-07T00:00:00+03:00,NO,
2025-11-07T00:00:00+03:00,PM2.5,
2025-11-07T00:00:00+03:00,NO2,
2025-11-08T00:00:00+03:00,SO2,
2025-11-08T00:00:00+03:00,NO,
2025-11-08T00:00:00+03:00,CO,
2025-11-08T00:00:00+03:00,PM10,
2025-11-08T00:00:00+03:00,PM2.5,
2025-11-08T00:00:00+03:00,NO2,
2025-11-09T00:00:00+03:00,PM10,
2025-11-09T00:00:00+03:00,SO2,
2025-11-09T00:00:00+03:00,NO,
2025-11-09T00:00:00+03:00,PM2.5,
2025-11-09T00:00:00+03:00,NO2,
2025-11-09T00:00:00+03:00,CO,
2025-11-10T00:00:00+03:00,PM2.5,
2025-11-10T00:00:00+03:00,NO2,
2025-11-10T00:00:00+03:00,CO,
2025-11-10T00:00:00+03:00,PM10,
2025-11-10T00:00:00+03:00,SO2,
2025-11-10T00:00:00+03:00,NO,
2025-11-11T00:00:00+03:00,NO2,
2025-11-11T00:00:00+03:00,CO,
2025-11-11T00:00:00+03:00,PM10,
2025-11-11T00:00:00+03:00,NO,
2025-11-11T00:00:00+03:00,PM2.5,
2025-11-11T00:00:00+03:00,SO2,
2025-11-12T00:00:00+03:00,NO2,
2025-11-12T00:00:00+03:00,CO,
2025-11-12T00:00:00+03:00,SO2,
2025-11-12T00:00:00+03:00,PM2.5,0.004
2025-11-12T00:00:00+03:00,NO,
2025-11-12T00:00:00+03:00,PM10,0.007
2025-11-13T00:00:00+03:00,PM10,0.008
2025-11-13T00:00:00+03:00,NO2,
2025-11-13T00:00:00+03:00,CO,
2025-11-13T00:00:00+03:00,SO2,
2025-11-13T00:00:00+03:00,NO,
2025-11-13T00:00:00+03:00,PM2.5,0.005
2025-11-14T00:00:00+03:00,PM10,0.015
2025-11-14T00:00:00+03:00,PM2.5,0.006
2025-11-14T00:00:00+03:00,NO2,
2025-11-14T00:00:00+03:00,SO2,
2025-11-14T00:00:00+03:00,CO,
2025-11-14T00:00:00+03:00,NO,
2025-11-15T00:00:00+03:00,PM2.5,0.004
2025-11-15T00:00:00+03:00,SO2,
2025-11-15T00:00:00+03:00,PM10,0.006
2025-11-15T00:00:00+03:00,NO,
2025-11-15T00:00:00+03:00,NO2,
2025-11-15T00:00:00+03:00,CO,
2025-11-16T00:00:00+03:00,SO2,
2025-11-16T00:00:00+03:00,PM2.5,0.004
2025-11-16T00:00:00+03:00,PM10,0.006
2025-11-16T00:00:00+03:00,NO,
2025-11-16T00:00:00+03:00,NO2,
2025-11-16T00:00:00+03:00,CO,
2025-11-17T00:00:00+03:00,SO2,
2025-11-17T00:00:00+03:00,PM2.5,0.004
2025-11-17T00:00:00+03:00,CO,
2025-11-17T00:00:00+03:00,NO,
2025-11-17T00:00:00+03:00,PM10,0.01
2025-11-17T00:00:00+03:00,NO2,
2025-11-18T00:00:00+03:00,NO,
2025-11-18T00:00:00+03:00,PM2.5,0.006
2025-11-18T00:00:00+03:00,NO2,
2025-11-18T00:00:00+03:00,SO2,
2025-11-18T00:00:00+03:00,CO,
2025-11-18T00:00:00+03:00,PM10,0.014
2025-11-19T00:00:00+03:00,PM2.5,0.005
2025-11-19T00:00:00+03:00,PM10,0.015
2025-11-19T00:00:00+03:00,NO2,
2025-11-19T00:00:00+03:00,SO2,
2025-11-19T00:00:00+03:00,NO,
2025-11-19T00:00:00+03:00,CO,
2025-11-20T00:00:00+03:00,PM2.5,0.008
2025-11-20T00:00:00+03:00,NO,
2025-11-20T00:00:00+03:00,PM10,0.023
2025-11-20T00:00:00+03:00,SO2,
2025-11-20T00:00:00+03:00,CO,
2025-11-20T00:00:00+03:00,NO2,
2025-11-21T00:00:00+03:00,NO,
2025-11-21T00:00:00+03:00,NO2,
2025-11-21T00:00:00+03:00,PM10,0.014
2025-11-21T00:00:00+03:00,SO2,
2025-11-21T00:00:00+03:00,CO,
2025-11-21T00:00:00+03:00,PM2.5,0.007
2025-11-22T00:00:00+03:00,PM2.5,0.007
2025-11-22T00:00:00+03:00,NO,
2025-11-22T00:00:00+03:00,SO2,
2025-11-22T00:00:00+03:00,CO,
2025-11-22T00:00:00+03:00,PM10,0.015
2025-11-22T00:00:00+03:00,NO2,
2025-11-23T00:00:00+03:00,CO,
2025-11-23T00:00:00+03:00,SO2,
2025-11-23T00:00:00+03:00,PM2.5,0.007
2025-11-23T00:00:00+03:00,NO2,
2025-11-23T00:00:00+03:00,PM10,0.014
2025-11-23T00:00:00+03:00,NO,
2025-11-24T00:00:00+03:00,PM2.5,0.006
2025-11-24T00:00:00+03:00,PM10,0.011
2025-11-24T00:00:00+03:00,NO2,
2025-11-24T00:00:00+03:00,NO,
2025-11-24T00:00:00+03:00,SO2,
2025-11-24T00:00:00+03:00,CO,
2025-11-25T00:00:00+03:00,NO,
2025-11-25T00:00:00+03:00,SO2,
2025-11-25T00:00:00+03:00,CO,
2025-11-25T00:00:00+03:00,PM2.5,0.006
2025-11-25T00:00:00+03:00,PM10,0.016
2025-11-25T00:00:00+03:00,NO2,
2025-11-26T00:00:00+03:00,NO2,
2025-11-26T00:00:00+03:00,NO,
2025-11-26T00:00:00+03:00,SO2,
2025-11-26T00:00:00+03:00,CO,
2025-11-26T00:00:00+03:00,PM2.5,0.009
2025-11-26T00:00:00+03:00,PM10,0.016
2025-11-27T00:00:00+03:00,NO2,
2025-11-27T00:00:00+03:00,PM10,0.014
2025-11-27T00:00:00+03:00,PM2.5,0.007
2025-11-27T00:00:00+03:00,NO,
2025-11-27T00:00:00+03:00,SO2,
2025-11-27T00:00:00+03:00,CO,
2025-11-28T00:00:00+03:00,PM2.5,0.004
2025-11-28T00:00:00+03:00,PM10,0.012
2025-11-28T00:00:00+03:00,NO2,
2025-11-28T00:00:00+03:00,NO,
2025-11-28T00:00:00+03:00,SO2,
2025-11-28T00:00:00+03:00,CO,
2025-11-29T00:00:00+03:00,NO,
2025-11-29T00:00:00+03:00,CO,
2025-11-29T00:00:00+03:00,NO2,
2025-11-29T00:00:00+03:00,SO2,
2025-11-29T00:00:00+03:00,PM2.5,0.005
2025-11-29T00:00:00+03:00,PM10,0.013
2025-11-30T00:00:00+03:00,PM10,0.029
2025-11-30T00:00:00+03:00,PM2.5,0.009
2025-11-30T00:00:00+03:00,CO,
2025-11-30T00:00:00+03:00,NO2,
2025-11-30T00:00:00+03:00,SO2,
2025-11-30T00:00:00+03:00,NO,
2025-12-01T00:00:00+03:00,PM10,0.024
2025-12-01T00:00:00+03:00,PM2.5,0.009
2025-12-02T00:00:00+03:00,PM10,0.015
2025-12-02T00:00:00+03:00,PM2.5,0.007
2025-12-03T00:00:00+03:00,PM10,0.027
2025-12-03T00:00:00+03:00,PM2.5,0.006
2025-12-04T00:00:00+03:00,PM10,0.023
2025-12-04T00:00:00+03:00,PM2.5,0.01
2025-12-05T00:00:00+03:00,PM2.5,0.014
2025-12-05T00:00:00+03:00,PM10,0.029
2025-12-06T00:00:00+03:00,PM10,0.022
2025-12-06T00:00:00+03:00,PM2.5,0.01
2025-12-07T00:00:00+03:00,PM10,0.023
2025-12-07T00:00:00+03:00,PM2.5,0.009
2025-12-08T00:00:00+03:00,PM2.5,0.009
2025-12-08T00:00:00+03:00,PM10,0.019
2025-12-09T00:00:00+03:00,PM2.5,0.005
2025-12-09T00:00:00+03:00,PM10,0.014
2025-12-10T00:00:00+03:00,PM10,0.011
2025-12-10T00:00:00+03:00,PM2.5,0.006
2025-12-11T00:00:00+03:00,PM2.5,0.003
2025-12-11T00:00:00+03:00,PM10,0.006
2025-12-12T00:00:00+03:00,PM10,0.007
2025-12-12T00:00:00+03:00,PM2.5,0.003
2025-12-13T00:00:00+03:00,PM10,0.011
2025-12-13T00:00:00+03:00,PM2.5,0.004
2025-12-14T00:00:00+03:00,PM10,0.01
2025-12-14T00:00:00+03:00,PM2.5,0.004
2025-12-15T00:00:00+03:00,PM10,0.013
2025-12-15T00:00:00+03:00,PM2.5,0.008
2025-12-16T00:00:00+03:00,PM10,0.011
2025-12-16T00:00:00+03:00,PM2.5,0.006
2025-12-17T00:00:00+03:00,PM2.5,0.004
2025-12-17T00:00:00+03:00,PM10,0.007
2025-12-18T00:00:00+03:00,PM2.5,0.006
2025-12-18T00:00:00+03:00,PM10,0.009
2025-12-19T00:00:00+03:00,PM2.5,0.005
2025-12-19T00:00:00+03:00,PM10,0.009
2025-12-20T00:00:00+03:00,PM10,0.007
2025-12-20T00:00:00+03:00,PM2.5,0.004
2025-12-21T00:00:00+03:00,PM2.5,0.004
2025-12-21T00:00:00+03:00,PM10,0.006
2025-12-22T00:00:00+03:00,PM10,0.006
2025-12-22T00:00:00+03:00,PM2.5,0.003
2025-12-23T00:00:00+03:00,PM2.5,0.005
2025-12-23T00:00:00+03:00,PM10,0.01
2025-12-24T00:00:00+03:00,PM10,0.01
2025-12-24T00:00:00+03:00,PM2.5,0.006
2025-12-25T00:00:00+03:00,PM10,0.005
2025-12-25T00:00:00+03:00,PM2.5,0.002
2025-12-26T00:00:00+03:00,PM2.5,0.003
2025-12-26T00:00:00+03:00,PM10,0.006
2025-12-27T00:00:00+03:00,PM2.5,0.003
2025-12-27T00:00:00+03:00,PM10,0.005
2025-12-28T00:00:00+03:00,PM2.5,0.006
2025-12-28T00:00:00+03:00,PM10,0.009
2025-12-29T00:00:00+03:00,PM10,0.01
2025-12-29T00:00:00+03:00,PM2.5,0.007
2025-12-30T00:00:00+03:00,PM10,0.012
2025-12-30T00:00:00+03:00,PM2.5,0.008
2025-12-31T00:00:00+03:00,PM10,0.009
2025-12-31T00:00:00+03:00,PM2.5,0.007
2026-01-01T00:00:00+03:00,CO,0.19
2026-01-01T00:00:00+03:00,PM2.5,0.007
2026-01-01T00:00:00+03:00,NO,0.002
2026-01-01T00:00:00+03:00,SO2,0.0007
2026-01-01T00:00:00+03:00,NO2,0.021
2026-01-01T00:00:00+03:00,PM10,0.01
2026-01-02T00:00:00+03:00,NO2,0.024
2026-01-02T00:00:00+03:00,PM10,0.01
2026-01-02T00:00:00+03:00,SO2,0.001
2026-01-02T00:00:00+03:00,CO,0.12
2026-01-02T00:00:00+03:00,PM2.5,0.005
2026-01-02T00:00:00+03:00,NO,0.001
2026-01-03T00:00:00+03:00,PM2.5,0.01
2026-01-03T00:00:00+03:00,SO2,0.0006
2026-01-03T00:00:00+03:00,NO,0.002
2026-01-03T00:00:00+03:00,NO2,0.035
2026-01-03T00:00:00+03:00,PM10,0.014
2026-01-03T00:00:00+03:00,CO,0.15
2026-01-04T00:00:00+03:00,CO,0.17
2026-01-04T00:00:00+03:00,NO,0.002
2026-01-04T00:00:00+03:00,SO2,0.0003
2026-01-04T00:00:00+03:00,PM10,0.01
2026-01-04T00:00:00+03:00,PM2.5,0.007
2026-01-04T00:00:00+03:00,NO2,0.022
2026-01-05T00:00:00+03:00,NO2,0.024
2026-01-05T00:00:00+03:00,PM2.5,0.007
2026-01-05T00:00:00+03:00,SO2,0.0003
2026-01-05T00:00:00+03:00,CO,0.15
2026-01-05T00:00:00+03:00,NO,0.001
2026-01-05T00:00:00+03:00,PM10,0.011
2026-01-06T00:00:00+03:00,NO,0.003
2026-01-06T00:00:00+03:00,CO,0.05
2026-01-06T00:00:00+03:00,PM2.5,0.007
2026-01-06T00:00:00+03:00,SO2,0.0004
2026-01-06T00:00:00+03:00,PM10,0.01
2026-01-06T00:00:00+03:00,NO2,0.033
2026-01-07T00:00:00+03:00,CO,0.21
2026-01-07T00:00:00+03:00,NO,0.013
2026-01-07T00:00:00+03:00,PM10,0.012
2026-01-07T00:00:00+03:00,PM2.5,0.008
2026-01-07T00:00:00+03:00,SO2,0.0007
2026-01-07T00:00:00+03:00,NO2,0.05
2026-01-08T00:00:00+03:00,NO2,0.042
2026-01-08T00:00:00+03:00,PM2.5,0.007
2026-01-08T00:00:00+03:00,NO,0.006
2026-01-08T00:00:00+03:00,PM10,0.01
2026-01-08T00:00:00+03:00,SO2,0.0005
2026-01-08T00:00:00+03:00,CO,0.21
2026-01-09T00:00:00+03:00,PM10,0.011
2026-01-09T00:00:00+03:00,SO2,0.0006
2026-01-09T00:00:00+03:00,PM2.5,0.006
2026-01-09T00:00:00+03:00,CO,0.2
2026-01-09T00:00:00+03:00,NO,0.004
2026-01-09T00:00:00+03:00,NO2,0.037
2026-01-10T00:00:00+03:00,NO2,0.034
2026-01-10T00:00:00+03:00,CO,0.19
2026-01-10T00:00:00+03:00,SO2,0.0005
2026-01-10T00:00:00+03:00,PM2.5,0.007
2026-01-10T00:00:00+03:00,PM10,0.01
2026-01-10T00:00:00+03:00,NO,0.005
2026-01-11T00:00:00+03:00,NO2,0.051
2026-01-11T00:00:00+03:00,SO2,0.0005
2026-01-11T00:00:00+03:00,PM2.5,0.012
2026-01-11T00:00:00+03:00,NO,0.013
2026-01-11T00:00:00+03:00,CO,0.16
2026-01-11T00:00:00+03:00,PM10,0.016
2026-01-12T00:00:00+03:00,NO,0.005
2026-01-12T00:00:00+03:00,PM10,0.011
2026-01-12T00:00:00+03:00,SO2,0.0004
2026-01-12T00:00:00+03:00,PM2.5,0.008
2026-01-12T00:00:00+03:00,NO2,0.047
2026-01-12T00:00:00+03:00,CO,0.26
2026-01-13T00:00:00+03:00,PM10,0.017
2026-01-13T00:00:00+03:00,SO2,0.0009
2026-01-13T00:00:00+03:00,NO,0.033
2026-01-13T00:00:00+03:00,PM2.5,0.011
2026-01-13T00:00:00+03:00,NO2,0.056
2026-01-13T00:00:00+03:00,CO,0.32
2026-01-14T00:00:00+03:00,NO2,0.058
2026-01-14T00:00:00+03:00,SO2,
2026-01-14T00:00:00+03:00,PM2.5,0.013
2026-01-14T00:00:00+03:00,NO,0.055
2026-01-14T00:00:00+03:00,PM10,0.019
2026-01-14T00:00:00+03:00,CO,0.28
2026-01-15T00:00:00+03:00,PM2.5,0.016
2026-01-15T00:00:00+03:00,SO2,
2026-01-15T00:00:00+03:00,CO,0.54
2026-01-15T00:00:00+03:00,NO2,0.065
2026-01-15T00:00:00+03:00,PM10,0.022
2026-01-15T00:00:00+03:00,NO,0.088
2026-01-16T00:00:00+03:00,PM2.5,0.019
2026-01-16T00:00:00+03:00,SO2,
2026-01-16T00:00:00+03:00,PM10,0.03
2026-01-16T00:00:00+03:00,CO,0.65
2026-01-16T00:00:00+03:00,NO2,0.081
2026-01-16T00:00:00+03:00,NO,0.19
2026-01-17T00:00:00+03:00,PM2.5,0.014
2026-01-17T00:00:00+03:00,NO,0.063
2026-01-17T00:00:00+03:00,NO2,0.098
2026-01-17T00:00:00+03:00,CO,0.33
2026-01-17T00:00:00+03:00,PM10,0.026
2026-01-17T00:00:00+03:00,SO2,
2026-01-18T00:00:00+03:00,NO2,0.074
2026-01-18T00:00:00+03:00,CO,0.08
2026-01-18T00:00:00+03:00,PM2.5,0.01
2026-01-18T00:00:00+03:00,PM10,0.018
2026-01-18T00:00:00+03:00,SO2,0.0015
2026-01-18T00:00:00+03:00,NO,0.013
2026-01-19T00:00:00+03:00,CO,0.19
2026-01-19T00:00:00+03:00,PM2.5,0.008
2026-01-19T00:00:00+03:00,NO,0.01
2026-01-19T00:00:00+03:00,NO2,0.056
2026-01-19T00:00:00+03:00,PM10,0.014
2026-01-19T00:00:00+03:00,SO2,0.0011
2026-01-20T00:00:00+03:00,CO,0.14
2026-01-20T00:00:00+03:00,PM10,0.007
2026-01-20T00:00:00+03:00,NO,0.004
2026-01-20T00:00:00+03:00,PM2.5,0.005
2026-01-20T00:00:00+03:00,SO2,0.0007
2026-01-20T00:00:00+03:00,NO2,0.041
2026-01-21T00:00:00+03:00,SO2,0.0014
2026-01-21T00:00:00+03:00,PM2.5,0.008
2026-01-21T00:00:00+03:00,NO2,0.062
2026-01-21T00:00:00+03:00,NO,0.049
2026-01-21T00:00:00+03:00,PM10,0.014
2026-01-21T00:00:00+03:00,CO,0.29
2026-01-22T00:00:00+03:00,SO2,0.0007
2026-01-22T00:00:00+03:00,PM2.5,0.008
2026-01-22T00:00:00+03:00,NO,0.015
2026-01-22T00:00:00+03:00,CO,0.26
2026-01-22T00:00:00+03:00,NO2,0.044
2026-01-22T00:00:00+03:00,PM10,0.011
2026-01-23T00:00:00+03:00,NO,0.021
2026-01-23T00:00:00+03:00,NO2,0.058
2026-01-23T00:00:00+03:00,PM10,0.014
2026-01-23T00:00:00+03:00,CO,0.23
2026-01-23T00:00:00+03:00,SO2,0.0018
2026-01-23T00:00:00+03:00,PM2.5,0.01
2026-01-24T00:00:00+03:00,SO2,0.0034
2026-01-24T00:00:00+03:00,CO,0.53
2026-01-24T00:00:00+03:00,NO2,0.088
2026-01-24T00:00:00+03:00,PM10,0.032
2026-01-24T00:00:00+03:00,NO,0.112
2026-01-24T00:00:00+03:00,PM2.5,0.021
2026-01-25T00:00:00+03:00,NO,0.132
2026-01-25T00:00:00+03:00,OZ,0.0028
2026-01-25T00:00:00+03:00,SO2,0.0038
2026-01-25T00:00:00+03:00,CO,0.7
2026-01-25T00:00:00+03:00,PM10,0.032
2026-01-25T00:00:00+03:00,PM2.5,0.023
2026-01-25T00:00:00+03:00,NO2,0.108
2026-01-26T00:00:00+03:00,PM10,0.017
2026-01-26T00:00:00+03:00,NO2,0.071
2026-01-26T00:00:00+03:00,PM2.5,0.012
2026-01-26T00:00:00+03:00,NO,0.022
2026-01-26T00:00:00+03:00,SO2,0.0024
2026-01-26T00:00:00+03:00,CO,0.23
2026-01-26T00:00:00+03:00,OZ,0.0247
2026-01-27T00:00:00+03:00,OZ,0.0409
2026-01-27T00:00:00+03:00,NO,0.008
2026-01-27T00:00:00+03:00,NO2,0.055
2026-01-27T00:00:00+03:00,PM2.5,0.005
2026-01-27T00:00:00+03:00,SO2,0.0016
2026-01-27T00:00:00+03:00,CO,0.2
2026-01-27T00:00:00+03:00,PM10,0.009
2026-01-28T00:00:00+03:00,NO2,0.082
2026-01-28T00:00:00+03:00,SO2,0.0028
2026-01-28T00:00:00+03:00,OZ,0.0126
2026-01-28T00:00:00+03:00,CO,0.24
2026-01-28T00:00:00+03:00,PM2.5,0.011
2026-01-28T00:00:00+03:00,PM10,0.018
2026-01-28T00:00:00+03:00,NO,0.012
2026-01-29T00:00:00+03:00,PM10,0.014
2026-01-29T00:00:00+03:00,NO2,0.048
2026-01-29T00:00:00+03:00,SO2,0.0023
2026-01-29T00:00:00+03:00,PM2.5,0.009
2026-01-29T00:00:00+03:00,NO,0.005
2026-01-29T00:00:00+03:00,OZ,0.0329
2026-01-29T00:00:00+03:00,CO,0.23
2026-01-30T00:00:00+03:00,SO2,0.0008
2026-01-30T00:00:00+03:00,CO,0.16
2026-01-30T00:00:00+03:00,PM10,0.011
2026-01-30T00:00:00+03:00,NO2,0.049
2026-01-30T00:00:00+03:00,OZ,0.0301
2026-01-30T00:00:00+03:00,NO,0.01
2026-01-30T00:00:00+03:00,PM2.5,0.005
2026-01-31T00:00:00+03:00,SO2,0.0008
2026-01-31T00:00:00+03:00,OZ,0.022
2026-01-31T00:00:00+03:00,CO,0.22
2026-01-31T00:00:00+03:00,PM10,0.011
2026-01-31T00:00:00+03:00,PM2.5,0.006
2026-01-31T00:00:00+03:00,NO2,0.056
2026-01-31T00:00:00+03:00,NO,0.009
2026-02-01T00:00:00+03:00,NO,0.005
2026-02-01T00:00:00+03:00,SO2,0.0008
2026-02-01T00:00:00+03:00,PM2.5,0.005
2026-02-01T00:00:00+03:00,NO2,0.043
2026-02-01T00:00:00+03:00,PM10,0.012
2026-02-01T00:00:00+03:00,OZ,0.0273
2026-02-01T00:00:00+03:00,CO,0.26
2026-02-02T00:00:00+03:00,CO,0.21
2026-02-02T00:00:00+03:00,NO2,0.054
2026-02-02T00:00:00+03:00,NO,0.008
2026-02-02T00:00:00+03:00,PM2.5,0.007
2026-02-02T00:00:00+03:00,SO2,0.0011
2026-02-02T00:00:00+03:00,OZ,0.0231
2026-02-02T00:00:00+03:00,PM10,0.011
2026-02-03T00:00:00+03:00,OZ,0.0114
2026-02-03T00:00:00+03:00,SO2,0.0017
2026-02-03T00:00:00+03:00,NO2,0.069
2026-02-03T00:00:00+03:00,PM10,0.014
2026-02-03T00:00:00+03:00,CO,0.39
2026-02-03T00:00:00+03:00,NO,0.036
2026-02-03T00:00:00+03:00,PM2.5,0.009
2026-02-04T00:00:00+03:00,CO,0.28
2026-02-04T00:00:00+03:00,PM2.5,0.007
2026-02-04T00:00:00+03:00,OZ,0.0186
2026-02-04T00:00:00+03:00,NO2,0.069
2026-02-04T00:00:00+03:00,PM10,0.012
2026-02-04T00:00:00+03:00,NO,0.018
2026-02-04T00:00:00+03:00,SO2,0.0014
2026-02-05T00:00:00+03:00,CO,0.37
2026-02-05T00:00:00+03:00,NO2,0.093
2026-02-05T00:00:00+03:00,OZ,0.0096
2026-02-05T00:00:00+03:00,SO2,0.0018
2026-02-05T00:00:00+03:00,NO,0.055
2026-02-05T00:00:00+03:00,PM10,0.017
2026-02-05T00:00:00+03:00,PM2.5,0.011
2026-02-06T00:00:00+03:00,SO2,0.0016
2026-02-06T00:00:00+03:00,OZ,0.0125
2026-02-06T00:00:00+03:00,CO,0.3
2026-02-06T00:00:00+03:00,PM10,0.022
2026-02-06T00:00:00+03:00,NO,0.029
2026-02-06T00:00:00+03:00,PM2.5,0.014
2026-02-06T00:00:00+03:00,NO2,0.085
2026-02-07T00:00:00+03:00,SO2,0.0019
2026-02-07T00:00:00+03:00,NO2,0.089
2026-02-07T00:00:00+03:00,PM10,0.024
2026-02-07T00:00:00+03:00,CO,0.26
2026-02-07T00:00:00+03:00,NO,0.041
2026-02-07T00:00:00+03:00,OZ,0.0067
2026-02-07T00:00:00+03:00,PM2.5,0.014
2026-02-08T00:00:00+03:00,PM2.5,0.009
2026-02-08T00:00:00+03:00,SO2,0.0008
2026-02-08T00:00:00+03:00,NO2,0.048
2026-02-08T00:00:00+03:00,PM10,0.015
2026-02-08T00:00:00+03:00,NO,0.006
2026-02-08T00:00:00+03:00,OZ,0.0303
2026-02-08T00:00:00+03:00,CO,0.22
2026-02-09T00:00:00+03:00,CO,0.11
2026-02-09T00:00:00+03:00,PM2.5,0.003
2026-02-09T00:00:00+03:00,SO2,0.0006
2026-02-09T00:00:00+03:00,NO2,0.036
2026-02-09T00:00:00+03:00,PM10,0.007
2026-02-09T00:00:00+03:00,OZ,0.0625
2026-02-09T00:00:00+03:00,NO,0.003
2026-02-10T00:00:00+03:00,SO2,0.0007
2026-02-10T00:00:00+03:00,NO,0.004
2026-02-10T00:00:00+03:00,OZ,0.0523
2026-02-10T00:00:00+03:00,CO,0.1
2026-02-10T00:00:00+03:00,PM10,0.009
2026-02-10T00:00:00+03:00,PM2.5,0.005
2026-02-10T00:00:00+03:00,NO2,0.041
2026-02-11T00:00:00+03:00,NO2,0.042
2026-02-11T00:00:00+03:00,OZ,0.0562
2026-02-11T00:00:00+03:00,PM10,0.013
2026-02-11T00:00:00+03:00,NO,0.003
2026-02-11T00:00:00+03:00,CO,0.12
2026-02-11T00:00:00+03:00,PM2.5,0.008
2026-02-11T00:00:00+03:00,SO2,0.0008
2026-02-12T00:00:00+03:00,NO2,0.042
2026-02-12T00:00:00+03:00,CO,0.25
2026-02-12T00:00:00+03:00,PM10,0.016
2026-02-12T00:00:00+03:00,OZ,0.0565
2026-02-12T00:00:00+03:00,NO,0.003
2026-02-12T00:00:00+03:00,SO2,0.0007
2026-02-12T00:00:00+03:00,PM2.5,0.009
2026-02-13T00:00:00+03:00,NO2,0.06
2026-02-13T00:00:00+03:00,NO,0.024
2026-02-13T00:00:00+03:00,CO,0.3
2026-02-13T00:00:00+03:00,PM2.5,0.008
2026-02-13T00:00:00+03:00,PM10,0.014
2026-02-13T00:00:00+03:00,SO2,0.0006
2026-02-13T00:00:00+03:00,OZ,0.0089
2026-02-14T00:00:00+03:00,CO,0.25
2026-02-14T00:00:00+03:00,NO,0.012
2026-02-14T00:00:00+03:00,SO2,0.0001
2026-02-14T00:00:00+03:00,NO2,0.042
2026-02-14T00:00:00+03:00,OZ,0.0325
2026-02-14T00:00:00+03:00,PM2.5,0.006
2026-02-14T00:00:00+03:00,PM10,0.011
2026-02-15T00:00:00+03:00,NO,0.005
2026-02-15T00:00:00+03:00,PM2.5,0.007
2026-02-15T00:00:00+03:00,SO2,0.0001
2026-02-15T00:00:00+03:00,NO2,0.027
2026-02-15T00:00:00+03:00,CO,0.14
2026-02-15T00:00:00+03:00,PM10,0.011
2026-02-15T00:00:00+03:00,OZ,0.0415
2026-02-16T00:00:00+03:00,SO2,0.0003
2026-02-16T00:00:00+03:00,NO2,0.046
2026-02-16T00:00:00+03:00,PM2.5,0.004
2026-02-16T00:00:00+03:00,NO,0.002
2026-02-16T00:00:00+03:00,PM10,0.011
2026-02-16T00:00:00+03:00,CO,0.03
2026-02-16T00:00:00+03:00,OZ,0.0481
2026-02-17T00:00:00+03:00,OZ,0.0354
2026-02-17T00:00:00+03:00,SO2,0.0015
2026-02-17T00:00:00+03:00,PM2.5,0.008
2026-02-17T00:00:00+03:00,NO2,0.068
2026-02-17T00:00:00+03:00,NO,0.024
2026-02-17T00:00:00+03:00,CO,0.13
2026-02-17T00:00:00+03:00,PM10,0.014
2026-02-18T00:00:00+03:00,CO,0.37
2026-02-18T00:00:00+03:00,NO2,0.114
2026-02-18T00:00:00+03:00,NO,0.069
2026-02-18T00:00:00+03:00,SO2,0.003
2026-02-18T00:00:00+03:00,OZ,0.0056
2026-02-18T00:00:00+03:00,PM10,0.018
2026-02-18T00:00:00+03:00,PM2.5,0.011
2026-02-19T00:00:00+03:00,NO2,0.064
2026-02-19T00:00:00+03:00,PM10,0.011
2026-02-19T00:00:00+03:00,OZ,0.0402
2026-02-19T00:00:00+03:00,SO2,0.0012
2026-02-19T00:00:00+03:00,PM2.5,0.005
2026-02-19T00:00:00+03:00,CO,0.21
2026-02-19T00:00:00+03:00,NO,0.004
2026-02-20T00:00:00+03:00,NO2,0.037
2026-02-20T00:00:00+03:00,PM2.5,0.006
2026-02-20T00:00:00+03:00,PM10,0.011
2026-02-20T00:00:00+03:00,NO,0.005
2026-02-20T00:00:00+03:00,CO,0.18
2026-02-20T00:00:00+03:00,OZ,0.0443
2026-02-20T00:00:00+03:00,SO2,0.0008
2026-02-21T00:00:00+03:00,CO,0.03
2026-02-21T00:00:00+03:00,NO,0.002
2026-02-21T00:00:00+03:00,SO2,0.0006
2026-02-21T00:00:00+03:00,NO2,0.029
2026-02-21T00:00:00+03:00,PM10,0.009
2026-02-21T00:00:00+03:00,OZ,0.0708
2026-02-21T00:00:00+03:00,PM2.5,0.005
2026-02-22T00:00:00+03:00,PM10,0.009
2026-02-22T00:00:00+03:00,NO,0.001
2026-02-22T00:00:00+03:00,SO2,0.0005
2026-02-22T00:00:00+03:00,CO,0.1
2026-02-22T00:00:00+03:00,PM2.5,0.004
2026-02-22T00:00:00+03:00,NO2,0.019
2026-02-22T00:00:00+03:00,OZ,0.088
2026-02-23T00:00:00+03:00,PM2.5,0.005
2026-02-23T00:00:00+03:00,CO,0.18
2026-02-23T00:00:00+03:00,NO2,0.044
2026-02-23T00:00:00+03:00,PM10,0.009
2026-02-23T00:00:00+03:00,SO2,0.0005
2026-02-23T00:00:00+03:00,OZ,0.0619
2026-02-23T00:00:00+03:00,NO,0.01
2026-02-24T00:00:00+03:00,NO,0.008
2026-02-24T00:00:00+03:00,SO2,0.0014
2026-02-24T00:00:00+03:00,PM2.5,0.011
2026-02-24T00:00:00+03:00,PM10,0.018
2026-02-24T00:00:00+03:00,CO,0.13
2026-02-24T00:00:00+03:00,OZ,0.0305
2026-02-24T00:00:00+03:00,NO2,0.075
2026-02-25T00:00:00+03:00,SO2,0.0007
2026-02-25T00:00:00+03:00,OZ,0.0278
2026-02-25T00:00:00+03:00,NO,0.009
2026-02-25T00:00:00+03:00,CO,0.17
2026-02-25T00:00:00+03:00,NO2,0.065
2026-02-25T00:00:00+03:00,PM2.5,0.011
2026-02-25T00:00:00+03:00,PM10,0.02
2026-02-26T00:00:00+03:00,NO,0.011
2026-02-26T00:00:00+03:00,PM10,0.023
2026-02-26T00:00:00+03:00,NO2,0.067
2026-02-26T00:00:00+03:00,SO2,0.0008
2026-02-26T00:00:00+03:00,OZ,0.0263
2026-02-26T00:00:00+03:00,CO,0.32
2026-02-26T00:00:00+03:00,PM2.5,0.013
2026-02-27T00:00:00+03:00,NO,0.002
2026-02-27T00:00:00+03:00,OZ,0.0445
2026-02-27T00:00:00+03:00,SO2,0.0004
2026-02-27T00:00:00+03:00,PM10,0.014
2026-02-27T00:00:00+03:00,PM2.5,0.009
2026-02-27T00:00:00+03:00,CO,0.22
2026-02-27T00:00:00+03:00,NO2,0.036
2026-02-28T00:00:00+03:00,NO,0.002
2026-02-28T00:00:00+03:00,PM2.5,0.01
2026-02-28T00:00:00+03:00,OZ,0.0548
2026-02-28T00:00:00+03:00,PM10,0.016
2026-02-28T00:00:00+03:00,CO,0.15
2026-02-28T00:00:00+03:00,NO2,0.034
2026-02-28T00:00:00+03:00,SO2,0.0001
2026-03-01T00:00:00+03:00,NO,0.02
2026-03-01T00:00:00+03:00,NO2,0.046
2026-03-01T00:00:00+03:00,PM2.5,0.01
2026-03-01T00:00:00+03:00,OZ,0.0175
2026-03-01T00:00:00+03:00,PM10,0.016
2026-03-01T00:00:00+03:00,CO,0.28
2026-03-01T00:00:00+03:00,SO2,0.0004
2026-03-02T00:00:00+03:00,NO2,0.049
2026-03-02T00:00:00+03:00,OZ,0.0286
2026-03-02T00:00:00+03:00,PM10,0.018
2026-03-02T00:00:00+03:00,NO,0.009
2026-03-02T00:00:00+03:00,PM2.5,0.011
2026-03-02T00:00:00+03:00,SO2,0
2026-03-02T00:00:00+03:00,CO,0.26
2026-03-03T00:00:00+03:00,OZ,0.0311
2026-03-03T00:00:00+03:00,NO,0.004
2026-03-03T00:00:00+03:00,CO,0.08
2026-03-03T00:00:00+03:00,PM10,0.007
2026-03-03T00:00:00+03:00,PM2.5,0.003
2026-03-03T00:00:00+03:00,NO2,0.035
2026-03-03T00:00:00+03:00,SO2,0.001
2026-03-04T00:00:00+03:00,OZ,0.0392
2026-03-04T00:00:00+03:00,SO2,0.0009
2026-03-04T00:00:00+03:00,NO2,0.037
2026-03-04T00:00:00+03:00,PM10,0.006
2026-03-04T00:00:00+03:00,CO,0.14
2026-03-04T00:00:00+03:00,PM2.5,0.003
2026-03-04T00:00:00+03:00,NO,0.004
2026-03-05T00:00:00+03:00,PM10,0.008
2026-03-05T00:00:00+03:00,CO,0.26
2026-03-05T00:00:00+03:00,OZ,0.038
2026-03-05T00:00:00+03:00,NO2,0.037
2026-03-05T00:00:00+03:00,NO,0.004
2026-03-05T00:00:00+03:00,PM2.5,0.004
2026-03-05T00:00:00+03:00,SO2,0.0008
2026-03-06T00:00:00+03:00,NO2,0.048
2026-03-06T00:00:00+03:00,PM10,0.014
2026-03-06T00:00:00+03:00,CO,0.23
2026-03-06T00:00:00+03:00,OZ,0.0328
2026-03-06T00:00:00+03:00,NO,0.01
2026-03-06T00:00:00+03:00,PM2.5,0.008
2026-03-06T00:00:00+03:00,SO2,0.0013
2026-03-07T00:00:00+03:00,PM2.5,0.004
2026-03-07T00:00:00+03:00,NO2,0.031
2026-03-07T00:00:00+03:00,CO,0.11
2026-03-07T00:00:00+03:00,NO,0.003
2026-03-07T00:00:00+03:00,OZ,0.0479
2026-03-07T00:00:00+03:00,PM10,0.009
2026-03-07T00:00:00+03:00,SO2,0.001
2026-03-08T00:00:00+03:00,NO,0.001
2026-03-08T00:00:00+03:00,OZ,0.0625
2026-03-08T00:00:00+03:00,PM10,0.009
2026-03-08T00:00:00+03:00,SO2,0.001
2026-03-08T00:00:00+03:00,PM2.5,0.004
2026-03-08T00:00:00+03:00,NO2,0.027
2026-03-08T00:00:00+03:00,CO,0.01
2026-03-09T00:00:00+03:00,PM2.5,0.007
2026-03-09T00:00:00+03:00,OZ,0.0446
2026-03-09T00:00:00+03:00,NO2,0.058
2026-03-09T00:00:00+03:00,SO2,0.0014
2026-03-09T00:00:00+03:00,CO,0.15
2026-03-09T00:00:00+03:00,PM10,0.015
2026-03-09T00:00:00+03:00,NO,0.009
2026-03-10T00:00:00+03:00,SO2,0.0016
2026-03-10T00:00:00+03:00,CO,0.24
2026-03-10T00:00:00+03:00,PM2.5,0.008
2026-03-10T00:00:00+03:00,NO2,0.035
2026-03-10T00:00:00+03:00,OZ,0.0835
2026-03-10T00:00:00+03:00,NO,0.002
2026-03-10T00:00:00+03:00,PM10,0.016
2026-03-11T00:00:00+03:00,NO,0.004
2026-03-11T00:00:00+03:00,OZ,0.08
2026-03-11T00:00:00+03:00,PM10,0.018
2026-03-11T00:00:00+03:00,SO2,0.0015
2026-03-11T00:00:00+03:00,NO2,0.043
2026-03-11T00:00:00+03:00,PM2.5,0.009
2026-03-11T00:00:00+03:00,CO,0.22
2026-03-12T00:00:00+03:00,OZ,0.0668
2026-03-12T00:00:00+03:00,NO2,0.051
2026-03-12T00:00:00+03:00,CO,0.25
2026-03-12T00:00:00+03:00,PM10,0.027
2026-03-12T00:00:00+03:00,SO2,0.0016
2026-03-12T00:00:00+03:00,PM2.5,0.013
2026-03-12T00:00:00+03:00,NO,0.006
2026-03-13T00:00:00+03:00,CO,0.16
2026-03-13T00:00:00+03:00,PM10,0.026
2026-03-13T00:00:00+03:00,NO2,0.048
2026-03-13T00:00:00+03:00,NO,0.005
2026-03-13T00:00:00+03:00,PM2.5,0.01
2026-03-13T00:00:00+03:00,OZ,0.0698
2026-03-13T00:00:00+03:00,SO2,0.0016
2026-03-14T00:00:00+03:00,PM10,0.03
2026-03-14T00:00:00+03:00,OZ,0.0917
2026-03-14T00:00:00+03:00,CO,0.11
2026-03-14T00:00:00+03:00,PM2.5,0.011
2026-03-14T00:00:00+03:00,SO2,0.0018
2026-03-14T00:00:00+03:00,NO2,0.031
2026-03-14T00:00:00+03:00,NO,0.002
2026-03-15T00:00:00+03:00,CO,0.16
2026-03-15T00:00:00+03:00,NO,0.003
2026-03-15T00:00:00+03:00,PM10,0.023
2026-03-15T00:00:00+03:00,PM2.5,0.007
2026-03-15T00:00:00+03:00,OZ,0.077
2026-03-15T00:00:00+03:00,SO2,0.0028
2026-03-15T00:00:00+03:00,NO2,0.035
2026-03-16T00:00:00+03:00,PM2.5,0.009
2026-03-16T00:00:00+03:00,SO2,0.004
2026-03-16T00:00:00+03:00,NO2,0.054
2026-03-16T00:00:00+03:00,NO,0.007
2026-03-16T00:00:00+03:00,CO,0.21
2026-03-16T00:00:00+03:00,PM10,0.028
2026-03-16T00:00:00+03:00,OZ,0.0643
2026-03-17T00:00:00+03:00,NO,0.022
2026-03-17T00:00:00+03:00,NO2,0.087
2026-03-17T00:00:00+03:00,CO,0.24
2026-03-17T00:00:00+03:00,PM2.5,0.011
2026-03-17T00:00:00+03:00,OZ,0.0377
2026-03-17T00:00:00+03:00,PM10,0.036
2026-03-17T00:00:00+03:00,SO2,0.0036
2026-03-18T00:00:00+03:00,CO,0.27
2026-03-18T00:00:00+03:00,PM10,0.036
2026-03-18T00:00:00+03:00,PM2.5,0.009
2026-03-18T00:00:00+03:00,OZ,0.04
2026-03-18T00:00:00+03:00,NO2,0.079
2026-03-18T00:00:00+03:00,SO2,0.0024
2026-03-18T00:00:00+03:00,NO,0.008
2026-03-19T00:00:00+03:00,SO2,0.0059
2026-03-19T00:00:00+03:00,NO,0.016
2026-03-19T00:00:00+03:00,NO2,0.093
2026-03-19T00:00:00+03:00,PM10,0.039
2026-03-19T00:00:00+03:00,OZ,0.0391
2026-03-19T00:00:00+03:00,CO,0.35
2026-03-19T00:00:00+03:00,PM2.5,0.011
2026-03-20T00:00:00+03:00,CO,0.31
2026-03-20T00:00:00+03:00,NO2,0.062
2026-03-20T00:00:00+03:00,SO2,0.0021
2026-03-20T00:00:00+03:00,PM2.5,0.013
2026-03-20T00:00:00+03:00,NO,0.007
2026-03-20T00:00:00+03:00,OZ,0.0762
2026-03-20T00:00:00+03:00,PM10,0.044
2026-03-21T00:00:00+03:00,OZ,0.0463
2026-03-21T00:00:00+03:00,PM2.5,0.005
2026-03-21T00:00:00+03:00,CO,0.16
2026-03-21T00:00:00+03:00,NO2,0.045
2026-03-21T00:00:00+03:00,SO2,0.0005
2026-03-21T00:00:00+03:00,NO,0.009
2026-03-21T00:00:00+03:00,PM10,0.024
2026-03-22T00:00:00+03:00,PM10,0.032
2026-03-22T00:00:00+03:00,PM2.5,0.006
2026-03-22T00:00:00+03:00,NO,0.023
2026-03-22T00:00:00+03:00,CO,0.33
2026-03-22T00:00:00+03:00,SO2,0.0007
2026-03-22T00:00:00+03:00,NO2,0.065
2026-03-22T00:00:00+03:00,OZ,0.0359
2026-03-23T00:00:00+03:00,CO,0.24
2026-03-23T00:00:00+03:00,NO,0.018
2026-03-23T00:00:00+03:00,PM2.5,0.007
2026-03-23T00:00:00+03:00,OZ,0.0448
2026-03-23T00:00:00+03:00,SO2,0.0008
2026-03-23T00:00:00+03:00,NO2,0.068
2026-03-23T00:00:00+03:00,PM10,0.031
2026-03-24T00:00:00+03:00,CO,0.16
2026-03-24T00:00:00+03:00,NO,0.008
2026-03-24T00:00:00+03:00,PM10,0.035
2026-03-24T00:00:00+03:00,OZ,0.0653
2026-03-24T00:00:00+03:00,PM2.5,0.008
2026-03-24T00:00:00+03:00,NO2,0.056
2026-03-24T00:00:00+03:00,SO2,0.0005
2026-03-25T00:00:00+03:00,SO2,0.0006
2026-03-25T00:00:00+03:00,NO,0.007
2026-03-25T00:00:00+03:00,OZ,0.0722
2026-03-25T00:00:00+03:00,NO2,0.057
2026-03-25T00:00:00+03:00,CO,0.17
2026-03-25T00:00:00+03:00,PM10,0.031
2026-03-25T00:00:00+03:00,PM2.5,0.009
2026-03-26T00:00:00+03:00,CO,0.27
2026-03-26T00:00:00+03:00,PM2.5,0.01
2026-03-26T00:00:00+03:00,NO,0.004
2026-03-26T00:00:00+03:00,SO2,0.0036
2026-03-26T00:00:00+03:00,OZ,0.0908
2026-03-26T00:00:00+03:00,PM10,0.034
2026-03-26T00:00:00+03:00,NO2,0.047
2026-03-27T00:00:00+03:00,CO,0.4
2026-03-27T00:00:00+03:00,OZ,0.0201
2026-03-27T00:00:00+03:00,PM10,0.07
2026-03-27T00:00:00+03:00,NO2,0.124
2026-03-27T00:00:00+03:00,SO2,0.0072
2026-03-27T00:00:00+03:00,PM2.5,0.016
2026-03-27T00:00:00+03:00,NO,0.036
2026-03-28T00:00:00+03:00,OZ,0.067
2026-03-28T00:00:00+03:00,PM10,0.035
2026-03-28T00:00:00+03:00,SO2,0.0019
2026-03-28T00:00:00+03:00,NO,0.005
2026-03-28T00:00:00+03:00,CO,0.2
2026-03-28T00:00:00+03:00,NO2,0.059
2026-03-28T00:00:00+03:00,PM2.5,0.009
2026-03-29T00:00:00+03:00,CO,0.32
2026-03-29T00:00:00+03:00,NO,0.002
2026-03-29T00:00:00+03:00,NO2,0.041
2026-03-29T00:00:00+03:00,PM10,0.032
2026-03-29T00:00:00+03:00,PM2.5,0.009
2026-03-29T00:00:00+03:00,SO2,0.002
2026-03-29T00:00:00+03:00,OZ,0.0803
2026-03-30T00:00:00+03:00,OZ,0.071
2026-03-30T00:00:00+03:00,PM10,0.035
2026-03-30T00:00:00+03:00,NO2,0.052
2026-03-30T00:00:00+03:00,CO,0.23
2026-03-30T00:00:00+03:00,SO2,0.0014
2026-03-30T00:00:00+03:00,PM2.5,0.009
2026-03-30T00:00:00+03:00,NO,0.003
2026-03-31T00:00:00+03:00,PM10,0.05
2026-03-31T00:00:00+03:00,OZ,0.0677
2026-03-31T00:00:00+03:00,CO,0.14
2026-03-31T00:00:00+03:00,NO,0.006
2026-03-31T00:00:00+03:00,NO2,0.06
2026-03-31T00:00:00+03:00,PM2.5,0.012
2026-03-31T00:00:00+03:00,SO2,0.0039
2026-04-01T00:00:00+03:00,PM10,0.06
2026-04-01T00:00:00+03:00,OZ,0.0513
2026-04-01T00:00:00+03:00,SO2,0.0034
2026-04-01T00:00:00+03:00,NO2,0.08
2026-04-01T00:00:00+03:00,CO,0.18
2026-04-01T00:00:00+03:00,NO,0.007
2026-04-01T00:00:00+03:00,PM2.5,0.014
2026-04-02T00:00:00+03:00,CO,0.24
2026-04-02T00:00:00+03:00,PM10,0.038
2026-04-02T00:00:00+03:00,NO,0.006
2026-04-02T00:00:00+03:00,OZ,0.0528
2026-04-02T00:00:00+03:00,NO2,0.057
2026-04-02T00:00:00+03:00,SO2,0.0008
2026-04-02T00:00:00+03:00,PM2.5,0.011
2026-04-03T00:00:00+03:00,NO2,0.04
2026-04-03T00:00:00+03:00,PM10,0.024
2026-04-03T00:00:00+03:00,SO2,0.0009
2026-04-03T00:00:00+03:00,NO,0.004
2026-04-03T00:00:00+03:00,CO,0.14
2026-04-03T00:00:00+03:00,PM2.5,0.006
2026-04-03T00:00:00+03:00,OZ,0.0567
2026-04-04T00:00:00+03:00,PM10,0.034
2026-04-04T00:00:00+03:00,NO2,0.063
2026-04-04T00:00:00+03:00,CO,0.15
2026-04-04T00:00:00+03:00,OZ,0.0484
2026-04-04T00:00:00+03:00,SO2,0.0005
2026-04-04T00:00:00+03:00,NO,0.021
2026-04-04T00:00:00+03:00,PM2.5,0.007
2026-04-05T00:00:00+03:00,PM10,0.018
2026-04-05T00:00:00+03:00,SO2,0.0014
2026-04-05T00:00:00+03:00,OZ,0.0597
2026-04-05T00:00:00+03:00,NO,0.003
2026-04-05T00:00:00+03:00,NO2,0.025
2026-04-05T00:00:00+03:00,CO,0.22
2026-04-05T00:00:00+03:00,PM2.5,0.006
2026-04-06T00:00:00+03:00,PM2.5,0.003
2026-04-06T00:00:00+03:00,PM10,0.009
2026-04-06T00:00:00+03:00,NO,0.004
2026-04-06T00:00:00+03:00,OZ,0.0445
2026-04-06T00:00:00+03:00,NO2,0.026
2026-04-06T00:00:00+03:00,CO,0.18
2026-04-06T00:00:00+03:00,SO2,0.0014
2026-04-07T00:00:00+03:00,PM2.5,0.004
2026-04-07T00:00:00+03:00,NO,0.012
2026-04-07T00:00:00+03:00,PM10,0.018
2026-04-07T00:00:00+03:00,OZ,0.0326
2026-04-07T00:00:00+03:00,NO2,0.038
2026-04-07T00:00:00+03:00,CO,0.22
2026-04-07T00:00:00+03:00,SO2,0.0011
2026-04-08T00:00:00+03:00,PM2.5,0.003
2026-04-08T00:00:00+03:00,NO2,0.027
2026-04-08T00:00:00+03:00,NO,0.004
2026-04-08T00:00:00+03:00,PM10,0.016
2026-04-08T00:00:00+03:00,OZ,0.0367
2026-04-08T00:00:00+03:00,SO2,0.0009
2026-04-08T00:00:00+03:00,CO,0.27
2026-04-09T00:00:00+03:00,CO,0.1
2026-04-09T00:00:00+03:00,SO2,0.001
2026-04-09T00:00:00+03:00,PM10,0.01
2026-04-09T00:00:00+03:00,PM2.5,0.003
2026-04-09T00:00:00+03:00,OZ,0.0345
2026-04-09T00:00:00+03:00,NO2,0.024
2026-04-09T00:00:00+03:00,NO,0.003
2026-04-10T00:00:00+03:00,PM10,0.011
2026-04-10T00:00:00+03:00,NO,0.002
2026-04-10T00:00:00+03:00,OZ,0.0494
2026-04-10T00:00:00+03:00,PM2.5,0.004
2026-04-10T00:00:00+03:00,SO2,0.001
2026-04-10T00:00:00+03:00,CO,0.19
2026-04-10T00:00:00+03:00,NO2,0.024
2026-04-11T00:00:00+03:00,PM10,0.014
2026-04-11T00:00:00+03:00,NO2,0.031
2026-04-11T00:00:00+03:00,OZ,0.0344
2026-04-11T00:00:00+03:00,CO,0.12
2026-04-11T00:00:00+03:00,PM2.5,0.007
2026-04-11T00:00:00+03:00,SO2,0.0009
2026-04-11T00:00:00+03:00,NO,0.003
2026-04-12T00:00:00+03:00,OZ,0.0347
2026-04-12T00:00:00+03:00,PM2.5,0.008
2026-04-12T00:00:00+03:00,PM10,0.018
2026-04-12T00:00:00+03:00,CO,0.36
2026-04-12T00:00:00+03:00,SO2,0.0013
2026-04-12T00:00:00+03:00,NO,0.004
2026-04-12T00:00:00+03:00,NO2,0.033
2026-04-13T00:00:00+03:00,PM10,0.025
2026-04-13T00:00:00+03:00,NO,0.006
2026-04-13T00:00:00+03:00,SO2,0.0015
2026-04-13T00:00:00+03:00,CO,0.07
2026-04-13T00:00:00+03:00,NO2,0.033
2026-04-13T00:00:00+03:00,OZ,0.0424
2026-04-13T00:00:00+03:00,PM2.5,0.006
2026-04-14T00:00:00+03:00,CO,0.13
2026-04-14T00:00:00+03:00,PM10,0.023
2026-04-14T00:00:00+03:00,SO2,0.0014
2026-04-14T00:00:00+03:00,NO,0.002
2026-04-14T00:00:00+03:00,NO2,0.031
2026-04-14T00:00:00+03:00,PM2.5,0.004
2026-04-14T00:00:00+03:00,OZ,0.0639
2026-04-15T00:00:00+03:00,OZ,0.0213
2026-04-15T00:00:00+03:00,CO,0.26
2026-04-15T00:00:00+03:00,SO2,0.0014
2026-04-15T00:00:00+03:00,NO,0.026
2026-04-15T00:00:00+03:00,NO2,0.056
2026-04-15T00:00:00+03:00,PM10,0.019
2026-04-15T00:00:00+03:00,PM2.5,0.008
2026-04-16T00:00:00+03:00,CO,0.43
2026-04-16T00:00:00+03:00,NO,0.055
2026-04-16T00:00:00+03:00,NO2,0.067
2026-04-16T00:00:00+03:00,OZ,0.0133
2026-04-16T00:00:00+03:00,PM2.5,0.01
2026-04-16T00:00:00+03:00,SO2,0.002
2026-04-16T00:00:00+03:00,PM10,0.027
2026-04-17T00:00:00+03:00,PM10,0.022
2026-04-17T00:00:00+03:00,PM2.5,0.007
2026-04-17T00:00:00+03:00,NO2,0.048
2026-04-17T00:00:00+03:00,CO,0.24
2026-04-17T00:00:00+03:00,SO2,0.0006
2026-04-17T00:00:00+03:00,NO,0.007
2026-04-17T00:00:00+03:00,OZ,0.0381
2026-04-18T00:00:00+03:00,PM10,0.019
2026-04-18T00:00:00+03:00,NO2,0.042
2026-04-18T00:00:00+03:00,NO,0.007
2026-04-18T00:00:00+03:00,PM2.5,0.006
2026-04-18T00:00:00+03:00,CO,0.28
2026-04-18T00:00:00+03:00,OZ,0.0395
2026-04-18T00:00:00+03:00,SO2,0.0007
2026-04-19T00:00:00+03:00,CO,0.16
2026-04-19T00:00:00+03:00,PM2.5,0.005
2026-04-19T00:00:00+03:00,NO,0
2026-04-19T00:00:00+03:00,PM10,0.012
2026-04-19T00:00:00+03:00,NO2,0.012
2026-04-19T00:00:00+03:00,SO2,0.0006
2026-04-19T00:00:00+03:00,OZ,0.0715
2026-04-20T00:00:00+03:00,OZ,0.0689
2026-04-20T00:00:00+03:00,PM2.5,0.004
2026-04-20T00:00:00+03:00,NO,0.001
2026-04-20T00:00:00+03:00,PM10,0.016
2026-04-20T00:00:00+03:00,NO2,0.016
2026-04-20T00:00:00+03:00,CO,0.11
2026-04-20T00:00:00+03:00,SO2,0.0011
2026-04-21T00:00:00+03:00,OZ,0.0733
2026-04-21T00:00:00+03:00,CO,0.17
2026-04-21T00:00:00+03:00,PM10,0.024
2026-04-21T00:00:00+03:00,PM2.5,0.005
2026-04-21T00:00:00+03:00,NO,0.002
2026-04-21T00:00:00+03:00,NO2,0.025
2026-04-21T00:00:00+03:00,SO2,0.0014
2026-04-22T00:00:00+03:00,NO,0.02
2026-04-22T00:00:00+03:00,NO2,0.053
2026-04-22T00:00:00+03:00,CO,0.21
2026-04-22T00:00:00+03:00,PM10,0.028
2026-04-22T00:00:00+03:00,OZ,0.0537
2026-04-22T00:00:00+03:00,SO2,0.0025
2026-04-22T00:00:00+03:00,PM2.5,0.006
2026-04-23T00:00:00+03:00,CO,0.17
2026-04-23T00:00:00+03:00,NO2,0.022
2026-04-23T00:00:00+03:00,SO2,0.001
2026-04-23T00:00:00+03:00,PM10,0.013
2026-04-23T00:00:00+03:00,NO,0.002
2026-04-23T00:00:00+03:00,OZ,0.064
2026-04-23T00:00:00+03:00,PM2.5,0.005
2026-04-24T00:00:00+03:00,NO,0.001
2026-04-24T00:00:00+03:00,PM2.5,0.004
2026-04-24T00:00:00+03:00,CO,0.17
2026-04-24T00:00:00+03:00,OZ,0.0619
2026-04-24T00:00:00+03:00,SO2,0.001
2026-04-24T00:00:00+03:00,PM10,0.015
2026-04-24T00:00:00+03:00,NO2,0.019
2026-04-25T00:00:00+03:00,NO2,0.016
2026-04-25T00:00:00+03:00,SO2,0.0012
2026-04-25T00:00:00+03:00,PM10,0.015
2026-04-25T00:00:00+03:00,CO,0.12
2026-04-25T00:00:00+03:00,PM2.5,0.005
2026-04-25T00:00:00+03:00,OZ,0.0735
2026-04-25T00:00:00+03:00,NO,0.001
2026-04-26T00:00:00+03:00,OZ,0.0614
2026-04-26T00:00:00+03:00,SO2,0.0008
2026-04-26T00:00:00+03:00,PM10,0.011
2026-04-26T00:00:00+03:00,NO,0.001
2026-04-26T00:00:00+03:00,NO2,0.019
2026-04-26T00:00:00+03:00,PM2.5,0.005
2026-04-26T00:00:00+03:00,CO,0.26
2026-04-27T00:00:00+03:00,OZ,0.0534
2026-04-27T00:00:00+03:00,PM2.5,0.002
2026-04-27T00:00:00+03:00,SO2,0.0004
2026-04-27T00:00:00+03:00,NO,0.002
2026-04-27T00:00:00+03:00,NO2,0.01
2026-04-27T00:00:00+03:00,CO,0.18
2026-04-27T00:00:00+03:00,PM10,0.005
2026-04-28T00:00:00+03:00,NO2,0.012
2026-04-28T00:00:00+03:00,CO,0.12
2026-04-28T00:00:00+03:00,OZ,0.0691
2026-04-28T00:00:00+03:00,NO,0.002
2026-04-28T00:00:00+03:00,PM10,0.008
2026-04-28T00:00:00+03:00,PM2.5,0.005
2026-04-28T00:00:00+03:00,SO2,0.0005
2026-04-29T00:00:00+03:00,NO,0.003
2026-04-29T00:00:00+03:00,PM10,0.009
2026-04-29T00:00:00+03:00,SO2,0.0007
2026-04-29T00:00:00+03:00,OZ,0.0587
2026-04-29T00:00:00+03:00,NO2,0.016
2026-04-29T00:00:00+03:00,CO,0.1
2026-04-29T00:00:00+03:00,PM2.5,0.004
2026-04-30T00:00:00+03:00,NO2,0.03
2026-04-30T00:00:00+03:00,OZ,0.0447
2026-04-30T00:00:00+03:00,SO2,0.0007
2026-04-30T00:00:00+03:00,CO,0.27
2026-04-30T00:00:00+03:00,PM2.5,0.005
2026-04-30T00:00:00+03:00,NO,0.005
2026-04-30T00:00:00+03:00,PM10,0.015
2026-05-01T00:00:00+03:00,PM2.5,0.007
2026-05-01T00:00:00+03:00,CO,0.13
2026-05-01T00:00:00+03:00,NO2,0.041
2026-05-01T00:00:00+03:00,OZ,0.039
2026-05-01T00:00:00+03:00,PM10,0.021
2026-05-01T00:00:00+03:00,NO,0.008
2026-05-01T00:00:00+03:00,SO2,0.0008
2026-05-02T00:00:00+03:00,NO2,0.021
2026-05-02T00:00:00+03:00,PM10,0.019
2026-05-02T00:00:00+03:00,NO,0.004
2026-05-02T00:00:00+03:00,CO,0.14
2026-05-02T00:00:00+03:00,OZ,0.0616
2026-05-02T00:00:00+03:00,SO2,0.0008
2026-05-02T00:00:00+03:00,PM2.5,0.007
2026-05-03T00:00:00+03:00,NO,0.002
2026-05-03T00:00:00+03:00,SO2,0.0007
2026-05-03T00:00:00+03:00,PM2.5,0.009
2026-05-03T00:00:00+03:00,CO,0.15
2026-05-03T00:00:00+03:00,NO2,0.009
2026-05-03T00:00:00+03:00,OZ,0.0894
2026-05-03T00:00:00+03:00,PM10,0.023
2026-05-04T00:00:00+03:00,SO2,0.0006
2026-05-04T00:00:00+03:00,PM2.5,0.013
2026-05-04T00:00:00+03:00,CO,0.16
2026-05-04T00:00:00+03:00,OZ,0.0851
2026-05-04T00:00:00+03:00,PM10,0.035
2026-05-04T00:00:00+03:00,NO,0.005
2026-05-04T00:00:00+03:00,NO2,0.028
2026-05-05T00:00:00+03:00,CO,0.25
2026-05-05T00:00:00+03:00,NO,0.005
2026-05-05T00:00:00+03:00,PM10,0.041
2026-05-05T00:00:00+03:00,NO2,0.032
2026-05-05T00:00:00+03:00,OZ,0.0908
2026-05-05T00:00:00+03:00,SO2,0.0007
2026-05-05T00:00:00+03:00,PM2.5,0.013
2026-05-06T00:00:00+03:00,OZ,0.0663
2026-05-06T00:00:00+03:00,SO2,0.0009
2026-05-06T00:00:00+03:00,NO2,0.043
2026-05-06T00:00:00+03:00,CO,0.26
2026-05-06T00:00:00+03:00,NO,0.012
2026-05-06T00:00:00+03:00,PM2.5,0.013
2026-05-06T00:00:00+03:00,PM10,0.035
2026-05-07T00:00:00+03:00,NO,0.002
2026-05-07T00:00:00+03:00,CO,0.21
2026-05-07T00:00:00+03:00,PM10,0.038
2026-05-07T00:00:00+03:00,SO2,0.0015
2026-05-07T00:00:00+03:00,PM2.5,0.012
2026-05-07T00:00:00+03:00,NO2,0.028
2026-05-07T00:00:00+03:00,OZ,0.0861
2026-05-08T00:00:00+03:00,PM2.5,0.011
2026-05-08T00:00:00+03:00,CO,0.23
2026-05-08T00:00:00+03:00,OZ,0.0374
2026-05-08T00:00:00+03:00,NO,0.003
2026-05-08T00:00:00+03:00,NO2,0.03
2026-05-08T00:00:00+03:00,SO2,0.0005
2026-05-08T00:00:00+03:00,PM10,0.025
2026-05-09T00:00:00+03:00,SO2,0.0008
2026-05-09T00:00:00+03:00,PM10,0.013
2026-05-09T00:00:00+03:00,PM2.5,0.005
2026-05-09T00:00:00+03:00,NO,0.002
2026-05-09T00:00:00+03:00,NO2,0.012
2026-05-09T00:00:00+03:00,CO,0.08
2026-05-09T00:00:00+03:00,OZ,0.0649
2026-05-10T00:00:00+03:00,CO,0.05
2026-05-10T00:00:00+03:00,SO2,0.0017
2026-05-10T00:00:00+03:00,OZ,0.0569
2026-05-10T00:00:00+03:00,PM10,0.018
2026-05-10T00:00:00+03:00,NO2,0.019
2026-05-10T00:00:00+03:00,PM2.5,0.005
2026-05-10T00:00:00+03:00,NO,0.002
2026-05-11T00:00:00+03:00,NO,0.007
2026-05-11T00:00:00+03:00,PM2.5,0.012
2026-05-11T00:00:00+03:00,OZ,0.0279
2026-05-11T00:00:00+03:00,SO2,0.0013
2026-05-11T00:00:00+03:00,PM10,0.024
2026-05-11T00:00:00+03:00,NO2,0.024
2026-05-11T00:00:00+03:00,CO,0.23
2026-05-12T00:00:00+03:00,PM2.5,0.013
2026-05-12T00:00:00+03:00,NO,0.011
2026-05-12T00:00:00+03:00,OZ,0.0087
2026-05-12T00:00:00+03:00,NO2,0.025
2026-05-12T00:00:00+03:00,PM10,0.028
2026-05-12T00:00:00+03:00,CO,0.27
2026-05-12T00:00:00+03:00,SO2,0.0008
2026-05-13T00:00:00+03:00,PM10,0.024
2026-05-13T00:00:00+03:00,PM2.5,0.01
2026-05-13T00:00:00+03:00,NO2,0.022
2026-05-13T00:00:00+03:00,CO,0.17
2026-05-13T00:00:00+03:00,NO,0.004
2026-05-13T00:00:00+03:00,SO2,0.0008
2026-05-13T00:00:00+03:00,OZ,0.0472
2026-05-14T00:00:00+03:00,SO2,0.0008
2026-05-14T00:00:00+03:00,CO,0.14
2026-05-14T00:00:00+03:00,NO2,0.033
2026-05-14T00:00:00+03:00,PM2.5,0.011
2026-05-14T00:00:00+03:00,OZ,0.0598
2026-05-14T00:00:00+03:00,NO,0.004
2026-05-14T00:00:00+03:00,PM10,0.031
2026-05-15T00:00:00+03:00,SO2,0.0017
2026-05-15T00:00:00+03:00,NO,0.013
2026-05-15T00:00:00+03:00,PM2.5,0.012
2026-05-15T00:00:00+03:00,NO2,0.029
2026-05-15T00:00:00+03:00,PM10,0.034
2026-05-15T00:00:00+03:00,OZ,0.059
2026-05-15T00:00:00+03:00,CO,0.25
2026-05-16T00:00:00+03:00,OZ,0.0571
2026-05-16T00:00:00+03:00,NO,0.003
2026-05-16T00:00:00+03:00,PM10,0.025
2026-05-16T00:00:00+03:00,NO2,0.025
2026-05-16T00:00:00+03:00,SO2,0.0003
2026-05-16T00:00:00+03:00,PM2.5,0.009
2026-05-16T00:00:00+03:00,CO,0.15
2026-05-17T00:00:00+03:00,OZ,
2026-05-17T00:00:00+03:00,CO,
2026-05-17T00:00:00+03:00,PM2.5,
2026-05-17T00:00:00+03:00,SO2,
2026-05-17T00:00:00+03:00,PM10,
2026-05-17T00:00:00+03:00,NO,
2026-05-17T00:00:00+03:00,NO2,
2026-05-18T00:00:00+03:00,CO,0.28
2026-05-18T00:00:00+03:00,NO2,0.021
2026-05-18T00:00:00+03:00,PM10,0.036
2026-05-18T00:00:00+03:00,NO,0.004
2026-05-18T00:00:00+03:00,PM2.5,0.011
2026-05-18T00:00:00+03:00,OZ,0.0558
2026-05-18T00:00:00+03:00,SO2,0.0016
2026-05-19T00:00:00+03:00,SO2,0.0047
2026-05-19T00:00:00+03:00,PM2.5,0.013
2026-05-19T00:00:00+03:00,NO,0.014
2026-05-19T00:00:00+03:00,NO2,0.045
2026-05-19T00:00:00+03:00,CO,0.3
2026-05-19T00:00:00+03:00,PM10,0.045
2026-05-19T00:00:00+03:00,OZ,0.0581
2026-05-20T00:00:00+03:00,CO,0.4
2026-05-20T00:00:00+03:00,OZ,0.059
2026-05-20T00:00:00+03:00,PM10,0.053
2026-05-20T00:00:00+03:00,SO2,0.0034
2026-05-20T00:00:00+03:00,NO2,0.047
2026-05-20T00:00:00+03:00,NO,0.028
2026-05-20T00:00:00+03:00,PM2.5,0.015
2026-05-21T00:00:00+03:00,PM2.5,0.017
2026-05-21T00:00:00+03:00,PM10,0.054
2026-05-21T00:00:00+03:00,OZ,0.0673
2026-05-21T00:00:00+03:00,NO,0.011
2026-05-21T00:00:00+03:00,CO,0.31
2026-05-21T00:00:00+03:00,NO2,0.048
2026-05-21T00:00:00+03:00,SO2,0.0089
2026-05-22T00:00:00+03:00,PM2.5,0.011
2026-05-22T00:00:00+03:00,OZ,0.087
2026-05-22T00:00:00+03:00,NO2,0.017
2026-05-22T00:00:00+03:00,CO,0.05
2026-05-22T00:00:00+03:00,SO2,0.0011
2026-05-22T00:00:00+03:00,NO,0.001
2026-05-22T00:00:00+03:00,PM10,0.038
2026-05-23T00:00:00+03:00,PM2.5,0.004
2026-05-23T00:00:00+03:00,PM10,0.015
2026-05-23T00:00:00+03:00,NO,0.001
2026-05-23T00:00:00+03:00,OZ,0.077
2026-05-23T00:00:00+03:00,NO2,0.006
2026-05-23T00:00:00+03:00,CO,0.14
2026-05-23T00:00:00+03:00,SO2,0.0001
2026-05-24T00:00:00+03:00,OZ,0.0613
2026-05-24T00:00:00+03:00,PM2.5,0.006
2026-05-24T00:00:00+03:00,NO2,0.015
2026-05-24T00:00:00+03:00,NO,0.002
2026-05-24T00:00:00+03:00,PM10,0.019
2026-05-24T00:00:00+03:00,SO2,0.0004
2026-05-24T00:00:00+03:00,CO,0.2
2026-05-25T00:00:00+03:00,SO2,0.0001
2026-05-25T00:00:00+03:00,PM2.5,0.003
2026-05-25T00:00:00+03:00,CO,0.14
2026-05-25T00:00:00+03:00,NO,0.001
2026-05-25T00:00:00+03:00,OZ,0.0569
2026-05-25T00:00:00+03:00,PM10,0.012
2026-05-25T00:00:00+03:00,NO2,0.009
2026-05-26T00:00:00+03:00,SO2,0.0005
2026-05-26T00:00:00+03:00,OZ,0.0563
2026-05-26T00:00:00+03:00,PM2.5,0.003
2026-05-26T00:00:00+03:00,PM10,0.013
2026-05-26T00:00:00+03:00,NO2,0.009
2026-05-26T00:00:00+03:00,NO,0.002
2026-05-26T00:00:00+03:00,CO,0.1
2026-05-27T00:00:00+03:00,CO,0.08
2026-05-27T00:00:00+03:00,SO2,0.0011
2026-05-27T00:00:00+03:00,OZ,0.0504
2026-05-27T00:00:00+03:00,PM10,0.012
2026-05-27T00:00:00+03:00,NO,0.002
2026-05-27T00:00:00+03:00,PM2.5,0.004
2026-05-27T00:00:00+03:00,NO2,0.015
2026-05-28T00:00:00+03:00,NO2,0.011
2026-05-28T00:00:00+03:00,SO2,0.001
2026-05-28T00:00:00+03:00,NO,0.002
2026-05-28T00:00:00+03:00,OZ,0.0433
2026-05-28T00:00:00+03:00,PM2.5,0.003
2026-05-28T00:00:00+03:00,CO,0.1
2026-05-28T00:00:00+03:00,PM10,0.008
2026-05-29T00:00:00+03:00,NO,0.009
2026-05-29T00:00:00+03:00,CO,0.26
2026-05-29T00:00:00+03:00,NO2,0.016
2026-05-29T00:00:00+03:00,SO2,0.0014
2026-05-29T00:00:00+03:00,OZ,0.0157
2026-05-29T00:00:00+03:00,PM2.5,0.004
2026-05-29T00:00:00+03:00,PM10,0.009
2026-05-30T00:00:00+03:00,PM2.5,0.005
2026-05-30T00:00:00+03:00,NO,0.012
2026-05-30T00:00:00+03:00,OZ,0.0188
2026-05-30T00:00:00+03:00,SO2,0.0016
2026-05-30T00:00:00+03:00,CO,0.09
2026-05-30T00:00:00+03:00,PM10,0.014
2026-05-30T00:00:00+03:00,NO2,0.023
2026-05-31T00:00:00+03:00,PM2.5,0.006
2026-05-31T00:00:00+03:00,PM10,0.014
2026-05-31T00:00:00+03:00,NO2,0.018
2026-05-31T00:00:00+03:00,NO,0.004
2026-05-31T00:00:00+03:00,CO,0.25
2026-05-31T00:00:00+03:00,SO2,0.0014
2026-06-01T00:00:00+03:00,CO,0.21
2026-06-01T00:00:00+03:00,SO2,0.0015
2026-06-01T00:00:00+03:00,PM2.5,0.006
2026-06-01T00:00:00+03:00,NO,0.006
2026-06-01T00:00:00+03:00,NO2,0.021
2026-06-01T00:00:00+03:00,PM10,0.017
2026-06-02T00:00:00+03:00,NO2,0.021
2026-06-02T00:00:00+03:00,SO2,0.0015
2026-06-02T00:00:00+03:00,NO,0.003
2026-06-02T00:00:00+03:00,CO,0.25
2026-06-02T00:00:00+03:00,PM2.5,0.006
2026-06-02T00:00:00+03:00,PM10,0.018
2026-06-03T00:00:00+03:00,CO,0.27
2026-06-03T00:00:00+03:00,PM2.5,0.008
2026-06-03T00:00:00+03:00,NO2,0.033
2026-06-03T00:00:00+03:00,PM10,0.022
2026-06-03T00:00:00+03:00,NO,0.008
2026-06-03T00:00:00+03:00,SO2,0.0016
2026-06-04T00:00:00+03:00,PM10,0.023
2026-06-04T00:00:00+03:00,CO,0.13
2026-06-04T00:00:00+03:00,NO,0.003
2026-06-04T00:00:00+03:00,PM2.5,0.008
2026-06-04T00:00:00+03:00,SO2,0.002
2026-06-04T00:00:00+03:00,NO2,0.023
2026-06-05T00:00:00+03:00,PM2.5,0.008
2026-06-05T00:00:00+03:00,PM10,0.023
2026-06-05T00:00:00+03:00,SO2,0.0018
2026-06-05T00:00:00+03:00,NO,0.003
2026-06-05T00:00:00+03:00,NO2,0.025
2026-06-05T00:00:00+03:00,CO,0.27
2026-06-06T00:00:00+03:00,SO2,0.0022
2026-06-06T00:00:00+03:00,PM10,0.023
2026-06-06T00:00:00+03:00,CO,0.23
2026-06-06T00:00:00+03:00,NO2,0.026
2026-06-06T00:00:00+03:00,PM2.5,0.007
2026-06-06T00:00:00+03:00,NO,0.003
2026-06-07T00:00:00+03:00,NO,0.003
2026-06-07T00:00:00+03:00,PM10,0.031
2026-06-07T00:00:00+03:00,NO2,0.034
2026-06-07T00:00:00+03:00,SO2,0.0025
2026-06-07T00:00:00+03:00,CO,0.25
2026-06-07T00:00:00+03:00,PM2.5,0.011
2026-06-08T00:00:00+03:00,PM10,0.033
2026-06-08T00:00:00+03:00,SO2,0.0018
2026-06-08T00:00:00+03:00,CO,0.19
2026-06-08T00:00:00+03:00,OZ,
2026-06-08T00:00:00+03:00,NO,0.002
2026-06-08T00:00:00+03:00,NO2,0.038
2026-06-08T00:00:00+03:00,PM2.5,0.012
2026-06-09T00:00:00+03:00,NO,0.002
2026-06-09T00:00:00+03:00,CO,0.4
2026-06-09T00:00:00+03:00,PM2.5,0.013
2026-06-09T00:00:00+03:00,SO2,0.0018
2026-06-09T00:00:00+03:00,NO2,0.033
2026-06-09T00:00:00+03:00,PM10,0.033
2026-06-09T00:00:00+03:00,OZ,0.0505
2026-06-10T00:00:00+03:00,NO,0.015
2026-06-10T00:00:00+03:00,OZ,0.0738
2026-06-10T00:00:00+03:00,SO2,0.0017
2026-06-10T00:00:00+03:00,PM2.5,0.015
2026-06-10T00:00:00+03:00,NO2,0.032
2026-06-10T00:00:00+03:00,PM10,0.032
2026-06-10T00:00:00+03:00,CO,0.36
2026-06-11T00:00:00+03:00,CO,0.35
2026-06-11T00:00:00+03:00,PM10,0.038
2026-06-11T00:00:00+03:00,SO2,0.0013
2026-06-11T00:00:00+03:00,PM2.5,0.014
2026-06-11T00:00:00+03:00,NO2,0.036
2026-06-11T00:00:00+03:00,NO,0.006
2026-06-11T00:00:00+03:00,OZ,0.0637
2026-06-12T00:00:00+03:00,NO2,0.024
2026-06-12T00:00:00+03:00,PM10,0.037
2026-06-12T00:00:00+03:00,OZ,0.0843
2026-06-12T00:00:00+03:00,PM2.5,0.015
2026-06-12T00:00:00+03:00,SO2,0.0023
2026-06-12T00:00:00+03:00,NO,0.001
2026-06-12T00:00:00+03:00,CO,0.34
2026-06-13T00:00:00+03:00,PM10,0.04
2026-06-13T00:00:00+03:00,CO,0.36
2026-06-13T00:00:00+03:00,PM2.5,0.018
2026-06-13T00:00:00+03:00,OZ,0.0724
2026-06-13T00:00:00+03:00,SO2,0.0021
2026-06-13T00:00:00+03:00,NO,0.002
2026-06-13T00:00:00+03:00,NO2,0.028
2026-06-14T00:00:00+03:00,PM2.5,
2026-06-14T00:00:00+03:00,PM10,
2026-06-14T00:00:00+03:00,CO,
2026-06-14T00:00:00+03:00,NO2,
2026-06-14T00:00:00+03:00,NO,
2026-06-14T00:00:00+03:00,OZ,
2026-06-14T00:00:00+03:00,SO2,
2026-06-15T00:00:00+03:00,SO2,0.0017
2026-06-15T00:00:00+03:00,NO2,0.027
2026-06-15T00:00:00+03:00,PM10,0.014
2026-06-15T00:00:00+03:00,CO,0.2
2026-06-15T00:00:00+03:00,PM2.5,0.004
2026-06-15T00:00:00+03:00,OZ,0.0464
2026-06-15T00:00:00+03:00,NO,0.004
2026-06-16T00:00:00+03:00,CO,0.16
2026-06-16T00:00:00+03:00,NO,0.004
2026-06-16T00:00:00+03:00,OZ,0.047
2026-06-16T00:00:00+03:00,PM2.5,0.005
2026-06-16T00:00:00+03:00,SO2,0.0022
2026-06-16T00:00:00+03:00,PM10,0.011
2026-06-16T00:00:00+03:00,NO2,0.01
2026-06-17T00:00:00+03:00,PM2.5,0.004
2026-06-17T00:00:00+03:00,NO,0.003
2026-06-17T00:00:00+03:00,CO,0.18
2026-06-17T00:00:00+03:00,NO2,0.007
2026-06-17T00:00:00+03:00,SO2,0.0021
2026-06-17T00:00:00+03:00,OZ,0.0475
2026-06-17T00:00:00+03:00,PM10,0.009
2026-06-18T00:00:00+03:00,PM2.5,0.004
2026-06-18T00:00:00+03:00,OZ,0.0314
2026-06-18T00:00:00+03:00,SO2,0.0015
2026-06-18T00:00:00+03:00,CO,0.1
2026-06-18T00:00:00+03:00,PM10,0.009
2026-06-18T00:00:00+03:00,NO,0.003
2026-06-18T00:00:00+03:00,NO2,0.007
2026-06-19T00:00:00+03:00,OZ,0.0423
2026-06-19T00:00:00+03:00,PM10,0.014
2026-06-19T00:00:00+03:00,NO,0.003
2026-06-19T00:00:00+03:00,PM2.5,0.005
2026-06-19T00:00:00+03:00,CO,0.23
2026-06-19T00:00:00+03:00,NO2,0.008
2026-06-19T00:00:00+03:00,SO2,0.0014
2026-06-20T00:00:00+03:00,NO,0.005
2026-06-20T00:00:00+03:00,CO,0.25
2026-06-20T00:00:00+03:00,NO2,0.013
2026-06-20T00:00:00+03:00,PM10,0.013
2026-06-20T00:00:00+03:00,SO2,0.0016
2026-06-20T00:00:00+03:00,OZ,0.0405
2026-06-20T00:00:00+03:00,PM2.5,0.005
2026-06-21T00:00:00+03:00,PM10,0.018
2026-06-21T00:00:00+03:00,NO2,0.018
2026-06-21T00:00:00+03:00,OZ,0.0446
2026-06-21T00:00:00+03:00,PM2.5,0.007
2026-06-21T00:00:00+03:00,NO,0.009
2026-06-21T00:00:00+03:00,SO2,0.0022
2026-06-21T00:00:00+03:00,CO,0.34
2026-06-22T00:00:00+03:00,PM2.5,0.008
2026-06-22T00:00:00+03:00,NO2,0.021
2026-06-22T00:00:00+03:00,OZ,0.0458
2026-06-22T00:00:00+03:00,PM10,0.02
2026-06-22T00:00:00+03:00,NO,0.01
2026-06-22T00:00:00+03:00,SO2,0.0019
2026-06-22T00:00:00+03:00,CO,0.25
2026-06-23T00:00:00+03:00,PM2.5,0.004
2026-06-23T00:00:00+03:00,SO2,0.0016
2026-06-23T00:00:00+03:00,CO,0.23
2026-06-23T00:00:00+03:00,OZ,0.0464
2026-06-23T00:00:00+03:00,NO,0.003
2026-06-23T00:00:00+03:00,NO2,0.009
2026-06-23T00:00:00+03:00,PM10,0.012
2026-06-24T00:00:00+03:00,OZ,0.045
2026-06-24T00:00:00+03:00,NO2,0.021
2026-06-24T00:00:00+03:00,SO2,0.0018
2026-06-24T00:00:00+03:00,CO,0.13
2026-06-24T00:00:00+03:00,NO,0.007
2026-06-24T00:00:00+03:00,PM2.5,0.006
2026-06-24T00:00:00+03:00,PM10,0.018
2026-06-25T00:00:00+03:00,PM2.5,0.005
2026-06-25T00:00:00+03:00,NO,0.006
2026-06-25T00:00:00+03:00,OZ,0.0343
2026-06-25T00:00:00+03:00,CO,0.1
2026-06-25T00:00:00+03:00,SO2,0.0013
2026-06-25T00:00:00+03:00,NO2,0.018
2026-06-25T00:00:00+03:00,PM10,0.015
2026-06-26T00:00:00+03:00,OZ,0.0297
2026-06-26T00:00:00+03:00,PM10,0.014
2026-06-26T00:00:00+03:00,PM2.5,0.006
2026-06-26T00:00:00+03:00,CO,0.19
2026-06-26T00:00:00+03:00,SO2,0.0013
2026-06-26T00:00:00+03:00,NO2,0.021
2026-06-26T00:00:00+03:00,NO,0.012
2026-06-27T00:00:00+03:00,NO2,0.022
2026-06-27T00:00:00+03:00,OZ,0.0333
2026-06-27T00:00:00+03:00,SO2,0.0013
2026-06-27T00:00:00+03:00,PM2.5,0.007
2026-06-27T00:00:00+03:00,NO,0.008
2026-06-27T00:00:00+03:00,CO,0.17
2026-06-27T00:00:00+03:00,PM10,0.016
2026-06-28T00:00:00+03:00,PM2.5,0.005
2026-06-28T00:00:00+03:00,OZ,0.0426
2026-06-28T00:00:00+03:00,NO,0.003
2026-06-28T00:00:00+03:00,PM10,0.013
2026-06-28T00:00:00+03:00,SO2,0.0011
2026-06-28T00:00:00+03:00,NO2,0.011
2026-06-28T00:00:00+03:00,CO,0.13
2026-06-29T00:00:00+03:00,OZ,0.026
2026-06-29T00:00:00+03:00,NO,0.004
2026-06-29T00:00:00+03:00,SO2,0.0011
2026-06-29T00:00:00+03:00,NO2,0.016
2026-06-29T00:00:00+03:00,PM2.5,0.007
2026-06-29T00:00:00+03:00,CO,0.19
2026-06-29T00:00:00+03:00,PM10,0.019
2026-06-30T00:00:00+03:00,CO,0.15
2026-06-30T00:00:00+03:00,PM10,0.018
2026-06-30T00:00:00+03:00,OZ,0.0466
2026-06-30T00:00:00+03:00,NO,0.006
2026-06-30T00:00:00+03:00,NO2,0.013
2026-06-30T00:00:00+03:00,PM2.5,0.008
2026-06-30T00:00:00+03:00,SO2,0.0014
2026-07-01T00:00:00+03:00,NO2,0.013
2026-07-01T00:00:00+03:00,NO,0.003
2026-07-01T00:00:00+03:00,CO,0.23
2026-07-01T00:00:00+03:00,PM2.5,0.009
2026-07-01T00:00:00+03:00,SO2,0.0011
2026-07-01T00:00:00+03:00,PM10,0.021
2026-07-01T00:00:00+03:00,OZ,0.0605
2026-07-02T00:00:00+03:00,PM10,0.025
2026-07-02T00:00:00+03:00,NO2,0.015
2026-07-02T00:00:00+03:00,SO2,0.0017
2026-07-02T00:00:00+03:00,CO,0.12
2026-07-02T00:00:00+03:00,OZ,0.0691
2026-07-02T00:00:00+03:00,PM2.5,0.011
2026-07-02T00:00:00+03:00,NO,0.002
2026-07-03T00:00:00+03:00,NO2,0.006
2026-07-03T00:00:00+03:00,SO2,0.001
2026-07-03T00:00:00+03:00,PM2.5,0.005
2026-07-03T00:00:00+03:00,NO,0.002
2026-07-03T00:00:00+03:00,PM10,0.013
2026-07-03T00:00:00+03:00,OZ,0.0828
2026-07-03T00:00:00+03:00,CO,0.21
2026-07-04T00:00:00+03:00,NO2,0.015
2026-07-04T00:00:00+03:00,PM10,0.018
2026-07-04T00:00:00+03:00,PM2.5,0.008
2026-07-04T00:00:00+03:00,OZ,0.0421
2026-07-04T00:00:00+03:00,SO2,0.0023
2026-07-04T00:00:00+03:00,CO,0.1
2026-07-04T00:00:00+03:00,NO,0.002
2026-07-05T00:00:00+03:00,NO2,0.005
2026-07-05T00:00:00+03:00,PM2.5,0.004
2026-07-05T00:00:00+03:00,OZ,0.0395
2026-07-05T00:00:00+03:00,CO,0.08
2026-07-05T00:00:00+03:00,PM10,0.01
2026-07-05T00:00:00+03:00,SO2,0.0009
2026-07-05T00:00:00+03:00,NO,0.002
2026-07-06T00:00:00+03:00,NO2,0.004
2026-07-06T00:00:00+03:00,PM10,0.012
2026-07-06T00:00:00+03:00,OZ,0.0584
2026-07-06T00:00:00+03:00,PM2.5,0.005
2026-07-06T00:00:00+03:00,NO,0.002
2026-07-06T00:00:00+03:00,SO2,0.0008
2026-07-06T00:00:00+03:00,CO,0.15
2026-07-07T00:00:00+03:00,OZ,0.0489
2026-07-07T00:00:00+03:00,NO,0.002
2026-07-07T00:00:00+03:00,NO2,0.01
2026-07-07T00:00:00+03:00,PM2.5,0.006
2026-07-07T00:00:00+03:00,PM10,0.014
2026-07-07T00:00:00+03:00,CO,0.14
2026-07-07T00:00:00+03:00,SO2,0.001
2026-07-08T00:00:00+03:00,PM2.5,0.008
2026-07-08T00:00:00+03:00,SO2,0.001
2026-07-08T00:00:00+03:00,NO2,0.006
2026-07-08T00:00:00+03:00,NO,0.002
2026-07-08T00:00:00+03:00,PM10,0.018
2026-07-08T00:00:00+03:00,OZ,0.0592
2026-07-08T00:00:00+03:00,CO,0.05
2026-07-09T00:00:00+03:00,SO2,0.0009
2026-07-09T00:00:00+03:00,OZ,0.0476
2026-07-09T00:00:00+03:00,PM2.5,0.007
2026-07-09T00:00:00+03:00,NO,0.002
2026-07-09T00:00:00+03:00,NO2,0.009
2026-07-09T00:00:00+03:00,CO,0.04
2026-07-09T00:00:00+03:00,PM10,0.014
2026-07-10T00:00:00+03:00,SO2,0.0028
2026-07-10T00:00:00+03:00,NO,0.008
2026-07-10T00:00:00+03:00,CO,0.26
2026-07-10T00:00:00+03:00,PM10,0.03
2026-07-10T00:00:00+03:00,NO2,0.02
2026-07-10T00:00:00+03:00,PM2.5,0.012
2026-07-10T00:00:00+03:00,OZ,0.0463
2026-07-11T00:00:00+03:00,OZ,0.0728
2026-07-11T00:00:00+03:00,PM2.5,0.01
2026-07-11T00:00:00+03:00,PM10,0.025
2026-07-11T00:00:00+03:00,CO,0.22
2026-07-11T00:00:00+03:00,NO,0.002
2026-07-11T00:00:00+03:00,SO2,0.0019
2026-07-11T00:00:00+03:00,NO2,0.013
2026-07-12T00:00:00+03:00,NO2,0.018
2026-07-12T00:00:00+03:00,CO,0.23
2026-07-12T00:00:00+03:00,NO,0.003
2026-07-12T00:00:00+03:00,PM10,0.013
2026-07-12T00:00:00+03:00,OZ,0.0272
2026-07-12T00:00:00+03:00,PM2.5,0.007
2026-07-12T00:00:00+03:00,SO2,0.0008
2026-07-13T00:00:00+03:00,SO2,0.0007
2026-07-13T00:00:00+03:00,OZ,0.0519
2026-07-13T00:00:00+03:00,NO,0.002
2026-07-13T00:00:00+03:00,PM10,0.012
2026-07-13T00:00:00+03:00,PM2.5,0.005
2026-07-13T00:00:00+03:00,NO2,0.007
2026-07-13T00:00:00+03:00,CO,0.12
2026-07-14T00:00:00+03:00,NO,0.004
2026-07-14T00:00:00+03:00,PM2.5,0.007
2026-07-14T00:00:00+03:00,CO,0.09
2026-07-14T00:00:00+03:00,PM10,0.029
2026-07-14T00:00:00+03:00,OZ,0.0441
2026-07-14T00:00:00+03:00,SO2,0.0008
2026-07-14T00:00:00+03:00,NO2,0.011
2026-07-15T00:00:00+03:00,PM10,0.026
2026-07-15T00:00:00+03:00,PM2.5,0.008
2026-07-15T00:00:00+03:00,NO,0.003
2026-07-15T00:00:00+03:00,OZ,0.0312
2026-07-15T00:00:00+03:00,SO2,0.001
2026-07-15T00:00:00+03:00,CO,0.03
2026-07-15T00:00:00+03:00,NO2,0.007
2026-07-16T00:00:00+03:00,PM10,0.014
2026-07-16T00:00:00+03:00,PM2.5,0.004
2026-07-16T00:00:00+03:00,NO,0.002
2026-07-16T00:00:00+03:00,CO,0.08
2026-07-16T00:00:00+03:00,NO2,0.006
2026-07-16T00:00:00+03:00,OZ,0.0415
2026-07-16T00:00:00+03:00,SO2,0.001
2026-07-17T00:00:00+03:00,SO2,0.0015
2026-07-17T00:00:00+03:00,OZ,0.0492
2026-07-17T00:00:00+03:00,CO,0.15
2026-07-17T00:00:00+03:00,NO2,0.009
2026-07-17T00:00:00+03:00,NO,0.003
2026-07-17T00:00:00+03:00,PM2.5,0.004
2026-07-17T00:00:00+03:00,PM10,0.015
2026-07-18T00:00:00+03:00,OZ,0.0358
2026-07-18T00:00:00+03:00,CO,0.29
2026-07-18T00:00:00+03:00,PM2.5,0.009
2026-07-18T00:00:00+03:00,PM10,0.027
2026-07-18T00:00:00+03:00,NO2,0.026
2026-07-18T00:00:00+03:00,NO,0.012
2026-07-18T00:00:00+03:00,SO2,0.002
2026-07-19T00:00:00+03:00,PM2.5,0.009
2026-07-19T00:00:00+03:00,SO2,0.0016
2026-07-19T00:00:00+03:00,OZ,0.0689
2026-07-19T00:00:00+03:00,CO,0.25
2026-07-19T00:00:00+03:00,PM10,0.021
2026-07-19T00:00:00+03:00,NO2,0.017
2026-07-19T00:00:00+03:00,NO,0.004
2026-07-20T00:00:00+03:00,SO2,0.0015
2026-07-20T00:00:00+03:00,PM10,0.023
2026-07-20T00:00:00+03:00,OZ,0.0705
2026-07-20T00:00:00+03:00,PM2.5,0.009
2026-07-20T00:00:00+03:00,NO,0.005
2026-07-20T00:00:00+03:00,NO2,0.016
2026-07-20T00:00:00+03:00,CO,0.23
2026-07-21T00:00:00+03:00,CO,0.2
2026-07-21T00:00:00+03:00,SO2,0.0011
2026-07-21T00:00:00+03:00,PM2.5,0.009
2026-07-21T00:00:00+03:00,NO2,0.012
2026-07-21T00:00:00+03:00,PM10,0.02
2026-07-21T00:00:00+03:00,NO,0.002
2026-07-21T00:00:00+03:00,OZ,0.0615
2026-07-22T00:00:00+03:00,PM2.5,0.005
2026-07-22T00:00:00+03:00,PM10,0.014
2026-07-22T00:00:00+03:00,SO2,0.001
2026-07-22T00:00:00+03:00,CO,0.09
2026-07-22T00:00:00+03:00,NO2,0.009
2026-07-22T00:00:00+03:00,OZ,0.062
2026-07-22T00:00:00+03:00,NO,0.003
2026-07-23T00:00:00+03:00,NO,0.003
2026-07-23T00:00:00+03:00,SO2,0.0009
2026-07-23T00:00:00+03:00,OZ,0.0486
2026-07-23T00:00:00+03:00,PM2.5,0.005
2026-07-23T00:00:00+03:00,CO,0.17
2026-07-23T00:00:00+03:00,NO2,0.01
2026-07-23T00:00:00+03:00,PM10,0.013
2026-07-24T00:00:00+03:00,OZ,0.0483
2026-07-24T00:00:00+03:00,NO,0.011
2026-07-24T00:00:00+03:00,PM10,0.018
2026-07-24T00:00:00+03:00,NO2,0.015
2026-07-24T00:00:00+03:00,CO,0.19
2026-07-24T00:00:00+03:00,PM2.5,0.007
2026-07-24T00:00:00+03:00,SO2,0.0015
2026-07-25T00:00:00+03:00,SO2,0.0012
2026-07-25T00:00:00+03:00,NO2,0.01
2026-07-25T00:00:00+03:00,OZ,0.0406
2026-07-25T00:00:00+03:00,CO,0.13
2026-07-25T00:00:00+03:00,PM2.5,0.006
2026-07-25T00:00:00+03:00,PM10,0.015
2026-07-25T00:00:00+03:00,NO,0.003
2026-07-26T00:00:00+03:00,PM2.5,0.007
2026-07-26T00:00:00+03:00,PM10,0.016
2026-07-26T00:00:00+03:00,NO2,0.012
2026-07-26T00:00:00+03:00,CO,0.18
2026-07-26T00:00:00+03:00,NO,0.002
2026-07-26T00:00:00+03:00,OZ,0.0311
2026-07-26T00:00:00+03:00,SO2,0.0012
2026-07-27T00:00:00+03:00,OZ,0.0219
2026-07-27T00:00:00+03:00,PM10,0.01
2026-07-27T00:00:00+03:00,CO,0.1
2026-07-27T00:00:00+03:00,NO2,0.005
2026-07-27T00:00:00+03:00,NO,0.002
2026-07-27T00:00:00+03:00,PM2.5,0.006
2026-07-27T00:00:00+03:00,SO2,0.0007
2026-07-28T00:00:00+03:00,PM2.5,0.006
2026-07-28T00:00:00+03:00,NO,0.003
2026-07-28T00:00:00+03:00,NO2,0.036
2026-07-28T00:00:00+03:00,PM10,0.031
2026-07-28T00:00:00+03:00,SO2,
2026-07-28T00:00:00+03:00,OZ,0.0928
2026-07-28T00:00:00+03:00,CO,
2026-07-29T00:00:00+03:00,OZ,0.0246
2026-07-29T00:00:00+03:00,CO,
2026-07-29T00:00:00+03:00,PM2.5,0.004
2026-07-29T00:00:00+03:00,NO2,0.018
2026-07-29T00:00:00+03:00,PM10,0.014
2026-07-29T00:00:00+03:00,NO,0.005
2026-07-29T00:00:00+03:00,SO2,
2026-07-30T00:00:00+03:00,OZ,0.0348
2026-07-30T00:00:00+03:00,SO2,0.0003
2026-07-30T00:00:00+03:00,NO,0.003
2026-07-30T00:00:00+03:00,PM10,0.016
2026-07-30T00:00:00+03:00,CO,0.21
2026-07-30T00:00:00+03:00,NO2,0.01
2026-07-30T00:00:00+03:00,PM2.5,0.007
2026-07-31T00:00:00+03:00,NO,0.003
2026-07-31T00:00:00+03:00,SO2,0.0008
2026-07-31T00:00:00+03:00,PM2.5,0.006
2026-07-31T00:00:00+03:00,PM10,0.016
2026-07-31T00:00:00+03:00,NO2,0.005
2026-07-31T00:00:00+03:00,OZ,0.0408
2026-07-31T00:00:00+03:00,CO,0.18
2026-08-01T00:00:00+03:00,PM10,0.021
2026-08-01T00:00:00+03:00,CO,0.27
2026-08-01T00:00:00+03:00,NO2,0.013
2026-08-01T00:00:00+03:00,PM2.5,0.008
2026-08-01T00:00:00+03:00,OZ,0.0456
2026-08-01T00:00:00+03:00,NO,0.006
2026-08-01T00:00:00+03:00,SO2,0.0009
2026-08-02T00:00:00+03:00,SO2,0.0009
2026-08-02T00:00:00+03:00,CO,0.3
2026-08-02T00:00:00+03:00,NO,0.003
2026-08-02T00:00:00+03:00,NO2,0.011
2026-08-02T00:00:00+03:00,PM10,0.024
2026-08-02T00:00:00+03:00,PM2.5,0.01
2026-08-02T00:00:00+03:00,OZ,0.0592
2026-08-03T00:00:00+03:00,NO,0.002
2026-08-03T00:00:00+03:00,PM2.5,0.006
2026-08-03T00:00:00+03:00,CO,0.12
2026-08-03T00:00:00+03:00,PM10,0.014
2026-08-03T00:00:00+03:00,OZ,0.0557
2026-08-03T00:00:00+03:00,NO2,0.007
2026-08-03T00:00:00+03:00,SO2,0.0007
