datetime,pollutant,concentration
2022-06-09T16:00:00+03:00,NO,
2022-06-09T16:00:00+03:00,NO2,
2022-06-09T16:00:00+03:00,CO,
2022-06-09T17:00:00+03:00,CO,
2022-06-09T17:00:00+03:00,NO,
2022-06-09T17:00:00+03:00,NO2,
2022-06-09T18:00:00+03:00,CO,
2022-06-09T18:00:00+03:00,NO,
2022-06-09T18:00:00+03:00,NO2,
2022-06-09T19:00:00+03:00,CO,
2022-06-09T19:00:00+03:00,NO2,
2022-06-09T19:00:00+03:00,NO,
2022-06-09T20:00:00+03:00,NO2,
2022-06-09T20:00:00+03:00,NO,
2022-06-09T20:00:00+03:00,CO,
2022-06-09T21:00:00+03:00,NO,
2022-06-09T21:00:00+03:00,NO2,
2022-06-09T21:00:00+03:00,CO,
2022-06-09T22:00:00+03:00,CO,
2022-06-09T22:00:00+03:00,NO,
2022-06-09T22:00:00+03:00,NO2,
2022-06-09T23:00:00+03:00,NO,
2022-06-09T23:00:00+03:00,NO2,
2022-06-09T23:00:00+03:00,CO,
2022-06-10T00:00:00+03:00,NO2,
2022-06-10T00:00:00+03:00,CO,
2022-06-10T00:00:00+03:00,NO,
2022-06-10T01:00:00+03:00,NO2,
2022-06-10T01:00:00+03:00,NO,
2022-06-10T01:00:00+03:00,CO,
2022-06-10T02:00:00+03:00,NO,
2022-06-10T02:00:00+03:00,NO2,
2022-06-10T02:00:00+03:00,CO,
2022-06-10T03:00:00+03:00,NO2,
2022-06-10T03:00:00+03:00,CO,
2022-06-10T03:00:00+03:00,NO,
2022-06-10T04:00:00+03:00,CO,
2022-06-10T04:00:00+03:00,NO2,
2022-06-10T04:00:00+03:00,NO,
2022-06-10T05:00:00+03:00,NO,
2022-06-10T05:00:00+03:00,NO2,
2022-06-10T05:00:00+03:00,CO,
2022-06-10T06:00:00+03:00,NO2,
2022-06-10T06:00:00+03:00,NO,
2022-06-10T06:00:00+03:00,CO,
2022-06-10T07:00:00+03:00,CO,
2022-06-10T07:00:00+03:00,NO,
2022-06-10T07:00:00+03:00,NO2,
2022-06-10T08:00:00+03:00,NO,
2022-06-10T08:00:00+03:00,NO2,
2022-06-10T08:00:00+03:00,CO,
2022-06-10T09:00:00+03:00,NO,
2022-06-10T09:00:00+03:00,NO2,
2022-06-10T09:00:00+03:00,CO,
2022-06-10T10:00:00+03:00,NO,
2022-06-10T10:00:00+03:00,NO2,
2022-06-10T10:00:00+03:00,CO,
2022-06-10T11:00:00+03:00,NO2,
2022-06-10T11:00:00+03:00,NO,
2022-06-10T11:00:00+03:00,CO,
2022-06-10T12:00:00+03:00,CO,
2022-06-10T12:00:00+03:00,NO,
2022-06-10T12:00:00+03:00,NO2,
2022-06-10T13:00:00+03:00,NO2,
2022-06-10T13:00:00+03:00,CO,
2022-06-10T13:00:00+03:00,NO,
2022-06-10T14:00:00+03:00,CO,
2022-06-10T14:00:00+03:00,NO2,
2022-06-10T14:00:00+03:00,NO,
2022-06-10T15:00:00+03:00,NO,
2022-06-10T15:00:00+03:00,NO2,
2022-06-10T15:00:00+03:00,CO,
2022-06-10T16:00:00+03:00,NO,
2022-06-10T16:00:00+03:00,NO2,
2022-06-10T16:00:00+03:00,CO,
2022-06-10T17:00:00+03:00,NO,
2022-06-10T17:00:00+03:00,NO2,
2022-06-10T17:00:00+03:00,CO,
2022-06-10T18:00:00+03:00,CO,
2022-06-10T18:00:00+03:00,NO,
2022-06-10T18:00:00+03:00,NO2,
2022-06-10T19:00:00+03:00,NO,
2022-06-10T19:00:00+03:00,NO2,
2022-06-10T19:00:00+03:00,CO,
2022-06-10T20:00:00+03:00,NO,
2022-06-10T20:00:00+03:00,NO2,
2022-06-10T20:00:00+03:00,CO,
2022-06-10T21:00:00+03:00,NO,
2022-06-10T21:00:00+03:00,NO2,
2022-06-10T21:00:00+03:00,CO,
2022-06-10T22:00:00+03:00,NO,
2022-06-10T22:00:00+03:00,NO2,
2022-06-10T22:00:00+03:00,CO,
2022-06-10T23:00:00+03:00,NO2,
2022-06-10T23:00:00+03:00,CO,
2022-06-10T23:00:00+03:00,NO,
2022-06-11T00:00:00+03:00,NO2,
2022-06-11T00:00:00+03:00,NO,
2022-06-11T00:00:00+03:00,CO,
2022-06-11T01:00:00+03:00,NO2,
2022-06-11T01:00:00+03:00,CO,
2022-06-11T01:00:00+03:00,NO,
2022-06-11T02:00:00+03:00,CO,
2022-06-11T02:00:00+03:00,NO2,
2022-06-11T02:00:00+03:00,NO,
2022-06-11T03:00:00+03:00,NO,
2022-06-11T03:00:00+03:00,CO,
2022-06-11T03:00:00+03:00,NO2,
2022-06-11T04:00:00+03:00,NO,
2022-06-11T04:00:00+03:00,NO2,
2022-06-11T04:00:00+03:00,CO,
2022-06-11T05:00:00+03:00,NO,
2022-06-11T05:00:00+03:00,NO2,
2022-06-11T05:00:00+03:00,CO,
2022-06-11T06:00:00+03:00,CO,
2022-06-11T06:00:00+03:00,NO,
2022-06-11T06:00:00+03:00,NO2,
2022-06-11T07:00:00+03:00,CO,
2022-06-11T07:00:00+03:00,NO,
2022-06-11T07:00:00+03:00,NO2,
2022-06-11T08:00:00+03:00,NO,
2022-06-11T08:00:00+03:00,NO2,
2022-06-11T08:00:00+03:00,CO,
2022-06-11T09:00:00+03:00,CO,
2022-06-11T09:00:00+03:00,NO,
2022-06-11T09:00:00+03:00,NO2,
2022-06-11T10:00:00+03:00,CO,
2022-06-11T10:00:00+03:00,NO2,
2022-06-11T10:00:00+03:00,NO,
2022-06-11T11:00:00+03:00,NO2,
2022-06-11T11:00:00+03:00,CO,
2022-06-11T11:00:00+03:00,NO,
2022-06-11T12:00:00+03:00,NO2,
2022-06-11T12:00:00+03:00,CO,
2022-06-11T12:00:00+03:00,NO,
2022-06-11T13:00:00+03:00,NO2,
2022-06-11T13:00:00+03:00,CO,
2022-06-11T13:00:00+03:00,NO,
2022-06-11T14:00:00+03:00,NO,
2022-06-11T14:00:00+03:00,NO2,
2022-06-11T14:00:00+03:00,CO,
2022-06-11T15:00:00+03:00,NO2,
2022-06-11T15:00:00+03:00,NO,
2022-06-11T15:00:00+03:00,CO,
2022-06-11T16:00:00+03:00,NO,
2022-06-11T16:00:00+03:00,NO2,
2022-06-11T16:00:00+03:00,CO,
2022-06-11T17:00:00+03:00,NO,
2022-06-11T17:00:00+03:00,NO2,
2022-06-11T17:00:00+03:00,CO,
2022-06-11T18:00:00+03:00,CO,
2022-06-11T18:00:00+03:00,NO,
2022-06-11T18:00:00+03:00,NO2,
2022-06-11T19:00:00+03:00,NO,
2022-06-11T19:00:00+03:00,NO2,
2022-06-11T19:00:00+03:00,CO,
2022-06-11T20:00:00+03:00,NO,
2022-06-11T20:00:00+03:00,NO2,
2022-06-11T20:00:00+03:00,CO,
2022-06-11T21:00:00+03:00,NO,
2022-06-11T21:00:00+03:00,NO2,
2022-06-11T21:00:00+03:00,CO,
2022-06-11T22:00:00+03:00,CO,
2022-06-11T22:00:00+03:00,NO,
2022-06-11T22:00:00+03:00,NO2,
2022-06-11T23:00:00+03:00,NO2,
2022-06-11T23:00:00+03:00,CO,
2022-06-11T23:00:00+03:00,NO,
2022-06-12T00:00:00+03:00,NO2,
2022-06-12T00:00:00+03:00,CO,
2022-06-12T00:00:00+03:00,NO,
2022-06-12T01:00:00+03:00,NO,
2022-06-12T01:00:00+03:00,NO2,
2022-06-12T01:00:00+03:00,CO,
2022-06-12T02:00:00+03:00,NO,
2022-06-12T02:00:00+03:00,NO2,
2022-06-12T02:00:00+03:00,CO,
2022-06-12T03:00:00+03:00,NO,
2022-06-12T03:00:00+03:00,NO2,
2022-06-12T03:00:00+03:00,CO,
2022-06-12T04:00:00+03:00,NO2,
2022-06-12T04:00:00+03:00,CO,
2022-06-12T04:00:00+03:00,NO,
2022-06-12T05:00:00+03:00,NO2,
2022-06-12T05:00:00+03:00,NO,
2022-06-12T05:00:00+03:00,CO,
2022-06-12T06:00:00+03:00,CO,
2022-06-12T06:00:00+03:00,NO,
2022-06-12T06:00:00+03:00,NO2,
2022-06-12T07:00:00+03:00,CO,
2022-06-12T07:00:00+03:00,NO,
2022-06-12T07:00:00+03:00,NO2,
2022-06-12T08:00:00+03:00,NO,
2022-06-12T08:00:00+03:00,NO2,
2022-06-12T08:00:00+03:00,CO,
2022-06-12T09:00:00+03:00,NO2,
2022-06-12T09:00:00+03:00,CO,
2022-06-12T09:00:00+03:00,NO,
2022-06-12T10:00:00+03:00,NO,
2022-06-12T10:00:00+03:00,NO2,
2022-06-12T10:00:00+03:00,CO,
2022-06-12T11:00:00+03:00,NO,
2022-06-12T11:00:00+03:00,NO2,
2022-06-12T11:00:00+03:00,CO,
2022-06-12T12:00:00+03:00,NO,
2022-06-12T12:00:00+03:00,CO,
2022-06-12T12:00:00+03:00,NO2,
2022-06-12T13:00:00+03:00,NO,
2022-06-12T13:00:00+03:00,NO2,
2022-06-12T13:00:00+03:00,CO,
2022-06-12T14:00:00+03:00,NO,
2022-06-12T14:00:00+03:00,NO2,
2022-06-12T14:00:00+03:00,CO,
2022-06-12T15:00:00+03:00,CO,
2022-06-12T15:00:00+03:00,NO,
2022-06-12T15:00:00+03:00,NO2,
2022-06-12T16:00:00+03:00,CO,
2022-06-12T16:00:00+03:00,NO,
2022-06-12T16:00:00+03:00,NO2,
2022-06-12T17:00:00+03:00,NO,
2022-06-12T17:00:00+03:00,CO,
2022-06-12T17:00:00+03:00,NO2,
2022-06-12T18:00:00+03:00,NO,
2022-06-12T18:00:00+03:00,NO2,
2022-06-12T18:00:00+03:00,CO,
2022-06-12T19:00:00+03:00,NO2,
2022-06-12T19:00:00+03:00,NO,
2022-06-12T19:00:00+03:00,CO,
2022-06-12T20:00:00+03:00,NO2,
2022-06-12T20:00:00+03:00,CO,
2022-06-12T20:00:00+03:00,NO,
2022-06-12T21:00:00+03:00,NO2,
2022-06-12T21:00:00+03:00,CO,
2022-06-12T21:00:00+03:00,NO,
2022-06-12T22:00:00+03:00,NO2,
2022-06-12T22:00:00+03:00,CO,
2022-06-12T22:00:00+03:00,NO,
2022-06-12T23:00:00+03:00,NO2,
2022-06-12T23:00:00+03:00,NO,
2022-06-12T23:00:00+03:00,CO,
2022-06-13T00:00:00+03:00,NO,
2022-06-13T00:00:00+03:00,NO2,
2022-06-13T00:00:00+03:00,CO,
2022-06-13T01:00:00+03:00,CO,
2022-06-13T01:00:00+03:00,NO,
2022-06-13T01:00:00+03:00,NO2,
2022-06-13T02:00:00+03:00,NO,
2022-06-13T02:00:00+03:00,NO2,
2022-06-13T02:00:00+03:00,CO,
2022-06-13T03:00:00+03:00,NO,
2022-06-13T03:00:00+03:00,NO2,
2022-06-13T03:00:00+03:00,CO,
2022-06-13T04:00:00+03:00,CO,
2022-06-13T04:00:00+03:00,NO,
2022-06-13T04:00:00+03:00,NO2,
2022-06-13T05:00:00+03:00,NO,
2022-06-13T05:00:00+03:00,NO2,
2022-06-13T05:00:00+03:00,CO,
2022-06-13T06:00:00+03:00,NO,
2022-06-13T06:00:00+03:00,NO2,
2022-06-13T06:00:00+03:00,CO,
2022-06-13T07:00:00+03:00,NO2,
2022-06-13T07:00:00+03:00,NO,
2022-06-13T07:00:00+03:00,CO,
2022-06-13T08:00:00+03:00,NO2,
2022-06-13T08:00:00+03:00,CO,
2022-06-13T08:00:00+03:00,NO,
2022-06-13T09:00:00+03:00,CO,
2022-06-13T09:00:00+03:00,NO,
2022-06-13T09:00:00+03:00,NO2,
2022-06-13T10:00:00+03:00,NO,
2022-06-13T10:00:00+03:00,NO2,
2022-06-13T10:00:00+03:00,CO,
2022-06-13T11:00:00+03:00,NO2,
2022-06-13T11:00:00+03:00,CO,
2022-06-13T11:00:00+03:00,NO,
2022-06-13T12:00:00+03:00,NO2,
2022-06-13T12:00:00+03:00,CO,
2022-06-13T12:00:00+03:00,NO,
2022-06-13T13:00:00+03:00,NO2,
2022-06-13T13:00:00+03:00,CO,
2022-06-13T13:00:00+03:00,NO,
2022-06-13T14:00:00+03:00,NO,
2022-06-13T14:00:00+03:00,NO2,
2022-06-13T14:00:00+03:00,CO,
2022-06-13T15:00:00+03:00,NO2,
2022-06-13T15:00:00+03:00,NO,
2022-06-13T15:00:00+03:00,CO,
2022-06-13T16:00:00+03:00,NO,
2022-06-13T16:00:00+03:00,NO2,
2022-06-13T16:00:00+03:00,CO,
2022-06-13T17:00:00+03:00,CO,
2022-06-13T17:00:00+03:00,NO2,
2022-06-13T17:00:00+03:00,NO,
2022-06-13T18:00:00+03:00,NO,
2022-06-13T18:00:00+03:00,NO2,
2022-06-13T18:00:00+03:00,CO,
2022-06-13T19:00:00+03:00,NO,
2022-06-13T19:00:00+03:00,NO2,
2022-06-13T19:00:00+03:00,CO,
2022-06-13T20:00:00+03:00,CO,
2022-06-13T20:00:00+03:00,NO2,
2022-06-13T20:00:00+03:00,NO,
2022-06-13T21:00:00+03:00,CO,
2022-06-13T21:00:00+03:00,NO,
2022-06-13T21:00:00+03:00,NO2,
2022-06-13T22:00:00+03:00,NO,
2022-06-13T22:00:00+03:00,NO2,
2022-06-13T22:00:00+03:00,CO,
2022-06-13T23:00:00+03:00,NO,
2022-06-13T23:00:00+03:00,NO2,
2022-06-13T23:00:00+03:00,CO,
2022-06-14T00:00:00+03:00,NO,
2022-06-14T00:00:00+03:00,NO2,
2022-06-14T00:00:00+03:00,CO,
2022-06-14T01:00:00+03:00,NO,
2022-06-14T01:00:00+03:00,NO2,
2022-06-14T01:00:00+03:00,CO,
2022-06-14T02:00:00+03:00,CO,
2022-06-14T02:00:00+03:00,NO,
2022-06-14T02:00:00+03:00,NO2,
2022-06-14T03:00:00+03:00,NO,
2022-06-14T03:00:00+03:00,CO,
2022-06-14T03:00:00+03:00,NO2,
2022-06-14T04:00:00+03:00,CO,
2022-06-14T04:00:00+03:00,NO,
2022-06-14T04:00:00+03:00,NO2,
2022-06-14T05:00:00+03:00,NO2,
2022-06-14T05:00:00+03:00,NO,
2022-06-14T05:00:00+03:00,CO,
2022-06-14T06:00:00+03:00,CO,
2022-06-14T06:00:00+03:00,NO,
2022-06-14T06:00:00+03:00,NO2,
2022-06-14T07:00:00+03:00,CO,
2022-06-14T07:00:00+03:00,NO2,
2022-06-14T07:00:00+03:00,NO,
2022-06-14T08:00:00+03:00,NO2,
2022-06-14T08:00:00+03:00,NO,
2022-06-14T08:00:00+03:00,CO,
2022-06-14T09:00:00+03:00,NO,
2022-06-14T09:00:00+03:00,NO2,
2022-06-14T09:00:00+03:00,CO,
2022-06-14T10:00:00+03:00,CO,
2022-06-14T10:00:00+03:00,NO,
2022-06-14T10:00:00+03:00,NO2,
2022-06-14T11:00:00+03:00,NO2,
2022-06-14T11:00:00+03:00,CO,
2022-06-14T11:00:00+03:00,NO,
2022-06-14T12:00:00+03:00,CO,
2022-06-14T12:00:00+03:00,NO,
2022-06-14T12:00:00+03:00,NO2,
2022-06-14T13:00:00+03:00,CO,
2022-06-14T13:00:00+03:00,NO,
2022-06-14T13:00:00+03:00,NO2,
2022-06-14T14:00:00+03:00,NO,
2022-06-14T14:00:00+03:00,NO2,
2022-06-14T14:00:00+03:00,CO,
2022-06-14T15:00:00+03:00,CO,
2022-06-14T15:00:00+03:00,NO2,
2022-06-14T15:00:00+03:00,NO,
2022-06-14T16:00:00+03:00,NO,
2022-06-14T16:00:00+03:00,NO2,
2022-06-14T16:00:00+03:00,CO,
2022-06-14T17:00:00+03:00,NO2,
2022-06-14T17:00:00+03:00,NO,
2022-06-14T17:00:00+03:00,CO,
2022-06-14T18:00:00+03:00,CO,
2022-06-14T18:00:00+03:00,NO,
2022-06-14T18:00:00+03:00,NO2,
2022-06-14T19:00:00+03:00,CO,
2022-06-14T19:00:00+03:00,NO,
2022-06-14T19:00:00+03:00,NO2,
2022-06-14T20:00:00+03:00,NO2,
2022-06-14T20:00:00+03:00,CO,
2022-06-14T20:00:00+03:00,NO,
2022-06-14T21:00:00+03:00,NO2,
2022-06-14T21:00:00+03:00,NO,
2022-06-14T21:00:00+03:00,CO,
2022-06-14T22:00:00+03:00,NO,
2022-06-14T22:00:00+03:00,CO,
2022-06-14T22:00:00+03:00,NO2,
2022-06-14T23:00:00+03:00,NO2,
2022-06-14T23:00:00+03:00,CO,
2022-06-14T23:00:00+03:00,NO,
2022-06-15T00:00:00+03:00,NO,
2022-06-15T00:00:00+03:00,NO2,
2022-06-15T00:00:00+03:00,CO,
2022-06-15T01:00:00+03:00,NO2,
2022-06-15T01:00:00+03:00,CO,
2022-06-15T01:00:00+03:00,NO,
2022-06-15T02:00:00+03:00,NO2,
2022-06-15T02:00:00+03:00,CO,
2022-06-15T02:00:00+03:00,NO,
2022-06-15T03:00:00+03:00,NO,
2022-06-15T03:00:00+03:00,NO2,
2022-06-15T03:00:00+03:00,CO,
2022-06-15T04:00:00+03:00,CO,
2022-06-15T04:00:00+03:00,NO,
2022-06-15T04:00:00+03:00,NO2,
2022-06-15T05:00:00+03:00,NO,
2022-06-15T05:00:00+03:00,NO2,
2022-06-15T05:00:00+03:00,CO,
2022-06-15T06:00:00+03:00,NO,
2022-06-15T06:00:00+03:00,NO2,
2022-06-15T06:00:00+03:00,CO,
2022-06-15T07:00:00+03:00,NO,
2022-06-15T07:00:00+03:00,NO2,
2022-06-15T07:00:00+03:00,CO,
2022-06-15T08:00:00+03:00,NO,
2022-06-15T08:00:00+03:00,NO2,
2022-06-15T08:00:00+03:00,CO,
2022-06-15T09:00:00+03:00,NO,
2022-06-15T09:00:00+03:00,NO2,
2022-06-15T09:00:00+03:00,CO,
2022-06-15T10:00:00+03:00,CO,
2022-06-15T10:00:00+03:00,NO,
2022-06-15T10:00:00+03:00,NO2,
2022-06-15T11:00:00+03:00,NO,
2022-06-15T11:00:00+03:00,NO2,
2022-06-15T11:00:00+03:00,CO,
2022-06-15T12:00:00+03:00,NO,
2022-06-15T12:00:00+03:00,NO2,
2022-06-15T12:00:00+03:00,CO,
2022-06-15T13:00:00+03:00,NO,
2022-06-15T13:00:00+03:00,NO2,
2022-06-15T13:00:00+03:00,CO,
2022-06-15T14:00:00+03:00,CO,
2022-06-15T14:00:00+03:00,NO,
2022-06-15T14:00:00+03:00,NO2,
2022-06-15T15:00:00+03:00,CO,
2022-06-15T15:00:00+03:00,NO,
2022-06-15T15:00:00+03:00,NO2,
2022-06-15T16:00:00+03:00,NO2,
2022-06-15T16:00:00+03:00,NO,
2022-06-15T16:00:00+03:00,CO,
2022-06-15T17:00:00+03:00,CO,
2022-06-15T17:00:00+03:00,NO2,
2022-06-15T17:00:00+03:00,NO,
2022-06-15T18:00:00+03:00,NO,
2022-06-15T18:00:00+03:00,NO2,
2022-06-15T18:00:00+03:00,CO,
2022-06-15T19:00:00+03:00,NO2,
2022-06-15T19:00:00+03:00,CO,
2022-06-15T19:00:00+03:00,NO,
2022-06-15T20:00:00+03:00,NO,
2022-06-15T20:00:00+03:00,NO2,
2022-06-15T20:00:00+03:00,CO,
2022-06-15T21:00:00+03:00,NO,
2022-06-15T21:00:00+03:00,NO2,
2022-06-15T21:00:00+03:00,CO,
2022-06-15T22:00:00+03:00,NO2,
2022-06-15T22:00:00+03:00,CO,
2022-06-15T22:00:00+03:00,NO,
2022-06-15T23:00:00+03:00,NO2,
2022-06-15T23:00:00+03:00,CO,
2022-06-15T23:00:00+03:00,NO,
2022-06-16T00:00:00+03:00,NO,
2022-06-16T00:00:00+03:00,NO2,
2022-06-16T00:00:00+03:00,CO,
2022-06-16T01:00:00+03:00,NO2,
2022-06-16T01:00:00+03:00,CO,
2022-06-16T01:00:00+03:00,NO,
2022-06-16T02:00:00+03:00,NO,
2022-06-16T02:00:00+03:00,NO2,
2022-06-16T02:00:00+03:00,CO,
2022-06-16T03:00:00+03:00,NO,
2022-06-16T03:00:00+03:00,NO2,
2022-06-16T03:00:00+03:00,CO,
2022-06-16T04:00:00+03:00,NO2,
2022-06-16T04:00:00+03:00,CO,
2022-06-16T04:00:00+03:00,NO,
2022-06-16T05:00:00+03:00,NO,
2022-06-16T05:00:00+03:00,NO2,
2022-06-16T05:00:00+03:00,CO,
2022-06-16T06:00:00+03:00,CO,
2022-06-16T06:00:00+03:00,NO2,
2022-06-16T06:00:00+03:00,NO,
2022-06-16T07:00:00+03:00,NO,
2022-06-16T07:00:00+03:00,NO2,
2022-06-16T07:00:00+03:00,CO,
2022-06-16T08:00:00+03:00,NO2,
2022-06-16T08:00:00+03:00,NO,
2022-06-16T08:00:00+03:00,CO,
2022-06-16T09:00:00+03:00,NO2,
2022-06-16T09:00:00+03:00,NO,
2022-06-16T09:00:00+03:00,CO,
2022-06-16T10:00:00+03:00,NO2,
2022-06-16T10:00:00+03:00,CO,
2022-06-16T10:00:00+03:00,NO,
2022-06-16T11:00:00+03:00,NO,
2022-06-16T11:00:00+03:00,NO2,
2022-06-16T11:00:00+03:00,CO,
2022-06-16T12:00:00+03:00,NO,
2022-06-16T12:00:00+03:00,NO2,
2022-06-16T12:00:00+03:00,CO,
2022-06-16T13:00:00+03:00,NO2,
2022-06-16T13:00:00+03:00,CO,
2022-06-16T13:00:00+03:00,NO,
2022-06-16T14:00:00+03:00,NO2,
2022-06-16T14:00:00+03:00,NO,
2022-06-16T14:00:00+03:00,CO,
2022-06-16T15:00:00+03:00,NO,
2022-06-16T15:00:00+03:00,NO2,
2022-06-16T15:00:00+03:00,CO,
2022-06-16T16:00:00+03:00,CO,
2022-06-16T16:00:00+03:00,NO2,
2022-06-16T16:00:00+03:00,NO,
2022-06-16T17:00:00+03:00,NO2,
2022-06-16T17:00:00+03:00,NO,
2022-06-16T17:00:00+03:00,CO,
2022-06-16T18:00:00+03:00,NO2,
2022-06-16T18:00:00+03:00,NO,
2022-06-16T18:00:00+03:00,CO,
2022-06-16T19:00:00+03:00,NO2,
2022-06-16T19:00:00+03:00,CO,
2022-06-16T19:00:00+03:00,NO,
2022-06-16T20:00:00+03:00,NO,
2022-06-16T20:00:00+03:00,NO2,
2022-06-16T20:00:00+03:00,CO,
2022-06-16T21:00:00+03:00,NO2,
2022-06-16T21:00:00+03:00,NO,
2022-06-16T21:00:00+03:00,CO,
2022-06-16T22:00:00+03:00,NO2,
2022-06-16T22:00:00+03:00,CO,
2022-06-16T22:00:00+03:00,NO,
2022-06-16T23:00:00+03:00,NO2,
2022-06-16T23:00:00+03:00,CO,
2022-06-16T23:00:00+03:00,NO,
2022-06-17T00:00:00+03:00,NO,
2022-06-17T00:00:00+03:00,NO2,
2022-06-17T00:00:00+03:00,CO,
2022-06-17T01:00:00+03:00,NO,
2022-06-17T01:00:00+03:00,NO2,
2022-06-17T01:00:00+03:00,CO,
2022-06-17T02:00:00+03:00,CO,
2022-06-17T02:00:00+03:00,NO2,
2022-06-17T02:00:00+03:00,NO,
2022-06-17T03:00:00+03:00,NO,
2022-06-17T03:00:00+03:00,NO2,
2022-06-17T03:00:00+03:00,CO,
2022-06-17T04:00:00+03:00,NO2,
2022-06-17T04:00:00+03:00,CO,
2022-06-17T04:00:00+03:00,NO,
2022-06-17T05:00:00+03:00,CO,
2022-06-17T05:00:00+03:00,NO,
2022-06-17T05:00:00+03:00,NO2,
2022-06-17T06:00:00+03:00,CO,
2022-06-17T06:00:00+03:00,NO2,
2022-06-17T06:00:00+03:00,NO,
2022-06-17T07:00:00+03:00,NO,
2022-06-17T07:00:00+03:00,CO,
2022-06-17T07:00:00+03:00,NO2,
2022-06-17T08:00:00+03:00,NO,
2022-06-17T08:00:00+03:00,NO2,
2022-06-17T08:00:00+03:00,CO,
2022-06-17T09:00:00+03:00,NO,
2022-06-17T09:00:00+03:00,NO2,
2022-06-17T09:00:00+03:00,CO,
2022-06-17T10:00:00+03:00,CO,
2022-06-17T10:00:00+03:00,NO,
2022-06-17T10:00:00+03:00,NO2,
2022-06-17T11:00:00+03:00,CO,
2022-06-17T11:00:00+03:00,NO2,
2022-06-17T11:00:00+03:00,NO,
2022-06-17T12:00:00+03:00,NO,
2022-06-17T12:00:00+03:00,NO2,
2022-06-17T12:00:00+03:00,CO,
2022-06-17T13:00:00+03:00,NO,
2022-06-17T13:00:00+03:00,NO2,
2022-06-17T13:00:00+03:00,CO,
2022-06-17T14:00:00+03:00,CO,
2022-06-17T14:00:00+03:00,NO,
2022-06-17T14:00:00+03:00,NO2,
2022-06-17T15:00:00+03:00,CO,
2022-06-17T15:00:00+03:00,NO,
2022-06-17T15:00:00+03:00,NO2,
2022-06-17T16:00:00+03:00,CO,
2022-06-17T16:00:00+03:00,NO2,
2022-06-17T16:00:00+03:00,NO,
2022-06-17T17:00:00+03:00,NO,
2022-06-17T17:00:00+03:00,NO2,
2022-06-17T17:00:00+03:00,CO,
2022-06-17T18:00:00+03:00,NO,
2022-06-17T18:00:00+03:00,NO2,
2022-06-17T18:00:00+03:00,CO,
2022-06-17T19:00:00+03:00,NO2,
2022-06-17T19:00:00+03:00,NO,
2022-06-17T19:00:00+03:00,CO,
2022-06-17T20:00:00+03:00,NO,
2022-06-17T20:00:00+03:00,NO2,
2022-06-17T20:00:00+03:00,CO,
2022-06-17T21:00:00+03:00,NO2,
2022-06-17T21:00:00+03:00,NO,
2022-06-17T21:00:00+03:00,CO,
2022-06-17T22:00:00+03:00,NO,
2022-06-17T22:00:00+03:00,NO2,
2022-06-17T22:00:00+03:00,CO,
2022-06-17T23:00:00+03:00,NO,
2022-06-17T23:00:00+03:00,NO2,
2022-06-17T23:00:00+03:00,CO,
2022-06-18T00:00:00+03:00,NO,
2022-06-18T00:00:00+03:00,CO,
2022-06-18T00:00:00+03:00,NO2,
2022-06-18T01:00:00+03:00,CO,
2022-06-18T01:00:00+03:00,NO,
2022-06-18T01:00:00+03:00,NO2,
2022-06-18T02:00:00+03:00,NO2,
2022-06-18T02:00:00+03:00,CO,
2022-06-18T02:00:00+03:00,NO,
2022-06-18T03:00:00+03:00,NO2,
2022-06-18T03:00:00+03:00,CO,
2022-06-18T03:00:00+03:00,NO,
2022-06-18T04:00:00+03:00,NO,
2022-06-18T04:00:00+03:00,NO2,
2022-06-18T04:00:00+03:00,CO,
2022-06-18T05:00:00+03:00,NO,
2022-06-18T05:00:00+03:00,NO2,
2022-06-18T05:00:00+03:00,CO,
2022-06-18T06:00:00+03:00,CO,
2022-06-18T06:00:00+03:00,NO,
2022-06-18T06:00:00+03:00,NO2,
2022-06-18T07:00:00+03:00,NO2,
2022-06-18T07:00:00+03:00,CO,
2022-06-18T07:00:00+03:00,NO,
2022-06-18T08:00:00+03:00,NO,
2022-06-18T08:00:00+03:00,NO2,
2022-06-18T08:00:00+03:00,CO,
2022-06-18T09:00:00+03:00,CO,
2022-06-18T09:00:00+03:00,NO,
2022-06-18T09:00:00+03:00,NO2,
2022-06-18T10:00:00+03:00,CO,
2022-06-18T10:00:00+03:00,NO,
2022-06-18T10:00:00+03:00,NO2,
2022-06-18T11:00:00+03:00,NO2,
2022-06-18T11:00:00+03:00,CO,
2022-06-18T11:00:00+03:00,NO,
2022-06-18T12:00:00+03:00,CO,
2022-06-18T12:00:00+03:00,NO,
2022-06-18T12:00:00+03:00,NO2,
2022-06-18T13:00:00+03:00,NO,
2022-06-18T13:00:00+03:00,CO,
2022-06-18T13:00:00+03:00,NO2,
2022-06-18T14:00:00+03:00,CO,
2022-06-18T14:00:00+03:00,NO,
2022-06-18T14:00:00+03:00,NO2,
2022-06-18T15:00:00+03:00,CO,
2022-06-18T15:00:00+03:00,NO,
2022-06-18T15:00:00+03:00,NO2,
2022-06-18T16:00:00+03:00,CO,
2022-06-18T16:00:00+03:00,NO,
2022-06-18T16:00:00+03:00,NO2,
2022-06-18T17:00:00+03:00,NO,
2022-06-18T17:00:00+03:00,NO2,
2022-06-18T17:00:00+03:00,CO,
2022-06-18T18:00:00+03:00,NO,
2022-06-18T18:00:00+03:00,NO2,
2022-06-18T18:00:00+03:00,CO,
2022-06-18T19:00:00+03:00,NO2,
2022-06-18T19:00:00+03:00,NO,
2022-06-18T19:00:00+03:00,CO,
2022-06-18T20:00:00+03:00,NO,
2022-06-18T20:00:00+03:00,NO2,
2022-06-18T20:00:00+03:00,CO,
2022-06-18T21:00:00+03:00,CO,
2022-06-18T21:00:00+03:00,NO2,
2022-06-18T21:00:00+03:00,NO,
2022-06-18T22:00:00+03:00,CO,
2022-06-18T22:00:00+03:00,NO,
2022-06-18T22:00:00+03:00,NO2,
2022-06-18T23:00:00+03:00,CO,
2022-06-18T23:00:00+03:00,NO2,
2022-06-18T23:00:00+03:00,NO,
2022-06-19T00:00:00+03:00,NO,
2022-06-19T00:00:00+03:00,NO2,
2022-06-19T00:00:00+03:00,CO,
2022-06-19T01:00:00+03:00,NO2,
2022-06-19T01:00:00+03:00,CO,
2022-06-19T01:00:00+03:00,NO,
2022-06-19T02:00:00+03:00,NO2,
2022-06-19T02:00:00+03:00,CO,
2022-06-19T02:00:00+03:00,NO,
2022-06-19T03:00:00+03:00,CO,
2022-06-19T03:00:00+03:00,NO,
2022-06-19T03:00:00+03:00,NO2,
2022-06-19T04:00:00+03:00,CO,
2022-06-19T04:00:00+03:00,NO,
2022-06-19T04:00:00+03:00,NO2,
2022-06-19T05:00:00+03:00,NO2,
2022-06-19T05:00:00+03:00,CO,
2022-06-19T05:00:00+03:00,NO,
2022-06-19T06:00:00+03:00,NO,
2022-06-19T06:00:00+03:00,NO2,
2022-06-19T06:00:00+03:00,CO,
2022-06-19T07:00:00+03:00,NO,
2022-06-19T07:00:00+03:00,CO,
2022-06-19T07:00:00+03:00,NO2,
2022-06-19T08:00:00+03:00,NO,
2022-06-19T08:00:00+03:00,NO2,
2022-06-19T08:00:00+03:00,CO,
2022-06-19T09:00:00+03:00,CO,
2022-06-19T09:00:00+03:00,NO,
2022-06-19T09:00:00+03:00,NO2,
2022-06-19T10:00:00+03:00,CO,
2022-06-19T10:00:00+03:00,NO2,
2022-06-19T10:00:00+03:00,NO,
2022-06-19T11:00:00+03:00,CO,
2022-06-19T11:00:00+03:00,NO,
2022-06-19T11:00:00+03:00,NO2,
2022-06-19T12:00:00+03:00,NO,
2022-06-19T12:00:00+03:00,CO,
2022-06-19T12:00:00+03:00,NO2,
2022-06-19T13:00:00+03:00,NO,
2022-06-19T13:00:00+03:00,NO2,
2022-06-19T13:00:00+03:00,CO,
2022-06-19T14:00:00+03:00,NO,
2022-06-19T14:00:00+03:00,NO2,
2022-06-19T14:00:00+03:00,CO,
2022-06-19T15:00:00+03:00,NO,
2022-06-19T15:00:00+03:00,NO2,
2022-06-19T15:00:00+03:00,CO,
2022-06-19T16:00:00+03:00,NO2,
2022-06-19T16:00:00+03:00,CO,
2022-06-19T16:00:00+03:00,NO,
2022-06-19T17:00:00+03:00,NO2,
2022-06-19T17:00:00+03:00,NO,
2022-06-19T17:00:00+03:00,CO,
2022-06-19T18:00:00+03:00,NO2,
2022-06-19T18:00:00+03:00,NO,
2022-06-19T18:00:00+03:00,CO,
2022-06-19T19:00:00+03:00,NO,
2022-06-19T19:00:00+03:00,NO2,
2022-06-19T19:00:00+03:00,CO,
2022-06-19T20:00:00+03:00,CO,
2022-06-19T20:00:00+03:00,NO,
2022-06-19T20:00:00+03:00,NO2,
2022-06-19T21:00:00+03:00,NO,
2022-06-19T21:00:00+03:00,NO2,
2022-06-19T21:00:00+03:00,CO,
2022-06-19T22:00:00+03:00,NO2,
2022-06-19T22:00:00+03:00,CO,
2022-06-19T22:00:00+03:00,NO,
2022-06-19T23:00:00+03:00,NO,
2022-06-19T23:00:00+03:00,NO2,
2022-06-19T23:00:00+03:00,CO,
2022-06-20T00:00:00+03:00,CO,
2022-06-20T00:00:00+03:00,NO,
2022-06-20T00:00:00+03:00,NO2,
2022-06-20T01:00:00+03:00,NO2,
2022-06-20T01:00:00+03:00,CO,
2022-06-20T01:00:00+03:00,NO,
2022-06-20T02:00:00+03:00,CO,
2022-06-20T02:00:00+03:00,NO,
2022-06-20T02:00:00+03:00,NO2,
2022-06-20T03:00:00+03:00,CO,
2022-06-20T03:00:00+03:00,NO,
2022-06-20T03:00:00+03:00,NO2,
2022-06-20T04:00:00+03:00,NO2,
2022-06-20T04:00:00+03:00,CO,
2022-06-20T04:00:00+03:00,NO,
2022-06-20T05:00:00+03:00,NO,
2022-06-20T05:00:00+03:00,NO2,
2022-06-20T05:00:00+03:00,CO,
2022-06-20T06:00:00+03:00,NO,
2022-06-20T06:00:00+03:00,NO2,
2022-06-20T06:00:00+03:00,CO,
2022-06-20T07:00:00+03:00,NO2,
2022-06-20T07:00:00+03:00,NO,
2022-06-20T07:00:00+03:00,CO,
2022-06-20T08:00:00+03:00,NO,
2022-06-20T08:00:00+03:00,NO2,
2022-06-20T08:00:00+03:00,CO,
2022-06-20T09:00:00+03:00,CO,
2022-06-20T09:00:00+03:00,NO,
2022-06-20T09:00:00+03:00,NO2,
2022-06-20T10:00:00+03:00,NO,
2022-06-20T10:00:00+03:00,NO2,
2022-06-20T10:00:00+03:00,CO,
2022-06-20T11:00:00+03:00,NO,
2022-06-20T11:00:00+03:00,NO2,
2022-06-20T11:00:00+03:00,CO,
2022-06-20T12:00:00+03:00,NO,
2022-06-20T12:00:00+03:00,NO2,
2022-06-20T12:00:00+03:00,CO,
2022-06-20T13:00:00+03:00,NO2,
2022-06-20T13:00:00+03:00,NO,
2022-06-20T13:00:00+03:00,CO,
2022-06-20T14:00:00+03:00,NO,
2022-06-20T14:00:00+03:00,CO,
2022-06-20T14:00:00+03:00,NO2,
2022-06-20T15:00:00+03:00,NO,
2022-06-20T15:00:00+03:00,NO2,
2022-06-20T15:00:00+03:00,CO,
2022-06-20T16:00:00+03:00,NO2,
2022-06-20T16:00:00+03:00,CO,
2022-06-20T16:00:00+03:00,NO,
2022-06-20T17:00:00+03:00,NO,
2022-06-20T17:00:00+03:00,CO,
2022-06-20T17:00:00+03:00,NO2,
2022-06-20T18:00:00+03:00,CO,
2022-06-20T18:00:00+03:00,NO2,
2022-06-20T18:00:00+03:00,NO,
2022-06-20T19:00:00+03:00,NO2,
2022-06-20T19:00:00+03:00,CO,
2022-06-20T19:00:00+03:00,NO,
2022-06-20T20:00:00+03:00,NO,
2022-06-20T20:00:00+03:00,NO2,
2022-06-20T20:00:00+03:00,CO,
2022-06-20T21:00:00+03:00,NO,
2022-06-20T21:00:00+03:00,CO,
2022-06-20T21:00:00+03:00,NO2,
2022-06-20T22:00:00+03:00,NO2,
2022-06-20T22:00:00+03:00,CO,
2022-06-20T22:00:00+03:00,NO,
2022-06-20T23:00:00+03:00,NO2,
2022-06-20T23:00:00+03:00,NO,
2022-06-20T23:00:00+03:00,CO,
2022-06-21T00:00:00+03:00,CO,
2022-06-21T00:00:00+03:00,NO2,
2022-06-21T00:00:00+03:00,NO,
2022-06-21T01:00:00+03:00,NO2,
2022-06-21T01:00:00+03:00,CO,
2022-06-21T01:00:00+03:00,NO,
2022-06-21T02:00:00+03:00,NO2,
2022-06-21T02:00:00+03:00,CO,
2022-06-21T02:00:00+03:00,NO,
2022-06-21T03:00:00+03:00,NO2,
2022-06-21T03:00:00+03:00,CO,
2022-06-21T03:00:00+03:00,NO,
2022-06-21T04:00:00+03:00,NO,
2022-06-21T04:00:00+03:00,NO2,
2022-06-21T04:00:00+03:00,CO,
2022-06-21T05:00:00+03:00,NO,
2022-06-21T05:00:00+03:00,NO2,
2022-06-21T05:00:00+03:00,CO,
2022-06-21T06:00:00+03:00,CO,
2022-06-21T06:00:00+03:00,NO,
2022-06-21T06:00:00+03:00,NO2,
2022-06-21T07:00:00+03:00,CO,
2022-06-21T07:00:00+03:00,NO,
2022-06-21T07:00:00+03:00,NO2,
2022-06-21T08:00:00+03:00,NO2,
2022-06-21T08:00:00+03:00,NO,
2022-06-21T08:00:00+03:00,CO,
2022-06-21T09:00:00+03:00,NO,
2022-06-21T09:00:00+03:00,NO2,
2022-06-21T09:00:00+03:00,CO,
2022-06-21T10:00:00+03:00,NO,
2022-06-21T10:00:00+03:00,NO2,
2022-06-21T10:00:00+03:00,CO,
2022-06-21T11:00:00+03:00,NO2,
2022-06-21T11:00:00+03:00,CO,
2022-06-21T11:00:00+03:00,NO,
2022-06-21T12:00:00+03:00,NO,
2022-06-21T12:00:00+03:00,NO2,
2022-06-21T12:00:00+03:00,CO,
2022-06-21T13:00:00+03:00,NO,
2022-06-21T13:00:00+03:00,NO2,
2022-06-21T13:00:00+03:00,CO,
2022-06-21T14:00:00+03:00,NO2,
2022-06-21T14:00:00+03:00,CO,
2022-06-21T14:00:00+03:00,NO,
2022-06-21T15:00:00+03:00,NO2,
2022-06-21T15:00:00+03:00,CO,
2022-06-21T15:00:00+03:00,NO,
2022-06-21T16:00:00+03:00,NO,
2022-06-21T16:00:00+03:00,NO2,
2022-06-21T16:00:00+03:00,CO,
2022-06-21T17:00:00+03:00,NO2,
2022-06-21T17:00:00+03:00,CO,
2022-06-21T17:00:00+03:00,NO,
2022-06-21T18:00:00+03:00,NO2,
2022-06-21T18:00:00+03:00,CO,
2022-06-21T18:00:00+03:00,NO,
2022-06-21T19:00:00+03:00,CO,
2022-06-21T19:00:00+03:00,NO2,
2022-06-21T19:00:00+03:00,NO,
2022-06-21T20:00:00+03:00,CO,
2022-06-21T20:00:00+03:00,NO,
2022-06-21T20:00:00+03:00,NO2,
2022-06-21T21:00:00+03:00,NO2,
2022-06-21T21:00:00+03:00,CO,
2022-06-21T21:00:00+03:00,NO,
2022-06-21T22:00:00+03:00,NO,
2022-06-21T22:00:00+03:00,NO2,
2022-06-21T22:00:00+03:00,CO,
2022-06-21T23:00:00+03:00,NO2,
2022-06-21T23:00:00+03:00,NO,
2022-06-21T23:00:00+03:00,CO,
2022-06-22T00:00:00+03:00,NO2,
2022-06-22T00:00:00+03:00,NO,
2022-06-22T00:00:00+03:00,CO,
2022-06-22T01:00:00+03:00,CO,
2022-06-22T01:00:00+03:00,NO,
2022-06-22T01:00:00+03:00,NO2,
2022-06-22T02:00:00+03:00,NO,
2022-06-22T02:00:00+03:00,NO2,
2022-06-22T02:00:00+03:00,CO,
2022-06-22T03:00:00+03:00,NO,
2022-06-22T03:00:00+03:00,NO2,
2022-06-22T03:00:00+03:00,CO,
2022-06-22T04:00:00+03:00,NO,
2022-06-22T04:00:00+03:00,NO2,
2022-06-22T04:00:00+03:00,CO,
2022-06-22T05:00:00+03:00,NO,
2022-06-22T05:00:00+03:00,NO2,
2022-06-22T05:00:00+03:00,CO,
2022-06-22T06:00:00+03:00,NO,
2022-06-22T06:00:00+03:00,CO,
2022-06-22T06:00:00+03:00,NO2,
2022-06-22T07:00:00+03:00,NO2,
2022-06-22T07:00:00+03:00,CO,
2022-06-22T07:00:00+03:00,NO,
2022-06-22T08:00:00+03:00,NO,
2022-06-22T08:00:00+03:00,NO2,
2022-06-22T08:00:00+03:00,CO,
2022-06-22T09:00:00+03:00,NO,
2022-06-22T09:00:00+03:00,NO2,
2022-06-22T09:00:00+03:00,CO,
2022-06-22T10:00:00+03:00,NO2,
2022-06-22T10:00:00+03:00,NO,
2022-06-22T10:00:00+03:00,CO,
2022-06-22T11:00:00+03:00,NO2,
2022-06-22T11:00:00+03:00,NO,
2022-06-22T11:00:00+03:00,CO,
2022-06-22T12:00:00+03:00,NO,
2022-06-22T12:00:00+03:00,NO2,
2022-06-22T12:00:00+03:00,CO,
2022-06-22T13:00:00+03:00,NO,
2022-06-22T13:00:00+03:00,NO2,
2022-06-22T13:00:00+03:00,CO,
2022-06-22T14:00:00+03:00,NO2,
2022-06-22T14:00:00+03:00,NO,
2022-06-22T14:00:00+03:00,CO,
2022-06-22T15:00:00+03:00,CO,
2022-06-22T15:00:00+03:00,NO,
2022-06-22T15:00:00+03:00,NO2,
2022-06-22T16:00:00+03:00,CO,
2022-06-22T16:00:00+03:00,NO,
2022-06-22T16:00:00+03:00,NO2,
2022-06-22T17:00:00+03:00,CO,
2022-06-22T17:00:00+03:00,NO,
2022-06-22T17:00:00+03:00,NO2,
2022-06-22T18:00:00+03:00,CO,
2022-06-22T18:00:00+03:00,NO,
2022-06-22T18:00:00+03:00,NO2,
2022-06-22T19:00:00+03:00,CO,
2022-06-22T19:00:00+03:00,NO,
2022-06-22T19:00:00+03:00,NO2,
2022-06-22T20:00:00+03:00,NO2,
2022-06-22T20:00:00+03:00,NO,
2022-06-22T20:00:00+03:00,CO,
2022-06-22T21:00:00+03:00,NO2,
2022-06-22T21:00:00+03:00,CO,
2022-06-22T21:00:00+03:00,NO,
2022-06-22T22:00:00+03:00,NO2,
2022-06-22T22:00:00+03:00,CO,
2022-06-22T22:00:00+03:00,NO,
2022-06-22T23:00:00+03:00,NO,
2022-06-22T23:00:00+03:00,NO2,
2022-06-22T23:00:00+03:00,CO,
2022-06-23T00:00:00+03:00,NO,
2022-06-23T00:00:00+03:00,NO2,
2022-06-23T00:00:00+03:00,CO,
2022-06-23T01:00:00+03:00,NO2,
2022-06-23T01:00:00+03:00,NO,
2022-06-23T01:00:00+03:00,CO,
2022-06-23T02:00:00+03:00,NO,
2022-06-23T02:00:00+03:00,NO2,
2022-06-23T02:00:00+03:00,CO,
2022-06-23T03:00:00+03:00,CO,
2022-06-23T03:00:00+03:00,NO,
2022-06-23T03:00:00+03:00,NO2,
2022-06-23T04:00:00+03:00,NO2,
2022-06-23T04:00:00+03:00,CO,
2022-06-23T04:00:00+03:00,NO,
2022-06-23T05:00:00+03:00,CO,
2022-06-23T05:00:00+03:00,NO2,
2022-06-23T05:00:00+03:00,NO,
2022-06-23T06:00:00+03:00,NO2,
2022-06-23T06:00:00+03:00,CO,
2022-06-23T06:00:00+03:00,NO,
2022-06-23T07:00:00+03:00,NO,
2022-06-23T07:00:00+03:00,NO2,
2022-06-23T07:00:00+03:00,CO,
2022-06-23T08:00:00+03:00,NO,
2022-06-23T08:00:00+03:00,NO2,
2022-06-23T08:00:00+03:00,CO,
2022-06-23T09:00:00+03:00,NO2,
2022-06-23T09:00:00+03:00,CO,
2022-06-23T09:00:00+03:00,NO,
2022-06-23T10:00:00+03:00,NO,
2022-06-23T10:00:00+03:00,NO2,
2022-06-23T10:00:00+03:00,CO,
2022-06-23T11:00:00+03:00,CO,
2022-06-23T11:00:00+03:00,NO,
2022-06-23T11:00:00+03:00,NO2,
2022-06-23T12:00:00+03:00,CO,
2022-06-23T12:00:00+03:00,NO,
2022-06-23T12:00:00+03:00,NO2,
2022-06-23T13:00:00+03:00,NO2,
2022-06-23T13:00:00+03:00,CO,
2022-06-23T13:00:00+03:00,NO,
2022-06-23T14:00:00+03:00,NO2,
2022-06-23T14:00:00+03:00,CO,
2022-06-23T14:00:00+03:00,NO,
2022-06-23T15:00:00+03:00,NO,
2022-06-23T15:00:00+03:00,NO2,
2022-06-23T15:00:00+03:00,CO,
2022-06-23T16:00:00+03:00,NO2,
2022-06-23T16:00:00+03:00,NO,
2022-06-23T16:00:00+03:00,CO,
2022-06-23T17:00:00+03:00,NO2,
2022-06-23T17:00:00+03:00,CO,
2022-06-23T17:00:00+03:00,NO,
2022-06-23T18:00:00+03:00,CO,
2022-06-23T18:00:00+03:00,NO2,
2022-06-23T18:00:00+03:00,NO,
2022-06-23T19:00:00+03:00,NO,
2022-06-23T19:00:00+03:00,CO,
2022-06-23T19:00:00+03:00,NO2,
2022-06-23T20:00:00+03:00,CO,
2022-06-23T20:00:00+03:00,NO2,
2022-06-23T20:00:00+03:00,NO,
2022-06-23T21:00:00+03:00,NO,
2022-06-23T21:00:00+03:00,CO,
2022-06-23T21:00:00+03:00,NO2,
2022-06-23T22:00:00+03:00,NO2,
2022-06-23T22:00:00+03:00,CO,
2022-06-23T22:00:00+03:00,NO,
2022-06-23T23:00:00+03:00,CO,
2022-06-23T23:00:00+03:00,NO2,
2022-06-23T23:00:00+03:00,NO,
2022-06-24T00:00:00+03:00,NO,
2022-06-24T00:00:00+03:00,CO,
2022-06-24T00:00:00+03:00,NO2,
2022-06-24T01:00:00+03:00,CO,
2022-06-24T01:00:00+03:00,NO2,
2022-06-24T01:00:00+03:00,NO,
2022-06-24T02:00:00+03:00,CO,
2022-06-24T02:00:00+03:00,NO2,
2022-06-24T02:00:00+03:00,NO,
2022-06-24T03:00:00+03:00,NO,
2022-06-24T03:00:00+03:00,NO2,
2022-06-24T03:00:00+03:00,CO,
2022-06-24T04:00:00+03:00,NO2,
2022-06-24T04:00:00+03:00,NO,
2022-06-24T04:00:00+03:00,CO,
2022-06-24T05:00:00+03:00,CO,
2022-06-24T05:00:00+03:00,NO2,
2022-06-24T05:00:00+03:00,NO,
2022-06-24T06:00:00+03:00,CO,
2022-06-24T06:00:00+03:00,NO2,
2022-06-24T06:00:00+03:00,NO,
2022-06-24T07:00:00+03:00,NO2,
2022-06-24T07:00:00+03:00,NO,
2022-06-24T07:00:00+03:00,CO,
2022-06-24T08:00:00+03:00,NO2,
2022-06-24T08:00:00+03:00,NO,
2022-06-24T08:00:00+03:00,CO,
2022-06-24T09:00:00+03:00,NO2,
2022-06-24T09:00:00+03:00,NO,
2022-06-24T09:00:00+03:00,CO,
2022-06-24T10:00:00+03:00,NO2,
2022-06-24T10:00:00+03:00,NO,
2022-06-24T10:00:00+03:00,CO,
2022-06-24T11:00:00+03:00,NO2,
2022-06-24T11:00:00+03:00,NO,
2022-06-24T11:00:00+03:00,CO,
2022-06-24T12:00:00+03:00,NO2,
2022-06-24T12:00:00+03:00,NO,
2022-06-24T12:00:00+03:00,CO,
2022-06-24T13:00:00+03:00,NO2,
2022-06-24T13:00:00+03:00,NO,
2022-06-24T13:00:00+03:00,CO,
2022-06-24T14:00:00+03:00,NO,
2022-06-24T14:00:00+03:00,CO,
2022-06-24T14:00:00+03:00,NO2,
2022-06-24T15:00:00+03:00,CO,
2022-06-24T15:00:00+03:00,NO2,
2022-06-24T15:00:00+03:00,NO,
2022-06-24T16:00:00+03:00,NO2,
2022-06-24T16:00:00+03:00,NO,
2022-06-24T16:00:00+03:00,CO,
2022-06-24T17:00:00+03:00,NO2,
2022-06-24T17:00:00+03:00,NO,
2022-06-24T17:00:00+03:00,CO,
2022-06-24T18:00:00+03:00,NO2,
2022-06-24T18:00:00+03:00,NO,
2022-06-24T18:00:00+03:00,CO,
2022-06-24T19:00:00+03:00,NO2,
2022-06-24T19:00:00+03:00,NO,
2022-06-24T19:00:00+03:00,CO,
2022-06-24T20:00:00+03:00,NO2,
2022-06-24T20:00:00+03:00,NO,
2022-06-24T20:00:00+03:00,CO,
2022-06-24T21:00:00+03:00,NO2,
2022-06-24T21:00:00+03:00,NO,
2022-06-24T21:00:00+03:00,CO,
2022-06-24T22:00:00+03:00,CO,
2022-06-24T22:00:00+03:00,NO2,
2022-06-24T22:00:00+03:00,NO,
2022-06-24T23:00:00+03:00,CO,
2022-06-24T23:00:00+03:00,NO2,
2022-06-24T23:00:00+03:00,NO,
2022-06-25T00:00:00+03:00,CO,
2022-06-25T00:00:00+03:00,NO2,
2022-06-25T00:00:00+03:00,NO,
2022-06-25T01:00:00+03:00,CO,
2022-06-25T01:00:00+03:00,NO2,
2022-06-25T01:00:00+03:00,NO,
2022-06-25T02:00:00+03:00,CO,
2022-06-25T02:00:00+03:00,NO2,
2022-06-25T02:00:00+03:00,NO,
2022-06-25T03:00:00+03:00,NO2,
2022-06-25T03:00:00+03:00,CO,
2022-06-25T03:00:00+03:00,NO,
2022-06-25T04:00:00+03:00,CO,
2022-06-25T04:00:00+03:00,NO2,
2022-06-25T04:00:00+03:00,NO,
2022-06-25T05:00:00+03:00,NO,
2022-06-25T05:00:00+03:00,CO,
2022-06-25T05:00:00+03:00,NO2,
2022-06-25T06:00:00+03:00,CO,
2022-06-25T06:00:00+03:00,NO,
2022-06-25T06:00:00+03:00,NO2,
2022-06-25T07:00:00+03:00,CO,
2022-06-25T07:00:00+03:00,NO2,
2022-06-25T07:00:00+03:00,NO,
2022-06-25T08:00:00+03:00,CO,
2022-06-25T08:00:00+03:00,NO2,
2022-06-25T08:00:00+03:00,NO,
2022-06-25T09:00:00+03:00,NO,
2022-06-25T09:00:00+03:00,NO2,
2022-06-25T09:00:00+03:00,CO,
2022-06-25T10:00:00+03:00,NO2,
2022-06-25T10:00:00+03:00,CO,
2022-06-25T10:00:00+03:00,NO,
2022-06-25T11:00:00+03:00,NO2,
2022-06-25T11:00:00+03:00,CO,
2022-06-25T11:00:00+03:00,NO,
2022-06-25T12:00:00+03:00,CO,
2022-06-25T12:00:00+03:00,NO,
2022-06-25T12:00:00+03:00,NO2,
2022-06-25T13:00:00+03:00,CO,
2022-06-25T13:00:00+03:00,NO2,
2022-06-25T13:00:00+03:00,NO,
2022-06-25T14:00:00+03:00,CO,
2022-06-25T14:00:00+03:00,NO2,
2022-06-25T14:00:00+03:00,NO,
2022-06-25T15:00:00+03:00,NO2,
2022-06-25T15:00:00+03:00,CO,
2022-06-25T15:00:00+03:00,NO,
2022-06-25T16:00:00+03:00,CO,
2022-06-25T16:00:00+03:00,NO2,
2022-06-25T16:00:00+03:00,NO,
2022-06-25T17:00:00+03:00,NO2,
2022-06-25T17:00:00+03:00,NO,
2022-06-25T17:00:00+03:00,CO,
2022-06-25T18:00:00+03:00,NO,
2022-06-25T18:00:00+03:00,CO,
2022-06-25T18:00:00+03:00,NO2,
2022-06-25T19:00:00+03:00,CO,
2022-06-25T19:00:00+03:00,NO2,
2022-06-25T19:00:00+03:00,NO,
2022-06-25T20:00:00+03:00,NO2,
2022-06-25T20:00:00+03:00,CO,
2022-06-25T20:00:00+03:00,NO,
2022-06-25T21:00:00+03:00,CO,
2022-06-25T21:00:00+03:00,NO2,
2022-06-25T21:00:00+03:00,NO,
2022-06-25T22:00:00+03:00,CO,
2022-06-25T22:00:00+03:00,NO,
2022-06-25T22:00:00+03:00,NO2,
2022-06-25T23:00:00+03:00,CO,
2022-06-25T23:00:00+03:00,NO2,
2022-06-25T23:00:00+03:00,NO,
2022-06-26T00:00:00+03:00,NO2,
2022-06-26T00:00:00+03:00,CO,
2022-06-26T00:00:00+03:00,NO,
2022-06-26T01:00:00+03:00,NO2,
2022-06-26T01:00:00+03:00,CO,
2022-06-26T01:00:00+03:00,NO,
2022-06-26T02:00:00+03:00,CO,
2022-06-26T02:00:00+03:00,NO,
2022-06-26T02:00:00+03:00,NO2,
2022-06-26T03:00:00+03:00,NO2,
2022-06-26T03:00:00+03:00,CO,
2022-06-26T03:00:00+03:00,NO,
2022-06-26T04:00:00+03:00,CO,
2022-06-26T04:00:00+03:00,NO,
2022-06-26T04:00:00+03:00,NO2,
2022-06-26T05:00:00+03:00,NO2,
2022-06-26T05:00:00+03:00,CO,
2022-06-26T05:00:00+03:00,NO,
2022-06-26T06:00:00+03:00,CO,
2022-06-26T06:00:00+03:00,NO,
2022-06-26T06:00:00+03:00,NO2,
2022-06-26T07:00:00+03:00,CO,
2022-06-26T07:00:00+03:00,NO,
2022-06-26T07:00:00+03:00,NO2,
2022-06-26T08:00:00+03:00,NO,
2022-06-26T08:00:00+03:00,NO2,
2022-06-26T08:00:00+03:00,CO,
2022-06-26T09:00:00+03:00,NO,
2022-06-26T09:00:00+03:00,NO2,
2022-06-26T09:00:00+03:00,CO,
2022-06-26T10:00:00+03:00,NO,
2022-06-26T10:00:00+03:00,NO2,
2022-06-26T10:00:00+03:00,CO,
2022-06-26T11:00:00+03:00,CO,
2022-06-26T11:00:00+03:00,NO,
2022-06-26T11:00:00+03:00,NO2,
2022-06-26T12:00:00+03:00,NO2,
2022-06-26T12:00:00+03:00,CO,
2022-06-26T12:00:00+03:00,NO,
2022-06-26T13:00:00+03:00,CO,
2022-06-26T13:00:00+03:00,NO,
2022-06-26T13:00:00+03:00,NO2,
2022-06-26T14:00:00+03:00,NO2,
2022-06-26T14:00:00+03:00,CO,
2022-06-26T14:00:00+03:00,NO,
2022-06-26T15:00:00+03:00,NO,
2022-06-26T15:00:00+03:00,NO2,
2022-06-26T15:00:00+03:00,CO,
2022-06-26T16:00:00+03:00,CO,
2022-06-26T16:00:00+03:00,NO,
2022-06-26T16:00:00+03:00,NO2,
2022-06-26T17:00:00+03:00,NO,
2022-06-26T17:00:00+03:00,NO2,
2022-06-26T17:00:00+03:00,CO,
2022-06-26T18:00:00+03:00,NO2,
2022-06-26T18:00:00+03:00,CO,
2022-06-26T18:00:00+03:00,NO,
2022-06-26T19:00:00+03:00,CO,
2022-06-26T19:00:00+03:00,NO,
2022-06-26T19:00:00+03:00,NO2,
2022-06-26T20:00:00+03:00,CO,
2022-06-26T20:00:00+03:00,NO,
2022-06-26T20:00:00+03:00,NO2,
2022-06-26T21:00:00+03:00,CO,
2022-06-26T21:00:00+03:00,NO,
2022-06-26T21:00:00+03:00,NO2,
2022-06-26T22:00:00+03:00,CO,
2022-06-26T22:00:00+03:00,NO,
2022-06-26T22:00:00+03:00,NO2,
2022-06-26T23:00:00+03:00,CO,
2022-06-26T23:00:00+03:00,NO,
2022-06-26T23:00:00+03:00,NO2,
2022-06-27T00:00:00+03:00,NO,
2022-06-27T00:00:00+03:00,NO2,
2022-06-27T00:00:00+03:00,CO,
2022-06-27T01:00:00+03:00,CO,
2022-06-27T01:00:00+03:00,NO,
2022-06-27T01:00:00+03:00,NO2,
2022-06-27T02:00:00+03:00,NO2,
2022-06-27T02:00:00+03:00,NO,
2022-06-27T02:00:00+03:00,CO,
2022-06-27T03:00:00+03:00,CO,
2022-06-27T03:00:00+03:00,NO2,
2022-06-27T03:00:00+03:00,NO,
2022-06-27T04:00:00+03:00,CO,
2022-06-27T04:00:00+03:00,NO2,
2022-06-27T04:00:00+03:00,NO,
2022-06-27T05:00:00+03:00,NO2,
2022-06-27T05:00:00+03:00,NO,
2022-06-27T05:00:00+03:00,CO,
2022-06-27T06:00:00+03:00,NO,
2022-06-27T06:00:00+03:00,NO2,
2022-06-27T06:00:00+03:00,CO,
2022-06-27T07:00:00+03:00,CO,
2022-06-27T07:00:00+03:00,NO,
2022-06-27T07:00:00+03:00,NO2,
2022-06-27T08:00:00+03:00,NO2,
2022-06-27T08:00:00+03:00,NO,
2022-06-27T08:00:00+03:00,CO,
2022-06-27T09:00:00+03:00,NO2,
2022-06-27T09:00:00+03:00,NO,
2022-06-27T09:00:00+03:00,CO,
2022-06-27T10:00:00+03:00,CO,
2022-06-27T10:00:00+03:00,NO2,
2022-06-27T10:00:00+03:00,NO,
2022-06-27T11:00:00+03:00,CO,
2022-06-27T11:00:00+03:00,NO,
2022-06-27T11:00:00+03:00,NO2,
2022-06-27T12:00:00+03:00,NO,
2022-06-27T12:00:00+03:00,NO2,
2022-06-27T12:00:00+03:00,CO,
2022-06-27T13:00:00+03:00,CO,
2022-06-27T13:00:00+03:00,NO2,
2022-06-27T13:00:00+03:00,NO,
2022-06-27T14:00:00+03:00,NO2,
2022-06-27T14:00:00+03:00,NO,
2022-06-27T14:00:00+03:00,CO,
2022-06-27T15:00:00+03:00,NO2,
2022-06-27T15:00:00+03:00,NO,
2022-06-27T15:00:00+03:00,CO,
2022-06-27T16:00:00+03:00,NO,
2022-06-27T16:00:00+03:00,NO2,
2022-06-27T16:00:00+03:00,CO,
2022-06-27T17:00:00+03:00,NO2,
2022-06-27T17:00:00+03:00,NO,
2022-06-27T17:00:00+03:00,CO,
2022-06-27T18:00:00+03:00,CO,
2022-06-27T18:00:00+03:00,NO2,
2022-06-27T18:00:00+03:00,NO,
2022-06-27T19:00:00+03:00,CO,
2022-06-27T19:00:00+03:00,NO2,
2022-06-27T19:00:00+03:00,NO,
2022-06-27T20:00:00+03:00,NO2,
2022-06-27T20:00:00+03:00,NO,
2022-06-27T20:00:00+03:00,CO,
2022-06-27T21:00:00+03:00,NO2,
2022-06-27T21:00:00+03:00,NO,
2022-06-27T21:00:00+03:00,CO,
2022-06-27T22:00:00+03:00,NO,
2022-06-27T22:00:00+03:00,NO2,
2022-06-27T22:00:00+03:00,CO,
2022-06-27T23:00:00+03:00,NO2,
2022-06-27T23:00:00+03:00,NO,
2022-06-27T23:00:00+03:00,CO,
2022-06-28T00:00:00+03:00,NO2,
2022-06-28T00:00:00+03:00,NO,
2022-06-28T00:00:00+03:00,CO,
2022-06-28T01:00:00+03:00,NO,
2022-06-28T01:00:00+03:00,NO2,
2022-06-28T01:00:00+03:00,CO,
2022-06-28T02:00:00+03:00,NO2,
2022-06-28T02:00:00+03:00,CO,
2022-06-28T02:00:00+03:00,NO,
2022-06-28T03:00:00+03:00,CO,
2022-06-28T03:00:00+03:00,NO,
2022-06-28T03:00:00+03:00,NO2,
2022-06-28T04:00:00+03:00,NO,
2022-06-28T04:00:00+03:00,CO,
2022-06-28T04:00:00+03:00,NO2,
2022-06-28T05:00:00+03:00,CO,
2022-06-28T05:00:00+03:00,NO2,
2022-06-28T05:00:00+03:00,NO,
2022-06-28T06:00:00+03:00,NO2,
2022-06-28T06:00:00+03:00,NO,
2022-06-28T06:00:00+03:00,CO,
2022-06-28T07:00:00+03:00,NO,
2022-06-28T07:00:00+03:00,CO,
2022-06-28T07:00:00+03:00,NO2,
2022-06-28T08:00:00+03:00,CO,
2022-06-28T08:00:00+03:00,NO,
2022-06-28T08:00:00+03:00,NO2,
2022-06-28T09:00:00+03:00,NO2,
2022-06-28T09:00:00+03:00,NO,
2022-06-28T09:00:00+03:00,CO,
2022-06-28T10:00:00+03:00,NO2,
2022-06-28T10:00:00+03:00,CO,
2022-06-28T10:00:00+03:00,NO,
2022-06-28T11:00:00+03:00,NO,
2022-06-28T11:00:00+03:00,NO2,
2022-06-28T11:00:00+03:00,CO,
2022-06-28T12:00:00+03:00,NO2,
2022-06-28T12:00:00+03:00,NO,
2022-06-28T12:00:00+03:00,CO,
2022-06-28T13:00:00+03:00,CO,
2022-06-28T13:00:00+03:00,NO,
2022-06-28T13:00:00+03:00,NO2,
2022-06-28T14:00:00+03:00,NO,
2022-06-28T14:00:00+03:00,CO,
2022-06-28T14:00:00+03:00,NO2,
2022-06-28T15:00:00+03:00,NO2,
2022-06-28T15:00:00+03:00,NO,
2022-06-28T15:00:00+03:00,CO,
2022-06-28T16:00:00+03:00,NO,
2022-06-28T16:00:00+03:00,CO,
2022-06-28T16:00:00+03:00,NO2,
2022-06-28T17:00:00+03:00,NO2,
2022-06-28T17:00:00+03:00,CO,
2022-06-28T17:00:00+03:00,NO,
2022-06-28T18:00:00+03:00,NO2,
2022-06-28T18:00:00+03:00,CO,
2022-06-28T18:00:00+03:00,NO,
2022-06-28T19:00:00+03:00,NO2,
2022-06-28T19:00:00+03:00,CO,
2022-06-28T19:00:00+03:00,NO,
2022-06-28T20:00:00+03:00,NO2,
2022-06-28T20:00:00+03:00,NO,
2022-06-28T20:00:00+03:00,CO,
2022-06-28T21:00:00+03:00,CO,
2022-06-28T21:00:00+03:00,NO2,
2022-06-28T21:00:00+03:00,NO,
2022-06-28T22:00:00+03:00,CO,
2022-06-28T22:00:00+03:00,NO,
2022-06-28T22:00:00+03:00,NO2,
2022-06-28T23:00:00+03:00,NO2,
2022-06-28T23:00:00+03:00,CO,
2022-06-28T23:00:00+03:00,NO,
2022-06-29T00:00:00+03:00,NO2,
2022-06-29T00:00:00+03:00,NO,
2022-06-29T00:00:00+03:00,CO,
2022-06-29T01:00:00+03:00,NO2,
2022-06-29T01:00:00+03:00,CO,
2022-06-29T01:00:00+03:00,NO,
2022-06-29T02:00:00+03:00,NO2,
2022-06-29T02:00:00+03:00,CO,
2022-06-29T02:00:00+03:00,NO,
2022-06-29T03:00:00+03:00,NO2,
2022-06-29T03:00:00+03:00,CO,
2022-06-29T03:00:00+03:00,NO,
2022-06-29T04:00:00+03:00,NO2,
2022-06-29T04:00:00+03:00,CO,
2022-06-29T04:00:00+03:00,NO,
2022-06-29T05:00:00+03:00,NO,
2022-06-29T05:00:00+03:00,NO2,
2022-06-29T05:00:00+03:00,CO,
2022-06-29T06:00:00+03:00,NO,
2022-06-29T06:00:00+03:00,NO2,
2022-06-29T06:00:00+03:00,CO,
2022-06-29T07:00:00+03:00,NO,
2022-06-29T07:00:00+03:00,NO2,
2022-06-29T07:00:00+03:00,CO,
2022-06-29T08:00:00+03:00,NO2,
2022-06-29T08:00:00+03:00,CO,
2022-06-29T08:00:00+03:00,NO,
2022-06-29T09:00:00+03:00,NO2,
2022-06-29T09:00:00+03:00,CO,
2022-06-29T09:00:00+03:00,NO,
2022-06-29T10:00:00+03:00,NO2,
2022-06-29T10:00:00+03:00,CO,
2022-06-29T10:00:00+03:00,NO,
2022-06-29T11:00:00+03:00,NO2,
2022-06-29T11:00:00+03:00,CO,
2022-06-29T11:00:00+03:00,NO,
2022-06-29T12:00:00+03:00,NO2,
2022-06-29T12:00:00+03:00,CO,
2022-06-29T12:00:00+03:00,NO,
2022-06-29T13:00:00+03:00,NO2,
2022-06-29T13:00:00+03:00,CO,
2022-06-29T13:00:00+03:00,NO,
2022-06-29T14:00:00+03:00,NO2,
2022-06-29T14:00:00+03:00,CO,
2022-06-29T14:00:00+03:00,NO,
2022-06-29T15:00:00+03:00,NO2,
2022-06-29T15:00:00+03:00,CO,
2022-06-29T15:00:00+03:00,NO,
2022-06-29T16:00:00+03:00,NO2,
2022-06-29T16:00:00+03:00,CO,
2022-06-29T16:00:00+03:00,NO,
2022-06-29T17:00:00+03:00,NO2,
2022-06-29T17:00:00+03:00,CO,
2022-06-29T17:00:00+03:00,NO,
2022-06-29T18:00:00+03:00,NO2,
2022-06-29T18:00:00+03:00,CO,
2022-06-29T18:00:00+03:00,NO,
2022-06-29T19:00:00+03:00,NO2,
2022-06-29T19:00:00+03:00,CO,
2022-06-29T19:00:00+03:00,NO,
2022-06-29T20:00:00+03:00,NO2,
2022-06-29T20:00:00+03:00,CO,
2022-06-29T20:00:00+03:00,NO,
2022-06-29T21:00:00+03:00,NO2,
2022-06-29T21:00:00+03:00,CO,
2022-06-29T21:00:00+03:00,NO,
2022-06-29T22:00:00+03:00,NO2,
2022-06-29T22:00:00+03:00,CO,
2022-06-29T22:00:00+03:00,NO,
2022-06-29T23:00:00+03:00,NO2,
2022-06-29T23:00:00+03:00,CO,
2022-06-29T23:00:00+03:00,NO,
2022-06-30T00:00:00+03:00,NO,
2022-06-30T00:00:00+03:00,NO2,
2022-06-30T00:00:00+03:00,CO,
2022-06-30T01:00:00+03:00,NO2,
2022-06-30T01:00:00+03:00,CO,
2022-06-30T01:00:00+03:00,NO,
2022-06-30T02:00:00+03:00,NO,
2022-06-30T02:00:00+03:00,NO2,
2022-06-30T02:00:00+03:00,CO,
2022-06-30T03:00:00+03:00,NO2,
2022-06-30T03:00:00+03:00,CO,
2022-06-30T03:00:00+03:00,NO,
2022-06-30T04:00:00+03:00,NO,
2022-06-30T04:00:00+03:00,NO2,
2022-06-30T04:00:00+03:00,CO,
2022-06-30T05:00:00+03:00,CO,
2022-06-30T05:00:00+03:00,NO,
2022-06-30T05:00:00+03:00,NO2,
2022-06-30T06:00:00+03:00,CO,
2022-06-30T06:00:00+03:00,NO,
2022-06-30T06:00:00+03:00,NO2,
2022-06-30T07:00:00+03:00,NO,
2022-06-30T07:00:00+03:00,NO2,
2022-06-30T07:00:00+03:00,CO,
2022-06-30T08:00:00+03:00,NO,
2022-06-30T08:00:00+03:00,NO2,
2022-06-30T08:00:00+03:00,CO,
2022-06-30T09:00:00+03:00,NO,
2022-06-30T09:00:00+03:00,NO2,
2022-06-30T09:00:00+03:00,CO,
2022-06-30T10:00:00+03:00,NO,
2022-06-30T10:00:00+03:00,NO2,
2022-06-30T10:00:00+03:00,CO,
2022-06-30T11:00:00+03:00,NO,
2022-06-30T11:00:00+03:00,NO2,
2022-06-30T11:00:00+03:00,CO,
2022-06-30T12:00:00+03:00,CO,
2022-06-30T12:00:00+03:00,NO,
2022-06-30T12:00:00+03:00,NO2,
2022-06-30T13:00:00+03:00,NO,
2022-06-30T13:00:00+03:00,NO2,
2022-06-30T13:00:00+03:00,CO,
2022-06-30T14:00:00+03:00,NO,
2022-06-30T14:00:00+03:00,NO2,
2022-06-30T14:00:00+03:00,CO,
2022-06-30T15:00:00+03:00,NO,
2022-06-30T15:00:00+03:00,NO2,
2022-06-30T15:00:00+03:00,CO,
2022-06-30T16:00:00+03:00,CO,
2022-06-30T16:00:00+03:00,NO,
2022-06-30T16:00:00+03:00,NO2,
2022-06-30T17:00:00+03:00,NO,
2022-06-30T17:00:00+03:00,NO2,
2022-06-30T17:00:00+03:00,CO,
2022-06-30T18:00:00+03:00,NO2,
2022-06-30T18:00:00+03:00,NO,
2022-06-30T18:00:00+03:00,CO,
2022-06-30T19:00:00+03:00,NO,
2022-06-30T19:00:00+03:00,NO2,
2022-06-30T19:00:00+03:00,CO,
2022-06-30T20:00:00+03:00,NO2,
2022-06-30T20:00:00+03:00,CO,
2022-06-30T20:00:00+03:00,NO,
2022-06-30T21:00:00+03:00,NO,
2022-06-30T21:00:00+03:00,NO2,
2022-06-30T21:00:00+03:00,CO,
2022-06-30T22:00:00+03:00,NO,
2022-06-30T22:00:00+03:00,NO2,
2022-06-30T22:00:00+03:00,CO,
2022-06-30T23:00:00+03:00,NO,
2022-06-30T23:00:00+03:00,NO2,
2022-06-30T23:00:00+03:00,CO,
2022-07-01T00:00:00+03:00,NO,
2022-07-01T00:00:00+03:00,NO2,
2022-07-01T00:00:00+03:00,CO,
2022-07-01T01:00:00+03:00,NO,
2022-07-01T01:00:00+03:00,NO2,
2022-07-01T01:00:00+03:00,CO,
2022-07-01T02:00:00+03:00,CO,0
2022-07-01T02:00:00+03:00,NO,0.011
2022-07-01T02:00:00+03:00,NO2,0.057
2022-07-01T03:00:00+03:00,NO2,0.045
2022-07-01T03:00:00+03:00,CO,0
2022-07-01T03:00:00+03:00,NO,0.007
2022-07-01T04:00:00+03:00,NO,0.005
2022-07-01T04:00:00+03:00,NO2,0.033
2022-07-01T04:00:00+03:00,CO,0
2022-07-01T05:00:00+03:00,NO2,0.038
2022-07-01T05:00:00+03:00,NO,0.005
2022-07-01T05:00:00+03:00,CO,0
2022-07-01T06:00:00+03:00,NO2,0.028
2022-07-01T06:00:00+03:00,NO,0.006
2022-07-01T06:00:00+03:00,CO,0
2022-07-01T07:00:00+03:00,NO2,0.024
2022-07-01T07:00:00+03:00,NO,0.007
2022-07-01T07:00:00+03:00,CO,0
2022-07-01T08:00:00+03:00,NO2,0.024
2022-07-01T08:00:00+03:00,CO,0
2022-07-01T08:00:00+03:00,NO,0.011
2022-07-01T09:00:00+03:00,NO2,0.015
2022-07-01T09:00:00+03:00,NO,0.009
2022-07-01T09:00:00+03:00,CO,0
2022-07-01T10:00:00+03:00,NO,0.008
2022-07-01T10:00:00+03:00,NO2,0.013
2022-07-01T10:00:00+03:00,CO,0
2022-07-01T11:00:00+03:00,NO,0.007
2022-07-01T11:00:00+03:00,NO2,0.012
2022-07-01T11:00:00+03:00,CO,0.1
2022-07-01T12:00:00+03:00,CO,0.3
2022-07-01T12:00:00+03:00,NO2,0.014
2022-07-01T12:00:00+03:00,NO,0.008
2022-07-01T13:00:00+03:00,CO,0.3
2022-07-01T13:00:00+03:00,NO2,0.011
2022-07-01T13:00:00+03:00,NO,0.007
2022-07-01T14:00:00+03:00,NO2,0.011
2022-07-01T14:00:00+03:00,CO,0.27
2022-07-01T14:00:00+03:00,NO,0.007
2022-07-01T15:00:00+03:00,CO,0.2
2022-07-01T15:00:00+03:00,NO2,0.011
2022-07-01T15:00:00+03:00,NO,0.007
2022-07-01T16:00:00+03:00,NO2,0.023
2022-07-01T16:00:00+03:00,NO,0.01
2022-07-01T16:00:00+03:00,CO,0.23
2022-07-01T17:00:00+03:00,CO,0.23
2022-07-01T17:00:00+03:00,NO2,0.018
2022-07-01T17:00:00+03:00,NO,0.009
2022-07-01T18:00:00+03:00,NO2,0.015
2022-07-01T18:00:00+03:00,CO,0.23
2022-07-01T18:00:00+03:00,NO,0.006
2022-07-01T19:00:00+03:00,CO,0.2
2022-07-01T19:00:00+03:00,NO,0.006
2022-07-01T19:00:00+03:00,NO2,0.017
2022-07-01T20:00:00+03:00,CO,0.23
2022-07-01T20:00:00+03:00,NO,0.005
2022-07-01T20:00:00+03:00,NO2,0.019
2022-07-01T21:00:00+03:00,CO,0.23
2022-07-01T21:00:00+03:00,NO,0.006
2022-07-01T21:00:00+03:00,NO2,0.027
2022-07-01T22:00:00+03:00,NO2,0.039
2022-07-01T22:00:00+03:00,CO,0.2
2022-07-01T22:00:00+03:00,NO,0.006
2022-07-01T23:00:00+03:00,CO,0.17
2022-07-01T23:00:00+03:00,NO,0.005
2022-07-01T23:00:00+03:00,NO2,0.049
2022-07-02T00:00:00+03:00,CO,0.13
2022-07-02T00:00:00+03:00,NO2,0.068
2022-07-02T00:00:00+03:00,NO,0.008
2022-07-02T01:00:00+03:00,NO,0.097
2022-07-02T01:00:00+03:00,NO2,0.078
2022-07-02T01:00:00+03:00,CO,0.57
2022-07-02T02:00:00+03:00,NO,0.094
2022-07-02T02:00:00+03:00,NO2,0.072
2022-07-02T02:00:00+03:00,CO,0.8
2022-07-02T03:00:00+03:00,CO,0.5
2022-07-02T03:00:00+03:00,NO,0.027
2022-07-02T03:00:00+03:00,NO2,0.065
2022-07-02T04:00:00+03:00,NO2,0.061
2022-07-02T04:00:00+03:00,CO,0.47
2022-07-02T04:00:00+03:00,NO,0.012
2022-07-02T05:00:00+03:00,CO,0.5
2022-07-02T05:00:00+03:00,NO,0.023
2022-07-02T05:00:00+03:00,NO2,0.062
2022-07-02T06:00:00+03:00,NO2,0.063
2022-07-02T06:00:00+03:00,CO,0.57
2022-07-02T06:00:00+03:00,NO,0.033
2022-07-02T07:00:00+03:00,CO,0.53
2022-07-02T07:00:00+03:00,NO2,0.057
2022-07-02T07:00:00+03:00,NO,0.026
2022-07-02T08:00:00+03:00,NO2,0.039
2022-07-02T08:00:00+03:00,CO,0.3
2022-07-02T08:00:00+03:00,NO,0.014
2022-07-02T09:00:00+03:00,NO,0.009
2022-07-02T09:00:00+03:00,CO,0.1
2022-07-02T09:00:00+03:00,NO2,0.019
2022-07-02T10:00:00+03:00,NO2,0.017
2022-07-02T10:00:00+03:00,CO,0
2022-07-02T10:00:00+03:00,NO,0.01
2022-07-02T11:00:00+03:00,NO2,0.008
2022-07-02T11:00:00+03:00,NO,0.008
2022-07-02T11:00:00+03:00,CO,0.03
2022-07-02T12:00:00+03:00,NO2,0.015
2022-07-02T12:00:00+03:00,CO,0.1
2022-07-02T12:00:00+03:00,NO,0.008
2022-07-02T13:00:00+03:00,NO,0.01
2022-07-02T13:00:00+03:00,NO2,0.018
2022-07-02T13:00:00+03:00,CO,0.07
2022-07-02T14:00:00+03:00,NO,0.012
2022-07-02T14:00:00+03:00,CO,0.1
2022-07-02T14:00:00+03:00,NO2,0.019
2022-07-02T15:00:00+03:00,NO,0.01
2022-07-02T15:00:00+03:00,NO2,0.021
2022-07-02T15:00:00+03:00,CO,0.07
2022-07-02T16:00:00+03:00,NO2,0.021
2022-07-02T16:00:00+03:00,NO,0.013
2022-07-02T16:00:00+03:00,CO,0.1
2022-07-02T17:00:00+03:00,NO,0.01
2022-07-02T17:00:00+03:00,NO2,0.024
2022-07-02T17:00:00+03:00,CO,0.07
2022-07-02T18:00:00+03:00,CO,0.07
2022-07-02T18:00:00+03:00,NO2,0.033
2022-07-02T18:00:00+03:00,NO,0.012
2022-07-02T19:00:00+03:00,CO,0.07
2022-07-02T19:00:00+03:00,NO,0.01
2022-07-02T19:00:00+03:00,NO2,0.026
2022-07-02T20:00:00+03:00,CO,0.13
2022-07-02T20:00:00+03:00,NO,0.012
2022-07-02T20:00:00+03:00,NO2,0.041
2022-07-02T21:00:00+03:00,NO,0.01
2022-07-02T21:00:00+03:00,CO,0.13
2022-07-02T21:00:00+03:00,NO2,0.046
2022-07-02T22:00:00+03:00,CO,0.27
2022-07-02T22:00:00+03:00,NO2,0.074
2022-07-02T22:00:00+03:00,NO,0.014
2022-07-02T23:00:00+03:00,NO,0.034
2022-07-02T23:00:00+03:00,NO2,0.093
2022-07-02T23:00:00+03:00,CO,0.43
2022-07-03T00:00:00+03:00,NO,0.016
2022-07-03T00:00:00+03:00,NO2,0.085
2022-07-03T00:00:00+03:00,CO,0.3
2022-07-03T01:00:00+03:00,NO,0.01
2022-07-03T01:00:00+03:00,NO2,0.079
2022-07-03T01:00:00+03:00,CO,0.2
2022-07-03T02:00:00+03:00,NO2,0.066
2022-07-03T02:00:00+03:00,NO,0.007
2022-07-03T02:00:00+03:00,CO,0.13
2022-07-03T03:00:00+03:00,NO2,0.035
2022-07-03T03:00:00+03:00,NO,0.007
2022-07-03T03:00:00+03:00,CO,0.03
2022-07-03T04:00:00+03:00,NO2,0.032
2022-07-03T04:00:00+03:00,NO,0.006
2022-07-03T04:00:00+03:00,CO,0
2022-07-03T05:00:00+03:00,NO,0.013
2022-07-03T05:00:00+03:00,CO,0
2022-07-03T05:00:00+03:00,NO2,0.034
2022-07-03T06:00:00+03:00,NO2,0.036
2022-07-03T06:00:00+03:00,NO,0.01
2022-07-03T06:00:00+03:00,CO,0
2022-07-03T07:00:00+03:00,NO2,0.026
2022-07-03T07:00:00+03:00,NO,0.007
2022-07-03T07:00:00+03:00,CO,0
2022-07-03T08:00:00+03:00,CO,0.03
2022-07-03T08:00:00+03:00,NO,0.008
2022-07-03T08:00:00+03:00,NO2,0.017
2022-07-03T09:00:00+03:00,NO,0.009
2022-07-03T09:00:00+03:00,NO2,0.02
2022-07-03T09:00:00+03:00,CO,0
2022-07-03T10:00:00+03:00,NO2,0.023
2022-07-03T10:00:00+03:00,NO,0.01
2022-07-03T10:00:00+03:00,CO,0.03
2022-07-03T11:00:00+03:00,NO,0.01
2022-07-03T11:00:00+03:00,CO,0.2
2022-07-03T11:00:00+03:00,NO2,0.014
2022-07-03T12:00:00+03:00,NO2,0.01
2022-07-03T12:00:00+03:00,CO,0.7
2022-07-03T12:00:00+03:00,NO,0.009
2022-07-03T13:00:00+03:00,NO2,0.008
2022-07-03T13:00:00+03:00,CO,0.63
2022-07-03T13:00:00+03:00,NO,0.008
2022-07-03T14:00:00+03:00,CO,0.7
2022-07-03T14:00:00+03:00,NO2,0.011
2022-07-03T14:00:00+03:00,NO,0.007
2022-07-03T15:00:00+03:00,NO2,0.013
2022-07-03T15:00:00+03:00,NO,0.007
2022-07-03T15:00:00+03:00,CO,0.7
2022-07-03T16:00:00+03:00,NO,0.009
2022-07-03T16:00:00+03:00,NO2,0.014
2022-07-03T16:00:00+03:00,CO,0.77
2022-07-03T17:00:00+03:00,NO,0.011
2022-07-03T17:00:00+03:00,CO,0.8
2022-07-03T17:00:00+03:00,NO2,0.017
2022-07-03T18:00:00+03:00,CO,0.8
2022-07-03T18:00:00+03:00,NO2,0.017
2022-07-03T18:00:00+03:00,NO,0.008
2022-07-03T19:00:00+03:00,NO2,0.022
2022-07-03T19:00:00+03:00,CO,0.8
2022-07-03T19:00:00+03:00,NO,0.009
2022-07-03T20:00:00+03:00,NO2,0.032
2022-07-03T20:00:00+03:00,NO,0.011
2022-07-03T20:00:00+03:00,CO,0.8
2022-07-03T21:00:00+03:00,NO2,0.04
2022-07-03T21:00:00+03:00,NO,0.005
2022-07-03T21:00:00+03:00,CO,0.83
2022-07-03T22:00:00+03:00,NO2,0.067
2022-07-03T22:00:00+03:00,NO,0.008
2022-07-03T22:00:00+03:00,CO,0.93
2022-07-03T23:00:00+03:00,CO,0.73
2022-07-03T23:00:00+03:00,NO2,0.059
2022-07-03T23:00:00+03:00,NO,0.008
2022-07-04T00:00:00+03:00,NO2,0.089
2022-07-04T00:00:00+03:00,NO,0.052
2022-07-04T00:00:00+03:00,CO,0.77
2022-07-04T01:00:00+03:00,CO,0.77
2022-07-04T01:00:00+03:00,NO2,0.091
2022-07-04T01:00:00+03:00,NO,0.079
2022-07-04T02:00:00+03:00,CO,0.3
2022-07-04T02:00:00+03:00,NO,0.013
2022-07-04T02:00:00+03:00,NO2,0.073
2022-07-04T03:00:00+03:00,NO2,0.071
2022-07-04T03:00:00+03:00,CO,0.23
2022-07-04T03:00:00+03:00,NO,0.008
2022-07-04T04:00:00+03:00,NO,0.012
2022-07-04T04:00:00+03:00,CO,0.2
2022-07-04T04:00:00+03:00,NO2,0.069
2022-07-04T05:00:00+03:00,NO2,0.055
2022-07-04T05:00:00+03:00,NO,0.009
2022-07-04T05:00:00+03:00,CO,0.1
2022-07-04T06:00:00+03:00,CO,0.1
2022-07-04T06:00:00+03:00,NO,0.009
2022-07-04T06:00:00+03:00,NO2,0.05
2022-07-04T07:00:00+03:00,CO,0.17
2022-07-04T07:00:00+03:00,NO2,0.056
2022-07-04T07:00:00+03:00,NO,0.017
2022-07-04T08:00:00+03:00,NO,0.025
2022-07-04T08:00:00+03:00,CO,0.23
2022-07-04T08:00:00+03:00,NO2,0.064
2022-07-04T09:00:00+03:00,NO,0.013
2022-07-04T09:00:00+03:00,NO2,0.036
2022-07-04T09:00:00+03:00,CO,0.17
2022-07-04T10:00:00+03:00,NO,0.008
2022-07-04T10:00:00+03:00,NO2,0.02
2022-07-04T10:00:00+03:00,CO,0.1
2022-07-04T11:00:00+03:00,CO,0.17
2022-07-04T11:00:00+03:00,NO2,0.011
2022-07-04T11:00:00+03:00,NO,0.009
2022-07-04T12:00:00+03:00,CO,0.4
2022-07-04T12:00:00+03:00,NO2,0.013
2022-07-04T12:00:00+03:00,NO,0.013
2022-07-04T13:00:00+03:00,CO,0.33
2022-07-04T13:00:00+03:00,NO2,0.013
2022-07-04T13:00:00+03:00,NO,0.011
2022-07-04T14:00:00+03:00,NO2,0.012
2022-07-04T14:00:00+03:00,NO,0.008
2022-07-04T14:00:00+03:00,CO,0.63
2022-07-04T15:00:00+03:00,NO,0.008
2022-07-04T15:00:00+03:00,NO2,0.013
2022-07-04T15:00:00+03:00,CO,1
2022-07-04T16:00:00+03:00,NO2,0.014
2022-07-04T16:00:00+03:00,NO,0.009
2022-07-04T16:00:00+03:00,CO,1.1
2022-07-04T17:00:00+03:00,CO,0.83
2022-07-04T17:00:00+03:00,NO2,0.011
2022-07-04T17:00:00+03:00,NO,0.009
2022-07-04T18:00:00+03:00,CO,0.67
2022-07-04T18:00:00+03:00,NO,0.006
2022-07-04T18:00:00+03:00,NO2,0.007
2022-07-04T19:00:00+03:00,NO,0.008
2022-07-04T19:00:00+03:00,NO2,0.016
2022-07-04T19:00:00+03:00,CO,0.63
2022-07-04T20:00:00+03:00,NO2,0.033
2022-07-04T20:00:00+03:00,NO,0.01
2022-07-04T20:00:00+03:00,CO,0.63
2022-07-04T21:00:00+03:00,NO2,0.026
2022-07-04T21:00:00+03:00,NO,0.004
2022-07-04T21:00:00+03:00,CO,0.6
2022-07-04T22:00:00+03:00,NO2,0.058
2022-07-04T22:00:00+03:00,CO,0.67
2022-07-04T22:00:00+03:00,NO,0.005
2022-07-04T23:00:00+03:00,NO2,0.083
2022-07-04T23:00:00+03:00,NO,0.007
2022-07-04T23:00:00+03:00,CO,0.7
2022-07-05T00:00:00+03:00,NO2,0.072
2022-07-05T00:00:00+03:00,CO,0.4
2022-07-05T00:00:00+03:00,NO,0.005
2022-07-05T01:00:00+03:00,NO2,0.082
2022-07-05T01:00:00+03:00,CO,0.4
2022-07-05T01:00:00+03:00,NO,0.01
2022-07-07T02:00:00+03:00,CH4,1.5
2022-07-07T02:00:00+03:00,OZ,0.0032
2022-07-07T03:00:00+03:00,CH4,1.5
2022-07-07T03:00:00+03:00,OZ,0.0033
2022-07-07T04:00:00+03:00,OZ,0.0031
2022-07-07T04:00:00+03:00,CH4,1.51
2022-07-07T05:00:00+03:00,CH4,1.53
2022-07-07T05:00:00+03:00,OZ,0.0056
2022-07-07T06:00:00+03:00,CH4,1.53
2022-07-07T06:00:00+03:00,OZ,0.0097
2022-07-07T07:00:00+03:00,CH4,1.5
2022-07-07T07:00:00+03:00,OZ,0.0209
2022-07-07T08:00:00+03:00,OZ,0.0422
2022-07-07T08:00:00+03:00,CH4,1.43
2022-07-07T09:00:00+03:00,OZ,0.0234
2022-07-07T09:00:00+03:00,CH4,1.47
2022-07-07T10:00:00+03:00,OZ,0.0384
2022-07-07T10:00:00+03:00,CH4,1.44
2022-07-07T11:00:00+03:00,CH4,1.41
2022-07-07T11:00:00+03:00,OZ,0.0659
2022-07-07T12:00:00+03:00,CH4,1.4
2022-07-07T12:00:00+03:00,OZ,0.0881
2022-07-07T13:00:00+03:00,CH4,1.4
2022-07-07T13:00:00+03:00,OZ,0.1088
2022-07-07T14:00:00+03:00,CH4,1.38
2022-07-07T14:00:00+03:00,OZ,0.1067
2022-07-07T15:00:00+03:00,CH4,1.38
2022-07-07T15:00:00+03:00,OZ,0.1084
2022-07-07T16:00:00+03:00,CH4,1.38
2022-07-07T16:00:00+03:00,OZ,0.1035
2022-07-07T17:00:00+03:00,OZ,0.088
2022-07-07T17:00:00+03:00,CH4,1.38
2022-07-07T18:00:00+03:00,CH4,1.37
2022-07-07T18:00:00+03:00,OZ,0.0714
2022-07-07T19:00:00+03:00,CH4,1.38
2022-07-07T19:00:00+03:00,OZ,0.0459
2022-07-07T20:00:00+03:00,OZ,0.03
2022-07-07T20:00:00+03:00,CH4,1.37
2022-07-07T21:00:00+03:00,CH4,1.39
2022-07-07T21:00:00+03:00,OZ,0.0202
2022-07-07T22:00:00+03:00,CH4,1.41
2022-07-07T22:00:00+03:00,OZ,0.0189
2022-07-07T23:00:00+03:00,CH4,1.41
2022-07-07T23:00:00+03:00,OZ,0.0181
2022-07-08T00:00:00+03:00,CH4,1.45
2022-07-08T00:00:00+03:00,OZ,0.0157
2022-07-08T01:00:00+03:00,OZ,0.0104
2022-07-08T01:00:00+03:00,CH4,1.42
2022-07-08T02:00:00+03:00,OZ,0.0234
2022-07-08T02:00:00+03:00,CH4,1.4
2022-07-08T03:00:00+03:00,CH4,1.39
2022-07-08T03:00:00+03:00,OZ,0.0295
2022-07-08T04:00:00+03:00,OZ,0.0231
2022-07-08T04:00:00+03:00,CH4,1.4
2022-07-08T05:00:00+03:00,CH4,1.4
2022-07-08T05:00:00+03:00,OZ,0.0279
2022-07-08T06:00:00+03:00,CH4,1.4
2022-07-08T06:00:00+03:00,OZ,0.0255
2022-07-08T07:00:00+03:00,CH4,1.39
2022-07-08T07:00:00+03:00,OZ,0.0202
2022-07-08T08:00:00+03:00,CH4,1.38
2022-07-08T08:00:00+03:00,OZ,0.0312
2022-07-08T09:00:00+03:00,CH4,1.37
2022-07-08T09:00:00+03:00,OZ,0.0507
2022-07-08T10:00:00+03:00,OZ,0.0559
2022-07-08T10:00:00+03:00,CH4,1.36
2022-07-08T11:00:00+03:00,OZ,0.066
2022-07-08T11:00:00+03:00,CH4,1.36
2022-07-08T12:00:00+03:00,CH4,1.35
2022-07-08T12:00:00+03:00,OZ,0.0723
2022-07-08T13:00:00+03:00,OZ,0.0772
2022-07-08T13:00:00+03:00,CH4,1.35
2022-07-08T14:00:00+03:00,CH4,1.35
2022-07-08T14:00:00+03:00,OZ,0.0799
2022-07-08T15:00:00+03:00,OZ,0.0846
2022-07-08T15:00:00+03:00,CH4,1.35
2022-07-08T16:00:00+03:00,CH4,1.35
2022-07-08T16:00:00+03:00,OZ,0.0888
2022-07-08T17:00:00+03:00,OZ,0.0935
2022-07-08T17:00:00+03:00,CH4,1.36
2022-07-08T18:00:00+03:00,CH4,1.36
2022-07-08T18:00:00+03:00,OZ,0.0896
2022-07-08T19:00:00+03:00,OZ,0.0958
2022-07-08T19:00:00+03:00,CH4,1.36
2022-07-08T20:00:00+03:00,CH4,1.36
2022-07-08T20:00:00+03:00,OZ,0.0906
2022-07-08T21:00:00+03:00,CH4,1.36
2022-07-08T21:00:00+03:00,OZ,0.0898
2022-07-08T22:00:00+03:00,CH4,1.37
2022-07-08T22:00:00+03:00,OZ,0.0491
2022-07-08T23:00:00+03:00,CH4,1.38
2022-07-08T23:00:00+03:00,OZ,0.0173
2022-07-09T00:00:00+03:00,CH4,1.39
2022-07-09T00:00:00+03:00,OZ,0.0043
2022-07-09T01:00:00+03:00,CH4,1.43
2022-07-09T01:00:00+03:00,OZ,0.0039
2022-07-09T02:00:00+03:00,OZ,0.0042
2022-07-09T02:00:00+03:00,CH4,1.49
2022-07-09T03:00:00+03:00,CH4,1.55
2022-07-09T03:00:00+03:00,OZ,0.004
2022-07-09T04:00:00+03:00,CH4,1.6
2022-07-09T04:00:00+03:00,OZ,0.0041
2022-07-09T05:00:00+03:00,CH4,1.63
2022-07-09T05:00:00+03:00,OZ,0.0042
2022-07-09T06:00:00+03:00,OZ,0.0038
2022-07-09T06:00:00+03:00,CH4,1.74
2022-07-09T07:00:00+03:00,CH4,1.73
2022-07-09T07:00:00+03:00,OZ,0.0051
2022-07-09T08:00:00+03:00,CH4,1.44
2022-07-09T08:00:00+03:00,OZ,0.0329
2022-07-09T09:00:00+03:00,OZ,0.0423
2022-07-09T09:00:00+03:00,CH4,1.44
2022-07-09T10:00:00+03:00,CH4,1.35
2022-07-09T10:00:00+03:00,OZ,0.0621
2022-07-09T11:00:00+03:00,CH4,1.36
2022-07-09T11:00:00+03:00,OZ,0.0618
2022-07-09T12:00:00+03:00,CH4,1.37
2022-07-09T12:00:00+03:00,OZ,0.0501
2022-07-09T13:00:00+03:00,OZ,0.0318
2022-07-09T13:00:00+03:00,CH4,1.39
2022-07-09T14:00:00+03:00,OZ,0.0417
2022-07-09T14:00:00+03:00,CH4,1.39
2022-07-09T15:00:00+03:00,OZ,0.0693
2022-07-09T15:00:00+03:00,CH4,1.36
2022-07-09T16:00:00+03:00,OZ,0.0838
2022-07-09T16:00:00+03:00,CH4,1.39
2022-07-09T17:00:00+03:00,CH4,1.37
2022-07-09T17:00:00+03:00,OZ,0.095
2022-07-09T18:00:00+03:00,CH4,1.43
2022-07-09T18:00:00+03:00,OZ,0.0996
2022-07-09T19:00:00+03:00,CH4,1.37
2022-07-09T19:00:00+03:00,OZ,0.0901
2022-07-09T20:00:00+03:00,CH4,1.39
2022-07-09T20:00:00+03:00,OZ,0.0791
2022-07-09T21:00:00+03:00,OZ,0.0805
2022-07-09T21:00:00+03:00,CH4,1.44
2022-07-09T22:00:00+03:00,OZ,0.0592
2022-07-09T22:00:00+03:00,CH4,1.45
2022-07-09T23:00:00+03:00,OZ,0.0104
2022-07-09T23:00:00+03:00,CH4,1.47
2022-07-10T00:00:00+03:00,CH4,1.44
2022-07-10T00:00:00+03:00,OZ,0.039
2022-07-10T01:00:00+03:00,OZ,0.0488
2022-07-10T01:00:00+03:00,CH4,1.4
2022-07-10T02:00:00+03:00,CH4,1.44
2022-07-10T02:00:00+03:00,OZ,0.0119
2022-07-10T03:00:00+03:00,CH4,1.44
2022-07-10T03:00:00+03:00,OZ,0.0194
2022-07-10T04:00:00+03:00,CH4,1.38
2022-07-10T04:00:00+03:00,OZ,0.0587
2022-07-10T05:00:00+03:00,CH4,1.36
2022-07-10T05:00:00+03:00,OZ,0.0545
2022-07-10T06:00:00+03:00,OZ,0.0454
2022-07-10T06:00:00+03:00,CH4,1.38
2022-07-10T07:00:00+03:00,OZ,0.0501
2022-07-10T07:00:00+03:00,CH4,1.37
2022-07-10T08:00:00+03:00,OZ,0.0422
2022-07-10T08:00:00+03:00,CH4,1.38
2022-07-10T09:00:00+03:00,CH4,1.4
2022-07-10T09:00:00+03:00,OZ,0.0427
2022-07-10T10:00:00+03:00,OZ,0.0514
2022-07-10T10:00:00+03:00,CH4,1.4
2022-07-10T11:00:00+03:00,CH4,1.46
2022-07-10T11:00:00+03:00,OZ,0.0724
2022-07-10T12:00:00+03:00,OZ,0.0859
2022-07-10T12:00:00+03:00,CH4,1.43
2022-07-10T13:00:00+03:00,CH4,1.38
2022-07-10T13:00:00+03:00,OZ,0.0991
2022-07-10T14:00:00+03:00,OZ,0.1094
2022-07-10T14:00:00+03:00,CH4,1.37
2022-07-10T15:00:00+03:00,CH4,1.36
2022-07-10T15:00:00+03:00,OZ,0.1048
2022-07-10T16:00:00+03:00,OZ,0.1004
2022-07-10T16:00:00+03:00,CH4,1.36
2022-07-10T17:00:00+03:00,CH4,1.35
2022-07-10T17:00:00+03:00,OZ,0.1061
2022-07-10T18:00:00+03:00,CH4,1.36
2022-07-10T18:00:00+03:00,OZ,0.0945
2022-07-10T19:00:00+03:00,OZ,0.0739
2022-07-10T19:00:00+03:00,CH4,1.35
2022-07-10T20:00:00+03:00,OZ,0.0364
2022-07-10T20:00:00+03:00,CH4,1.36
2022-07-10T21:00:00+03:00,CH4,1.37
2022-07-10T21:00:00+03:00,OZ,0.0283
2022-07-10T22:00:00+03:00,CH4,1.4
2022-07-10T22:00:00+03:00,OZ,0.0172
2022-07-10T23:00:00+03:00,CH4,1.4
2022-07-10T23:00:00+03:00,OZ,0.0234
2022-07-11T00:00:00+03:00,CH4,1.38
2022-07-11T00:00:00+03:00,OZ,0.0332
2022-07-11T01:00:00+03:00,CH4,1.38
2022-07-11T01:00:00+03:00,OZ,0.0255
2022-07-11T02:00:00+03:00,CH4,1.43
2022-07-11T02:00:00+03:00,CO,0.2
2022-07-11T02:00:00+03:00,OZ,0.0179
2022-07-11T03:00:00+03:00,CO,0.17
2022-07-11T03:00:00+03:00,OZ,0.019
2022-07-11T03:00:00+03:00,CH4,1.46
2022-07-11T04:00:00+03:00,CO,0.13
2022-07-11T04:00:00+03:00,OZ,0.0284
2022-07-11T04:00:00+03:00,CH4,1.44
2022-07-11T05:00:00+03:00,CH4,1.42
2022-07-11T05:00:00+03:00,CO,0.2
2022-07-11T05:00:00+03:00,OZ,0.022
2022-07-11T06:00:00+03:00,CO,0.13
2022-07-11T06:00:00+03:00,CH4,1.5
2022-07-11T06:00:00+03:00,OZ,0.0186
2022-07-11T07:00:00+03:00,CH4,1.44
2022-07-11T07:00:00+03:00,CO,0.2
2022-07-11T07:00:00+03:00,OZ,0.0251
2022-07-11T08:00:00+03:00,OZ,0.031
2022-07-11T08:00:00+03:00,CO,0.23
2022-07-11T08:00:00+03:00,CH4,1.46
2022-07-11T09:00:00+03:00,CO,0.23
2022-07-11T09:00:00+03:00,CH4,1.44
2022-07-11T09:00:00+03:00,OZ,0.0448
2022-07-11T10:00:00+03:00,CH4,1.42
2022-07-11T10:00:00+03:00,OZ,0.0617
2022-07-11T10:00:00+03:00,CO,0.2
2022-07-11T11:00:00+03:00,CH4,1.39
2022-07-11T11:00:00+03:00,CO,0.23
2022-07-11T11:00:00+03:00,OZ,0.0727
2022-07-11T12:00:00+03:00,CH4,1.38
2022-07-11T12:00:00+03:00,CO,0.27
2022-07-11T12:00:00+03:00,OZ,0.0855
2022-07-11T13:00:00+03:00,OZ,0.089
2022-07-11T13:00:00+03:00,CH4,1.37
2022-07-11T13:00:00+03:00,CO,0.2
2022-07-11T14:00:00+03:00,OZ,0.0954
2022-07-11T14:00:00+03:00,CH4,1.36
2022-07-11T14:00:00+03:00,CO,0.2
2022-07-11T15:00:00+03:00,CO,0.23
2022-07-11T15:00:00+03:00,OZ,0.0967
2022-07-11T15:00:00+03:00,CH4,1.35
2022-07-11T16:00:00+03:00,OZ,0.0919
2022-07-11T16:00:00+03:00,CO,0.23
2022-07-11T16:00:00+03:00,CH4,1.35
2022-07-11T17:00:00+03:00,OZ,0.0879
2022-07-11T17:00:00+03:00,CH4,1.35
2022-07-11T17:00:00+03:00,CO,0.3
2022-07-11T18:00:00+03:00,OZ,0.0949
2022-07-11T18:00:00+03:00,CO,0.3
2022-07-11T18:00:00+03:00,CH4,1.35
2022-07-11T19:00:00+03:00,CH4,1.35
2022-07-11T19:00:00+03:00,OZ,0.0899
2022-07-11T19:00:00+03:00,CO,0.3
2022-07-11T20:00:00+03:00,OZ,0.0792
2022-07-11T20:00:00+03:00,CO,0.27
2022-07-11T20:00:00+03:00,CH4,1.36
2022-07-11T21:00:00+03:00,OZ,0.0604
2022-07-11T21:00:00+03:00,CO,0.3
2022-07-11T21:00:00+03:00,CH4,1.37
2022-07-11T22:00:00+03:00,CH4,1.37
2022-07-11T22:00:00+03:00,OZ,0.0801
2022-07-11T22:00:00+03:00,CO,0.23
2022-07-11T23:00:00+03:00,CO,0.13
2022-07-11T23:00:00+03:00,OZ,0.086
2022-07-11T23:00:00+03:00,CH4,1.36
2022-07-12T00:00:00+03:00,OZ,0.0845
2022-07-12T00:00:00+03:00,CH4,1.37
2022-07-12T00:00:00+03:00,CO,0
2022-07-12T01:00:00+03:00,CH4,1.4
2022-07-12T01:00:00+03:00,CO,0
2022-07-12T01:00:00+03:00,OZ,0.0782
2022-07-12T02:00:00+03:00,OZ,0.0955
2022-07-12T02:00:00+03:00,CH4,1.35
2022-07-12T02:00:00+03:00,CO,0
2022-07-12T03:00:00+03:00,CH4,1.35
2022-07-12T03:00:00+03:00,CO,0
2022-07-12T03:00:00+03:00,OZ,0.0927
2022-07-12T04:00:00+03:00,OZ,0.0841
2022-07-12T04:00:00+03:00,CO,0
2022-07-12T04:00:00+03:00,CH4,1.36
2022-07-12T05:00:00+03:00,OZ,0.0754
2022-07-12T05:00:00+03:00,CO,0
2022-07-12T05:00:00+03:00,CH4,1.4
2022-07-12T06:00:00+03:00,OZ,0.0652
2022-07-12T06:00:00+03:00,CO,0
2022-07-12T06:00:00+03:00,CH4,1.37
2022-07-12T07:00:00+03:00,OZ,0.0599
2022-07-12T07:00:00+03:00,CO,0
2022-07-12T07:00:00+03:00,CH4,1.38
2022-07-12T08:00:00+03:00,OZ,0.0588
2022-07-12T08:00:00+03:00,CH4,1.41
2022-07-12T08:00:00+03:00,CO,0
2022-07-12T09:00:00+03:00,CH4,1.37
2022-07-12T09:00:00+03:00,CO,0
2022-07-12T09:00:00+03:00,OZ,0.0592
2022-07-12T10:00:00+03:00,CH4,1.37
2022-07-12T10:00:00+03:00,OZ,0.0571
2022-07-12T10:00:00+03:00,CO,0
2022-07-12T11:00:00+03:00,CO,0.07
2022-07-12T11:00:00+03:00,CH4,1.37
2022-07-12T11:00:00+03:00,OZ,0.0532
2022-07-12T12:00:00+03:00,CO,0.2
2022-07-12T12:00:00+03:00,OZ,0.0578
2022-07-12T12:00:00+03:00,CH4,1.38
2022-07-12T13:00:00+03:00,OZ,0.08
2022-07-12T13:00:00+03:00,CH4,1.36
2022-07-12T13:00:00+03:00,CO,0.17
2022-07-12T14:00:00+03:00,OZ,0.0886
2022-07-12T14:00:00+03:00,CO,0.1
2022-07-12T14:00:00+03:00,CH4,1.34
2022-07-12T15:00:00+03:00,OZ,0.0889
2022-07-12T15:00:00+03:00,CH4,1.34
2022-07-12T15:00:00+03:00,CO,0.33
2022-07-12T16:00:00+03:00,CH4,1.34
2022-07-12T16:00:00+03:00,CO,0.17
2022-07-12T16:00:00+03:00,OZ,0.0852
2022-07-12T17:00:00+03:00,CH4,1.35
2022-07-12T17:00:00+03:00,OZ,0.0781
2022-07-12T17:00:00+03:00,CO,0.2
2022-07-12T18:00:00+03:00,CH4,1.36
2022-07-12T18:00:00+03:00,CO,0.27
2022-07-12T18:00:00+03:00,OZ,0.0683
2022-07-12T19:00:00+03:00,OZ,0.0523
2022-07-12T19:00:00+03:00,CO,0.3
2022-07-12T19:00:00+03:00,CH4,1.36
2022-07-12T20:00:00+03:00,CO,0.37
2022-07-12T20:00:00+03:00,CH4,1.36
2022-07-12T20:00:00+03:00,OZ,0.0458
2022-07-12T21:00:00+03:00,OZ,0.0536
2022-07-12T21:00:00+03:00,CO,0.3
2022-07-12T21:00:00+03:00,CH4,1.36
2022-07-12T22:00:00+03:00,CH4,1.37
2022-07-12T22:00:00+03:00,CO,0.37
2022-07-12T22:00:00+03:00,OZ,0.026
2022-07-12T23:00:00+03:00,CH4,1.38
2022-07-12T23:00:00+03:00,OZ,0.0224
2022-07-12T23:00:00+03:00,CO,0.33
2022-07-13T00:00:00+03:00,OZ,0.0362
2022-07-13T00:00:00+03:00,CH4,1.37
2022-07-13T00:00:00+03:00,CO,0.37
2022-07-13T01:00:00+03:00,CH4,1.37
2022-07-13T01:00:00+03:00,OZ,0.0181
2022-07-13T01:00:00+03:00,CO,0.33
2022-07-13T02:00:00+03:00,CO,0.33
2022-07-13T02:00:00+03:00,OZ,0.012
2022-07-13T02:00:00+03:00,CH4,1.37
2022-07-13T03:00:00+03:00,CO,0.37
2022-07-13T03:00:00+03:00,CH4,1.38
2022-07-13T03:00:00+03:00,OZ,0.0075
2022-07-13T04:00:00+03:00,CO,0.43
2022-07-13T04:00:00+03:00,OZ,0.003
2022-07-13T04:00:00+03:00,CH4,1.4
2022-07-13T05:00:00+03:00,OZ,0.0033
2022-07-13T05:00:00+03:00,CO,0.6
2022-07-13T05:00:00+03:00,CH4,1.45
2022-07-13T06:00:00+03:00,CO,0.6
2022-07-13T06:00:00+03:00,OZ,0.0032
2022-07-13T06:00:00+03:00,CH4,1.54
2022-07-13T07:00:00+03:00,OZ,0.0075
2022-07-13T07:00:00+03:00,CO,0.4
2022-07-13T07:00:00+03:00,CH4,1.51
2022-07-13T08:00:00+03:00,OZ,0.0244
2022-07-13T08:00:00+03:00,CH4,1.46
2022-07-13T08:00:00+03:00,CO,0.3
2022-07-13T09:00:00+03:00,CH4,1.45
2022-07-13T09:00:00+03:00,CO,0.3
2022-07-13T09:00:00+03:00,OZ,0.0326
2022-07-13T10:00:00+03:00,OZ,0.0471
2022-07-13T10:00:00+03:00,CH4,1.44
2022-07-13T10:00:00+03:00,CO,0.3
2022-07-13T11:00:00+03:00,CO,0.23
2022-07-13T11:00:00+03:00,CH4,1.4
2022-07-13T11:00:00+03:00,OZ,0.048
2022-07-13T12:00:00+03:00,CO,0.2
2022-07-13T12:00:00+03:00,OZ,0.0572
2022-07-13T12:00:00+03:00,CH4,1.38
2022-07-13T13:00:00+03:00,OZ,0.0624
2022-07-13T13:00:00+03:00,CO,0.2
2022-07-13T13:00:00+03:00,CH4,1.38
2022-07-13T14:00:00+03:00,CH4,1.37
2022-07-13T14:00:00+03:00,OZ,0.063
2022-07-13T14:00:00+03:00,CO,0.2
2022-07-13T15:00:00+03:00,CO,0.2
2022-07-13T15:00:00+03:00,OZ,0.0659
2022-07-13T15:00:00+03:00,CH4,1.37
2022-07-13T16:00:00+03:00,CH4,1.37
2022-07-13T16:00:00+03:00,OZ,0.0747
2022-07-13T16:00:00+03:00,CO,0.2
2022-07-13T17:00:00+03:00,CO,0.2
2022-07-13T17:00:00+03:00,CH4,1.4
2022-07-13T17:00:00+03:00,OZ,0.0674
2022-07-13T18:00:00+03:00,CH4,1.37
2022-07-13T18:00:00+03:00,CO,0.3
2022-07-13T18:00:00+03:00,OZ,0.0527
2022-07-13T19:00:00+03:00,OZ,0.0591
2022-07-13T19:00:00+03:00,CH4,1.35
2022-07-13T19:00:00+03:00,CO,0.2
2022-07-13T20:00:00+03:00,OZ,0.0396
2022-07-13T20:00:00+03:00,CH4,1.36
2022-07-13T20:00:00+03:00,CO,0.2
2022-07-13T21:00:00+03:00,OZ,0.0191
2022-07-13T21:00:00+03:00,CH4,1.38
2022-07-13T21:00:00+03:00,CO,0.3
2022-07-13T22:00:00+03:00,CH4,1.36
2022-07-13T22:00:00+03:00,OZ,0.0326
2022-07-13T22:00:00+03:00,CO,0.2
2022-07-13T23:00:00+03:00,OZ,0.0148
2022-07-13T23:00:00+03:00,CH4,1.36
2022-07-13T23:00:00+03:00,CO,0.23
2022-07-14T00:00:00+03:00,CH4,1.38
2022-07-14T00:00:00+03:00,CO,0.3
2022-07-14T00:00:00+03:00,OZ,0.0066
2022-07-14T01:00:00+03:00,OZ,0.003
2022-07-14T01:00:00+03:00,CO,0.3
2022-07-14T01:00:00+03:00,CH4,1.43
2022-07-14T02:00:00+03:00,CH4,1.5
2022-07-14T02:00:00+03:00,OZ,0.0031
2022-07-14T02:00:00+03:00,CO,0.33
2022-07-14T03:00:00+03:00,CH4,1.54
2022-07-14T03:00:00+03:00,CO,0.57
2022-07-14T03:00:00+03:00,OZ,0.0031
2022-07-14T04:00:00+03:00,OZ,0.0029
2022-07-14T04:00:00+03:00,CH4,1.57
2022-07-14T04:00:00+03:00,CO,0.33
2022-07-14T05:00:00+03:00,CH4,1.61
2022-07-14T05:00:00+03:00,CO,0.3
2022-07-14T05:00:00+03:00,OZ,0.0028
2022-07-14T06:00:00+03:00,OZ,0.0031
2022-07-14T06:00:00+03:00,CH4,1.66
2022-07-14T06:00:00+03:00,CO,0.3
2022-07-14T07:00:00+03:00,OZ,0.0048
2022-07-14T07:00:00+03:00,CH4,1.57
2022-07-14T07:00:00+03:00,CO,0.33
2022-07-14T08:00:00+03:00,CH4,1.43
2022-07-14T08:00:00+03:00,CO,0.17
2022-07-14T08:00:00+03:00,OZ,0.0182
2022-07-14T09:00:00+03:00,CH4,1.47
2022-07-14T09:00:00+03:00,CO,0.43
2022-07-14T09:00:00+03:00,OZ,0.0059
2022-07-14T10:00:00+03:00,CO,0.33
2022-07-14T10:00:00+03:00,CH4,1.49
2022-07-14T10:00:00+03:00,OZ,0.0154
2022-07-14T11:00:00+03:00,CO,0.17
2022-07-14T11:00:00+03:00,OZ,0.0383
2022-07-14T11:00:00+03:00,CH4,1.48
2022-07-14T12:00:00+03:00,CO,0.33
2022-07-14T12:00:00+03:00,CH4,1.43
2022-07-14T12:00:00+03:00,OZ,0.037
2022-07-14T13:00:00+03:00,OZ,0.0484
2022-07-14T13:00:00+03:00,CH4,1.43
2022-07-14T13:00:00+03:00,CO,0.23
2022-07-14T14:00:00+03:00,OZ,0.0673
2022-07-14T14:00:00+03:00,CH4,1.44
2022-07-14T14:00:00+03:00,CO,0.23
2022-07-14T15:00:00+03:00,CO,0.2
2022-07-14T15:00:00+03:00,CH4,1.38
2022-07-14T15:00:00+03:00,OZ,0.0826
2022-07-14T16:00:00+03:00,CO,0.33
2022-07-14T16:00:00+03:00,CH4,1.35
2022-07-14T16:00:00+03:00,OZ,0.0882
2022-07-14T17:00:00+03:00,CH4,1.36
2022-07-14T17:00:00+03:00,OZ,0.0836
2022-07-14T17:00:00+03:00,CO,0.43
2022-07-14T18:00:00+03:00,CO,0.47
2022-07-14T18:00:00+03:00,OZ,0.0804
2022-07-14T18:00:00+03:00,CH4,1.38
2022-07-14T19:00:00+03:00,CO,0.4
2022-07-14T19:00:00+03:00,OZ,0.0733
2022-07-14T19:00:00+03:00,CH4,1.38
2022-07-14T20:00:00+03:00,OZ,0.0614
2022-07-14T20:00:00+03:00,CH4,1.38
2022-07-14T20:00:00+03:00,CO,0.4
2022-07-14T21:00:00+03:00,CO,0.4
2022-07-14T21:00:00+03:00,OZ,0.0431
2022-07-14T21:00:00+03:00,CH4,1.39
2022-07-14T22:00:00+03:00,CH4,1.38
2022-07-14T22:00:00+03:00,CO,0.57
2022-07-14T22:00:00+03:00,OZ,0.0269
2022-07-14T23:00:00+03:00,CO,0.4
2022-07-14T23:00:00+03:00,OZ,0.0365
2022-07-14T23:00:00+03:00,CH4,1.39
2022-07-15T00:00:00+03:00,CO,0.1
2022-07-15T00:00:00+03:00,CH4,1.36
2022-07-15T00:00:00+03:00,OZ,0.061
2022-07-15T01:00:00+03:00,CO,0.1
2022-07-15T01:00:00+03:00,CH4,1.36
2022-07-15T01:00:00+03:00,OZ,0.052
2022-07-15T02:00:00+03:00,OZ,0.0348
2022-07-15T02:00:00+03:00,CO,0.07
2022-07-15T02:00:00+03:00,CH4,1.42
2022-07-15T03:00:00+03:00,CO,0
2022-07-15T03:00:00+03:00,CH4,1.46
2022-07-15T03:00:00+03:00,OZ,0.0375
2022-07-15T04:00:00+03:00,CH4,1.42
2022-07-15T04:00:00+03:00,OZ,0.0372
2022-07-15T04:00:00+03:00,CO,0
2022-07-15T05:00:00+03:00,CH4,1.4
2022-07-15T05:00:00+03:00,CO,0
2022-07-15T05:00:00+03:00,OZ,0.0344
2022-07-15T06:00:00+03:00,OZ,0.0299
2022-07-15T06:00:00+03:00,CH4,1.42
2022-07-15T06:00:00+03:00,CO,0
2022-07-15T07:00:00+03:00,OZ,0.0247
2022-07-15T07:00:00+03:00,CH4,1.4
2022-07-15T07:00:00+03:00,CO,0
2022-07-15T08:00:00+03:00,CO,0.07
2022-07-15T08:00:00+03:00,OZ,0.0206
2022-07-15T08:00:00+03:00,CH4,1.4
2022-07-15T09:00:00+03:00,CO,0.07
2022-07-15T09:00:00+03:00,CH4,1.41
2022-07-15T09:00:00+03:00,OZ,0.0278
2022-07-15T10:00:00+03:00,CH4,1.37
2022-07-15T10:00:00+03:00,CO,0.07
2022-07-15T10:00:00+03:00,OZ,0.0438
2022-07-15T11:00:00+03:00,CH4,1.37
2022-07-15T11:00:00+03:00,OZ,0.0556
2022-07-15T11:00:00+03:00,CO,0.17
2022-07-15T12:00:00+03:00,CH4,1.37
2022-07-15T12:00:00+03:00,OZ,0.0626
2022-07-15T12:00:00+03:00,CO,0.3
2022-07-15T13:00:00+03:00,CH4,1.36
2022-07-15T13:00:00+03:00,CO,0.2
2022-07-15T13:00:00+03:00,OZ,0.0753
2022-07-15T14:00:00+03:00,OZ,0.0779
2022-07-15T14:00:00+03:00,CO,0.2
2022-07-15T14:00:00+03:00,CH4,1.35
2022-07-15T15:00:00+03:00,OZ,0.0733
2022-07-15T15:00:00+03:00,CH4,1.35
2022-07-15T15:00:00+03:00,CO,0.2
2022-07-15T16:00:00+03:00,CH4,1.35
2022-07-15T16:00:00+03:00,OZ,0.0716
2022-07-15T16:00:00+03:00,CO,0.23
2022-07-15T17:00:00+03:00,CO,0.23
2022-07-15T17:00:00+03:00,CH4,1.35
2022-07-15T17:00:00+03:00,OZ,0.0688
2022-07-15T18:00:00+03:00,OZ,0.0659
2022-07-15T18:00:00+03:00,CH4,1.34
2022-07-15T18:00:00+03:00,CO,0.3
2022-07-15T19:00:00+03:00,OZ,0.0569
2022-07-15T19:00:00+03:00,CO,0.23
2022-07-15T19:00:00+03:00,CH4,1.34
2022-07-15T20:00:00+03:00,CO,0.2
2022-07-15T20:00:00+03:00,OZ,0.0555
2022-07-15T20:00:00+03:00,CH4,1.35
2022-07-15T21:00:00+03:00,CO,0.1
2022-07-15T21:00:00+03:00,OZ,0.0577
2022-07-15T21:00:00+03:00,CH4,1.34
2022-07-15T22:00:00+03:00,OZ,0.0374
2022-07-15T22:00:00+03:00,CO,0.23
2022-07-15T22:00:00+03:00,CH4,1.35
2022-07-15T23:00:00+03:00,CH4,1.35
2022-07-15T23:00:00+03:00,OZ,0.0344
2022-07-15T23:00:00+03:00,CO,0.17
2022-07-16T00:00:00+03:00,CH4,1.35
2022-07-16T00:00:00+03:00,CO,0.1
2022-07-16T00:00:00+03:00,OZ,0.0275
2022-07-16T01:00:00+03:00,CH4,1.37
2022-07-16T01:00:00+03:00,CO,0.1
2022-07-16T01:00:00+03:00,OZ,0.0173
2022-07-16T02:00:00+03:00,CO,0
2022-07-16T02:00:00+03:00,OZ,0.0221
2022-07-16T02:00:00+03:00,CH4,1.37
2022-07-16T03:00:00+03:00,OZ,0.0324
2022-07-16T03:00:00+03:00,CO,0
2022-07-16T03:00:00+03:00,CH4,1.37
2022-07-16T04:00:00+03:00,CO,0
2022-07-16T04:00:00+03:00,OZ,0.0209
2022-07-16T04:00:00+03:00,CH4,1.39
2022-07-16T05:00:00+03:00,OZ,0.0174
2022-07-16T05:00:00+03:00,CO,0
2022-07-16T05:00:00+03:00,CH4,1.41
2022-07-16T06:00:00+03:00,CH4,1.42
2022-07-16T06:00:00+03:00,CO,0.13
2022-07-16T06:00:00+03:00,OZ,0.0145
2022-07-16T07:00:00+03:00,CH4,1.4
2022-07-16T07:00:00+03:00,CO,0.33
2022-07-16T07:00:00+03:00,OZ,0.0224
2022-07-16T08:00:00+03:00,CO,0.27
2022-07-16T08:00:00+03:00,CH4,1.38
2022-07-16T08:00:00+03:00,OZ,0.034
2022-07-16T09:00:00+03:00,CO,0.2
2022-07-16T09:00:00+03:00,CH4,1.38
2022-07-16T09:00:00+03:00,OZ,0.0425
2022-07-16T10:00:00+03:00,CO,0.13
2022-07-16T10:00:00+03:00,CH4,1.37
2022-07-16T10:00:00+03:00,OZ,0.0512
2022-07-16T11:00:00+03:00,CH4,1.36
2022-07-16T11:00:00+03:00,CO,0.07
2022-07-16T11:00:00+03:00,OZ,0.06
2022-07-16T12:00:00+03:00,OZ,0.0667
2022-07-16T12:00:00+03:00,CO,0.03
2022-07-16T12:00:00+03:00,CH4,1.36
2022-07-16T13:00:00+03:00,CO,0
2022-07-16T13:00:00+03:00,CH4,1.36
2022-07-16T13:00:00+03:00,OZ,0.0685
2022-07-16T14:00:00+03:00,CH4,1.36
2022-07-16T14:00:00+03:00,OZ,0.0719
2022-07-16T14:00:00+03:00,CO,0
2022-07-16T15:00:00+03:00,OZ,0.0666
2022-07-16T15:00:00+03:00,CO,0
2022-07-16T15:00:00+03:00,CH4,1.36
2022-07-16T16:00:00+03:00,CO,0
2022-07-16T16:00:00+03:00,OZ,0.0613
2022-07-16T16:00:00+03:00,CH4,1.36
2022-07-16T17:00:00+03:00,OZ,0.0632
2022-07-16T17:00:00+03:00,CO,0
2022-07-16T17:00:00+03:00,CH4,1.36
2022-07-16T18:00:00+03:00,CH4,1.36
2022-07-16T18:00:00+03:00,OZ,0.0618
2022-07-16T18:00:00+03:00,CO,0
2022-07-16T19:00:00+03:00,CO,0
2022-07-16T19:00:00+03:00,CH4,1.36
2022-07-16T19:00:00+03:00,OZ,0.0524
2022-07-16T20:00:00+03:00,CO,0
2022-07-16T20:00:00+03:00,CH4,1.37
2022-07-16T20:00:00+03:00,OZ,0.0384
2022-07-16T21:00:00+03:00,CH4,1.38
2022-07-16T21:00:00+03:00,OZ,0.0265
2022-07-16T21:00:00+03:00,CO,0
2022-07-16T22:00:00+03:00,CO,0
2022-07-16T22:00:00+03:00,OZ,0.029
2022-07-16T22:00:00+03:00,CH4,1.38
2022-07-16T23:00:00+03:00,CO,0.13
2022-07-16T23:00:00+03:00,CH4,1.39
2022-07-16T23:00:00+03:00,OZ,0.0099
2022-07-17T00:00:00+03:00,CH4,1.39
2022-07-17T00:00:00+03:00,CO,0.3
2022-07-17T00:00:00+03:00,OZ,0.0033
2022-07-17T01:00:00+03:00,OZ,0.0118
2022-07-17T01:00:00+03:00,CO,0.03
2022-07-17T01:00:00+03:00,CH4,1.39
2022-07-17T02:00:00+03:00,CO,0.1
2022-07-17T02:00:00+03:00,CH4,1.41
2022-07-17T02:00:00+03:00,OZ,0.0071
2022-07-17T03:00:00+03:00,CH4,1.4
2022-07-17T03:00:00+03:00,CO,0.03
2022-07-17T03:00:00+03:00,OZ,0.0198
2022-07-17T04:00:00+03:00,CO,0
2022-07-17T04:00:00+03:00,CH4,1.39
2022-07-17T04:00:00+03:00,OZ,0.0218
2022-07-17T05:00:00+03:00,CO,0.03
2022-07-17T05:00:00+03:00,CH4,1.41
2022-07-17T05:00:00+03:00,OZ,0.0091
2022-07-17T06:00:00+03:00,CO,0
2022-07-17T06:00:00+03:00,OZ,0.0036
2022-07-17T06:00:00+03:00,CH4,1.44
2022-07-17T07:00:00+03:00,CH4,1.45
2022-07-17T07:00:00+03:00,CO,0.03
2022-07-17T07:00:00+03:00,OZ,0.0046
2022-07-17T08:00:00+03:00,OZ,0.018
2022-07-17T08:00:00+03:00,CO,0
2022-07-17T08:00:00+03:00,CH4,1.44
2022-07-17T09:00:00+03:00,CO,0
2022-07-17T09:00:00+03:00,OZ,0.0356
2022-07-17T09:00:00+03:00,CH4,1.37
2022-07-17T10:00:00+03:00,CO,0
2022-07-17T10:00:00+03:00,OZ,0.0382
2022-07-17T10:00:00+03:00,CH4,1.36
2022-07-17T11:00:00+03:00,CH4,1.36
2022-07-17T11:00:00+03:00,OZ,0.0538
2022-07-17T11:00:00+03:00,CO,0.13
2022-07-17T12:00:00+03:00,CH4,1.37
2022-07-17T12:00:00+03:00,OZ,0.0579
2022-07-17T12:00:00+03:00,CO,0.4
2022-07-17T13:00:00+03:00,CH4,1.34
2022-07-17T13:00:00+03:00,OZ,0.0598
2022-07-17T13:00:00+03:00,CO,0.4
2022-07-17T14:00:00+03:00,CH4,1.35
2022-07-17T14:00:00+03:00,OZ,0.0623
2022-07-17T14:00:00+03:00,CO,0.4
2022-07-17T15:00:00+03:00,OZ,0.0708
2022-07-17T15:00:00+03:00,CH4,1.35
2022-07-17T15:00:00+03:00,CO,0.43
2022-07-17T16:00:00+03:00,OZ,0.0713
2022-07-17T16:00:00+03:00,CO,0.47
2022-07-17T16:00:00+03:00,CH4,1.36
2022-07-17T17:00:00+03:00,CO,0.47
2022-07-17T17:00:00+03:00,CH4,1.35
2022-07-17T17:00:00+03:00,OZ,0.073
2022-07-17T18:00:00+03:00,CO,0.5
2022-07-17T18:00:00+03:00,OZ,0.0672
2022-07-17T18:00:00+03:00,CH4,1.37
2022-07-17T19:00:00+03:00,CO,0.5
2022-07-17T19:00:00+03:00,CH4,1.37
2022-07-17T19:00:00+03:00,OZ,0.0569
2022-07-17T20:00:00+03:00,CH4,1.37
2022-07-17T20:00:00+03:00,CO,0.6
2022-07-17T20:00:00+03:00,OZ,0.0419
2022-07-17T21:00:00+03:00,OZ,0.0421
2022-07-17T21:00:00+03:00,CH4,1.4
2022-07-17T21:00:00+03:00,CO,0.57
2022-07-17T22:00:00+03:00,CO,0.7
2022-07-17T22:00:00+03:00,CH4,1.43
2022-07-17T22:00:00+03:00,OZ,0.0223
2022-07-17T23:00:00+03:00,CO,0.57
2022-07-17T23:00:00+03:00,CH4,1.41
2022-07-17T23:00:00+03:00,OZ,0.0284
2022-07-18T00:00:00+03:00,OZ,0.0292
2022-07-18T00:00:00+03:00,CH4,1.4
2022-07-18T00:00:00+03:00,CO,0.3
2022-07-18T01:00:00+03:00,CH4,1.4
2022-07-18T01:00:00+03:00,CO,0.23
2022-07-18T01:00:00+03:00,OZ,0.0234
2022-07-18T02:00:00+03:00,CH4,1.41
2022-07-18T02:00:00+03:00,CO,0.27
2022-07-18T03:00:00+03:00,CO,0.33
2022-07-18T03:00:00+03:00,CH4,1.44
2022-07-18T04:00:00+03:00,CH4,1.41
2022-07-18T04:00:00+03:00,CO,0.2
2022-07-18T05:00:00+03:00,CO,0.2
2022-07-18T05:00:00+03:00,CH4,1.4
2022-07-18T06:00:00+03:00,CO,0.2
2022-07-18T06:00:00+03:00,CH4,1.45
2022-07-18T07:00:00+03:00,CH4,1.45
2022-07-18T07:00:00+03:00,CO,0.27
2022-07-18T08:00:00+03:00,CO,0.3
2022-07-18T08:00:00+03:00,CH4,1.42
2022-07-18T09:00:00+03:00,CH4,1.42
2022-07-18T09:00:00+03:00,CO,0.3
2022-07-18T10:00:00+03:00,CO,0.33
2022-07-18T10:00:00+03:00,CH4,1.44
2022-07-18T11:00:00+03:00,CH4,1.47
2022-07-18T11:00:00+03:00,CO,0.3
2022-07-18T12:00:00+03:00,CO,0
2022-07-18T12:00:00+03:00,CH4,1.42
2022-07-18T13:00:00+03:00,CO,0
2022-07-18T13:00:00+03:00,CH4,1.37
2022-07-18T14:00:00+03:00,CO,0
2022-07-18T14:00:00+03:00,CH4,1.36
2022-07-18T15:00:00+03:00,CH4,1.37
2022-07-18T15:00:00+03:00,CO,0
2022-07-18T16:00:00+03:00,CH4,1.38
2022-07-18T16:00:00+03:00,CO,0
2022-07-18T17:00:00+03:00,CO,0
2022-07-18T17:00:00+03:00,CH4,1.38
2022-07-18T18:00:00+03:00,CO,0
2022-07-18T18:00:00+03:00,CH4,1.37
2022-07-18T19:00:00+03:00,CO,0
2022-07-18T19:00:00+03:00,CH4,1.37
2022-07-18T20:00:00+03:00,CO,0
2022-07-18T20:00:00+03:00,CH4,1.37
2022-07-18T21:00:00+03:00,CO,0
2022-07-18T21:00:00+03:00,CH4,1.39
2022-07-18T22:00:00+03:00,CO,0
2022-07-18T22:00:00+03:00,CH4,1.42
2022-07-18T23:00:00+03:00,CO,0.03
2022-07-18T23:00:00+03:00,CH4,1.41
2022-07-19T00:00:00+03:00,CH4,1.41
2022-07-19T00:00:00+03:00,CO,0.4
2022-07-19T01:00:00+03:00,CO,0.4
2022-07-19T01:00:00+03:00,CH4,1.41
2022-07-19T02:00:00+03:00,CO,0.3
2022-07-19T02:00:00+03:00,CH4,1.4
2022-07-19T03:00:00+03:00,CO,0.3
2022-07-19T03:00:00+03:00,CH4,1.41
2022-07-19T04:00:00+03:00,CO,0.3
2022-07-19T04:00:00+03:00,CH4,1.41
2022-07-19T05:00:00+03:00,CO,0.3
2022-07-19T05:00:00+03:00,CH4,1.42
2022-07-19T06:00:00+03:00,CH4,1.41
2022-07-19T06:00:00+03:00,CO,0.2
2022-07-19T07:00:00+03:00,CO,0.27
2022-07-19T07:00:00+03:00,CH4,1.39
2022-07-19T08:00:00+03:00,CH4,1.38
2022-07-19T08:00:00+03:00,CO,0.4
2022-07-19T09:00:00+03:00,CH4,1.37
2022-07-19T09:00:00+03:00,CO,0.4
2022-07-19T10:00:00+03:00,CH4,1.37
2022-07-19T10:00:00+03:00,CO,0.4
2022-07-19T11:00:00+03:00,CH4,1.37
2022-07-19T11:00:00+03:00,CO,0.23
2022-07-19T12:00:00+03:00,CO,0
2022-07-19T12:00:00+03:00,CH4,1.37
2022-07-19T13:00:00+03:00,CO,0
2022-07-19T13:00:00+03:00,CH4,1.37
2022-07-19T14:00:00+03:00,CO,0
2022-07-19T14:00:00+03:00,CH4,1.37
2022-07-19T15:00:00+03:00,CO,0
2022-07-19T15:00:00+03:00,CH4,1.36
2022-07-19T16:00:00+03:00,CH4,1.37
2022-07-19T16:00:00+03:00,CO,0
2022-07-19T17:00:00+03:00,CH4,1.37
2022-07-19T17:00:00+03:00,CO,0
2022-07-19T18:00:00+03:00,CO,0
2022-07-19T18:00:00+03:00,CH4,1.36
2022-07-19T19:00:00+03:00,CO,0
2022-07-19T19:00:00+03:00,CH4,1.37
2022-07-19T20:00:00+03:00,CH4,1.37
2022-07-19T20:00:00+03:00,CO,0
2022-07-19T21:00:00+03:00,CH4,1.38
2022-07-19T21:00:00+03:00,CO,0
2022-07-19T22:00:00+03:00,CO,0.03
2022-07-19T22:00:00+03:00,CH4,1.4
2022-07-19T23:00:00+03:00,CH4,1.39
2022-07-19T23:00:00+03:00,CO,0.13
2022-07-20T00:00:00+03:00,CH4,1.38
2022-07-20T00:00:00+03:00,CO,0.37
2022-07-20T01:00:00+03:00,CH4,1.38
2022-07-20T01:00:00+03:00,CO,0.37
2022-07-20T02:00:00+03:00,CO,0.37
2022-07-20T02:00:00+03:00,CH4,1.41
2022-07-20T03:00:00+03:00,CH4,1.41
2022-07-20T03:00:00+03:00,CO,0.3
2022-07-20T04:00:00+03:00,CH4,1.41
2022-07-20T04:00:00+03:00,CO,0.37
2022-07-20T05:00:00+03:00,CH4,1.41
2022-07-20T05:00:00+03:00,CO,0.67
2022-07-20T06:00:00+03:00,CH4,1.43
2022-07-20T06:00:00+03:00,CO,0.7
2022-07-20T07:00:00+03:00,CH4,1.42
2022-07-20T07:00:00+03:00,CO,0.7
2022-07-20T08:00:00+03:00,CO,0.8
2022-07-20T08:00:00+03:00,CH4,1.41
2022-07-20T09:00:00+03:00,CH4,1.41
2022-07-20T09:00:00+03:00,CO,0.9
2022-07-20T10:00:00+03:00,CO,0.87
2022-07-20T10:00:00+03:00,CH4,1.41
2022-07-20T11:00:00+03:00,CH4,1.4
2022-07-20T11:00:00+03:00,CO,0.57
2022-07-20T12:00:00+03:00,CO,0.27
2022-07-20T12:00:00+03:00,CH4,1.38
2022-07-20T13:00:00+03:00,CH4,1.38
2022-07-20T13:00:00+03:00,CO,0.1
2022-07-20T14:00:00+03:00,CO,0.03
2022-07-20T14:00:00+03:00,CH4,1.37
2022-07-20T15:00:00+03:00,CH4,1.36
2022-07-20T15:00:00+03:00,CO,0
2022-07-20T16:00:00+03:00,CO,0
2022-07-20T16:00:00+03:00,CH4,1.36
2022-07-20T17:00:00+03:00,CO,0
2022-07-20T17:00:00+03:00,CH4,1.36
2022-07-20T18:00:00+03:00,CO,0
2022-07-20T18:00:00+03:00,CH4,1.36
2022-07-20T19:00:00+03:00,CH4,1.36
2022-07-20T19:00:00+03:00,CO,0.13
2022-07-20T20:00:00+03:00,CO,0.07
2022-07-20T20:00:00+03:00,CH4,1.38
2022-07-20T21:00:00+03:00,CH4,1.38
2022-07-20T21:00:00+03:00,CO,0.03
2022-07-20T22:00:00+03:00,CH4,1.45
2022-07-20T22:00:00+03:00,CO,0
2022-07-20T23:00:00+03:00,CH4,1.39
2022-07-20T23:00:00+03:00,CO,0.1
2022-07-21T00:00:00+03:00,CO,0.47
2022-07-21T00:00:00+03:00,CH4,1.4
2022-07-21T01:00:00+03:00,CH4,1.41
2022-07-21T01:00:00+03:00,CO,0.6
2022-07-21T02:00:00+03:00,CH4,1.44
2022-07-21T02:00:00+03:00,CO,0.6
2022-07-21T03:00:00+03:00,CH4,1.42
2022-07-21T03:00:00+03:00,CO,0.6
2022-07-21T04:00:00+03:00,CO,0.6
2022-07-21T04:00:00+03:00,CH4,1.41
2022-07-21T05:00:00+03:00,CH4,1.42
2022-07-21T05:00:00+03:00,CO,0.6
2022-07-21T06:00:00+03:00,CH4,1.43
2022-07-21T06:00:00+03:00,CO,0.67
2022-07-21T07:00:00+03:00,CH4,1.45
2022-07-21T07:00:00+03:00,CO,0.63
2022-07-21T08:00:00+03:00,CO,0.7
2022-07-21T08:00:00+03:00,CH4,1.43
2022-07-21T09:00:00+03:00,CO,0.77
2022-07-21T09:00:00+03:00,CH4,1.41
2022-07-21T10:00:00+03:00,CH4,1.39
2022-07-21T10:00:00+03:00,CO,0.63
2022-07-21T11:00:00+03:00,CH4,1.4
2022-07-21T11:00:00+03:00,CO,0.5
2022-07-21T12:00:00+03:00,CO,0.17
2022-07-21T12:00:00+03:00,CH4,1.39
2022-07-21T13:00:00+03:00,CH4,1.38
2022-07-21T13:00:00+03:00,CO,0.07
2022-07-21T14:00:00+03:00,CO,0
2022-07-21T14:00:00+03:00,CH4,1.36
2022-07-21T15:00:00+03:00,CO,0
2022-07-21T15:00:00+03:00,CH4,1.38
2022-07-21T16:00:00+03:00,CH4,1.36
2022-07-21T16:00:00+03:00,CO,0
2022-07-21T17:00:00+03:00,CO,0
2022-07-21T17:00:00+03:00,CH4,1.36
2022-07-21T18:00:00+03:00,CH4,1.35
2022-07-21T18:00:00+03:00,CO,0
2022-07-21T19:00:00+03:00,CH4,1.36
2022-07-21T19:00:00+03:00,CO,0.17
2022-07-21T20:00:00+03:00,CO,0
2022-07-21T20:00:00+03:00,CH4,1.35
2022-07-21T21:00:00+03:00,CO,0.03
2022-07-21T21:00:00+03:00,CH4,1.35
2022-07-21T22:00:00+03:00,CO,0.13
2022-07-21T22:00:00+03:00,CH4,1.35
2022-07-21T23:00:00+03:00,CH4,1.37
2022-07-21T23:00:00+03:00,CO,0.17
2022-07-22T00:00:00+03:00,CO,0.13
2022-07-22T00:00:00+03:00,CH4,1.37
2022-07-22T01:00:00+03:00,CO,0.03
2022-07-22T01:00:00+03:00,CH4,1.38
2022-07-22T02:00:00+03:00,CH4,1.37
2022-07-22T02:00:00+03:00,CO,0.03
2022-07-22T03:00:00+03:00,CH4,1.36
2022-07-22T03:00:00+03:00,CO,0
2022-07-22T04:00:00+03:00,CO,0
2022-07-22T04:00:00+03:00,CH4,1.37
2022-07-22T05:00:00+03:00,CH4,1.37
2022-07-22T05:00:00+03:00,CO,0
2022-07-22T06:00:00+03:00,CO,0
2022-07-22T06:00:00+03:00,CH4,1.37
2022-07-22T07:00:00+03:00,CO,0
2022-07-22T07:00:00+03:00,CH4,1.37
2022-07-22T08:00:00+03:00,CO,0
2022-07-22T08:00:00+03:00,CH4,1.39
2022-07-22T09:00:00+03:00,CO,0.03
2022-07-22T09:00:00+03:00,CH4,1.38
2022-07-22T10:00:00+03:00,CH4,1.37
2022-07-22T10:00:00+03:00,CO,0
2022-07-22T11:00:00+03:00,CO,0.03
2022-07-22T11:00:00+03:00,CH4,1.36
2022-07-22T12:00:00+03:00,CO,0.13
2022-07-22T12:00:00+03:00,CH4,1.35
2022-07-22T13:00:00+03:00,CO,0.03
2022-07-22T13:00:00+03:00,CH4,1.35
2022-07-22T14:00:00+03:00,CH4,1.34
2022-07-22T14:00:00+03:00,CO,0.07
2022-07-22T15:00:00+03:00,CH4,1.33
2022-07-22T15:00:00+03:00,CO,0.2
2022-07-22T16:00:00+03:00,CO,0.2
2022-07-22T16:00:00+03:00,CH4,1.34
2022-07-22T17:00:00+03:00,CO,0.2
2022-07-22T17:00:00+03:00,CH4,1.34
2022-07-22T18:00:00+03:00,CO,0.13
2022-07-22T18:00:00+03:00,CH4,1.34
2022-07-22T19:00:00+03:00,CO,0.1
2022-07-22T19:00:00+03:00,CH4,1.34
2022-07-22T20:00:00+03:00,CO,0.2
2022-07-22T20:00:00+03:00,CH4,1.34
2022-07-22T21:00:00+03:00,CH4,1.37
2022-07-22T21:00:00+03:00,CO,0.2
2022-07-22T22:00:00+03:00,CH4,1.39
2022-07-22T22:00:00+03:00,CO,0.5
2022-07-22T23:00:00+03:00,CH4,1.36
2022-07-22T23:00:00+03:00,CO,0.5
2022-07-23T00:00:00+03:00,CH4,1.36
2022-07-23T00:00:00+03:00,CO,0.57
2022-07-23T01:00:00+03:00,CO,0.57
2022-07-23T01:00:00+03:00,CH4,1.38
2022-07-23T02:00:00+03:00,CH4,1.39
2022-07-23T02:00:00+03:00,CO,0.47
2022-07-23T03:00:00+03:00,CO,0.37
2022-07-23T03:00:00+03:00,CH4,1.4
2022-07-23T04:00:00+03:00,CH4,1.42
2022-07-23T04:00:00+03:00,CO,0.37
2022-07-23T05:00:00+03:00,CH4,1.41
2022-07-23T05:00:00+03:00,CO,0.3
2022-07-23T06:00:00+03:00,CH4,1.42
2022-07-23T06:00:00+03:00,CO,0.3
2022-07-23T07:00:00+03:00,CH4,1.44
2022-07-23T07:00:00+03:00,CO,0.33
2022-07-23T08:00:00+03:00,CH4,1.44
2022-07-23T08:00:00+03:00,CO,0.23
2022-07-23T09:00:00+03:00,CH4,1.41
2022-07-23T09:00:00+03:00,CO,0.2
2022-07-23T10:00:00+03:00,CO,0.2
2022-07-23T10:00:00+03:00,CH4,1.4
2022-07-23T11:00:00+03:00,CH4,1.39
2022-07-23T11:00:00+03:00,CO,0.17
2022-07-23T12:00:00+03:00,CO,0
2022-07-23T12:00:00+03:00,CH4,1.38
2022-07-23T13:00:00+03:00,CO,0.1
2022-07-23T13:00:00+03:00,CH4,1.36
2022-07-23T14:00:00+03:00,CH4,1.36
2022-07-23T14:00:00+03:00,CO,0.1
2022-07-23T15:00:00+03:00,CO,0.1
2022-07-23T15:00:00+03:00,CH4,1.36
2022-07-23T16:00:00+03:00,CO,0.2
2022-07-23T16:00:00+03:00,CH4,1.35
2022-07-23T17:00:00+03:00,CH4,1.36
2022-07-23T17:00:00+03:00,CO,0.17
2022-07-23T18:00:00+03:00,CH4,1.38
2022-07-23T18:00:00+03:00,CO,0.3
2022-07-23T19:00:00+03:00,CH4,1.39
2022-07-23T19:00:00+03:00,CO,0.2
2022-07-23T20:00:00+03:00,CH4,1.39
2022-07-23T20:00:00+03:00,CO,0.2
2022-07-23T21:00:00+03:00,CO,0.3
2022-07-23T21:00:00+03:00,CH4,1.4
2022-07-23T22:00:00+03:00,CH4,1.42
2022-07-23T22:00:00+03:00,CO,0.93
2022-07-23T23:00:00+03:00,CO,1.2
2022-07-23T23:00:00+03:00,CH4,1.44
2022-07-24T00:00:00+03:00,CH4,1.45
2022-07-24T00:00:00+03:00,CO,1.37
2022-07-24T01:00:00+03:00,CH4,1.46
2022-07-24T01:00:00+03:00,CO,1.17
2022-07-24T02:00:00+03:00,CH4,1.47
2022-07-24T02:00:00+03:00,CO,1.13
2022-07-24T03:00:00+03:00,CO,1.43
2022-07-24T03:00:00+03:00,CH4,1.53
2022-07-24T04:00:00+03:00,CH4,1.56
2022-07-24T04:00:00+03:00,CO,1.5
2022-07-24T05:00:00+03:00,CO,1.7
2022-07-24T05:00:00+03:00,CH4,1.56
2022-07-24T06:00:00+03:00,CO,1.37
2022-07-24T06:00:00+03:00,CH4,1.59
2022-07-24T07:00:00+03:00,CH4,1.61
2022-07-24T07:00:00+03:00,CO,1.47
2022-07-24T08:00:00+03:00,CO,0.9
2022-07-24T08:00:00+03:00,CH4,1.58
2022-07-24T09:00:00+03:00,CO,0.5
2022-07-24T09:00:00+03:00,CH4,1.45
2022-07-24T10:00:00+03:00,CH4,1.37
2022-07-24T10:00:00+03:00,CO,0.23
2022-07-24T11:00:00+03:00,CO,0.2
2022-07-24T11:00:00+03:00,CH4,1.35
2022-07-24T12:00:00+03:00,CH4,1.35
2022-07-24T12:00:00+03:00,CO,0.2
2022-07-24T13:00:00+03:00,CH4,1.34
2022-07-24T13:00:00+03:00,CO,0.2
2022-07-24T14:00:00+03:00,CH4,1.35
2022-07-24T14:00:00+03:00,CO,0.2
2022-07-24T15:00:00+03:00,CO,0.2
2022-07-24T15:00:00+03:00,CH4,1.35
2022-07-24T16:00:00+03:00,CO,0.23
2022-07-24T16:00:00+03:00,CH4,1.36
2022-07-24T17:00:00+03:00,CO,0.2
2022-07-24T17:00:00+03:00,CH4,1.35
2022-07-24T18:00:00+03:00,CH4,1.35
2022-07-24T18:00:00+03:00,CO,0.3
2022-07-24T19:00:00+03:00,CH4,1.35
2022-07-24T19:00:00+03:00,CO,0.3
2022-07-24T20:00:00+03:00,CO,0.37
2022-07-24T20:00:00+03:00,CH4,1.36
2022-07-24T21:00:00+03:00,CH4,1.37
2022-07-24T21:00:00+03:00,CO,0.43
2022-07-24T22:00:00+03:00,CH4,1.38
2022-07-24T22:00:00+03:00,CO,0.67
2022-07-24T23:00:00+03:00,CO,0.67
2022-07-24T23:00:00+03:00,CH4,1.38
2022-07-25T00:00:00+03:00,CH4,1.42
2022-07-25T00:00:00+03:00,CO,0.47
2022-07-25T01:00:00+03:00,CH4,1.4
2022-07-25T01:00:00+03:00,CO,0.23
2022-07-25T02:00:00+03:00,CH4,1.39
2022-07-25T02:00:00+03:00,CO,0.3
2022-07-25T03:00:00+03:00,CH4,1.41
2022-07-25T03:00:00+03:00,CO,0.27
2022-07-25T04:00:00+03:00,CH4,1.42
2022-07-25T04:00:00+03:00,CO,0.3
2022-07-25T05:00:00+03:00,CO,0.23
2022-07-25T05:00:00+03:00,CH4,1.44
2022-07-25T06:00:00+03:00,CO,0.2
2022-07-25T06:00:00+03:00,CH4,1.45
2022-07-25T07:00:00+03:00,CH4,1.38
2022-07-25T07:00:00+03:00,CO,0
2022-07-25T08:00:00+03:00,CO,0.13
2022-07-25T08:00:00+03:00,CH4,1.39
2022-07-25T09:00:00+03:00,CO,0.23
2022-07-25T09:00:00+03:00,CH4,1.4
2022-07-25T10:00:00+03:00,CH4,1.36
2022-07-25T10:00:00+03:00,CO,0.13
2022-07-25T11:00:00+03:00,CO,0.27
2022-07-25T11:00:00+03:00,CH4,1.36
2022-07-25T12:00:00+03:00,CO,0.4
2022-07-25T12:00:00+03:00,CH4,1.37
2022-07-25T13:00:00+03:00,CH4,1.36
2022-07-25T13:00:00+03:00,CO,0.37
2022-07-25T14:00:00+03:00,CH4,1.35
2022-07-25T14:00:00+03:00,CO,0.33
2022-07-25T15:00:00+03:00,CH4,1.35
2022-07-25T15:00:00+03:00,CO,0.43
2022-07-25T16:00:00+03:00,CH4,1.35
2022-07-25T16:00:00+03:00,CO,0.43
2022-07-25T17:00:00+03:00,CO,0.47
2022-07-25T17:00:00+03:00,CH4,1.35
2022-07-25T18:00:00+03:00,CH4,1.35
2022-07-25T18:00:00+03:00,CO,0.47
2022-07-25T19:00:00+03:00,CH4,1.35
2022-07-25T19:00:00+03:00,CO,0.5
2022-07-25T20:00:00+03:00,CH4,1.37
2022-07-25T20:00:00+03:00,CO,0.53
2022-07-25T21:00:00+03:00,CO,0.6
2022-07-25T21:00:00+03:00,CH4,1.38
2022-07-25T22:00:00+03:00,CH4,1.39
2022-07-25T22:00:00+03:00,CO,0.73
2022-07-25T23:00:00+03:00,CO,0.53
2022-07-25T23:00:00+03:00,CH4,1.38
2022-07-26T00:00:00+03:00,CH4,1.38
2022-07-26T00:00:00+03:00,CO,0.47
2022-07-26T01:00:00+03:00,CO,0.23
2022-07-26T01:00:00+03:00,CH4,1.38
2022-07-26T02:00:00+03:00,CH4,1.38
2022-07-26T02:00:00+03:00,CO,0.2
2022-07-26T03:00:00+03:00,CH4,1.39
2022-07-26T03:00:00+03:00,CO,0.2
2022-07-26T04:00:00+03:00,CH4,1.39
2022-07-26T04:00:00+03:00,CO,0.2
2022-07-26T05:00:00+03:00,CO,0.43
2022-07-26T05:00:00+03:00,CH4,1.41
2022-07-26T06:00:00+03:00,CO,0.47
2022-07-26T06:00:00+03:00,CH4,1.41
2022-07-26T07:00:00+03:00,CO,0.47
2022-07-26T07:00:00+03:00,CH4,1.42
2022-07-26T08:00:00+03:00,CH4,1.42
2022-07-26T08:00:00+03:00,CO,0.5
2022-07-26T09:00:00+03:00,CH4,1.4
2022-07-26T09:00:00+03:00,CO,0.6
2022-07-26T10:00:00+03:00,CO,0.5
2022-07-26T10:00:00+03:00,CH4,1.39
2022-07-26T11:00:00+03:00,CH4,1.38
2022-07-26T11:00:00+03:00,CO,0.37
2022-07-26T12:00:00+03:00,CO,0.1
2022-07-26T12:00:00+03:00,CH4,1.35
2022-07-26T13:00:00+03:00,CH4,1.36
2022-07-26T13:00:00+03:00,CO,0
2022-07-26T14:00:00+03:00,CH4,1.36
2022-07-26T14:00:00+03:00,CO,0
2022-07-26T15:00:00+03:00,CH4,1.36
2022-07-26T15:00:00+03:00,CO,0.07
2022-07-26T16:00:00+03:00,CO,0.1
2022-07-26T16:00:00+03:00,CH4,1.38
2022-07-26T17:00:00+03:00,CO,0.1
2022-07-26T17:00:00+03:00,CH4,1.39
2022-07-26T18:00:00+03:00,CO,0.17
2022-07-26T18:00:00+03:00,CH4,1.39
2022-07-26T19:00:00+03:00,CO,0.17
2022-07-26T19:00:00+03:00,CH4,1.39
2022-07-26T20:00:00+03:00,CH4,1.39
2022-07-26T20:00:00+03:00,CO,0.2
2022-07-26T21:00:00+03:00,CH4,1.39
2022-07-26T21:00:00+03:00,CO,0.23
2022-07-26T22:00:00+03:00,CH4,1.41
2022-07-26T22:00:00+03:00,CO,0.57
2022-07-26T23:00:00+03:00,CO,0.8
2022-07-26T23:00:00+03:00,CH4,1.44
2022-07-27T00:00:00+03:00,CH4,1.43
2022-07-27T00:00:00+03:00,CO,0.83
2022-07-27T01:00:00+03:00,CO,0.7
2022-07-27T01:00:00+03:00,CH4,1.44
2022-07-27T02:00:00+03:00,OZ,0.0094
2022-07-27T02:00:00+03:00,NO2,0.046
2022-07-27T02:00:00+03:00,NO,0.096
2022-07-27T02:00:00+03:00,CO,0.7
2022-07-27T02:00:00+03:00,CH4,1.47
2022-07-27T03:00:00+03:00,NO2,0.039
2022-07-27T03:00:00+03:00,OZ,0.0093
2022-07-27T03:00:00+03:00,CO,0.63
2022-07-27T03:00:00+03:00,NO,0.1
2022-07-27T03:00:00+03:00,CH4,1.48
2022-07-27T04:00:00+03:00,NO,0.076
2022-07-27T04:00:00+03:00,OZ,0.0085
2022-07-27T04:00:00+03:00,CO,0.47
2022-07-27T04:00:00+03:00,CH4,1.49
2022-07-27T04:00:00+03:00,NO2,0.033
2022-07-27T05:00:00+03:00,NO2,0.03
2022-07-27T05:00:00+03:00,NO,0.067
2022-07-27T05:00:00+03:00,CH4,1.51
2022-07-27T05:00:00+03:00,CO,0.67
2022-07-27T05:00:00+03:00,OZ,0.0084
2022-07-27T06:00:00+03:00,NO,0.101
2022-07-27T06:00:00+03:00,CH4,1.55
2022-07-27T06:00:00+03:00,NO2,0.035
2022-07-27T06:00:00+03:00,CO,0.63
2022-07-27T06:00:00+03:00,OZ,0.0089
2022-07-27T07:00:00+03:00,CO,0.37
2022-07-27T07:00:00+03:00,CH4,1.57
2022-07-27T07:00:00+03:00,OZ,0.0097
2022-07-27T07:00:00+03:00,NO,0.049
2022-07-27T07:00:00+03:00,NO2,0.043
2022-07-27T08:00:00+03:00,OZ,0.0115
2022-07-27T08:00:00+03:00,NO2,0.055
2022-07-27T08:00:00+03:00,CO,0.4
2022-07-27T08:00:00+03:00,CH4,1.54
2022-07-27T08:00:00+03:00,NO,0.041
2022-07-27T09:00:00+03:00,CH4,1.5
2022-07-27T09:00:00+03:00,CO,0.3
2022-07-27T09:00:00+03:00,NO,0.021
2022-07-27T09:00:00+03:00,OZ,0.0222
2022-07-27T09:00:00+03:00,NO2,0.058
2022-07-27T10:00:00+03:00,NO2,0.048
2022-07-27T10:00:00+03:00,OZ,0.0472
2022-07-27T10:00:00+03:00,CH4,1.48
2022-07-27T10:00:00+03:00,NO,0.008
2022-07-27T10:00:00+03:00,CO,0.13
2022-07-27T11:00:00+03:00,NO,0.006
2022-07-27T11:00:00+03:00,CH4,1.4
2022-07-27T11:00:00+03:00,OZ,0.064
2022-07-27T11:00:00+03:00,CO,0.1
2022-07-27T11:00:00+03:00,NO2,0.039
2022-07-27T12:00:00+03:00,NO2,0.041
2022-07-27T12:00:00+03:00,CO,0.27
2022-07-27T12:00:00+03:00,CH4,1.45
2022-07-27T12:00:00+03:00,NO,0.008
2022-07-27T12:00:00+03:00,OZ,0.0803
2022-07-27T13:00:00+03:00,CH4,1.41
2022-07-27T13:00:00+03:00,OZ,0.1118
2022-07-27T13:00:00+03:00,CO,0.23
2022-07-27T13:00:00+03:00,NO2,0.027
2022-07-27T13:00:00+03:00,NO,0.005
2022-07-27T14:00:00+03:00,NO,0.007
2022-07-27T14:00:00+03:00,CO,0.23
2022-07-27T14:00:00+03:00,CH4,1.39
2022-07-27T14:00:00+03:00,NO2,0.031
2022-07-27T14:00:00+03:00,OZ,0.109
2022-07-27T15:00:00+03:00,NO,0.006
2022-07-27T15:00:00+03:00,NO2,0.028
2022-07-27T15:00:00+03:00,OZ,0.1132
2022-07-27T15:00:00+03:00,CH4,1.36
2022-07-27T15:00:00+03:00,CO,0.23
2022-07-27T16:00:00+03:00,NO,0.005
2022-07-27T16:00:00+03:00,CH4,1.36
2022-07-27T16:00:00+03:00,NO2,0.034
2022-07-27T16:00:00+03:00,CO,0.27
2022-07-27T16:00:00+03:00,OZ,0.1164
2022-07-27T17:00:00+03:00,CH4,1.38
2022-07-27T17:00:00+03:00,NO2,0.038
2022-07-27T17:00:00+03:00,OZ,0.1098
2022-07-27T17:00:00+03:00,NO,0.006
2022-07-27T17:00:00+03:00,CO,0.27
2022-07-27T18:00:00+03:00,NO2,0.027
2022-07-27T18:00:00+03:00,OZ,0.1157
2022-07-27T18:00:00+03:00,CO,0.27
2022-07-27T18:00:00+03:00,NO,0.004
2022-07-27T18:00:00+03:00,CH4,1.38
2022-07-27T19:00:00+03:00,NO2,0.027
2022-07-27T19:00:00+03:00,CH4,1.39
2022-07-27T19:00:00+03:00,NO,0.003
2022-07-27T19:00:00+03:00,OZ,0.1021
2022-07-27T19:00:00+03:00,CO,0.27
2022-07-27T20:00:00+03:00,OZ,0.0934
2022-07-27T20:00:00+03:00,CH4,1.39
2022-07-27T20:00:00+03:00,CO,0.37
2022-07-27T20:00:00+03:00,NO,0.003
2022-07-27T20:00:00+03:00,NO2,0.03
2022-07-27T21:00:00+03:00,CO,0.4
2022-07-27T21:00:00+03:00,NO,0.003
2022-07-27T21:00:00+03:00,CH4,1.39
2022-07-27T21:00:00+03:00,NO2,0.035
2022-07-27T21:00:00+03:00,OZ,0.0799
2022-07-27T22:00:00+03:00,OZ,0.0234
2022-07-27T22:00:00+03:00,CH4,1.39
2022-07-27T22:00:00+03:00,NO2,0.082
2022-07-27T22:00:00+03:00,NO,0.021
2022-07-27T22:00:00+03:00,CO,0.63
2022-07-27T23:00:00+03:00,NO2,0.054
2022-07-27T23:00:00+03:00,NO,0.01
2022-07-27T23:00:00+03:00,OZ,0.0552
2022-07-27T23:00:00+03:00,CO,0.43
2022-07-27T23:00:00+03:00,CH4,1.39
2022-07-28T00:00:00+03:00,NO,0.005
2022-07-28T00:00:00+03:00,CH4,1.37
2022-07-28T00:00:00+03:00,OZ,0.0768
2022-07-28T00:00:00+03:00,CO,0.33
2022-07-28T00:00:00+03:00,NO2,0.024
2022-07-28T01:00:00+03:00,CH4,1.39
2022-07-28T01:00:00+03:00,NO,0.004
2022-07-28T01:00:00+03:00,OZ,0.0632
2022-07-28T01:00:00+03:00,CO,0.33
2022-07-28T01:00:00+03:00,NO2,0.025
2022-07-28T02:00:00+03:00,NO2,0.033
2022-07-28T02:00:00+03:00,CO,0.37
2022-07-28T02:00:00+03:00,NO,0.002
2022-07-28T02:00:00+03:00,OZ,0.0473
2022-07-28T02:00:00+03:00,CH4,1.42
2022-07-28T03:00:00+03:00,NO,0.002
2022-07-28T03:00:00+03:00,CH4,1.42
2022-07-28T03:00:00+03:00,CO,0.37
2022-07-28T03:00:00+03:00,OZ,0.0461
2022-07-28T03:00:00+03:00,NO2,0.031
2022-07-28T04:00:00+03:00,NO,0.001
2022-07-28T04:00:00+03:00,NO2,0.02
2022-07-28T04:00:00+03:00,OZ,0.0585
2022-07-28T04:00:00+03:00,CH4,1.41
2022-07-28T04:00:00+03:00,CO,0.3
2022-07-28T05:00:00+03:00,NO,0.002
2022-07-28T05:00:00+03:00,CO,0.3
2022-07-28T05:00:00+03:00,OZ,0.0583
2022-07-28T05:00:00+03:00,CH4,1.41
2022-07-28T05:00:00+03:00,NO2,0.016
2022-07-28T06:00:00+03:00,NO2,0.024
2022-07-28T06:00:00+03:00,CH4,1.41
2022-07-28T06:00:00+03:00,CO,0.3
2022-07-28T06:00:00+03:00,NO,0.003
2022-07-28T06:00:00+03:00,OZ,0.0417
2022-07-28T07:00:00+03:00,CO,0.47
2022-07-28T07:00:00+03:00,NO2,0.042
2022-07-28T07:00:00+03:00,CH4,1.47
2022-07-28T07:00:00+03:00,NO,0.007
2022-07-28T07:00:00+03:00,OZ,0.0224
2022-07-28T08:00:00+03:00,CH4,1.53
2022-07-28T08:00:00+03:00,OZ,0.0175
2022-07-28T08:00:00+03:00,NO2,0.052
2022-07-28T08:00:00+03:00,CO,0.57
2022-07-28T08:00:00+03:00,NO,0.012
2022-07-28T09:00:00+03:00,CH4,1.56
2022-07-28T09:00:00+03:00,NO2,0.074
2022-07-28T09:00:00+03:00,OZ,0.0194
2022-07-28T09:00:00+03:00,CO,0.73
2022-07-28T09:00:00+03:00,NO,0.028
2022-07-28T10:00:00+03:00,CH4,1.47
2022-07-28T10:00:00+03:00,NO2,0.067
2022-07-28T10:00:00+03:00,OZ,0.0402
2022-07-28T10:00:00+03:00,CO,0.47
2022-07-28T10:00:00+03:00,NO,0.014
2022-07-28T11:00:00+03:00,NO,0.019
2022-07-28T11:00:00+03:00,OZ,0.0559
2022-07-28T11:00:00+03:00,CO,0.47
2022-07-28T11:00:00+03:00,NO2,0.063
2022-07-28T11:00:00+03:00,CH4,1.38
2022-07-28T12:00:00+03:00,CO,0.57
2022-07-28T12:00:00+03:00,NO,0.011
2022-07-28T12:00:00+03:00,CH4,1.41
2022-07-28T12:00:00+03:00,OZ,0.0621
2022-07-28T12:00:00+03:00,NO2,0.059
2022-07-28T13:00:00+03:00,NO,0.003
2022-07-28T13:00:00+03:00,CH4,1.36
2022-07-28T13:00:00+03:00,NO2,0.025
2022-07-28T13:00:00+03:00,CO,0.4
2022-07-28T13:00:00+03:00,OZ,0.0853
2022-07-28T14:00:00+03:00,NO2,0.032
2022-07-28T14:00:00+03:00,CH4,1.35
2022-07-28T14:00:00+03:00,NO,0.004
2022-07-28T14:00:00+03:00,CO,0.37
2022-07-28T14:00:00+03:00,OZ,0.0865
2022-07-28T15:00:00+03:00,NO,0.007
2022-07-28T15:00:00+03:00,OZ,0.0827
2022-07-28T15:00:00+03:00,CO,0.37
2022-07-28T15:00:00+03:00,NO2,0.038
2022-07-28T15:00:00+03:00,CH4,1.36
2022-07-28T16:00:00+03:00,CH4,1.36
2022-07-28T16:00:00+03:00,NO,0.004
2022-07-28T16:00:00+03:00,CO,0.37
2022-07-28T16:00:00+03:00,NO2,0.041
2022-07-28T16:00:00+03:00,OZ,0.0736
2022-07-28T17:00:00+03:00,OZ,0.064
2022-07-28T17:00:00+03:00,CH4,1.37
2022-07-28T17:00:00+03:00,CO,0.4
2022-07-28T17:00:00+03:00,NO2,0.045
2022-07-28T17:00:00+03:00,NO,0.008
2022-07-28T18:00:00+03:00,NO2,0.029
2022-07-28T18:00:00+03:00,OZ,0.0607
2022-07-28T18:00:00+03:00,CH4,1.39
2022-07-28T18:00:00+03:00,NO,0.006
2022-07-28T18:00:00+03:00,CO,0.3
2022-07-28T19:00:00+03:00,NO,0.013
2022-07-28T19:00:00+03:00,CO,0.5
2022-07-28T19:00:00+03:00,OZ,0.0425
2022-07-28T19:00:00+03:00,CH4,1.41
2022-07-28T19:00:00+03:00,NO2,0.043
2022-07-28T20:00:00+03:00,OZ,0.0316
2022-07-28T20:00:00+03:00,CO,0.47
2022-07-28T20:00:00+03:00,NO2,0.047
2022-07-28T20:00:00+03:00,CH4,1.37
2022-07-28T20:00:00+03:00,NO,0.014
2022-07-28T21:00:00+03:00,OZ,0.0329
2022-07-28T21:00:00+03:00,CH4,1.37
2022-07-28T21:00:00+03:00,CO,0.33
2022-07-28T21:00:00+03:00,NO,0.006
2022-07-28T21:00:00+03:00,NO2,0.029
2022-07-28T22:00:00+03:00,CO,0.23
2022-07-28T22:00:00+03:00,OZ,0.0253
2022-07-28T22:00:00+03:00,CH4,1.35
2022-07-28T22:00:00+03:00,NO2,0.014
2022-07-28T22:00:00+03:00,NO,0.008
2022-07-28T23:00:00+03:00,CO,0.23
2022-07-28T23:00:00+03:00,NO2,0.016
2022-07-28T23:00:00+03:00,NO,0.006
2022-07-28T23:00:00+03:00,CH4,1.36
2022-07-28T23:00:00+03:00,OZ,0.0218
2022-07-29T00:00:00+03:00,CO,0.2
2022-07-29T00:00:00+03:00,NO,0.004
2022-07-29T00:00:00+03:00,NO2,0.011
2022-07-29T00:00:00+03:00,CH4,1.38
2022-07-29T00:00:00+03:00,OZ,0.0252
2022-07-29T01:00:00+03:00,NO,0.004
2022-07-29T01:00:00+03:00,NO2,0.013
2022-07-29T01:00:00+03:00,CO,0.2
2022-07-29T01:00:00+03:00,CH4,1.37
2022-07-29T01:00:00+03:00,OZ,0.0193
2022-07-29T02:00:00+03:00,CO,0.3
2022-07-29T02:00:00+03:00,OZ,0.0306
2022-07-29T02:00:00+03:00,NO,0.005
2022-07-29T02:00:00+03:00,NO2,0.013
2022-07-29T02:00:00+03:00,CH4,1.35
2022-07-29T03:00:00+03:00,NO2,0.007
2022-07-29T03:00:00+03:00,OZ,0.0493
2022-07-29T03:00:00+03:00,CO,0.2
2022-07-29T03:00:00+03:00,NO,0.002
2022-07-29T03:00:00+03:00,CH4,1.33
2022-07-29T04:00:00+03:00,NO2,0.009
2022-07-29T04:00:00+03:00,NO,0.002
2022-07-29T04:00:00+03:00,CH4,1.33
2022-07-29T04:00:00+03:00,OZ,0.0406
2022-07-29T04:00:00+03:00,CO,0.13
2022-07-29T05:00:00+03:00,CO,0.2
2022-07-29T05:00:00+03:00,OZ,0.0254
2022-07-29T05:00:00+03:00,CH4,1.35
2022-07-29T05:00:00+03:00,NO,0.007
2022-07-29T05:00:00+03:00,NO2,0.016
2022-07-29T06:00:00+03:00,OZ,0.0205
2022-07-29T06:00:00+03:00,CO,0.23
2022-07-29T06:00:00+03:00,NO,0.006
2022-07-29T06:00:00+03:00,NO2,0.017
2022-07-29T06:00:00+03:00,CH4,1.34
2022-07-29T07:00:00+03:00,CO,0.27
2022-07-29T07:00:00+03:00,CH4,1.35
2022-07-29T07:00:00+03:00,OZ,0.0237
2022-07-29T07:00:00+03:00,NO,0.008
2022-07-29T07:00:00+03:00,NO2,0.017
2022-07-29T08:00:00+03:00,OZ,0.0283
2022-07-29T08:00:00+03:00,CO,0.33
2022-07-29T08:00:00+03:00,CH4,1.33
2022-07-29T08:00:00+03:00,NO2,0.022
2022-07-29T08:00:00+03:00,NO,0.016
2022-07-29T09:00:00+03:00,OZ,0.0366
2022-07-29T09:00:00+03:00,NO,0.012
2022-07-29T09:00:00+03:00,CO,0.33
2022-07-29T09:00:00+03:00,CH4,1.33
2022-07-29T09:00:00+03:00,NO2,0.018
2022-07-29T10:00:00+03:00,NO,0.009
2022-07-29T10:00:00+03:00,CH4,1.32
2022-07-29T10:00:00+03:00,OZ,0.0491
2022-07-29T10:00:00+03:00,CO,0.23
2022-07-29T10:00:00+03:00,NO2,0.017
2022-07-29T11:00:00+03:00,CH4,1.31
2022-07-29T11:00:00+03:00,NO2,0.015
2022-07-29T11:00:00+03:00,OZ,0.0581
2022-07-29T11:00:00+03:00,NO,0.012
2022-07-29T11:00:00+03:00,CO,0.23
2022-07-29T12:00:00+03:00,NO2,0.018
2022-07-29T12:00:00+03:00,CO,0.3
2022-07-29T12:00:00+03:00,OZ,0.05
2022-07-29T12:00:00+03:00,CH4,1.33
2022-07-29T12:00:00+03:00,NO,0.009
2022-07-29T13:00:00+03:00,CO,0.27
2022-07-29T13:00:00+03:00,CH4,1.33
2022-07-29T13:00:00+03:00,OZ,0.0442
2022-07-29T13:00:00+03:00,NO2,0.02
2022-07-29T13:00:00+03:00,NO,0.01
2022-07-29T14:00:00+03:00,NO,0.009
2022-07-29T14:00:00+03:00,CO,0.23
2022-07-29T14:00:00+03:00,NO2,0.016
2022-07-29T14:00:00+03:00,OZ,0.0533
2022-07-29T14:00:00+03:00,CH4,1.33
2022-07-29T15:00:00+03:00,NO2,0.016
2022-07-29T15:00:00+03:00,OZ,0.054
2022-07-29T15:00:00+03:00,CH4,1.34
2022-07-29T15:00:00+03:00,NO,0.011
2022-07-29T15:00:00+03:00,CO,0.3
2022-07-29T16:00:00+03:00,NO,0.007
2022-07-29T16:00:00+03:00,CH4,1.33
2022-07-29T16:00:00+03:00,OZ,0.0582
2022-07-29T16:00:00+03:00,CO,0.27
2022-07-29T16:00:00+03:00,NO2,0.016
2022-07-29T17:00:00+03:00,CO,0.27
2022-07-29T17:00:00+03:00,NO,0.007
2022-07-29T17:00:00+03:00,NO2,0.02
2022-07-29T17:00:00+03:00,OZ,0.0552
2022-07-29T17:00:00+03:00,CH4,1.33
2022-07-29T18:00:00+03:00,NO,0.011
2022-07-29T18:00:00+03:00,OZ,0.0583
2022-07-29T18:00:00+03:00,CH4,1.33
2022-07-29T18:00:00+03:00,CO,0.3
2022-07-29T18:00:00+03:00,NO2,0.019
2022-07-29T19:00:00+03:00,CH4,1.34
2022-07-29T19:00:00+03:00,NO,0.007
2022-07-29T19:00:00+03:00,NO2,0.017
2022-07-29T19:00:00+03:00,OZ,0.0545
2022-07-29T19:00:00+03:00,CO,0.23
2022-07-29T20:00:00+03:00,CO,0.33
2022-07-29T20:00:00+03:00,CH4,1.34
2022-07-29T20:00:00+03:00,NO2,0.029
2022-07-29T20:00:00+03:00,NO,0.008
2022-07-29T20:00:00+03:00,OZ,0.0331
2022-07-29T21:00:00+03:00,NO2,0.034
2022-07-29T21:00:00+03:00,CH4,1.35
2022-07-29T21:00:00+03:00,NO,0.008
2022-07-29T21:00:00+03:00,OZ,0.0275
2022-07-29T21:00:00+03:00,CO,0.37
2022-07-29T22:00:00+03:00,NO2,0.042
2022-07-29T22:00:00+03:00,CO,0.3
2022-07-29T22:00:00+03:00,CH4,1.38
2022-07-29T22:00:00+03:00,OZ,0.016
2022-07-29T22:00:00+03:00,NO,0.008
2022-07-29T23:00:00+03:00,NO2,0.033
2022-07-29T23:00:00+03:00,CO,0.3
2022-07-29T23:00:00+03:00,OZ,0.0212
2022-07-29T23:00:00+03:00,NO,0.005
2022-07-29T23:00:00+03:00,CH4,1.39
2022-07-30T00:00:00+03:00,OZ,0.0206
2022-07-30T00:00:00+03:00,NO2,0.033
2022-07-30T00:00:00+03:00,NO,0.008
2022-07-30T00:00:00+03:00,CH4,1.39
2022-07-30T00:00:00+03:00,CO,0.33
2022-07-30T01:00:00+03:00,NO,0.005
2022-07-30T01:00:00+03:00,CO,0.3
2022-07-30T01:00:00+03:00,NO2,0.032
2022-07-30T01:00:00+03:00,CH4,1.37
2022-07-30T01:00:00+03:00,OZ,0.02
2022-07-30T02:00:00+03:00,NO,0.008
2022-07-30T02:00:00+03:00,OZ,0.0178
2022-07-30T02:00:00+03:00,NO2,0.033
2022-07-30T02:00:00+03:00,CH4,1.37
2022-07-30T02:00:00+03:00,CO,0.27
2022-07-30T03:00:00+03:00,CH4,1.38
2022-07-30T03:00:00+03:00,CO,0.27
2022-07-30T03:00:00+03:00,NO2,0.034
2022-07-30T03:00:00+03:00,OZ,0.0147
2022-07-30T03:00:00+03:00,NO,0.008
2022-07-30T04:00:00+03:00,NO,0.009
2022-07-30T04:00:00+03:00,CH4,1.38
2022-07-30T04:00:00+03:00,CO,0.3
2022-07-30T04:00:00+03:00,NO2,0.033
2022-07-30T04:00:00+03:00,OZ,0.0113
2022-07-30T05:00:00+03:00,OZ,0.008
2022-07-30T05:00:00+03:00,CH4,1.38
2022-07-30T05:00:00+03:00,CO,0.4
2022-07-30T05:00:00+03:00,NO2,0.032
2022-07-30T05:00:00+03:00,NO,0.015
2022-07-30T06:00:00+03:00,NO2,0.03
2022-07-30T06:00:00+03:00,NO,0.014
2022-07-30T06:00:00+03:00,CO,0.53
2022-07-30T06:00:00+03:00,OZ,0.0095
2022-07-30T06:00:00+03:00,CH4,1.38
2022-07-30T07:00:00+03:00,NO,0.009
2022-07-30T07:00:00+03:00,OZ,0.0206
2022-07-30T07:00:00+03:00,CH4,1.37
2022-07-30T07:00:00+03:00,CO,0.6
2022-07-30T07:00:00+03:00,NO2,0.025
2022-07-30T08:00:00+03:00,CH4,1.38
2022-07-30T08:00:00+03:00,NO2,0.031
2022-07-30T08:00:00+03:00,CO,0.47
2022-07-30T08:00:00+03:00,OZ,0.0231
2022-07-30T08:00:00+03:00,NO,0.01
2022-07-30T09:00:00+03:00,CO,0.33
2022-07-30T09:00:00+03:00,CH4,1.36
2022-07-30T09:00:00+03:00,NO2,0.028
2022-07-30T09:00:00+03:00,NO,0.011
2022-07-30T09:00:00+03:00,OZ,0.0387
2022-07-30T10:00:00+03:00,CH4,1.36
2022-07-30T10:00:00+03:00,OZ,0.0496
2022-07-30T10:00:00+03:00,NO2,0.016
2022-07-30T10:00:00+03:00,NO,0.007
2022-07-30T10:00:00+03:00,CO,0.33
2022-07-30T11:00:00+03:00,CH4,1.35
2022-07-30T11:00:00+03:00,CO,0.27
2022-07-30T11:00:00+03:00,NO2,0.016
2022-07-30T11:00:00+03:00,OZ,0.0549
2022-07-30T11:00:00+03:00,NO,0.009
2022-07-30T12:00:00+03:00,OZ,0.0687
2022-07-30T12:00:00+03:00,CH4,1.34
2022-07-30T12:00:00+03:00,NO2,0.01
2022-07-30T12:00:00+03:00,NO,0.008
2022-07-30T12:00:00+03:00,CO,0.2
2022-07-30T13:00:00+03:00,NO,0.005
2022-07-30T13:00:00+03:00,CO,0.2
2022-07-30T13:00:00+03:00,NO2,0.009
2022-07-30T13:00:00+03:00,OZ,0.0765
2022-07-30T13:00:00+03:00,CH4,1.34
2022-07-30T14:00:00+03:00,CH4,1.34
2022-07-30T14:00:00+03:00,OZ,0.083
2022-07-30T14:00:00+03:00,NO,0.005
2022-07-30T14:00:00+03:00,CO,0.2
2022-07-30T14:00:00+03:00,NO2,0.009
2022-07-30T15:00:00+03:00,NO,0.004
2022-07-30T15:00:00+03:00,CO,0.2
2022-07-30T15:00:00+03:00,OZ,0.0836
2022-07-30T15:00:00+03:00,CH4,1.34
2022-07-30T15:00:00+03:00,NO2,0.01
2022-07-30T16:00:00+03:00,CO,0.27
2022-07-30T16:00:00+03:00,CH4,1.34
2022-07-30T16:00:00+03:00,OZ,0.0753
2022-07-30T16:00:00+03:00,NO,0.007
2022-07-30T16:00:00+03:00,NO2,0.018
2022-07-30T17:00:00+03:00,NO2,0.013
2022-07-30T17:00:00+03:00,NO,0.009
2022-07-30T17:00:00+03:00,CO,0.2
2022-07-30T17:00:00+03:00,OZ,0.0807
2022-07-30T17:00:00+03:00,CH4,1.34
2022-07-30T18:00:00+03:00,OZ,0.0781
2022-07-30T18:00:00+03:00,CO,0.2
2022-07-30T18:00:00+03:00,NO2,0.014
2022-07-30T18:00:00+03:00,CH4,1.34
2022-07-30T18:00:00+03:00,NO,0.007
2022-07-30T19:00:00+03:00,NO,0.005
2022-07-30T19:00:00+03:00,NO2,0.013
2022-07-30T19:00:00+03:00,OZ,0.0701
2022-07-30T19:00:00+03:00,CO,0.2
2022-07-30T19:00:00+03:00,CH4,1.34
2022-07-30T20:00:00+03:00,CO,0.3
2022-07-30T20:00:00+03:00,NO2,0.027
2022-07-30T20:00:00+03:00,NO,0.008
2022-07-30T20:00:00+03:00,CH4,1.36
2022-07-30T20:00:00+03:00,OZ,0.0481
2022-07-30T21:00:00+03:00,CO,0.33
2022-07-30T21:00:00+03:00,NO,0.01
2022-07-30T21:00:00+03:00,OZ,0.0279
2022-07-30T21:00:00+03:00,CH4,1.36
2022-07-30T21:00:00+03:00,NO2,0.041
2022-07-30T22:00:00+03:00,CO,0.5
2022-07-30T22:00:00+03:00,CH4,1.38
2022-07-30T22:00:00+03:00,NO,0.031
2022-07-30T22:00:00+03:00,OZ,0.0035
2022-07-30T22:00:00+03:00,NO2,0.064
2022-07-30T23:00:00+03:00,NO,0.045
2022-07-30T23:00:00+03:00,CO,0.53
2022-07-30T23:00:00+03:00,OZ,0.0033
2022-07-30T23:00:00+03:00,NO2,0.062
2022-07-30T23:00:00+03:00,CH4,1.39
2022-07-31T00:00:00+03:00,CO,0.8
2022-07-31T00:00:00+03:00,NO,0.108
2022-07-31T00:00:00+03:00,OZ,0.0036
2022-07-31T00:00:00+03:00,CH4,1.42
2022-07-31T00:00:00+03:00,NO2,0.06
2022-07-31T01:00:00+03:00,CH4,1.45
2022-07-31T01:00:00+03:00,CO,0.83
2022-07-31T01:00:00+03:00,NO2,0.055
2022-07-31T01:00:00+03:00,OZ,0.0036
2022-07-31T01:00:00+03:00,NO,0.132
2022-07-31T02:00:00+03:00,CO,0.73
2022-07-31T02:00:00+03:00,NO,0.127
2022-07-31T02:00:00+03:00,NO2,0.052
2022-07-31T02:00:00+03:00,CH4,1.45
2022-07-31T02:00:00+03:00,OZ,0.0034
2022-07-31T03:00:00+03:00,NO2,0.047
2022-07-31T03:00:00+03:00,CH4,1.46
2022-07-31T03:00:00+03:00,CO,0.67
2022-07-31T03:00:00+03:00,NO,0.105
2022-07-31T03:00:00+03:00,OZ,0.0032
2022-07-31T04:00:00+03:00,NO2,0.042
2022-07-31T04:00:00+03:00,OZ,0.0035
2022-07-31T04:00:00+03:00,CH4,1.48
2022-07-31T04:00:00+03:00,CO,1.1
2022-07-31T04:00:00+03:00,NO,0.129
2022-07-31T05:00:00+03:00,CO,1.37
2022-07-31T05:00:00+03:00,NO,0.179
2022-07-31T05:00:00+03:00,CH4,1.57
2022-07-31T05:00:00+03:00,OZ,0.0033
2022-07-31T05:00:00+03:00,NO2,0.039
2022-07-31T06:00:00+03:00,NO,0.119
2022-07-31T06:00:00+03:00,NO2,0.038
2022-07-31T06:00:00+03:00,CO,1.07
2022-07-31T06:00:00+03:00,CH4,1.63
2022-07-31T06:00:00+03:00,OZ,0.0028
2022-07-31T07:00:00+03:00,CH4,1.55
2022-07-31T07:00:00+03:00,NO2,0.044
2022-07-31T07:00:00+03:00,NO,0.072
2022-07-31T07:00:00+03:00,CO,0.9
2022-07-31T07:00:00+03:00,OZ,0.0037
2022-07-31T08:00:00+03:00,NO,0.041
2022-07-31T08:00:00+03:00,CO,0.7
2022-07-31T08:00:00+03:00,CH4,1.49
2022-07-31T08:00:00+03:00,OZ,0.0089
2022-07-31T08:00:00+03:00,NO2,0.051
2022-07-31T09:00:00+03:00,OZ,0.0331
2022-07-31T09:00:00+03:00,NO,0.011
2022-07-31T09:00:00+03:00,CO,0.2
2022-07-31T09:00:00+03:00,NO2,0.03
2022-07-31T09:00:00+03:00,CH4,1.41
2022-07-31T10:00:00+03:00,OZ,0.0455
2022-07-31T10:00:00+03:00,NO,0.013
2022-07-31T10:00:00+03:00,CO,0.13
2022-07-31T10:00:00+03:00,NO2,0.025
2022-07-31T10:00:00+03:00,CH4,1.4
2022-07-31T11:00:00+03:00,NO,0.008
2022-07-31T11:00:00+03:00,NO2,0.017
2022-07-31T11:00:00+03:00,CO,0.13
2022-07-31T11:00:00+03:00,CH4,1.37
2022-07-31T11:00:00+03:00,OZ,0.0592
2022-07-31T12:00:00+03:00,NO2,0.017
2022-07-31T12:00:00+03:00,OZ,0.065
2022-07-31T12:00:00+03:00,CO,0.2
2022-07-31T12:00:00+03:00,NO,0.008
2022-07-31T12:00:00+03:00,CH4,1.38
2022-07-31T13:00:00+03:00,NO2,0.015
2022-07-31T13:00:00+03:00,CH4,1.37
2022-07-31T13:00:00+03:00,OZ,0.0722
2022-07-31T13:00:00+03:00,NO,0.008
2022-07-31T13:00:00+03:00,CO,0.17
2022-07-31T14:00:00+03:00,OZ,0.0785
2022-07-31T14:00:00+03:00,CH4,1.38
2022-07-31T14:00:00+03:00,NO2,0.016
2022-07-31T14:00:00+03:00,CO,0.17
2022-07-31T14:00:00+03:00,NO,0.008
2022-07-31T15:00:00+03:00,OZ,0.0896
2022-07-31T15:00:00+03:00,NO2,0.011
2022-07-31T15:00:00+03:00,CO,0.2
2022-07-31T15:00:00+03:00,NO,0.004
2022-07-31T15:00:00+03:00,CH4,1.38
2022-07-31T16:00:00+03:00,CH4,1.37
2022-07-31T16:00:00+03:00,NO2,0.009
2022-07-31T16:00:00+03:00,OZ,0.1016
2022-07-31T16:00:00+03:00,CO,0.13
2022-07-31T16:00:00+03:00,NO,0.003
2022-07-31T17:00:00+03:00,CO,0.1
2022-07-31T17:00:00+03:00,OZ,0.1059
2022-07-31T17:00:00+03:00,NO2,0.009
2022-07-31T17:00:00+03:00,NO,0.003
2022-07-31T17:00:00+03:00,CH4,1.37
2022-07-31T18:00:00+03:00,CO,0.13
2022-07-31T18:00:00+03:00,OZ,0.1008
2022-07-31T18:00:00+03:00,CH4,1.38
2022-07-31T18:00:00+03:00,NO,0.003
2022-07-31T18:00:00+03:00,NO2,0.009
2022-07-31T19:00:00+03:00,OZ,0.0948
2022-07-31T19:00:00+03:00,CO,0.13
2022-07-31T19:00:00+03:00,CH4,1.38
2022-07-31T19:00:00+03:00,NO,0.003
2022-07-31T19:00:00+03:00,NO2,0.013
2022-07-31T20:00:00+03:00,OZ,0.0753
2022-07-31T20:00:00+03:00,NO2,0.016
2022-07-31T20:00:00+03:00,CO,0.17
2022-07-31T20:00:00+03:00,CH4,1.4
2022-07-31T20:00:00+03:00,NO,0.002
2022-07-31T21:00:00+03:00,NO,0.002
2022-07-31T21:00:00+03:00,OZ,0.0576
2022-07-31T21:00:00+03:00,CO,0.2
2022-07-31T21:00:00+03:00,CH4,1.41
2022-07-31T21:00:00+03:00,NO2,0.025
2022-07-31T22:00:00+03:00,NO,0.002
2022-07-31T22:00:00+03:00,NO2,0.033
2022-07-31T22:00:00+03:00,CO,0.2
2022-07-31T22:00:00+03:00,CH4,1.4
2022-07-31T22:00:00+03:00,OZ,0.0414
2022-07-31T23:00:00+03:00,OZ,0.0107
2022-07-31T23:00:00+03:00,NO2,0.06
2022-07-31T23:00:00+03:00,CH4,1.44
2022-07-31T23:00:00+03:00,CO,0.4
2022-07-31T23:00:00+03:00,NO,0.006
2022-08-01T00:00:00+03:00,NO2,0.066
2022-08-01T00:00:00+03:00,NO,0.081
2022-08-01T00:00:00+03:00,CO,0.97
2022-08-01T00:00:00+03:00,OZ,0.0035
2022-08-01T00:00:00+03:00,CH4,1.48
2022-08-01T01:00:00+03:00,CO,0.7
2022-08-01T01:00:00+03:00,CH4,1.46
2022-08-01T01:00:00+03:00,NO,0.041
2022-08-01T01:00:00+03:00,OZ,0.0033
2022-08-01T01:00:00+03:00,NO2,0.064
2022-08-01T02:00:00+03:00,NO2,0.061
2022-08-01T02:00:00+03:00,CO,0.8
2022-08-01T02:00:00+03:00,OZ,0.0032
2022-08-01T02:00:00+03:00,NO,0.076
2022-08-01T02:00:00+03:00,CH4,1.51
2022-08-01T03:00:00+03:00,CO,0.77
2022-08-01T03:00:00+03:00,NO2,0.057
2022-08-01T03:00:00+03:00,OZ,0.0032
2022-08-01T03:00:00+03:00,NO,0.077
2022-08-01T03:00:00+03:00,CH4,1.57
2022-08-01T04:00:00+03:00,CH4,1.56
2022-08-01T04:00:00+03:00,NO2,0.056
2022-08-01T04:00:00+03:00,NO,0.035
2022-08-01T04:00:00+03:00,CO,0.53
2022-08-01T04:00:00+03:00,OZ,0.0029
2022-08-01T05:00:00+03:00,CH4,1.61
2022-08-01T05:00:00+03:00,CO,0.53
2022-08-01T05:00:00+03:00,OZ,0.0028
2022-08-01T05:00:00+03:00,NO2,0.054
2022-08-01T05:00:00+03:00,NO,0.041
2022-08-01T06:00:00+03:00,NO2,0.049
2022-08-01T06:00:00+03:00,CO,0.47
2022-08-01T06:00:00+03:00,CH4,1.62
2022-08-01T06:00:00+03:00,OZ,0.0035
2022-08-01T06:00:00+03:00,NO,0.047
2022-08-01T07:00:00+03:00,NO2,0.04
2022-08-01T07:00:00+03:00,CH4,1.52
2022-08-01T07:00:00+03:00,OZ,0.0117
2022-08-01T07:00:00+03:00,NO,0.016
2022-08-01T07:00:00+03:00,CO,0.37
2022-08-01T08:00:00+03:00,CH4,1.51
2022-08-01T08:00:00+03:00,NO2,0.039
2022-08-01T08:00:00+03:00,OZ,0.0189
2022-08-01T08:00:00+03:00,CO,0.37
2022-08-01T08:00:00+03:00,NO,0.018
2022-08-01T09:00:00+03:00,NO2,0.038
2022-08-01T09:00:00+03:00,NO,0.011
2022-08-01T09:00:00+03:00,CH4,1.49
2022-08-01T09:00:00+03:00,CO,0.4
2022-08-01T09:00:00+03:00,OZ,0.0291
2022-08-01T10:00:00+03:00,CH4,1.47
2022-08-01T10:00:00+03:00,NO,0.008
2022-08-01T10:00:00+03:00,CO,0.3
2022-08-01T10:00:00+03:00,NO2,0.032
2022-08-01T10:00:00+03:00,OZ,0.0498
2022-08-01T11:00:00+03:00,CH4,1.42
2022-08-01T11:00:00+03:00,NO2,0.025
2022-08-01T11:00:00+03:00,OZ,0.0662
2022-08-01T11:00:00+03:00,CO,0.4
2022-08-01T11:00:00+03:00,NO,0.009
2022-08-01T12:00:00+03:00,NO,0.008
2022-08-01T12:00:00+03:00,NO2,0.025
2022-08-01T12:00:00+03:00,CO,0.47
2022-08-01T12:00:00+03:00,CH4,1.4
2022-08-01T12:00:00+03:00,OZ,0.0828
2022-08-01T13:00:00+03:00,NO,0.006
2022-08-01T13:00:00+03:00,NO2,0.015
2022-08-01T13:00:00+03:00,CH4,1.37
2022-08-01T13:00:00+03:00,CO,0.43
2022-08-01T13:00:00+03:00,OZ,0.0989
2022-08-01T14:00:00+03:00,OZ,0.0967
2022-08-01T14:00:00+03:00,NO,0.006
2022-08-01T14:00:00+03:00,CO,0.5
2022-08-01T14:00:00+03:00,CH4,1.38
2022-08-01T14:00:00+03:00,NO2,0.026
2022-08-01T15:00:00+03:00,NO,0.006
2022-08-01T15:00:00+03:00,OZ,0.1046
2022-08-01T15:00:00+03:00,CO,0.57
2022-08-01T15:00:00+03:00,NO2,0.024
2022-08-01T15:00:00+03:00,CH4,1.38
2022-08-01T16:00:00+03:00,OZ,0.1169
2022-08-01T16:00:00+03:00,CO,0.5
2022-08-01T16:00:00+03:00,NO,0.002
2022-08-01T16:00:00+03:00,NO2,0.019
2022-08-01T16:00:00+03:00,CH4,1.38
2022-08-01T17:00:00+03:00,NO,0.004
2022-08-01T17:00:00+03:00,CH4,1.38
2022-08-01T17:00:00+03:00,NO2,0.02
2022-08-01T17:00:00+03:00,OZ,0.1245
2022-08-01T17:00:00+03:00,CO,0.5
2022-08-01T18:00:00+03:00,OZ,0.1244
2022-08-01T18:00:00+03:00,NO2,0.02
2022-08-01T18:00:00+03:00,CH4,1.39
2022-08-01T18:00:00+03:00,NO,0.003
2022-08-01T18:00:00+03:00,CO,0.53
2022-08-01T19:00:00+03:00,OZ,0.1151
2022-08-01T19:00:00+03:00,CO,0.5
2022-08-01T19:00:00+03:00,NO2,0.025
2022-08-01T19:00:00+03:00,NO,0.003
2022-08-01T19:00:00+03:00,CH4,1.39
2022-08-01T20:00:00+03:00,CH4,1.4
2022-08-01T20:00:00+03:00,OZ,0.0882
2022-08-01T20:00:00+03:00,NO2,0.029
2022-08-01T20:00:00+03:00,NO,0.002
2022-08-01T20:00:00+03:00,CO,0.57
2022-08-01T21:00:00+03:00,CO,0.63
2022-08-01T21:00:00+03:00,NO,0.002
2022-08-01T21:00:00+03:00,CH4,1.4
2022-08-01T21:00:00+03:00,NO2,0.044
2022-08-01T21:00:00+03:00,OZ,0.0664
2022-08-01T22:00:00+03:00,OZ,0.0377
2022-08-01T22:00:00+03:00,NO,0.005
2022-08-01T22:00:00+03:00,CH4,1.43
2022-08-01T22:00:00+03:00,CO,0.7
2022-08-01T22:00:00+03:00,NO2,0.059
2022-08-01T23:00:00+03:00,NO2,0.065
2022-08-01T23:00:00+03:00,CH4,1.44
2022-08-01T23:00:00+03:00,CO,0.6
2022-08-01T23:00:00+03:00,OZ,0.0203
2022-08-01T23:00:00+03:00,NO,0.003
2022-08-02T00:00:00+03:00,CH4,1.46
2022-08-02T00:00:00+03:00,NO2,0.068
2022-08-02T00:00:00+03:00,CO,0.4
2022-08-02T00:00:00+03:00,OZ,0.0104
2022-08-02T00:00:00+03:00,NO,0.003
2022-08-02T01:00:00+03:00,OZ,0.0035
2022-08-02T01:00:00+03:00,CH4,1.48
2022-08-02T01:00:00+03:00,NO,0.016
2022-08-02T01:00:00+03:00,CO,0.47
2022-08-02T01:00:00+03:00,NO2,0.071
2022-08-02T02:00:00+03:00,OZ,0.0033
2022-08-02T02:00:00+03:00,NO,0.014
2022-08-02T02:00:00+03:00,CH4,1.46
2022-08-02T02:00:00+03:00,CO,0.4
2022-08-02T02:00:00+03:00,NO2,0.066
2022-08-02T03:00:00+03:00,CH4,1.44
2022-08-02T03:00:00+03:00,OZ,0.0033
2022-08-02T03:00:00+03:00,CO,0.3
2022-08-02T03:00:00+03:00,NO,0.014
2022-08-02T03:00:00+03:00,NO2,0.062
2022-08-02T04:00:00+03:00,OZ,0.0044
2022-08-02T04:00:00+03:00,CO,0.2
2022-08-02T04:00:00+03:00,NO,0.005
2022-08-02T04:00:00+03:00,NO2,0.056
2022-08-02T04:00:00+03:00,CH4,1.47
2022-08-02T05:00:00+03:00,NO,0.009
2022-08-02T05:00:00+03:00,NO2,0.053
2022-08-02T05:00:00+03:00,CH4,1.54
2022-08-02T05:00:00+03:00,OZ,0.0042
2022-08-02T05:00:00+03:00,CO,0.2
2022-08-02T06:00:00+03:00,NO2,0.048
2022-08-02T06:00:00+03:00,OZ,0.0043
2022-08-02T06:00:00+03:00,CO,0.43
2022-08-02T06:00:00+03:00,NO,0.021
2022-08-02T06:00:00+03:00,CH4,1.61
2022-08-02T07:00:00+03:00,CO,0.5
2022-08-02T07:00:00+03:00,NO,0.025
2022-08-02T07:00:00+03:00,CH4,1.61
2022-08-02T07:00:00+03:00,NO2,0.047
2022-08-02T07:00:00+03:00,OZ,0.006
2022-08-02T08:00:00+03:00,OZ,0.0089
2022-08-02T08:00:00+03:00,NO,0.026
2022-08-02T08:00:00+03:00,CH4,1.57
2022-08-02T08:00:00+03:00,NO2,0.053
2022-08-02T08:00:00+03:00,CO,0.43
2022-08-02T09:00:00+03:00,CH4,1.53
2022-08-02T09:00:00+03:00,NO,0.024
2022-08-02T09:00:00+03:00,CO,0.4
2022-08-02T09:00:00+03:00,OZ,0.0156
2022-08-02T09:00:00+03:00,NO2,0.059
2022-08-02T10:00:00+03:00,OZ,0.0199
2022-08-02T10:00:00+03:00,CH4,1.51
2022-08-02T10:00:00+03:00,CO,0.37
2022-08-02T10:00:00+03:00,NO2,0.059
2022-08-02T10:00:00+03:00,NO,0.021
2022-08-02T11:00:00+03:00,CO,0.27
2022-08-02T11:00:00+03:00,NO,0.021
2022-08-02T11:00:00+03:00,CH4,1.46
2022-08-02T11:00:00+03:00,NO2,0.047
2022-08-02T11:00:00+03:00,OZ,0.037
2022-08-02T12:00:00+03:00,CH4,1.4
2022-08-02T12:00:00+03:00,CO,0.2
2022-08-02T12:00:00+03:00,NO2,0.015
2022-08-02T12:00:00+03:00,NO,0.005
2022-08-02T12:00:00+03:00,OZ,0.0714
2022-08-02T13:00:00+03:00,CH4,1.39
2022-08-02T13:00:00+03:00,OZ,0.0835
2022-08-02T13:00:00+03:00,NO,0.004
2022-08-02T13:00:00+03:00,NO2,0.014
2022-08-02T13:00:00+03:00,CO,0.1
2022-08-02T14:00:00+03:00,CH4,1.39
2022-08-02T14:00:00+03:00,NO2,0.015
2022-08-02T14:00:00+03:00,OZ,0.0907
2022-08-02T14:00:00+03:00,NO,0.003
2022-08-02T14:00:00+03:00,CO,0.1
2022-08-02T15:00:00+03:00,CH4,1.39
2022-08-02T15:00:00+03:00,OZ,0.0932
2022-08-02T15:00:00+03:00,NO,0.003
2022-08-02T15:00:00+03:00,CO,0.1
2022-08-02T15:00:00+03:00,NO2,0.017
2022-08-02T16:00:00+03:00,NO,0.004
2022-08-02T16:00:00+03:00,CH4,1.41
2022-08-02T16:00:00+03:00,NO2,0.017
2022-08-02T16:00:00+03:00,OZ,0.0986
2022-08-02T16:00:00+03:00,CO,0.1
2022-08-02T17:00:00+03:00,NO2,0.031
2022-08-02T17:00:00+03:00,OZ,0.0824
2022-08-02T17:00:00+03:00,CO,0.2
2022-08-02T17:00:00+03:00,CH4,1.41
2022-08-02T17:00:00+03:00,NO,0.009
2022-08-02T18:00:00+03:00,CO,0.37
2022-08-02T18:00:00+03:00,CH4,1.38
2022-08-02T18:00:00+03:00,OZ,0.0883
2022-08-02T18:00:00+03:00,NO2,0.022
2022-08-02T18:00:00+03:00,NO,0.005
2022-08-02T19:00:00+03:00,NO2,0.022
2022-08-02T19:00:00+03:00,CO,0.17
2022-08-02T19:00:00+03:00,OZ,0.087
2022-08-02T19:00:00+03:00,CH4,1.38
2022-08-02T19:00:00+03:00,NO,0.002
2022-08-02T20:00:00+03:00,CO,0.2
2022-08-02T20:00:00+03:00,OZ,0.0764
2022-08-02T20:00:00+03:00,CH4,1.38
2022-08-02T20:00:00+03:00,NO,0.002
2022-08-02T20:00:00+03:00,NO2,0.031
2022-08-02T21:00:00+03:00,OZ,0.0314
2022-08-02T21:00:00+03:00,CO,0.37
2022-08-02T21:00:00+03:00,NO,0.004
2022-08-02T21:00:00+03:00,CH4,1.39
2022-08-02T21:00:00+03:00,NO2,0.064
2022-08-02T22:00:00+03:00,CH4,1.4
2022-08-02T22:00:00+03:00,NO2,0.09
2022-08-02T22:00:00+03:00,CO,1
2022-08-02T22:00:00+03:00,OZ,0.0049
2022-08-02T22:00:00+03:00,NO,0.077
2022-08-02T23:00:00+03:00,NO,0.221
2022-08-02T23:00:00+03:00,CO,1.7
2022-08-02T23:00:00+03:00,CH4,1.47
2022-08-02T23:00:00+03:00,NO2,0.097
2022-08-02T23:00:00+03:00,OZ,0.0043
2022-08-03T00:00:00+03:00,CO,1.43
2022-08-03T00:00:00+03:00,OZ,0.0037
2022-08-03T00:00:00+03:00,NO2,0.087
2022-08-03T00:00:00+03:00,CH4,1.5
2022-08-03T00:00:00+03:00,NO,0.201
2022-08-03T01:00:00+03:00,CO,0.6
2022-08-03T01:00:00+03:00,NO,0.065
2022-08-03T01:00:00+03:00,OZ,0.0031
2022-08-03T01:00:00+03:00,CH4,1.48
2022-08-03T01:00:00+03:00,NO2,0.075
2022-08-03T02:00:00+03:00,CO,0.37
2022-08-03T02:00:00+03:00,NO,0.046
2022-08-03T02:00:00+03:00,CH4,1.53
2022-08-03T02:00:00+03:00,NO2,0.067
2022-08-03T02:00:00+03:00,OZ,0.003
2022-08-03T03:00:00+03:00,NO,0.045
2022-08-03T03:00:00+03:00,NO2,0.062
2022-08-03T03:00:00+03:00,CH4,1.59
2022-08-03T03:00:00+03:00,OZ,0.0029
2022-08-03T03:00:00+03:00,CO,0.23
2022-08-03T04:00:00+03:00,NO,0.018
2022-08-03T04:00:00+03:00,CH4,1.57
2022-08-03T04:00:00+03:00,OZ,0.0028
2022-08-03T04:00:00+03:00,CO,0.1
2022-08-03T04:00:00+03:00,NO2,0.057
2022-08-03T05:00:00+03:00,OZ,0.0031
2022-08-03T05:00:00+03:00,NO2,0.052
2022-08-03T05:00:00+03:00,NO,0.017
2022-08-03T05:00:00+03:00,CO,0.07
2022-08-03T05:00:00+03:00,CH4,1.62
2022-08-03T06:00:00+03:00,CH4,1.78
2022-08-03T06:00:00+03:00,OZ,0.0034
2022-08-03T06:00:00+03:00,NO,0.033
2022-08-03T06:00:00+03:00,NO2,0.05
2022-08-03T06:00:00+03:00,CO,0.1
2022-08-03T07:00:00+03:00,CH4,1.76
2022-08-03T07:00:00+03:00,OZ,0.0039
2022-08-03T07:00:00+03:00,CO,0.17
2022-08-03T07:00:00+03:00,NO,0.043
2022-08-03T07:00:00+03:00,NO2,0.051
2022-08-03T08:00:00+03:00,CH4,1.65
2022-08-03T08:00:00+03:00,NO2,0.056
2022-08-03T08:00:00+03:00,NO,0.048
2022-08-03T08:00:00+03:00,OZ,0.006
2022-08-03T08:00:00+03:00,CO,0.3
2022-08-03T09:00:00+03:00,CH4,1.58
2022-08-03T09:00:00+03:00,NO,0.023
2022-08-03T09:00:00+03:00,OZ,0.0153
2022-08-03T09:00:00+03:00,CO,0.2
2022-08-03T09:00:00+03:00,NO2,0.054
2022-08-03T10:00:00+03:00,CH4,1.53
2022-08-03T10:00:00+03:00,NO,0.018
2022-08-03T10:00:00+03:00,CO,0.2
2022-08-03T10:00:00+03:00,NO2,0.052
2022-08-03T10:00:00+03:00,OZ,0.0363
2022-08-03T11:00:00+03:00,CH4,1.42
2022-08-03T11:00:00+03:00,CO,0.1
2022-08-03T11:00:00+03:00,NO,0.005
2022-08-03T11:00:00+03:00,NO2,0.02
2022-08-03T11:00:00+03:00,OZ,0.0805
2022-08-03T12:00:00+03:00,CO,0.1
2022-08-03T12:00:00+03:00,OZ,0.0995
2022-08-03T12:00:00+03:00,CH4,1.36
2022-08-03T12:00:00+03:00,NO2,0.01
2022-08-03T12:00:00+03:00,NO,0.004
2022-08-03T13:00:00+03:00,NO,0.004
2022-08-03T13:00:00+03:00,OZ,0.1111
2022-08-03T13:00:00+03:00,CH4,1.37
2022-08-03T13:00:00+03:00,CO,0.13
2022-08-03T13:00:00+03:00,NO2,0.012
2022-08-03T14:00:00+03:00,CO,0.23
2022-08-03T14:00:00+03:00,OZ,0.113
2022-08-03T14:00:00+03:00,CH4,1.38
2022-08-03T14:00:00+03:00,NO2,0.021
2022-08-03T14:00:00+03:00,NO,0.006
2022-08-03T15:00:00+03:00,CO,0.2
2022-08-03T15:00:00+03:00,NO,0.004
2022-08-03T15:00:00+03:00,CH4,1.37
2022-08-03T15:00:00+03:00,NO2,0.012
2022-08-03T15:00:00+03:00,OZ,0.1201
2022-08-03T16:00:00+03:00,NO2,0.018
2022-08-03T16:00:00+03:00,OZ,0.1163
2022-08-03T16:00:00+03:00,CO,0.2
2022-08-03T16:00:00+03:00,CH4,1.37
2022-08-03T16:00:00+03:00,NO,0.005
2022-08-03T17:00:00+03:00,OZ,0.1133
2022-08-03T17:00:00+03:00,NO,0.003
2022-08-03T17:00:00+03:00,NO2,0.012
2022-08-03T17:00:00+03:00,CH4,1.36
2022-08-03T17:00:00+03:00,CO,0.27
2022-08-03T18:00:00+03:00,NO,0.002
2022-08-03T18:00:00+03:00,CO,0.23
2022-08-03T18:00:00+03:00,NO2,0.011
2022-08-03T18:00:00+03:00,CH4,1.36
2022-08-03T18:00:00+03:00,OZ,0.1187
2022-08-03T19:00:00+03:00,CO,0.33
2022-08-03T19:00:00+03:00,OZ,0.1026
2022-08-03T19:00:00+03:00,CH4,1.38
2022-08-03T19:00:00+03:00,NO2,0.027
2022-08-03T19:00:00+03:00,NO,0.002
2022-08-03T20:00:00+03:00,OZ,0.0738
2022-08-03T20:00:00+03:00,NO2,0.053
2022-08-03T20:00:00+03:00,CH4,1.39
2022-08-03T20:00:00+03:00,NO,0.002
2022-08-03T20:00:00+03:00,CO,0.43
2022-08-03T21:00:00+03:00,CH4,1.4
2022-08-03T21:00:00+03:00,NO,0.002
2022-08-03T21:00:00+03:00,NO2,0.066
2022-08-03T21:00:00+03:00,OZ,0.0463
2022-08-03T21:00:00+03:00,CO,0.47
2022-08-03T22:00:00+03:00,OZ,0.0378
2022-08-03T22:00:00+03:00,CO,0.4
2022-08-03T22:00:00+03:00,CH4,1.43
2022-08-03T22:00:00+03:00,NO,0.002
2022-08-03T22:00:00+03:00,NO2,0.055
2022-08-03T23:00:00+03:00,NO,0.002
2022-08-03T23:00:00+03:00,CH4,1.49
2022-08-03T23:00:00+03:00,OZ,0.0346
2022-08-03T23:00:00+03:00,NO2,0.05
2022-08-03T23:00:00+03:00,CO,0.33
2022-08-04T00:00:00+03:00,NO,0.002
2022-08-04T00:00:00+03:00,NO2,0.052
2022-08-04T00:00:00+03:00,CH4,1.47
2022-08-04T00:00:00+03:00,CO,0.4
2022-08-04T00:00:00+03:00,OZ,0.0255
2022-08-04T01:00:00+03:00,CO,0.43
2022-08-04T01:00:00+03:00,CH4,1.45
2022-08-04T01:00:00+03:00,NO,0.004
2022-08-04T01:00:00+03:00,OZ,0.0077
2022-08-04T01:00:00+03:00,NO2,0.066
2022-08-04T02:00:00+03:00,NO2,0.066
2022-08-04T02:00:00+03:00,CH4,1.46
2022-08-04T02:00:00+03:00,CO,0.5
2022-08-04T02:00:00+03:00,OZ,0.0037
2022-08-04T02:00:00+03:00,NO,0.011
2022-08-04T03:00:00+03:00,OZ,0.0035
2022-08-04T03:00:00+03:00,NO2,0.063
2022-08-04T03:00:00+03:00,NO,0.028
2022-08-04T03:00:00+03:00,CH4,1.47
2022-08-04T03:00:00+03:00,CO,0.5
2022-08-04T04:00:00+03:00,CH4,1.5
2022-08-04T04:00:00+03:00,OZ,0.0032
2022-08-04T04:00:00+03:00,NO,0.019
2022-08-04T04:00:00+03:00,NO2,0.058
2022-08-04T04:00:00+03:00,CO,0.43
2022-08-04T05:00:00+03:00,CH4,1.54
2022-08-04T05:00:00+03:00,NO,0.011
2022-08-04T05:00:00+03:00,NO2,0.054
2022-08-04T05:00:00+03:00,OZ,0.0039
2022-08-04T05:00:00+03:00,CO,0.3
2022-08-04T06:00:00+03:00,OZ,0.0051
2022-08-04T06:00:00+03:00,NO2,0.051
2022-08-04T06:00:00+03:00,NO,0.018
2022-08-04T06:00:00+03:00,CH4,1.6
2022-08-04T06:00:00+03:00,CO,0.3
2022-08-04T07:00:00+03:00,CH4,1.61
2022-08-04T07:00:00+03:00,NO,0.022
2022-08-04T07:00:00+03:00,NO2,0.05
2022-08-04T07:00:00+03:00,OZ,0.0062
2022-08-04T07:00:00+03:00,CO,0.37
2022-08-04T08:00:00+03:00,OZ,0.012
2022-08-04T08:00:00+03:00,CO,0.4
2022-08-04T08:00:00+03:00,NO2,0.053
2022-08-04T08:00:00+03:00,CH4,1.54
2022-08-04T08:00:00+03:00,NO,0.021
2022-08-04T09:00:00+03:00,CH4,1.43
2022-08-04T09:00:00+03:00,OZ,0.0314
2022-08-04T09:00:00+03:00,NO2,0.04
2022-08-04T09:00:00+03:00,CO,0.3
2022-08-04T09:00:00+03:00,NO,0.012
2022-08-04T10:00:00+03:00,NO,0.007
2022-08-04T10:00:00+03:00,NO2,0.026
2022-08-04T10:00:00+03:00,CH4,1.4
2022-08-04T10:00:00+03:00,OZ,0.0611
2022-08-04T10:00:00+03:00,CO,0.17
2022-08-04T11:00:00+03:00,CH4,1.37
2022-08-04T11:00:00+03:00,CO,0.17
2022-08-04T11:00:00+03:00,NO2,0.013
2022-08-04T11:00:00+03:00,OZ,0.0888
2022-08-04T11:00:00+03:00,NO,0.004
2022-08-04T12:00:00+03:00,OZ,0.0997
2022-08-04T12:00:00+03:00,NO,0.003
2022-08-04T12:00:00+03:00,NO2,0.007
2022-08-04T12:00:00+03:00,CO,0.33
2022-08-04T12:00:00+03:00,CH4,1.36
2022-08-04T13:00:00+03:00,OZ,0.1025
2022-08-04T13:00:00+03:00,CH4,1.35
2022-08-04T13:00:00+03:00,CO,0.3
2022-08-04T13:00:00+03:00,NO,0.004
2022-08-04T13:00:00+03:00,NO2,0.01
2022-08-04T14:00:00+03:00,CO,0.4
2022-08-04T14:00:00+03:00,NO,0.006
2022-08-04T14:00:00+03:00,NO2,0.017
2022-08-04T14:00:00+03:00,OZ,0.1049
2022-08-04T14:00:00+03:00,CH4,1.36
2022-08-04T15:00:00+03:00,CO,0.43
2022-08-04T15:00:00+03:00,CH4,1.37
2022-08-04T15:00:00+03:00,NO,0.002
2022-08-04T15:00:00+03:00,NO2,0.009
2022-08-04T15:00:00+03:00,OZ,0.1238
2022-08-04T16:00:00+03:00,NO2,0.009
2022-08-04T16:00:00+03:00,CO,0.47
2022-08-04T16:00:00+03:00,OZ,0.13
2022-08-04T16:00:00+03:00,CH4,1.37
2022-08-04T16:00:00+03:00,NO,0.002
2022-08-04T17:00:00+03:00,CH4,1.37
2022-08-04T17:00:00+03:00,NO2,0.014
2022-08-04T17:00:00+03:00,CO,0.53
2022-08-04T17:00:00+03:00,OZ,0.1192
2022-08-04T17:00:00+03:00,NO,0.004
2022-08-04T18:00:00+03:00,NO,0.002
2022-08-04T18:00:00+03:00,NO2,0.013
2022-08-04T18:00:00+03:00,CO,0.5
2022-08-04T18:00:00+03:00,CH4,1.38
2022-08-04T18:00:00+03:00,OZ,0.1199
2022-08-04T19:00:00+03:00,CO,0.5
2022-08-04T19:00:00+03:00,OZ,0.1135
2022-08-04T19:00:00+03:00,NO,0.002
2022-08-04T19:00:00+03:00,NO2,0.016
2022-08-04T19:00:00+03:00,CH4,1.38
2022-08-04T20:00:00+03:00,OZ,0.0975
2022-08-04T20:00:00+03:00,NO2,0.03
2022-08-04T20:00:00+03:00,CH4,1.38
2022-08-04T20:00:00+03:00,NO,0.002
2022-08-04T20:00:00+03:00,CO,0.53
2022-08-04T21:00:00+03:00,NO2,0.073
2022-08-04T21:00:00+03:00,NO,0.002
2022-08-04T21:00:00+03:00,CH4,1.41
2022-08-04T21:00:00+03:00,CO,0.73
2022-08-04T21:00:00+03:00,OZ,0.0441
2022-08-04T22:00:00+03:00,NO,0.014
2022-08-04T22:00:00+03:00,OZ,0.0137
2022-08-04T22:00:00+03:00,CH4,1.41
2022-08-04T22:00:00+03:00,NO2,0.094
2022-08-04T22:00:00+03:00,CO,1
2022-08-04T23:00:00+03:00,NO,0.149
2022-08-04T23:00:00+03:00,NO2,0.103
2022-08-04T23:00:00+03:00,CO,1.8
2022-08-04T23:00:00+03:00,OZ,0.0049
2022-08-04T23:00:00+03:00,CH4,1.48
2022-08-05T00:00:00+03:00,CH4,1.53
2022-08-05T00:00:00+03:00,NO,0.083
2022-08-05T00:00:00+03:00,CO,1.13
2022-08-05T00:00:00+03:00,NO2,0.095
2022-08-05T00:00:00+03:00,OZ,0.0038
2022-08-05T01:00:00+03:00,NO2,0.087
2022-08-05T01:00:00+03:00,CO,0.9
2022-08-05T01:00:00+03:00,OZ,0.0036
2022-08-05T01:00:00+03:00,NO,0.076
2022-08-05T01:00:00+03:00,CH4,1.55
2022-08-05T02:00:00+03:00,OZ,0.0034
2022-08-05T02:00:00+03:00,CH4,1.64
2022-08-05T02:00:00+03:00,NO,0.072
2022-08-05T02:00:00+03:00,CO,0.8
2022-08-05T02:00:00+03:00,NO2,0.08
2022-08-05T03:00:00+03:00,OZ,0.0034
2022-08-05T03:00:00+03:00,CO,0.87
2022-08-05T03:00:00+03:00,NO,0.101
2022-08-05T03:00:00+03:00,NO2,0.073
2022-08-05T03:00:00+03:00,CH4,1.67
2022-08-05T04:00:00+03:00,NO2,0.066
2022-08-05T04:00:00+03:00,CO,0.57
2022-08-05T04:00:00+03:00,OZ,0.0031
2022-08-05T04:00:00+03:00,NO,0.068
2022-08-05T04:00:00+03:00,CH4,1.65
2022-08-05T05:00:00+03:00,OZ,0.0031
2022-08-05T05:00:00+03:00,CH4,1.6
2022-08-05T05:00:00+03:00,CO,0.27
2022-08-05T05:00:00+03:00,NO,0.035
2022-08-05T05:00:00+03:00,NO2,0.063
2022-08-05T06:00:00+03:00,CH4,1.55
2022-08-05T06:00:00+03:00,NO,0.014
2022-08-05T06:00:00+03:00,CO,0.1
2022-08-05T06:00:00+03:00,OZ,0.0047
2022-08-05T06:00:00+03:00,NO2,0.054
2022-08-05T07:00:00+03:00,CO,0.13
2022-08-05T07:00:00+03:00,OZ,0.009
2022-08-05T07:00:00+03:00,NO2,0.048
2022-08-05T07:00:00+03:00,NO,0.012
2022-08-05T07:00:00+03:00,CH4,1.54
2022-08-05T08:00:00+03:00,NO,0.016
2022-08-05T08:00:00+03:00,NO2,0.048
2022-08-05T08:00:00+03:00,CO,0.1
2022-08-05T08:00:00+03:00,OZ,0.0119
2022-08-05T08:00:00+03:00,CH4,1.59
2022-08-05T09:00:00+03:00,NO,0.022
2022-08-05T09:00:00+03:00,CH4,1.64
2022-08-05T09:00:00+03:00,OZ,0.0088
2022-08-05T09:00:00+03:00,NO2,0.056
2022-08-05T09:00:00+03:00,CO,0.27
2022-08-05T10:00:00+03:00,OZ,0.0107
2022-08-05T10:00:00+03:00,NO,0.031
2022-08-05T10:00:00+03:00,CO,0.33
2022-08-05T10:00:00+03:00,CH4,1.64
2022-08-05T10:00:00+03:00,NO2,0.068
2022-08-05T11:00:00+03:00,OZ,0.0248
2022-08-05T11:00:00+03:00,NO2,0.078
2022-08-05T11:00:00+03:00,NO,0.03
2022-08-05T11:00:00+03:00,CH4,1.54
2022-08-05T11:00:00+03:00,CO,0.37
2022-08-05T12:00:00+03:00,OZ,0.0708
2022-08-05T12:00:00+03:00,NO2,0.037
2022-08-05T12:00:00+03:00,CH4,1.44
2022-08-05T12:00:00+03:00,NO,0.009
2022-08-05T12:00:00+03:00,CO,0.3
2022-08-05T13:00:00+03:00,NO2,0.028
2022-08-05T13:00:00+03:00,CO,0.2
2022-08-05T13:00:00+03:00,NO,0.006
2022-08-05T13:00:00+03:00,OZ,0.0947
2022-08-05T13:00:00+03:00,CH4,1.4
2022-08-05T14:00:00+03:00,OZ,0.1151
2022-08-05T14:00:00+03:00,CO,0.3
2022-08-05T14:00:00+03:00,NO2,0.022
2022-08-05T14:00:00+03:00,NO,0.007
2022-08-05T14:00:00+03:00,CH4,1.39
2022-08-05T15:00:00+03:00,CO,0.23
2022-08-05T15:00:00+03:00,NO,0.004
2022-08-05T15:00:00+03:00,CH4,1.37
2022-08-05T15:00:00+03:00,OZ,0.1206
2022-08-05T15:00:00+03:00,NO2,0.013
2022-08-05T16:00:00+03:00,CH4,1.38
2022-08-05T16:00:00+03:00,NO2,0.012
2022-08-05T16:00:00+03:00,NO,0.004
2022-08-05T16:00:00+03:00,CO,0.23
2022-08-05T16:00:00+03:00,OZ,0.1162
2022-08-05T17:00:00+03:00,NO2,0.011
2022-08-05T17:00:00+03:00,CO,0.23
2022-08-05T17:00:00+03:00,NO,0.003
2022-08-05T17:00:00+03:00,CH4,1.38
2022-08-05T17:00:00+03:00,OZ,0.112
2022-08-05T18:00:00+03:00,NO,0.002
2022-08-05T18:00:00+03:00,OZ,0.1207
2022-08-05T18:00:00+03:00,CH4,1.38
2022-08-05T18:00:00+03:00,NO2,0.013
2022-08-05T18:00:00+03:00,CO,0.3
2022-08-05T19:00:00+03:00,CO,0.3
2022-08-05T19:00:00+03:00,NO2,0.018
2022-08-05T19:00:00+03:00,OZ,0.1132
2022-08-05T19:00:00+03:00,NO,0.003
2022-08-05T19:00:00+03:00,CH4,1.38
2022-08-05T20:00:00+03:00,OZ,0.0934
2022-08-05T20:00:00+03:00,NO,0.002
2022-08-05T20:00:00+03:00,NO2,0.022
2022-08-05T20:00:00+03:00,CH4,1.39
2022-08-05T20:00:00+03:00,CO,0.3
2022-08-05T21:00:00+03:00,CH4,1.4
2022-08-05T21:00:00+03:00,CO,0.43
2022-08-05T21:00:00+03:00,NO2,0.049
2022-08-05T21:00:00+03:00,OZ,0.0545
2022-08-05T21:00:00+03:00,NO,0.002
2022-08-05T22:00:00+03:00,NO2,0.072
2022-08-05T22:00:00+03:00,NO,0.002
2022-08-05T22:00:00+03:00,OZ,0.029
2022-08-05T22:00:00+03:00,CH4,1.42
2022-08-05T22:00:00+03:00,CO,0.5
2022-08-05T23:00:00+03:00,CH4,1.47
2022-08-05T23:00:00+03:00,CO,0.53
2022-08-05T23:00:00+03:00,NO2,0.073
2022-08-05T23:00:00+03:00,OZ,0.0199
2022-08-05T23:00:00+03:00,NO,0.003
2022-08-06T00:00:00+03:00,NO,0.025
2022-08-06T00:00:00+03:00,CH4,1.55
2022-08-06T00:00:00+03:00,CO,0.73
2022-08-06T00:00:00+03:00,OZ,0.0038
2022-08-06T00:00:00+03:00,NO2,0.087
2022-08-06T01:00:00+03:00,OZ,0.0035
2022-08-06T01:00:00+03:00,CH4,1.57
2022-08-06T01:00:00+03:00,NO,0.037
2022-08-06T01:00:00+03:00,CO,0.73
2022-08-06T01:00:00+03:00,NO2,0.082
2022-08-06T02:00:00+03:00,CH4,1.62
2022-08-06T02:00:00+03:00,NO2,0.077
2022-08-06T02:00:00+03:00,OZ,0.0033
2022-08-06T02:00:00+03:00,NO,0.029
2022-08-06T02:00:00+03:00,CO,0.6
2022-08-06T03:00:00+03:00,NO2,0.07
2022-08-06T03:00:00+03:00,NO,0.016
2022-08-06T03:00:00+03:00,CH4,1.58
2022-08-06T03:00:00+03:00,CO,0.5
2022-08-06T03:00:00+03:00,OZ,0.0033
2022-08-06T04:00:00+03:00,NO,0.009
2022-08-06T04:00:00+03:00,NO2,0.066
2022-08-06T04:00:00+03:00,CH4,1.57
2022-08-06T04:00:00+03:00,CO,0.4
2022-08-06T04:00:00+03:00,OZ,0.0034
2022-08-06T05:00:00+03:00,OZ,0.0035
2022-08-06T05:00:00+03:00,NO2,0.062
2022-08-06T05:00:00+03:00,CO,0.4
2022-08-06T05:00:00+03:00,CH4,1.59
2022-08-06T05:00:00+03:00,NO,0.011
2022-08-06T06:00:00+03:00,CH4,1.58
2022-08-06T06:00:00+03:00,OZ,0.0065
2022-08-06T06:00:00+03:00,CO,0.3
2022-08-06T06:00:00+03:00,NO,0.011
2022-08-06T06:00:00+03:00,NO2,0.055
2022-08-06T07:00:00+03:00,NO2,0.052
2022-08-06T07:00:00+03:00,OZ,0.0099
2022-08-06T07:00:00+03:00,NO,0.014
2022-08-06T07:00:00+03:00,CO,0.37
2022-08-06T07:00:00+03:00,CH4,1.67
2022-08-06T08:00:00+03:00,NO,0.008
2022-08-06T08:00:00+03:00,CH4,1.62
2022-08-06T08:00:00+03:00,CO,0.3
2022-08-06T08:00:00+03:00,OZ,0.0234
2022-08-06T08:00:00+03:00,NO2,0.046
2022-08-06T09:00:00+03:00,OZ,0.0337
2022-08-06T09:00:00+03:00,NO,0.01
2022-08-06T09:00:00+03:00,NO2,0.047
2022-08-06T09:00:00+03:00,CO,0.3
2022-08-06T09:00:00+03:00,CH4,1.58
2022-08-06T10:00:00+03:00,CH4,1.52
2022-08-06T10:00:00+03:00,OZ,0.072
2022-08-06T10:00:00+03:00,NO2,0.032
2022-08-06T10:00:00+03:00,CO,0.2
2022-08-06T10:00:00+03:00,NO,0.005
2022-08-06T11:00:00+03:00,OZ,0.0812
2022-08-06T11:00:00+03:00,NO2,0.039
2022-08-06T11:00:00+03:00,CH4,1.48
2022-08-06T11:00:00+03:00,NO,0.009
2022-08-06T11:00:00+03:00,CO,0.27
2022-08-06T12:00:00+03:00,CH4,1.42
2022-08-06T12:00:00+03:00,NO2,0.019
2022-08-06T12:00:00+03:00,NO,0.004
2022-08-06T12:00:00+03:00,OZ,0.1121
2022-08-06T12:00:00+03:00,CO,0.1
2022-08-06T13:00:00+03:00,NO,0.009
2022-08-06T13:00:00+03:00,CO,0.17
2022-08-06T13:00:00+03:00,NO2,0.034
2022-08-06T13:00:00+03:00,CH4,1.41
2022-08-06T13:00:00+03:00,OZ,0.1028
2022-08-06T14:00:00+03:00,NO2,0.027
2022-08-06T14:00:00+03:00,NO,0.005
2022-08-06T14:00:00+03:00,CH4,1.4
2022-08-06T14:00:00+03:00,CO,0.17
2022-08-06T14:00:00+03:00,OZ,0.1115
2022-08-06T15:00:00+03:00,CO,0.17
2022-08-06T15:00:00+03:00,NO2,0.029
2022-08-06T15:00:00+03:00,CH4,1.39
2022-08-06T15:00:00+03:00,NO,0.005
2022-08-06T15:00:00+03:00,OZ,0.1284
2022-08-06T16:00:00+03:00,CH4,1.39
2022-08-06T16:00:00+03:00,NO2,0.024
2022-08-06T16:00:00+03:00,CO,0.17
2022-08-06T16:00:00+03:00,OZ,0.1358
2022-08-06T16:00:00+03:00,NO,0.003
2022-08-06T17:00:00+03:00,OZ,0.1353
2022-08-06T17:00:00+03:00,NO,0.004
2022-08-06T17:00:00+03:00,NO2,0.026
2022-08-06T17:00:00+03:00,CO,0.13
2022-08-06T17:00:00+03:00,CH4,1.39
2022-08-06T18:00:00+03:00,CH4,1.39
2022-08-06T18:00:00+03:00,OZ,0.1307
2022-08-06T18:00:00+03:00,CO,0.17
2022-08-06T18:00:00+03:00,NO,0.002
2022-08-06T18:00:00+03:00,NO2,0.025
2022-08-06T19:00:00+03:00,CH4,1.39
2022-08-06T19:00:00+03:00,NO2,0.026
2022-08-06T19:00:00+03:00,NO,0.002
2022-08-06T19:00:00+03:00,OZ,0.1176
2022-08-06T19:00:00+03:00,CO,0.13
2022-08-06T20:00:00+03:00,CH4,1.42
2022-08-06T20:00:00+03:00,NO2,0.024
2022-08-06T20:00:00+03:00,CO,0.2
2022-08-06T20:00:00+03:00,OZ,0.0934
2022-08-06T20:00:00+03:00,NO,0.003
2022-08-06T21:00:00+03:00,CH4,1.43
2022-08-06T21:00:00+03:00,CO,0.23
2022-08-06T21:00:00+03:00,OZ,0.0662
2022-08-06T21:00:00+03:00,NO2,0.04
2022-08-06T21:00:00+03:00,NO,0.002
2022-08-06T22:00:00+03:00,CO,0.27
2022-08-06T22:00:00+03:00,NO,0.002
2022-08-06T22:00:00+03:00,NO2,0.048
2022-08-06T22:00:00+03:00,OZ,0.0567
2022-08-06T22:00:00+03:00,CH4,1.42
2022-08-06T23:00:00+03:00,CH4,1.42
2022-08-06T23:00:00+03:00,CO,0.23
2022-08-06T23:00:00+03:00,NO,0.002
2022-08-06T23:00:00+03:00,NO2,0.05
2022-08-06T23:00:00+03:00,OZ,0.0522
2022-08-07T00:00:00+03:00,CO,0.33
2022-08-07T00:00:00+03:00,NO,0.005
2022-08-07T00:00:00+03:00,NO2,0.081
2022-08-07T00:00:00+03:00,CH4,1.43
2022-08-07T00:00:00+03:00,OZ,0.0148
2022-08-07T01:00:00+03:00,OZ,0.0093
2022-08-07T01:00:00+03:00,CO,0.33
2022-08-07T01:00:00+03:00,NO,0.009
2022-08-07T01:00:00+03:00,CH4,1.46
2022-08-07T01:00:00+03:00,NO2,0.086
2022-08-07T02:00:00+03:00,OZ,0.004
2022-08-07T02:00:00+03:00,NO2,0.089
2022-08-07T02:00:00+03:00,CO,0.47
2022-08-07T02:00:00+03:00,NO,0.04
2022-08-07T02:00:00+03:00,CH4,1.49
2022-08-07T03:00:00+03:00,CO,0.57
2022-08-07T03:00:00+03:00,NO,0.04
2022-08-07T03:00:00+03:00,CH4,1.5
2022-08-07T03:00:00+03:00,OZ,0.004
2022-08-07T03:00:00+03:00,NO2,0.084
2022-08-07T04:00:00+03:00,OZ,0.0038
2022-08-07T04:00:00+03:00,CO,0.4
2022-08-07T04:00:00+03:00,NO2,0.081
2022-08-07T04:00:00+03:00,NO,0.031
2022-08-07T04:00:00+03:00,CH4,1.5
2022-08-07T05:00:00+03:00,NO,0.021
2022-08-07T05:00:00+03:00,CO,0.23
2022-08-07T05:00:00+03:00,OZ,0.004
2022-08-07T05:00:00+03:00,NO2,0.078
2022-08-07T05:00:00+03:00,CH4,1.5
2022-08-07T06:00:00+03:00,NO,0.032
2022-08-07T06:00:00+03:00,OZ,0.0042
2022-08-07T06:00:00+03:00,CH4,1.57
2022-08-07T06:00:00+03:00,NO2,0.072
2022-08-07T06:00:00+03:00,CO,0.3
2022-08-07T07:00:00+03:00,NO2,0.07
2022-08-07T07:00:00+03:00,NO,0.018
2022-08-07T07:00:00+03:00,OZ,0.0066
2022-08-07T07:00:00+03:00,CH4,1.56
2022-08-07T07:00:00+03:00,CO,0.2
2022-08-07T08:00:00+03:00,CH4,1.54
2022-08-07T08:00:00+03:00,NO,0.016
2022-08-07T08:00:00+03:00,NO2,0.068
2022-08-07T08:00:00+03:00,CO,0.13
2022-08-07T08:00:00+03:00,OZ,0.0158
2022-08-07T09:00:00+03:00,OZ,0.0436
2022-08-07T09:00:00+03:00,CH4,1.47
2022-08-07T09:00:00+03:00,NO,0.009
2022-08-07T09:00:00+03:00,NO2,0.05
2022-08-07T09:00:00+03:00,CO,0.07
2022-08-07T10:00:00+03:00,NO,0.008
2022-08-07T10:00:00+03:00,CO,0.03
2022-08-07T10:00:00+03:00,OZ,0.0609
2022-08-07T10:00:00+03:00,NO2,0.041
2022-08-07T10:00:00+03:00,CH4,1.43
2022-08-07T11:00:00+03:00,CO,0.17
2022-08-07T11:00:00+03:00,NO,0.006
2022-08-07T11:00:00+03:00,NO2,0.039
2022-08-07T11:00:00+03:00,CH4,1.42
2022-08-07T11:00:00+03:00,OZ,0.067
2022-08-07T12:00:00+03:00,CH4,1.4
2022-08-07T12:00:00+03:00,OZ,0.0589
2022-08-07T12:00:00+03:00,NO,0.012
2022-08-07T12:00:00+03:00,NO2,0.045
2022-08-07T12:00:00+03:00,CO,0.33
2022-08-07T13:00:00+03:00,CH4,1.4
2022-08-07T13:00:00+03:00,NO,0.004
2022-08-07T13:00:00+03:00,OZ,0.0953
2022-08-07T13:00:00+03:00,NO2,0.032
2022-08-07T13:00:00+03:00,CO,0.2
2022-08-07T14:00:00+03:00,CO,0.2
2022-08-07T14:00:00+03:00,OZ,0.116
2022-08-07T14:00:00+03:00,CH4,1.37
2022-08-07T14:00:00+03:00,NO2,0.021
2022-08-07T14:00:00+03:00,NO,0.005
2022-08-07T15:00:00+03:00,NO2,0.016
2022-08-07T15:00:00+03:00,NO,0.005
2022-08-07T15:00:00+03:00,CO,0.2
2022-08-07T15:00:00+03:00,CH4,1.37
2022-08-07T15:00:00+03:00,OZ,0.1006
2022-08-07T16:00:00+03:00,NO2,0.019
2022-08-07T16:00:00+03:00,OZ,0.0856
2022-08-07T16:00:00+03:00,CO,0.2
2022-08-07T16:00:00+03:00,NO,0.005
2022-08-07T16:00:00+03:00,CH4,1.38
2022-08-07T17:00:00+03:00,CH4,1.37
2022-08-07T17:00:00+03:00,NO2,0.015
2022-08-07T17:00:00+03:00,NO,0.007
2022-08-07T17:00:00+03:00,OZ,0.0922
2022-08-07T17:00:00+03:00,CO,0.17
2022-08-07T18:00:00+03:00,OZ,0.1008
2022-08-07T18:00:00+03:00,CO,0.13
2022-08-07T18:00:00+03:00,CH4,1.36
2022-08-07T18:00:00+03:00,NO,0.003
2022-08-07T18:00:00+03:00,NO2,0.012
2022-08-07T19:00:00+03:00,NO,0.004
2022-08-07T19:00:00+03:00,CO,0.2
2022-08-07T19:00:00+03:00,NO2,0.018
2022-08-07T19:00:00+03:00,OZ,0.0881
2022-08-07T19:00:00+03:00,CH4,1.36
2022-08-07T20:00:00+03:00,CO,0.23
2022-08-07T20:00:00+03:00,OZ,0.0804
2022-08-07T20:00:00+03:00,NO,0.005
2022-08-07T20:00:00+03:00,CH4,1.37
2022-08-07T20:00:00+03:00,NO2,0.021
2022-08-07T21:00:00+03:00,NO,0.002
2022-08-07T21:00:00+03:00,CH4,1.37
2022-08-07T21:00:00+03:00,CO,0.2
2022-08-07T21:00:00+03:00,OZ,0.0833
2022-08-07T21:00:00+03:00,NO2,0.016
2022-08-07T22:00:00+03:00,CO,0.2
2022-08-07T22:00:00+03:00,NO2,0.033
2022-08-07T22:00:00+03:00,OZ,0.0632
2022-08-07T22:00:00+03:00,NO,0.003
2022-08-07T22:00:00+03:00,CH4,1.37
2022-08-07T23:00:00+03:00,NO,0.006
2022-08-07T23:00:00+03:00,OZ,0.0403
2022-08-07T23:00:00+03:00,CH4,1.38
2022-08-07T23:00:00+03:00,CO,0.23
2022-08-07T23:00:00+03:00,NO2,0.047
2022-08-08T00:00:00+03:00,NO2,0.064
2022-08-08T00:00:00+03:00,OZ,0.0118
2022-08-08T00:00:00+03:00,CO,0.2
2022-08-08T00:00:00+03:00,CH4,1.4
2022-08-08T00:00:00+03:00,NO,0.007
2022-08-08T01:00:00+03:00,CO,0.1
2022-08-08T01:00:00+03:00,CH4,1.41
2022-08-08T01:00:00+03:00,NO,0.004
2022-08-08T01:00:00+03:00,OZ,0.0141
2022-08-08T01:00:00+03:00,NO2,0.046
2022-08-08T02:00:00+03:00,CH4,1.42
2022-08-08T02:00:00+03:00,NO2,0.045
2022-08-08T02:00:00+03:00,NO,0.006
2022-08-08T02:00:00+03:00,CO,0.1
2022-08-08T02:00:00+03:00,OZ,0.0122
2022-08-08T03:00:00+03:00,OZ,0.0109
2022-08-08T03:00:00+03:00,NO,0.006
2022-08-08T03:00:00+03:00,CH4,1.43
2022-08-08T03:00:00+03:00,NO2,0.043
2022-08-08T03:00:00+03:00,CO,0.1
2022-08-08T04:00:00+03:00,CO,0
2022-08-08T04:00:00+03:00,NO2,0.03
2022-08-08T04:00:00+03:00,OZ,0.0168
2022-08-08T04:00:00+03:00,NO,0.006
2022-08-08T04:00:00+03:00,CH4,1.43
2022-08-08T05:00:00+03:00,NO,0.004
2022-08-08T05:00:00+03:00,NO2,0.013
2022-08-08T05:00:00+03:00,CH4,1.42
2022-08-08T05:00:00+03:00,CO,0
2022-08-08T05:00:00+03:00,OZ,0.024
2022-08-08T06:00:00+03:00,NO,0.008
2022-08-08T06:00:00+03:00,NO2,0.006
2022-08-08T06:00:00+03:00,CO,0
2022-08-08T06:00:00+03:00,OZ,0.02
2022-08-08T06:00:00+03:00,CH4,1.36
2022-08-08T07:00:00+03:00,NO2,0.009
2022-08-08T07:00:00+03:00,NO,0.008
2022-08-08T07:00:00+03:00,CO,0
2022-08-08T07:00:00+03:00,OZ,0.0198
2022-08-08T07:00:00+03:00,CH4,1.36
2022-08-08T08:00:00+03:00,OZ,0.0186
2022-08-08T08:00:00+03:00,CO,0
2022-08-08T08:00:00+03:00,NO2,0.011
2022-08-08T08:00:00+03:00,NO,0.009
2022-08-08T08:00:00+03:00,CH4,1.36
2022-08-08T09:00:00+03:00,CO,0
2022-08-08T09:00:00+03:00,CH4,1.36
2022-08-08T09:00:00+03:00,NO,0.019
2022-08-08T09:00:00+03:00,OZ,0.0181
2022-08-08T09:00:00+03:00,NO2,0.016
2022-08-08T10:00:00+03:00,OZ,0.019
2022-08-08T10:00:00+03:00,CO,0
2022-08-08T10:00:00+03:00,NO,0.016
2022-08-08T10:00:00+03:00,NO2,0.013
2022-08-08T10:00:00+03:00,CH4,1.36
2022-08-08T11:00:00+03:00,NO,0.021
2022-08-08T11:00:00+03:00,NO2,0.016
2022-08-08T11:00:00+03:00,OZ,0.0163
2022-08-08T11:00:00+03:00,CH4,1.36
2022-08-08T11:00:00+03:00,CO,0.03
2022-08-08T12:00:00+03:00,OZ,0.0197
2022-08-08T12:00:00+03:00,CH4,1.36
2022-08-08T12:00:00+03:00,NO2,0.016
2022-08-08T12:00:00+03:00,CO,0
2022-08-08T12:00:00+03:00,NO,0.018
2022-08-08T13:00:00+03:00,OZ,0.0262
2022-08-08T13:00:00+03:00,NO2,0.012
2022-08-08T13:00:00+03:00,CH4,1.36
2022-08-08T13:00:00+03:00,NO,0.01
2022-08-08T13:00:00+03:00,CO,0
2022-08-08T14:00:00+03:00,CO,0
2022-08-08T14:00:00+03:00,NO2,0.017
2022-08-08T14:00:00+03:00,NO,0.019
2022-08-08T14:00:00+03:00,OZ,0.0306
2022-08-08T14:00:00+03:00,CH4,1.35
2022-08-08T15:00:00+03:00,CO,0
2022-08-08T15:00:00+03:00,OZ,0.0524
2022-08-08T15:00:00+03:00,NO2,0.008
2022-08-08T15:00:00+03:00,NO,0.005
2022-08-08T15:00:00+03:00,CH4,1.36
2022-08-08T16:00:00+03:00,CH4,1.34
2022-08-08T16:00:00+03:00,NO2,0.01
2022-08-08T16:00:00+03:00,CO,0
2022-08-08T16:00:00+03:00,OZ,0.0519
2022-08-08T16:00:00+03:00,NO,0.006
2022-08-08T17:00:00+03:00,CH4,1.34
2022-08-08T17:00:00+03:00,CO,0
2022-08-08T17:00:00+03:00,NO,0.009
2022-08-08T17:00:00+03:00,NO2,0.014
2022-08-08T17:00:00+03:00,OZ,0.052
2022-08-08T18:00:00+03:00,NO2,0.008
2022-08-08T18:00:00+03:00,CH4,1.34
2022-08-08T18:00:00+03:00,OZ,0.054
2022-08-08T18:00:00+03:00,CO,0
2022-08-08T18:00:00+03:00,NO,0.005
2022-08-08T19:00:00+03:00,CO,0.03
2022-08-08T19:00:00+03:00,NO,0.01
2022-08-08T19:00:00+03:00,NO2,0.017
2022-08-08T19:00:00+03:00,CH4,1.34
2022-08-08T19:00:00+03:00,OZ,0.0485
2022-08-08T20:00:00+03:00,NO,0.002
2022-08-08T20:00:00+03:00,NO2,0.012
2022-08-08T20:00:00+03:00,CH4,1.34
2022-08-08T20:00:00+03:00,OZ,0.0495
2022-08-08T20:00:00+03:00,CO,0
2022-08-08T21:00:00+03:00,NO,0.003
2022-08-08T21:00:00+03:00,CO,0.07
2022-08-08T21:00:00+03:00,OZ,0.0229
2022-08-08T21:00:00+03:00,NO2,0.029
2022-08-08T21:00:00+03:00,CH4,1.36
2022-08-08T22:00:00+03:00,CH4,1.37
2022-08-08T22:00:00+03:00,CO,0.03
2022-08-08T22:00:00+03:00,OZ,0.0133
2022-08-08T22:00:00+03:00,NO2,0.038
2022-08-08T22:00:00+03:00,NO,0.005
2022-08-08T23:00:00+03:00,OZ,0.0093
2022-08-08T23:00:00+03:00,CH4,1.4
2022-08-08T23:00:00+03:00,NO2,0.038
2022-08-08T23:00:00+03:00,NO,0.006
2022-08-08T23:00:00+03:00,CO,0.17
2022-08-09T00:00:00+03:00,OZ,0.0081
2022-08-09T00:00:00+03:00,NO2,0.036
2022-08-09T00:00:00+03:00,NO,0.007
2022-08-09T00:00:00+03:00,CH4,1.46
2022-08-09T00:00:00+03:00,CO,0.5
2022-08-09T01:00:00+03:00,CO,0.6
2022-08-09T01:00:00+03:00,OZ,0.0103
2022-08-09T01:00:00+03:00,CH4,1.47
2022-08-09T01:00:00+03:00,NO2,0.036
2022-08-09T01:00:00+03:00,NO,0.012
2022-08-09T02:00:00+03:00,CH4,1.42
2022-08-09T02:00:00+03:00,CO,0.5
2022-08-09T02:00:00+03:00,OZ,0.0278
2022-08-09T02:00:00+03:00,NO,0.003
2022-08-09T02:00:00+03:00,NO2,0.027
2022-08-09T03:00:00+03:00,OZ,0.0298
2022-08-09T03:00:00+03:00,NO2,0.011
2022-08-09T03:00:00+03:00,CH4,1.36
2022-08-09T03:00:00+03:00,NO,0.002
2022-08-09T03:00:00+03:00,CO,0.4
2022-08-09T04:00:00+03:00,OZ,0.0327
2022-08-09T04:00:00+03:00,NO,0.002
2022-08-09T04:00:00+03:00,NO2,0.01
2022-08-09T04:00:00+03:00,CO,0.33
2022-08-09T04:00:00+03:00,CH4,1.38
2022-08-09T05:00:00+03:00,NO2,0.015
2022-08-09T05:00:00+03:00,OZ,0.0255
2022-08-09T05:00:00+03:00,CO,0.53
2022-08-09T05:00:00+03:00,NO,0.003
2022-08-09T05:00:00+03:00,CH4,1.4
2022-08-09T06:00:00+03:00,NO,0.006
2022-08-09T06:00:00+03:00,OZ,0.0161
2022-08-09T06:00:00+03:00,NO2,0.017
2022-08-09T06:00:00+03:00,CO,0.47
2022-08-09T06:00:00+03:00,CH4,1.38
2022-08-09T07:00:00+03:00,CO,0.53
2022-08-09T07:00:00+03:00,NO2,0.02
2022-08-09T07:00:00+03:00,NO,0.012
2022-08-09T07:00:00+03:00,CH4,1.38
2022-08-09T07:00:00+03:00,OZ,0.0152
2022-08-09T08:00:00+03:00,CH4,1.38
2022-08-09T08:00:00+03:00,OZ,0.0262
2022-08-09T08:00:00+03:00,NO2,0.015
2022-08-09T08:00:00+03:00,CO,0.57
2022-08-09T08:00:00+03:00,NO,0.01
2022-08-09T09:00:00+03:00,OZ,0.0274
2022-08-09T09:00:00+03:00,NO2,0.017
2022-08-09T09:00:00+03:00,NO,0.013
2022-08-09T09:00:00+03:00,CH4,1.37
2022-08-09T09:00:00+03:00,CO,0.53
2022-08-09T10:00:00+03:00,OZ,0.032
2022-08-09T10:00:00+03:00,CH4,1.36
2022-08-09T10:00:00+03:00,NO2,0.012
2022-08-09T10:00:00+03:00,NO,0.01
2022-08-09T10:00:00+03:00,CO,0.47
2022-08-09T11:00:00+03:00,NO,0.008
2022-08-09T11:00:00+03:00,NO2,0.011
2022-08-09T11:00:00+03:00,OZ,0.0407
2022-08-09T11:00:00+03:00,CO,0.43
2022-08-09T11:00:00+03:00,CH4,1.36
2022-08-09T12:00:00+03:00,CO,0.13
2022-08-09T12:00:00+03:00,OZ,0.048
2022-08-09T12:00:00+03:00,NO,0.008
2022-08-09T12:00:00+03:00,NO2,0.01
2022-08-09T12:00:00+03:00,CH4,1.35
2022-08-09T13:00:00+03:00,NO,0.006
2022-08-09T13:00:00+03:00,NO2,0.009
2022-08-09T13:00:00+03:00,CH4,1.34
2022-08-09T13:00:00+03:00,CO,0.1
2022-08-09T13:00:00+03:00,OZ,0.0607
2022-08-09T14:00:00+03:00,NO2,0.008
2022-08-09T14:00:00+03:00,OZ,0.0631
2022-08-09T14:00:00+03:00,NO,0.004
2022-08-09T14:00:00+03:00,CO,0.1
2022-08-09T14:00:00+03:00,CH4,1.34
2022-08-09T15:00:00+03:00,CO,0.1
2022-08-09T15:00:00+03:00,NO,0.004
2022-08-09T15:00:00+03:00,OZ,0.0663
2022-08-09T15:00:00+03:00,CH4,1.34
2022-08-09T15:00:00+03:00,NO2,0.006
2022-08-09T16:00:00+03:00,NO2,0.007
2022-08-09T16:00:00+03:00,NO,0.006
2022-08-09T16:00:00+03:00,CH4,1.33
2022-08-09T16:00:00+03:00,OZ,0.0681
2022-08-09T16:00:00+03:00,CO,0.13
2022-08-09T17:00:00+03:00,OZ,0.0637
2022-08-09T17:00:00+03:00,NO,0.004
2022-08-09T17:00:00+03:00,CH4,1.34
2022-08-09T17:00:00+03:00,NO2,0.005
2022-08-09T17:00:00+03:00,CO,0.13
2022-08-09T18:00:00+03:00,NO,0.003
2022-08-09T18:00:00+03:00,OZ,0.0735
2022-08-09T18:00:00+03:00,CO,0.1
2022-08-09T18:00:00+03:00,CH4,1.34
2022-08-09T18:00:00+03:00,NO2,0.004
2022-08-09T19:00:00+03:00,CO,0.2
2022-08-09T19:00:00+03:00,CH4,1.35
2022-08-09T19:00:00+03:00,NO2,0.012
2022-08-09T19:00:00+03:00,OZ,0.0557
2022-08-09T19:00:00+03:00,NO,0.003
2022-08-09T20:00:00+03:00,NO,0.003
2022-08-09T20:00:00+03:00,CO,0.23
2022-08-09T20:00:00+03:00,NO2,0.017
2022-08-09T20:00:00+03:00,OZ,0.0454
2022-08-09T20:00:00+03:00,CH4,1.35
2022-08-09T21:00:00+03:00,OZ,0.0374
2022-08-09T21:00:00+03:00,CO,0.2
2022-08-09T21:00:00+03:00,NO,0.002
2022-08-09T21:00:00+03:00,NO2,0.022
2022-08-09T21:00:00+03:00,CH4,1.35
2022-08-09T22:00:00+03:00,OZ,0.0174
2022-08-09T22:00:00+03:00,NO,0.003
2022-08-09T22:00:00+03:00,CO,0.23
2022-08-09T22:00:00+03:00,NO2,0.038
2022-08-09T22:00:00+03:00,CH4,1.37
2022-08-09T23:00:00+03:00,NO2,0.045
2022-08-09T23:00:00+03:00,OZ,0.0068
2022-08-09T23:00:00+03:00,CH4,1.38
2022-08-09T23:00:00+03:00,CO,0.43
2022-08-09T23:00:00+03:00,NO,0.02
2022-08-10T00:00:00+03:00,NO2,0.042
2022-08-10T00:00:00+03:00,NO,0.088
2022-08-10T00:00:00+03:00,CH4,1.42
2022-08-10T00:00:00+03:00,OZ,0.0037
2022-08-10T00:00:00+03:00,CO,0.53
2022-08-10T01:00:00+03:00,CO,0.17
2022-08-10T01:00:00+03:00,CH4,1.4
2022-08-10T01:00:00+03:00,NO,0.027
2022-08-10T01:00:00+03:00,NO2,0.026
2022-08-10T01:00:00+03:00,OZ,0.003
2022-08-10T02:00:00+03:00,OZ,0.003
2022-08-10T02:00:00+03:00,NO,0.017
2022-08-10T02:00:00+03:00,CH4,1.39
2022-08-10T02:00:00+03:00,NO2,0.021
2022-08-10T02:00:00+03:00,CO,0
2022-08-10T03:00:00+03:00,CH4,1.4
2022-08-10T03:00:00+03:00,OZ,0.0041
2022-08-10T03:00:00+03:00,NO,0.01
2022-08-10T03:00:00+03:00,NO2,0.019
2022-08-10T03:00:00+03:00,CO,0
2022-08-10T04:00:00+03:00,NO2,0.021
2022-08-10T04:00:00+03:00,NO,0.018
2022-08-10T04:00:00+03:00,CO,0.27
2022-08-10T04:00:00+03:00,CH4,1.39
2022-08-10T04:00:00+03:00,OZ,0.0044
2022-08-10T05:00:00+03:00,OZ,0.0033
2022-08-10T05:00:00+03:00,NO,0.031
2022-08-10T05:00:00+03:00,CO,0.6
2022-08-10T05:00:00+03:00,NO2,0.023
2022-08-10T05:00:00+03:00,CH4,1.42
2022-08-10T06:00:00+03:00,CH4,1.41
2022-08-10T06:00:00+03:00,CO,0.37
2022-08-10T06:00:00+03:00,OZ,0.0042
2022-08-10T06:00:00+03:00,NO,0.021
2022-08-10T06:00:00+03:00,NO2,0.017
2022-08-10T07:00:00+03:00,NO2,0.015
2022-08-10T07:00:00+03:00,NO,0.024
2022-08-10T07:00:00+03:00,CO,0.47
2022-08-10T07:00:00+03:00,OZ,0.0066
2022-08-10T07:00:00+03:00,CH4,1.42
2022-08-10T08:00:00+03:00,NO,0.014
2022-08-10T08:00:00+03:00,NO2,0.014
2022-08-10T08:00:00+03:00,CH4,1.42
2022-08-10T08:00:00+03:00,OZ,0.0135
2022-08-10T08:00:00+03:00,CO,0.3
2022-08-10T09:00:00+03:00,OZ,0.0181
2022-08-10T09:00:00+03:00,CO,0.23
2022-08-10T09:00:00+03:00,NO,0.009
2022-08-10T09:00:00+03:00,NO2,0.012
2022-08-10T09:00:00+03:00,CH4,1.4
2022-08-10T10:00:00+03:00,CO,0.2
2022-08-10T10:00:00+03:00,OZ,0.0222
2022-08-10T10:00:00+03:00,CH4,1.4
2022-08-10T10:00:00+03:00,NO,0.012
2022-08-10T10:00:00+03:00,NO2,0.011
2022-08-10T11:00:00+03:00,CH4,1.38
2022-08-10T11:00:00+03:00,CO,0.13
2022-08-10T11:00:00+03:00,OZ,0.035
2022-08-10T11:00:00+03:00,NO,0.011
2022-08-10T11:00:00+03:00,NO2,0.013
2022-08-10T12:00:00+03:00,NO,0.007
2022-08-10T12:00:00+03:00,NO2,0.01
2022-08-10T12:00:00+03:00,CO,0.13
2022-08-10T12:00:00+03:00,CH4,1.35
2022-08-10T12:00:00+03:00,OZ,0.0514
2022-08-10T13:00:00+03:00,OZ,0.0584
2022-08-10T13:00:00+03:00,CH4,1.35
2022-08-10T13:00:00+03:00,NO,0.01
2022-08-10T13:00:00+03:00,NO2,0.013
2022-08-10T13:00:00+03:00,CO,0.13
2022-08-10T14:00:00+03:00,NO2,0.007
2022-08-10T14:00:00+03:00,CO,0.1
2022-08-10T14:00:00+03:00,OZ,0.0662
2022-08-10T14:00:00+03:00,NO,0.006
2022-08-10T14:00:00+03:00,CH4,1.35
2022-08-10T15:00:00+03:00,CO,0.1
2022-08-10T15:00:00+03:00,OZ,0.064
2022-08-10T15:00:00+03:00,NO,0.006
2022-08-10T15:00:00+03:00,CH4,1.35
2022-08-10T15:00:00+03:00,NO2,0.007
2022-08-10T16:00:00+03:00,CO,0.1
2022-08-10T16:00:00+03:00,OZ,0.0594
2022-08-10T16:00:00+03:00,NO2,0.008
2022-08-10T16:00:00+03:00,NO,0.007
2022-08-10T16:00:00+03:00,CH4,1.35
2022-08-10T17:00:00+03:00,NO2,0.005
2022-08-10T17:00:00+03:00,CO,0.1
2022-08-10T17:00:00+03:00,OZ,0.0617
2022-08-10T17:00:00+03:00,CH4,1.34
2022-08-10T17:00:00+03:00,NO,0.006
2022-08-10T18:00:00+03:00,NO2,0.014
2022-08-10T18:00:00+03:00,NO,0.008
2022-08-10T18:00:00+03:00,CH4,1.35
2022-08-10T18:00:00+03:00,CO,0.1
2022-08-10T18:00:00+03:00,OZ,0.0476
2022-08-10T19:00:00+03:00,NO,0.003
2022-08-10T19:00:00+03:00,CO,0.13
2022-08-10T19:00:00+03:00,NO2,0.01
2022-08-10T19:00:00+03:00,OZ,0.0514
2022-08-10T19:00:00+03:00,CH4,1.35
2022-08-10T20:00:00+03:00,CO,0.2
2022-08-10T20:00:00+03:00,OZ,0.0473
2022-08-10T20:00:00+03:00,NO2,0.013
2022-08-10T20:00:00+03:00,CH4,1.36
2022-08-10T20:00:00+03:00,NO,0.004
2022-08-10T21:00:00+03:00,CH4,1.37
2022-08-10T21:00:00+03:00,NO,0.003
2022-08-10T21:00:00+03:00,CO,0.27
2022-08-10T21:00:00+03:00,NO2,0.019
2022-08-10T21:00:00+03:00,OZ,0.0396
2022-08-10T22:00:00+03:00,NO2,0.02
2022-08-10T22:00:00+03:00,CO,0.17
2022-08-10T22:00:00+03:00,CH4,1.37
2022-08-10T22:00:00+03:00,NO,0.003
2022-08-10T22:00:00+03:00,OZ,0.0414
2022-08-10T23:00:00+03:00,NO2,0.017
2022-08-10T23:00:00+03:00,CH4,1.36
2022-08-10T23:00:00+03:00,CO,0.07
2022-08-10T23:00:00+03:00,OZ,0.0458
2022-08-10T23:00:00+03:00,NO,0.004
2022-08-11T00:00:00+03:00,CO,0.17
2022-08-11T00:00:00+03:00,CH4,1.37
2022-08-11T00:00:00+03:00,NO2,0.018
2022-08-11T00:00:00+03:00,NO,0.002
2022-08-11T00:00:00+03:00,OZ,0.0459
2022-08-11T01:00:00+03:00,CH4,1.37
2022-08-11T01:00:00+03:00,OZ,0.0401
2022-08-11T01:00:00+03:00,NO2,0.021
2022-08-11T01:00:00+03:00,NO,0.002
2022-08-11T01:00:00+03:00,CO,0.13
2022-08-11T02:00:00+03:00,CH4,1.38
2022-08-11T02:00:00+03:00,NO2,0.023
2022-08-11T02:00:00+03:00,CO,0.13
2022-08-11T02:00:00+03:00,OZ,0.0366
2022-08-11T02:00:00+03:00,NO,0.005
2022-08-11T03:00:00+03:00,NO,0.016
2022-08-11T03:00:00+03:00,OZ,0.009
2022-08-11T03:00:00+03:00,NO2,0.043
2022-08-11T03:00:00+03:00,CO,0.2
2022-08-11T03:00:00+03:00,CH4,1.4
2022-08-11T04:00:00+03:00,NO,0.018
2022-08-11T04:00:00+03:00,CO,0.27
2022-08-11T04:00:00+03:00,CH4,1.41
2022-08-11T04:00:00+03:00,NO2,0.042
2022-08-11T04:00:00+03:00,OZ,0.0034
2022-08-11T05:00:00+03:00,CH4,1.39
2022-08-11T05:00:00+03:00,NO2,0.034
2022-08-11T05:00:00+03:00,NO,0.008
2022-08-11T05:00:00+03:00,OZ,0.0057
2022-08-11T05:00:00+03:00,CO,0.5
2022-08-11T06:00:00+03:00,CH4,1.41
2022-08-11T06:00:00+03:00,CO,0.57
2022-08-11T06:00:00+03:00,NO,0.01
2022-08-11T06:00:00+03:00,NO2,0.03
2022-08-11T06:00:00+03:00,OZ,0.0083
2022-08-11T07:00:00+03:00,NO,0.023
2022-08-11T07:00:00+03:00,OZ,0.0108
2022-08-11T07:00:00+03:00,CO,0.7
2022-08-11T07:00:00+03:00,NO2,0.035
2022-08-11T07:00:00+03:00,CH4,1.46
2022-08-11T08:00:00+03:00,CO,0.67
2022-08-11T08:00:00+03:00,OZ,0.0204
2022-08-11T08:00:00+03:00,NO2,0.03
2022-08-11T08:00:00+03:00,NO,0.021
2022-08-11T08:00:00+03:00,CH4,1.44
2022-08-11T09:00:00+03:00,OZ,0.0251
2022-08-11T09:00:00+03:00,NO2,0.026
2022-08-11T09:00:00+03:00,CO,0.53
2022-08-11T09:00:00+03:00,CH4,1.45
2022-08-11T09:00:00+03:00,NO,0.021
2022-08-11T10:00:00+03:00,NO2,0.028
2022-08-11T10:00:00+03:00,CO,0.4
2022-08-11T10:00:00+03:00,CH4,1.44
2022-08-11T10:00:00+03:00,OZ,0.0311
2022-08-11T10:00:00+03:00,NO,0.013
2022-08-11T11:00:00+03:00,NO,0.007
2022-08-11T11:00:00+03:00,CH4,1.39
2022-08-11T11:00:00+03:00,NO2,0.017
2022-08-11T11:00:00+03:00,CO,0.3
2022-08-11T11:00:00+03:00,OZ,0.0519
2022-08-11T12:00:00+03:00,NO2,0.008
2022-08-11T12:00:00+03:00,OZ,0.0687
2022-08-11T12:00:00+03:00,NO,0.004
2022-08-11T12:00:00+03:00,CH4,1.37
2022-08-11T12:00:00+03:00,CO,0.3
2022-08-11T13:00:00+03:00,NO,0.005
2022-08-11T13:00:00+03:00,OZ,0.072
2022-08-11T13:00:00+03:00,CH4,1.37
2022-08-11T13:00:00+03:00,NO2,0.01
2022-08-11T13:00:00+03:00,CO,0.27
2022-08-11T14:00:00+03:00,NO2,0.008
2022-08-11T14:00:00+03:00,NO,0.005
2022-08-11T14:00:00+03:00,CO,0.2
2022-08-11T14:00:00+03:00,OZ,0.0786
2022-08-11T14:00:00+03:00,CH4,1.37
2022-08-11T15:00:00+03:00,OZ,0.0844
2022-08-11T15:00:00+03:00,NO2,0.013
2022-08-11T15:00:00+03:00,CH4,1.37
2022-08-11T15:00:00+03:00,NO,0.005
2022-08-11T15:00:00+03:00,CO,0.2
2022-08-11T16:00:00+03:00,CH4,1.37
2022-08-11T16:00:00+03:00,NO,0.004
2022-08-11T16:00:00+03:00,OZ,0.0911
2022-08-11T16:00:00+03:00,NO2,0.013
2022-08-11T16:00:00+03:00,CO,0.2
2022-08-11T17:00:00+03:00,NO2,0.012
2022-08-11T17:00:00+03:00,OZ,0.1003
2022-08-11T17:00:00+03:00,CO,0.2
2022-08-11T17:00:00+03:00,CH4,1.37
2022-08-11T17:00:00+03:00,NO,0.003
2022-08-11T18:00:00+03:00,OZ,0.1075
2022-08-11T18:00:00+03:00,NO,0.003
2022-08-11T18:00:00+03:00,CH4,1.37
2022-08-11T18:00:00+03:00,NO2,0.013
2022-08-11T18:00:00+03:00,CO,0.2
2022-08-11T19:00:00+03:00,CH4,1.37
2022-08-11T19:00:00+03:00,CO,0.27
2022-08-11T19:00:00+03:00,NO,0.004
2022-08-11T19:00:00+03:00,OZ,0.0968
2022-08-11T19:00:00+03:00,NO2,0.02
2022-08-11T20:00:00+03:00,OZ,0.0861
2022-08-11T20:00:00+03:00,CO,0.23
2022-08-11T20:00:00+03:00,NO2,0.024
2022-08-11T20:00:00+03:00,CH4,1.38
2022-08-11T20:00:00+03:00,NO,0.002
2022-08-11T21:00:00+03:00,CH4,1.42
2022-08-11T21:00:00+03:00,OZ,0.0505
2022-08-11T21:00:00+03:00,CO,0.57
2022-08-11T21:00:00+03:00,NO,0.002
2022-08-11T21:00:00+03:00,NO2,0.043
2022-08-11T22:00:00+03:00,CO,0.33
2022-08-11T22:00:00+03:00,NO,0.002
2022-08-11T22:00:00+03:00,CH4,1.4
2022-08-11T22:00:00+03:00,OZ,0.0366
2022-08-11T22:00:00+03:00,NO2,0.045
2022-08-11T23:00:00+03:00,OZ,0.0119
2022-08-11T23:00:00+03:00,NO,0.018
2022-08-11T23:00:00+03:00,CO,0.53
2022-08-11T23:00:00+03:00,NO2,0.061
2022-08-11T23:00:00+03:00,CH4,1.43
2022-08-12T00:00:00+03:00,CH4,1.51
2022-08-12T00:00:00+03:00,CO,1
2022-08-12T00:00:00+03:00,NO,0.084
2022-08-12T00:00:00+03:00,OZ,0.0037
2022-08-12T00:00:00+03:00,NO2,0.067
2022-08-12T01:00:00+03:00,NO2,0.063
2022-08-12T01:00:00+03:00,CO,1.1
2022-08-12T01:00:00+03:00,NO,0.137
2022-08-12T01:00:00+03:00,CH4,1.53
2022-08-12T01:00:00+03:00,OZ,0.004
2022-08-12T02:00:00+03:00,OZ,0.0037
2022-08-12T02:00:00+03:00,NO,0.142
2022-08-12T02:00:00+03:00,CO,1.1
2022-08-12T02:00:00+03:00,CH4,1.57
2022-08-12T02:00:00+03:00,NO2,0.057
2022-08-12T03:00:00+03:00,CH4,1.57
2022-08-12T03:00:00+03:00,CO,0.9
2022-08-12T03:00:00+03:00,NO2,0.048
2022-08-12T03:00:00+03:00,OZ,0.0031
2022-08-12T03:00:00+03:00,NO,0.116
2022-08-12T04:00:00+03:00,CO,0.73
2022-08-12T04:00:00+03:00,NO2,0.038
2022-08-12T04:00:00+03:00,OZ,0.0029
2022-08-12T04:00:00+03:00,NO,0.075
2022-08-12T04:00:00+03:00,CH4,1.52
2022-08-12T05:00:00+03:00,CO,1
2022-08-12T05:00:00+03:00,NO2,0.029
2022-08-12T05:00:00+03:00,OZ,0.0029
2022-08-12T05:00:00+03:00,NO,0.07
2022-08-12T05:00:00+03:00,CH4,1.51
2022-08-12T06:00:00+03:00,CH4,1.54
2022-08-12T06:00:00+03:00,NO2,0.028
2022-08-12T06:00:00+03:00,OZ,0.003
2022-08-12T06:00:00+03:00,NO,0.084
2022-08-12T06:00:00+03:00,CO,1.1
2022-08-12T07:00:00+03:00,NO2,0.03
2022-08-12T07:00:00+03:00,CO,1.33
2022-08-12T07:00:00+03:00,CH4,1.56
2022-08-12T07:00:00+03:00,NO,0.106
2022-08-12T07:00:00+03:00,OZ,0.003
2022-08-12T08:00:00+03:00,NO,
2022-08-12T08:00:00+03:00,NO2,
2022-08-12T08:00:00+03:00,OZ,
2022-08-12T08:00:00+03:00,CO,
2022-08-12T08:00:00+03:00,CH4,
2022-08-12T09:00:00+03:00,CO,1.03
2022-08-12T09:00:00+03:00,NO,0.055
2022-08-12T09:00:00+03:00,CH4,1.56
2022-08-12T09:00:00+03:00,OZ,0.0097
2022-08-12T09:00:00+03:00,NO2,0.067
2022-08-12T10:00:00+03:00,CO,0.73
2022-08-12T10:00:00+03:00,NO,0.018
2022-08-12T10:00:00+03:00,NO2,0.053
2022-08-12T10:00:00+03:00,CH4,1.46
2022-08-12T10:00:00+03:00,OZ,0.032
2022-08-12T11:00:00+03:00,OZ,0.054
2022-08-12T11:00:00+03:00,CH4,1.4
2022-08-12T11:00:00+03:00,NO,0.013
2022-08-12T11:00:00+03:00,CO,0.47
2022-08-12T11:00:00+03:00,NO2,0.04
2022-08-12T12:00:00+03:00,OZ,0.0479
2022-08-12T12:00:00+03:00,CH4,1.41
2022-08-12T12:00:00+03:00,NO,0.016
2022-08-12T12:00:00+03:00,NO2,0.045
2022-08-12T12:00:00+03:00,CO,0.33
2022-08-12T13:00:00+03:00,CH4,1.39
2022-08-12T13:00:00+03:00,CO,0.2
2022-08-12T13:00:00+03:00,NO,0.01
2022-08-12T13:00:00+03:00,NO2,0.032
2022-08-12T13:00:00+03:00,OZ,0.0646
2022-08-12T14:00:00+03:00,NO2,0.021
2022-08-12T14:00:00+03:00,NO,0.005
2022-08-12T14:00:00+03:00,CH4,1.38
2022-08-12T14:00:00+03:00,CO,0.2
2022-08-12T14:00:00+03:00,OZ,0.0925
2022-08-12T15:00:00+03:00,NO,0.008
2022-08-12T15:00:00+03:00,CH4,1.38
2022-08-12T15:00:00+03:00,NO2,0.024
2022-08-12T15:00:00+03:00,OZ,0.0961
2022-08-12T15:00:00+03:00,CO,0.17
2022-08-12T16:00:00+03:00,NO2,0.031
2022-08-12T16:00:00+03:00,CH4,1.37
2022-08-12T16:00:00+03:00,NO,0.01
2022-08-12T16:00:00+03:00,OZ,0.0897
2022-08-12T16:00:00+03:00,CO,0.17
2022-08-12T17:00:00+03:00,OZ,0.0984
2022-08-12T17:00:00+03:00,CH4,1.38
2022-08-12T17:00:00+03:00,NO,0.008
2022-08-12T17:00:00+03:00,CO,0.13
2022-08-12T17:00:00+03:00,NO2,0.027
2022-08-12T18:00:00+03:00,OZ,0.0985
2022-08-12T18:00:00+03:00,CH4,1.37
2022-08-12T18:00:00+03:00,NO,0.006
2022-08-12T18:00:00+03:00,CO,0.2
2022-08-12T18:00:00+03:00,NO2,0.025
2022-08-12T19:00:00+03:00,CO,0.23
2022-08-12T19:00:00+03:00,NO,0.016
2022-08-12T19:00:00+03:00,OZ,0.071
2022-08-12T19:00:00+03:00,NO2,0.044
2022-08-12T19:00:00+03:00,CH4,1.37
2022-08-12T20:00:00+03:00,CH4,1.38
2022-08-12T20:00:00+03:00,NO,0.002
2022-08-12T20:00:00+03:00,NO2,0.037
2022-08-12T20:00:00+03:00,OZ,0.0668
2022-08-12T20:00:00+03:00,CO,0.2
2022-08-12T21:00:00+03:00,NO2,0.074
2022-08-12T21:00:00+03:00,OZ,0.0169
2022-08-12T21:00:00+03:00,CO,0.37
2022-08-12T21:00:00+03:00,CH4,1.4
2022-08-12T21:00:00+03:00,NO,0.013
2022-08-12T22:00:00+03:00,CO,0.87
2022-08-12T22:00:00+03:00,NO,0.101
2022-08-12T22:00:00+03:00,OZ,0.0038
2022-08-12T22:00:00+03:00,NO2,0.084
2022-08-12T22:00:00+03:00,CH4,1.41
2022-08-12T23:00:00+03:00,OZ,0.0037
2022-08-12T23:00:00+03:00,NO2,0.076
2022-08-12T23:00:00+03:00,NO,0.102
2022-08-12T23:00:00+03:00,CO,0.87
2022-08-12T23:00:00+03:00,CH4,1.42
2022-08-13T00:00:00+03:00,NO,0.109
2022-08-13T00:00:00+03:00,NO2,0.068
2022-08-13T00:00:00+03:00,CO,0.9
2022-08-13T00:00:00+03:00,OZ,0.0037
2022-08-13T00:00:00+03:00,CH4,1.42
2022-08-13T01:00:00+03:00,NO,0.129
2022-08-13T01:00:00+03:00,NO2,0.063
2022-08-13T01:00:00+03:00,CO,0.8
2022-08-13T01:00:00+03:00,CH4,1.43
2022-08-13T01:00:00+03:00,OZ,0.0035
2022-08-13T02:00:00+03:00,CH4,1.44
2022-08-13T02:00:00+03:00,NO,0.172
2022-08-13T02:00:00+03:00,CO,0.9
2022-08-13T02:00:00+03:00,OZ,0.0033
2022-08-13T02:00:00+03:00,NO2,0.058
2022-08-13T03:00:00+03:00,NO,0.229
2022-08-13T03:00:00+03:00,NO2,0.055
2022-08-13T03:00:00+03:00,CO,1.17
2022-08-13T03:00:00+03:00,CH4,1.47
2022-08-13T03:00:00+03:00,OZ,0.0034
2022-08-13T04:00:00+03:00,CH4,1.53
2022-08-13T04:00:00+03:00,NO,0.25
2022-08-13T04:00:00+03:00,CO,1.27
2022-08-13T04:00:00+03:00,OZ,0.0033
2022-08-13T04:00:00+03:00,NO2,0.052
2022-08-13T05:00:00+03:00,NO2,0.047
2022-08-13T05:00:00+03:00,NO,0.274
2022-08-13T05:00:00+03:00,CO,1.3
2022-08-13T05:00:00+03:00,OZ,0.0031
2022-08-13T05:00:00+03:00,CH4,1.65
2022-08-13T06:00:00+03:00,OZ,0.0029
2022-08-13T06:00:00+03:00,CH4,1.66
2022-08-13T06:00:00+03:00,CO,1.03
2022-08-13T06:00:00+03:00,NO2,0.044
2022-08-13T06:00:00+03:00,NO,0.237
2022-08-13T07:00:00+03:00,OZ,0.003
2022-08-13T07:00:00+03:00,NO2,0.051
2022-08-13T07:00:00+03:00,NO,0.151
2022-08-13T07:00:00+03:00,CH4,1.62
2022-08-13T07:00:00+03:00,CO,0.77
2022-08-13T08:00:00+03:00,NO,0.103
2022-08-13T08:00:00+03:00,CO,0.53
2022-08-13T08:00:00+03:00,OZ,0.0043
2022-08-13T08:00:00+03:00,CH4,1.53
2022-08-13T08:00:00+03:00,NO2,0.063
2022-08-13T09:00:00+03:00,NO,0.035
2022-08-13T09:00:00+03:00,NO2,0.056
2022-08-13T09:00:00+03:00,CO,0.2
2022-08-13T09:00:00+03:00,OZ,0.0147
2022-08-13T09:00:00+03:00,CH4,1.44
2022-08-13T10:00:00+03:00,NO,0.023
2022-08-13T10:00:00+03:00,CH4,1.43
2022-08-13T10:00:00+03:00,OZ,0.0319
2022-08-13T10:00:00+03:00,CO,0.23
2022-08-13T10:00:00+03:00,NO2,0.047
2022-08-13T11:00:00+03:00,OZ,0.0632
2022-08-13T11:00:00+03:00,CO,0.1
2022-08-13T11:00:00+03:00,NO2,0.027
2022-08-13T11:00:00+03:00,NO,0.008
2022-08-13T11:00:00+03:00,CH4,1.38
2022-08-13T12:00:00+03:00,NO2,0.023
2022-08-13T12:00:00+03:00,CH4,1.38
2022-08-13T12:00:00+03:00,CO,0.33
2022-08-13T12:00:00+03:00,OZ,0.0798
2022-08-13T12:00:00+03:00,NO,0.007
2022-08-13T13:00:00+03:00,OZ,0.0812
2022-08-13T13:00:00+03:00,NO,0.01
2022-08-13T13:00:00+03:00,CH4,1.37
2022-08-13T13:00:00+03:00,NO2,0.03
2022-08-13T13:00:00+03:00,CO,0.37
2022-08-13T14:00:00+03:00,NO,0.009
2022-08-13T14:00:00+03:00,CH4,1.36
2022-08-13T14:00:00+03:00,CO,0.4
2022-08-13T14:00:00+03:00,OZ,0.0878
2022-08-13T14:00:00+03:00,NO2,0.035
2022-08-13T15:00:00+03:00,CH4,1.37
2022-08-13T15:00:00+03:00,OZ,0.1112
2022-08-13T15:00:00+03:00,CO,0.43
2022-08-13T15:00:00+03:00,NO,0.009
2022-08-13T15:00:00+03:00,NO2,0.032
2022-08-13T16:00:00+03:00,CH4,1.37
2022-08-13T16:00:00+03:00,NO,0.005
2022-08-13T16:00:00+03:00,OZ,0.1428
2022-08-13T16:00:00+03:00,CO,0.43
2022-08-13T16:00:00+03:00,NO2,0.022
2022-08-13T17:00:00+03:00,CH4,1.38
2022-08-13T17:00:00+03:00,NO,0.003
2022-08-13T17:00:00+03:00,NO2,0.019
2022-08-13T17:00:00+03:00,OZ,0.1653
2022-08-13T17:00:00+03:00,CO,0.4
2022-08-13T18:00:00+03:00,OZ,0.1588
2022-08-13T18:00:00+03:00,NO,0.003
2022-08-13T18:00:00+03:00,CH4,1.39
2022-08-13T18:00:00+03:00,CO,0.43
2022-08-13T18:00:00+03:00,NO2,0.018
2022-08-13T19:00:00+03:00,NO,0.002
2022-08-13T19:00:00+03:00,CH4,1.38
2022-08-13T19:00:00+03:00,NO2,0.013
2022-08-13T19:00:00+03:00,OZ,0.1461
2022-08-13T19:00:00+03:00,CO,0.4
2022-08-13T20:00:00+03:00,CH4,1.38
2022-08-13T20:00:00+03:00,NO2,0.02
2022-08-13T20:00:00+03:00,CO,0.4
2022-08-13T20:00:00+03:00,NO,0.002
2022-08-13T20:00:00+03:00,OZ,0.1054
2022-08-13T21:00:00+03:00,CH4,1.4
2022-08-13T21:00:00+03:00,OZ,0.061
2022-08-13T21:00:00+03:00,NO2,0.044
2022-08-13T21:00:00+03:00,NO,0.001
2022-08-13T21:00:00+03:00,CO,0.53
2022-08-13T22:00:00+03:00,NO2,0.074
2022-08-13T22:00:00+03:00,OZ,0.0128
2022-08-13T22:00:00+03:00,NO,0.018
2022-08-13T22:00:00+03:00,CO,0.8
2022-08-13T22:00:00+03:00,CH4,1.41
2022-08-13T23:00:00+03:00,CO,1.3
2022-08-13T23:00:00+03:00,CH4,1.49
2022-08-13T23:00:00+03:00,NO2,0.085
2022-08-13T23:00:00+03:00,OZ,0.005
2022-08-13T23:00:00+03:00,NO,0.099
2022-08-14T00:00:00+03:00,NO,0.111
2022-08-14T00:00:00+03:00,CO,1.33
2022-08-14T00:00:00+03:00,OZ,0.0048
2022-08-14T00:00:00+03:00,CH4,1.56
2022-08-14T00:00:00+03:00,NO2,0.08
2022-08-14T01:00:00+03:00,CO,1.47
2022-08-14T01:00:00+03:00,NO2,0.075
2022-08-14T01:00:00+03:00,OZ,0.0043
2022-08-14T01:00:00+03:00,CH4,1.6
2022-08-14T01:00:00+03:00,NO,0.144
2022-08-14T02:00:00+03:00,OZ,0.0039
2022-08-14T02:00:00+03:00,CO,1.4
2022-08-14T02:00:00+03:00,NO,0.13
2022-08-14T02:00:00+03:00,CH4,1.63
2022-08-14T02:00:00+03:00,NO2,0.081
2022-08-14T03:00:00+03:00,NO2,0.079
2022-08-14T03:00:00+03:00,OZ,0.0036
2022-08-14T03:00:00+03:00,NO,0.104
2022-08-14T03:00:00+03:00,CH4,1.62
2022-08-14T03:00:00+03:00,CO,1.2
2022-08-14T04:00:00+03:00,NO,0.077
2022-08-14T04:00:00+03:00,CH4,1.61
2022-08-14T04:00:00+03:00,OZ,0.0033
2022-08-14T04:00:00+03:00,NO2,0.077
2022-08-14T04:00:00+03:00,CO,1
2022-08-14T05:00:00+03:00,OZ,0.0032
2022-08-14T05:00:00+03:00,CH4,1.62
2022-08-14T05:00:00+03:00,NO,0.08
2022-08-14T05:00:00+03:00,NO2,0.073
2022-08-14T05:00:00+03:00,CO,0.97
2022-08-14T06:00:00+03:00,OZ,0.0032
2022-08-14T06:00:00+03:00,NO,0.05
2022-08-14T06:00:00+03:00,NO2,0.069
2022-08-14T06:00:00+03:00,CO,0.7
2022-08-14T06:00:00+03:00,CH4,1.62
2022-08-14T07:00:00+03:00,NO2,0.062
2022-08-14T07:00:00+03:00,NO,0.025
2022-08-14T07:00:00+03:00,OZ,0.0063
2022-08-14T07:00:00+03:00,CH4,1.59
2022-08-14T07:00:00+03:00,CO,0.43
2022-08-14T08:00:00+03:00,OZ,0.0223
2022-08-14T08:00:00+03:00,CO,0.27
2022-08-14T08:00:00+03:00,NO,0.008
2022-08-14T08:00:00+03:00,CH4,1.49
2022-08-14T08:00:00+03:00,NO2,0.046
2022-08-14T09:00:00+03:00,OZ,0.0477
2022-08-14T09:00:00+03:00,CO,0.17
2022-08-14T09:00:00+03:00,NO2,0.032
2022-08-14T09:00:00+03:00,NO,0.005
2022-08-14T09:00:00+03:00,CH4,1.43
2022-08-14T10:00:00+03:00,NO,0.004
2022-08-14T10:00:00+03:00,NO2,0.022
2022-08-14T10:00:00+03:00,OZ,0.0657
2022-08-14T10:00:00+03:00,CO,0.1
2022-08-14T10:00:00+03:00,CH4,1.4
2022-08-14T11:00:00+03:00,NO,0.004
2022-08-14T11:00:00+03:00,NO2,0.02
2022-08-14T11:00:00+03:00,CH4,1.38
2022-08-14T11:00:00+03:00,OZ,0.0769
2022-08-14T11:00:00+03:00,CO,0.1
2022-08-14T12:00:00+03:00,OZ,0.1001
2022-08-14T12:00:00+03:00,CO,0.17
2022-08-14T12:00:00+03:00,NO,0.005
2022-08-14T12:00:00+03:00,CH4,1.38
2022-08-14T12:00:00+03:00,NO2,0.019
2022-08-14T13:00:00+03:00,OZ,0.134
2022-08-14T13:00:00+03:00,CO,0.2
2022-08-14T13:00:00+03:00,NO,0.003
2022-08-14T13:00:00+03:00,NO2,0.012
2022-08-14T13:00:00+03:00,CH4,1.41
2022-08-14T14:00:00+03:00,NO2,0.012
2022-08-14T14:00:00+03:00,CH4,1.39
2022-08-14T14:00:00+03:00,OZ,0.1371
2022-08-14T14:00:00+03:00,CO,0.2
2022-08-14T14:00:00+03:00,NO,0.002
2022-08-14T15:00:00+03:00,CO,0.2
2022-08-14T15:00:00+03:00,NO,0.002
2022-08-14T15:00:00+03:00,NO2,0.011
2022-08-14T15:00:00+03:00,OZ,0.1467
2022-08-14T15:00:00+03:00,CH4,1.4
2022-08-14T16:00:00+03:00,NO2,0.013
2022-08-14T16:00:00+03:00,NO,0.003
2022-08-14T16:00:00+03:00,CH4,1.4
2022-08-14T16:00:00+03:00,OZ,0.1454
2022-08-14T16:00:00+03:00,CO,0.23
2022-08-14T17:00:00+03:00,NO,0.002
2022-08-14T17:00:00+03:00,NO2,0.011
2022-08-14T17:00:00+03:00,CO,0.2
2022-08-14T17:00:00+03:00,OZ,0.127
2022-08-14T17:00:00+03:00,CH4,1.38
2022-08-14T18:00:00+03:00,CO,0.2
2022-08-14T18:00:00+03:00,CH4,1.37
2022-08-14T18:00:00+03:00,NO,0.001
2022-08-14T18:00:00+03:00,OZ,0.1211
2022-08-14T18:00:00+03:00,NO2,0.011
2022-08-14T19:00:00+03:00,OZ,0.1025
2022-08-14T19:00:00+03:00,CO,0.3
2022-08-14T19:00:00+03:00,NO2,0.031
2022-08-14T19:00:00+03:00,CH4,1.37
2022-08-14T19:00:00+03:00,NO,0.002
2022-08-14T20:00:00+03:00,NO,0.003
2022-08-14T20:00:00+03:00,CH4,1.4
2022-08-14T20:00:00+03:00,OZ,0.0619
2022-08-14T20:00:00+03:00,CO,0.47
2022-08-14T20:00:00+03:00,NO2,0.066
2022-08-14T21:00:00+03:00,NO,0.002
2022-08-14T21:00:00+03:00,NO2,0.033
2022-08-14T21:00:00+03:00,CO,0.3
2022-08-14T21:00:00+03:00,OZ,0.0838
2022-08-14T21:00:00+03:00,CH4,1.49
2022-08-14T22:00:00+03:00,CO,0.37
2022-08-14T22:00:00+03:00,OZ,0.0618
2022-08-14T22:00:00+03:00,NO,0.001
2022-08-14T22:00:00+03:00,NO2,0.043
2022-08-14T22:00:00+03:00,CH4,1.5
2022-08-14T23:00:00+03:00,CO,0.43
2022-08-14T23:00:00+03:00,CH4,1.51
2022-08-14T23:00:00+03:00,NO,0.001
2022-08-14T23:00:00+03:00,NO2,0.055
2022-08-14T23:00:00+03:00,OZ,0.045
2022-08-15T00:00:00+03:00,CH4,1.62
2022-08-15T00:00:00+03:00,NO2,0.058
2022-08-15T00:00:00+03:00,NO,0.002
2022-08-15T00:00:00+03:00,CO,0.5
2022-08-15T00:00:00+03:00,OZ,0.0353
2022-08-15T01:00:00+03:00,OZ,0.0171
2022-08-15T01:00:00+03:00,CO,0.5
2022-08-15T01:00:00+03:00,NO2,0.07
2022-08-15T01:00:00+03:00,CH4,1.61
2022-08-15T01:00:00+03:00,NO,0.002
2022-08-15T02:00:00+03:00,CH4,1.61
2022-08-15T02:00:00+03:00,NO,0.01
2022-08-15T02:00:00+03:00,CO,0.5
2022-08-15T02:00:00+03:00,OZ,0.0044
2022-08-15T02:00:00+03:00,NO2,0.077
2022-08-15T03:00:00+03:00,OZ,0.0039
2022-08-15T03:00:00+03:00,CH4,1.75
2022-08-15T03:00:00+03:00,NO2,0.073
2022-08-15T03:00:00+03:00,CO,0.43
2022-08-15T03:00:00+03:00,NO,0.012
2022-08-15T04:00:00+03:00,NO,0.003
2022-08-15T04:00:00+03:00,OZ,0.0093
2022-08-15T04:00:00+03:00,NO2,0.067
2022-08-15T04:00:00+03:00,CO,0.37
2022-08-15T04:00:00+03:00,CH4,1.72
2022-08-15T05:00:00+03:00,CO,0.3
2022-08-15T05:00:00+03:00,CH4,1.54
2022-08-15T05:00:00+03:00,OZ,0.0085
2022-08-15T05:00:00+03:00,NO,0.007
2022-08-15T05:00:00+03:00,NO2,0.061
2022-08-15T06:00:00+03:00,CO,0.2
2022-08-15T06:00:00+03:00,OZ,0.02
2022-08-15T06:00:00+03:00,CH4,1.51
2022-08-15T06:00:00+03:00,NO2,0.04
2022-08-15T06:00:00+03:00,NO,0.003
2022-08-15T07:00:00+03:00,NO,0.006
2022-08-15T07:00:00+03:00,OZ,0.0172
2022-08-15T07:00:00+03:00,CO,0.2
2022-08-15T07:00:00+03:00,NO2,0.036
2022-08-15T07:00:00+03:00,CH4,1.54
2022-08-15T08:00:00+03:00,CO,0.27
2022-08-15T08:00:00+03:00,NO2,0.035
2022-08-15T08:00:00+03:00,NO,0.009
2022-08-15T08:00:00+03:00,CH4,1.63
2022-08-15T08:00:00+03:00,OZ,0.0197
2022-08-15T09:00:00+03:00,OZ,0.0219
2022-08-15T09:00:00+03:00,NO2,0.04
2022-08-15T09:00:00+03:00,NO,0.014
2022-08-15T09:00:00+03:00,CO,0.33
2022-08-15T09:00:00+03:00,CH4,1.54
2022-08-15T10:00:00+03:00,OZ,0.0424
2022-08-15T10:00:00+03:00,NO2,0.03
2022-08-15T10:00:00+03:00,CO,0.23
2022-08-15T10:00:00+03:00,NO,0.008
2022-08-15T10:00:00+03:00,CH4,1.46
2022-08-15T11:00:00+03:00,NO,0.005
2022-08-15T11:00:00+03:00,CH4,1.38
2022-08-15T11:00:00+03:00,NO2,0.014
2022-08-15T11:00:00+03:00,OZ,0.0646
2022-08-15T11:00:00+03:00,CO,0.23
2022-08-15T12:00:00+03:00,NO2,0.008
2022-08-15T12:00:00+03:00,CO,0.3
2022-08-15T12:00:00+03:00,CH4,1.39
2022-08-15T12:00:00+03:00,NO,0.003
2022-08-15T12:00:00+03:00,OZ,0.079
2022-08-15T13:00:00+03:00,NO,0.006
2022-08-15T13:00:00+03:00,CH4,1.38
2022-08-15T13:00:00+03:00,OZ,0.089
2022-08-15T13:00:00+03:00,NO2,0.015
2022-08-15T13:00:00+03:00,CO,0.43
2022-08-15T14:00:00+03:00,CH4,1.36
2022-08-15T14:00:00+03:00,NO,0.004
2022-08-15T14:00:00+03:00,NO2,0.013
2022-08-15T14:00:00+03:00,CO,0.5
2022-08-15T14:00:00+03:00,OZ,0.0952
2022-08-15T15:00:00+03:00,NO2,0.015
2022-08-15T15:00:00+03:00,OZ,0.0952
2022-08-15T15:00:00+03:00,NO,0.005
2022-08-15T15:00:00+03:00,CO,0.5
2022-08-15T15:00:00+03:00,CH4,1.36
2022-08-15T16:00:00+03:00,NO,0.003
2022-08-15T16:00:00+03:00,CO,0.5
2022-08-15T16:00:00+03:00,NO2,0.01
2022-08-15T16:00:00+03:00,CH4,1.35
2022-08-15T16:00:00+03:00,OZ,0.1081
2022-08-15T17:00:00+03:00,NO2,0.02
2022-08-15T17:00:00+03:00,CO,0.7
2022-08-15T17:00:00+03:00,CH4,1.36
2022-08-15T17:00:00+03:00,NO,0.007
2022-08-15T17:00:00+03:00,OZ,0.1033
2022-08-15T18:00:00+03:00,OZ,0.0995
2022-08-15T18:00:00+03:00,CO,0.5
2022-08-15T18:00:00+03:00,NO,0.003
2022-08-15T18:00:00+03:00,CH4,1.37
2022-08-15T18:00:00+03:00,NO2,0.011
2022-08-15T19:00:00+03:00,OZ,0.085
2022-08-15T19:00:00+03:00,NO2,0.016
2022-08-15T19:00:00+03:00,CH4,1.37
2022-08-15T19:00:00+03:00,NO,0.003
2022-08-15T19:00:00+03:00,CO,0.57
2022-08-15T20:00:00+03:00,NO2,0.027
2022-08-15T20:00:00+03:00,CH4,1.37
2022-08-15T20:00:00+03:00,OZ,0.0689
2022-08-15T20:00:00+03:00,CO,0.7
2022-08-15T20:00:00+03:00,NO,0.004
2022-08-15T21:00:00+03:00,CH4,1.37
2022-08-15T21:00:00+03:00,OZ,0.0627
2022-08-15T21:00:00+03:00,NO,0.003
2022-08-15T21:00:00+03:00,NO2,0.027
2022-08-15T21:00:00+03:00,CO,0.6
2022-08-15T22:00:00+03:00,NO2,0.033
2022-08-15T22:00:00+03:00,CH4,1.38
2022-08-15T22:00:00+03:00,NO,0.003
2022-08-15T22:00:00+03:00,OZ,0.0465
2022-08-15T22:00:00+03:00,CO,0.6
2022-08-15T23:00:00+03:00,NO2,0.05
2022-08-15T23:00:00+03:00,CO,0.5
2022-08-15T23:00:00+03:00,NO,0.003
2022-08-15T23:00:00+03:00,CH4,1.43
2022-08-15T23:00:00+03:00,OZ,0.0219
2022-08-16T00:00:00+03:00,OZ,0.0094
2022-08-16T00:00:00+03:00,NO2,0.06
2022-08-16T00:00:00+03:00,CO,0.23
2022-08-16T00:00:00+03:00,CH4,1.48
2022-08-16T00:00:00+03:00,NO,0.004
2022-08-16T01:00:00+03:00,CO,0.2
2022-08-16T01:00:00+03:00,OZ,0.009
2022-08-16T01:00:00+03:00,NO2,0.057
2022-08-16T01:00:00+03:00,NO,0.003
2022-08-16T01:00:00+03:00,CH4,1.62
2022-08-16T02:00:00+03:00,CO,0.2
2022-08-16T02:00:00+03:00,CH4,1.59
2022-08-16T02:00:00+03:00,NO,0.006
2022-08-16T02:00:00+03:00,OZ,0.0052
2022-08-16T02:00:00+03:00,NO2,0.058
2022-08-16T03:00:00+03:00,CO,0.1
2022-08-16T03:00:00+03:00,NO2,0.048
2022-08-16T03:00:00+03:00,OZ,0.0114
2022-08-16T03:00:00+03:00,CH4,1.52
2022-08-16T03:00:00+03:00,NO,0.002
2022-08-16T04:00:00+03:00,CH4,1.58
2022-08-16T04:00:00+03:00,CO,0.1
2022-08-16T04:00:00+03:00,OZ,0.0084
2022-08-16T04:00:00+03:00,NO2,0.047
2022-08-16T04:00:00+03:00,NO,0.002
2022-08-16T05:00:00+03:00,NO,0.004
2022-08-16T05:00:00+03:00,CH4,1.56
2022-08-16T05:00:00+03:00,CO,0
2022-08-16T05:00:00+03:00,OZ,0.012
2022-08-16T05:00:00+03:00,NO2,0.042
2022-08-16T06:00:00+03:00,CO,0
2022-08-16T06:00:00+03:00,NO,0.004
2022-08-16T06:00:00+03:00,CH4,1.55
2022-08-16T06:00:00+03:00,NO2,0.039
2022-08-16T06:00:00+03:00,OZ,0.0135
2022-08-16T07:00:00+03:00,NO,0.008
2022-08-16T07:00:00+03:00,CH4,1.54
2022-08-16T07:00:00+03:00,NO2,0.038
2022-08-16T07:00:00+03:00,OZ,0.0143
2022-08-16T07:00:00+03:00,CO,0.07
2022-08-16T08:00:00+03:00,NO2,0.04
2022-08-16T08:00:00+03:00,OZ,0.0175
2022-08-16T08:00:00+03:00,CH4,1.52
2022-08-16T08:00:00+03:00,CO,0.1
2022-08-16T08:00:00+03:00,NO,0.012
2022-08-16T09:00:00+03:00,CH4,1.51
2022-08-16T09:00:00+03:00,NO,0.018
2022-08-16T09:00:00+03:00,OZ,0.0193
2022-08-16T09:00:00+03:00,NO2,0.044
2022-08-16T09:00:00+03:00,CO,0.13
2022-08-16T10:00:00+03:00,CH4,1.44
2022-08-16T10:00:00+03:00,CO,0.17
2022-08-16T10:00:00+03:00,NO2,0.042
2022-08-16T10:00:00+03:00,NO,0.015
2022-08-16T10:00:00+03:00,OZ,0.0364
2022-08-16T11:00:00+03:00,CH4,1.38
2022-08-16T11:00:00+03:00,OZ,0.0686
2022-08-16T11:00:00+03:00,CO,0.07
2022-08-16T11:00:00+03:00,NO,0.009
2022-08-16T11:00:00+03:00,NO2,0.022
2022-08-16T12:00:00+03:00,CH4,1.36
2022-08-16T12:00:00+03:00,NO2,0.019
2022-08-16T12:00:00+03:00,OZ,0.0745
2022-08-16T12:00:00+03:00,CO,0.17
2022-08-16T12:00:00+03:00,NO,0.008
2022-08-16T13:00:00+03:00,OZ,0.0816
2022-08-16T13:00:00+03:00,NO,0.01
2022-08-16T13:00:00+03:00,CH4,1.36
2022-08-16T13:00:00+03:00,CO,0.17
2022-08-16T13:00:00+03:00,NO2,0.023
2022-08-16T14:00:00+03:00,NO2,0.018
2022-08-16T14:00:00+03:00,NO,0.006
2022-08-16T14:00:00+03:00,CH4,1.35
2022-08-16T14:00:00+03:00,OZ,0.0858
2022-08-16T14:00:00+03:00,CO,0.13
2022-08-16T15:00:00+03:00,NO2,0.016
2022-08-16T15:00:00+03:00,CO,0.13
2022-08-16T15:00:00+03:00,OZ,0.0799
2022-08-16T15:00:00+03:00,CH4,1.35
2022-08-16T15:00:00+03:00,NO,0.007
2022-08-16T16:00:00+03:00,NO2,0.018
2022-08-16T16:00:00+03:00,CH4,1.35
2022-08-16T16:00:00+03:00,NO,0.007
2022-08-16T16:00:00+03:00,CO,0.2
2022-08-16T16:00:00+03:00,OZ,0.0804
2022-08-16T17:00:00+03:00,OZ,0.0808
2022-08-16T17:00:00+03:00,NO,0.006
2022-08-16T17:00:00+03:00,CO,0.4
2022-08-16T17:00:00+03:00,NO2,0.017
2022-08-16T17:00:00+03:00,CH4,1.35
2022-08-16T18:00:00+03:00,NO,0.004
2022-08-16T18:00:00+03:00,OZ,0.0838
2022-08-16T18:00:00+03:00,NO2,0.014
2022-08-16T18:00:00+03:00,CH4,1.35
2022-08-16T18:00:00+03:00,CO,0.1
2022-08-16T19:00:00+03:00,OZ,0.0783
2022-08-16T19:00:00+03:00,CH4,1.36
2022-08-16T19:00:00+03:00,CO,0.17
2022-08-16T19:00:00+03:00,NO2,0.016
2022-08-16T19:00:00+03:00,NO,0.004
2022-08-16T20:00:00+03:00,NO,0.002
2022-08-16T20:00:00+03:00,OZ,0.0647
2022-08-16T20:00:00+03:00,NO2,0.027
2022-08-16T20:00:00+03:00,CH4,1.37
2022-08-16T20:00:00+03:00,CO,0.27
2022-08-16T21:00:00+03:00,CH4,1.36
2022-08-16T21:00:00+03:00,NO,0.002
2022-08-16T21:00:00+03:00,NO2,0.031
2022-08-16T21:00:00+03:00,CO,0.3
2022-08-16T21:00:00+03:00,OZ,0.0563
2022-08-16T22:00:00+03:00,CO,0.3
2022-08-16T22:00:00+03:00,OZ,0.0477
2022-08-16T22:00:00+03:00,NO,0.002
2022-08-16T22:00:00+03:00,CH4,1.37
2022-08-16T22:00:00+03:00,NO2,0.034
2022-08-16T23:00:00+03:00,CH4,1.39
2022-08-16T23:00:00+03:00,OZ,0.0205
2022-08-16T23:00:00+03:00,NO,0.003
2022-08-16T23:00:00+03:00,CO,0.33
2022-08-16T23:00:00+03:00,NO2,0.057
2022-08-17T00:00:00+03:00,OZ,0.0397
2022-08-17T00:00:00+03:00,NO2,0.037
2022-08-17T00:00:00+03:00,CH4,1.4
2022-08-17T00:00:00+03:00,NO,0.002
2022-08-17T00:00:00+03:00,CO,0.2
2022-08-17T01:00:00+03:00,NO,0.002
2022-08-17T01:00:00+03:00,OZ,0.0379
2022-08-17T01:00:00+03:00,CO,0.1
2022-08-17T01:00:00+03:00,NO2,0.031
2022-08-17T01:00:00+03:00,CH4,1.4
2022-08-17T02:00:00+03:00,CH4,1.41
2022-08-17T02:00:00+03:00,NO,0.001
2022-08-17T02:00:00+03:00,CO,0.03
2022-08-17T02:00:00+03:00,OZ,0.0374
2022-08-17T02:00:00+03:00,NO2,0.026
2022-08-17T03:00:00+03:00,CH4,1.4
2022-08-17T03:00:00+03:00,NO2,0.023
2022-08-17T03:00:00+03:00,OZ,0.0366
2022-08-17T03:00:00+03:00,NO,0.001
2022-08-17T03:00:00+03:00,CO,0
2022-08-17T04:00:00+03:00,NO2,0.027
2022-08-17T04:00:00+03:00,CO,0
2022-08-17T04:00:00+03:00,NO,0.002
2022-08-17T04:00:00+03:00,CH4,1.43
2022-08-17T04:00:00+03:00,OZ,0.028
2022-08-17T05:00:00+03:00,NO,0.002
2022-08-17T05:00:00+03:00,CH4,1.42
2022-08-17T05:00:00+03:00,OZ,0.0333
2022-08-17T05:00:00+03:00,NO2,0.02
2022-08-17T05:00:00+03:00,CO,0
2022-08-17T06:00:00+03:00,CH4,1.42
2022-08-17T06:00:00+03:00,OZ,0.0328
2022-08-17T06:00:00+03:00,CO,0
2022-08-17T06:00:00+03:00,NO,0.002
2022-08-17T06:00:00+03:00,NO2,0.019
2022-08-17T07:00:00+03:00,OZ,0.0306
2022-08-17T07:00:00+03:00,CO,0
2022-08-17T07:00:00+03:00,NO2,0.022
2022-08-17T07:00:00+03:00,CH4,1.42
2022-08-17T07:00:00+03:00,NO,0.003
2022-08-17T08:00:00+03:00,CH4,1.41
2022-08-17T08:00:00+03:00,OZ,0.036
2022-08-17T08:00:00+03:00,NO,0.004
2022-08-17T08:00:00+03:00,NO2,0.021
2022-08-17T08:00:00+03:00,CO,0
2022-08-17T09:00:00+03:00,OZ,0.0388
2022-08-17T09:00:00+03:00,CO,0
2022-08-17T09:00:00+03:00,NO,0.006
2022-08-17T09:00:00+03:00,NO2,0.023
2022-08-17T09:00:00+03:00,CH4,1.41
2022-08-17T10:00:00+03:00,NO,0.004
2022-08-17T10:00:00+03:00,CH4,1.39
2022-08-17T10:00:00+03:00,OZ,0.0571
2022-08-17T10:00:00+03:00,CO,0
2022-08-17T10:00:00+03:00,NO2,0.018
2022-08-17T11:00:00+03:00,CO,0.03
2022-08-17T11:00:00+03:00,NO,0.004
2022-08-17T11:00:00+03:00,OZ,0.0721
2022-08-17T11:00:00+03:00,NO2,0.017
2022-08-17T11:00:00+03:00,CH4,1.39
2022-08-17T12:00:00+03:00,NO2,0.014
2022-08-17T12:00:00+03:00,CO,0
2022-08-17T12:00:00+03:00,CH4,1.37
2022-08-17T12:00:00+03:00,NO,0.005
2022-08-17T12:00:00+03:00,OZ,0.0886
2022-08-17T13:00:00+03:00,CH4,1.36
2022-08-17T13:00:00+03:00,CO,0
2022-08-17T13:00:00+03:00,NO,0.003
2022-08-17T13:00:00+03:00,NO2,0.01
2022-08-17T13:00:00+03:00,OZ,0.1056
2022-08-17T14:00:00+03:00,OZ,0.1112
2022-08-17T14:00:00+03:00,NO,0.004
2022-08-17T14:00:00+03:00,CO,0.03
2022-08-17T14:00:00+03:00,NO2,0.009
2022-08-17T14:00:00+03:00,CH4,1.36
2022-08-17T15:00:00+03:00,CH4,1.36
2022-08-17T15:00:00+03:00,NO,0.002
2022-08-17T15:00:00+03:00,CO,0.1
2022-08-17T15:00:00+03:00,OZ,0.1174
2022-08-17T15:00:00+03:00,NO2,0.008
2022-08-17T16:00:00+03:00,NO2,0.008
2022-08-17T16:00:00+03:00,CH4,1.36
2022-08-17T16:00:00+03:00,OZ,0.115
2022-08-17T16:00:00+03:00,NO,0.002
2022-08-17T16:00:00+03:00,CO,0.1
2022-08-17T17:00:00+03:00,NO2,0.009
2022-08-17T17:00:00+03:00,CO,0.1
2022-08-17T17:00:00+03:00,OZ,0.1179
2022-08-17T17:00:00+03:00,CH4,1.36
2022-08-17T17:00:00+03:00,NO,0.003
2022-08-17T18:00:00+03:00,NO2,0.016
2022-08-17T18:00:00+03:00,CH4,1.36
2022-08-17T18:00:00+03:00,CO,0.13
2022-08-17T18:00:00+03:00,OZ,0.1099
2022-08-17T18:00:00+03:00,NO,0.003
2022-08-17T19:00:00+03:00,NO2,0.017
2022-08-17T19:00:00+03:00,NO,0.002
2022-08-17T19:00:00+03:00,OZ,0.0999
2022-08-17T19:00:00+03:00,CO,0.17
2022-08-17T19:00:00+03:00,CH4,1.36
2022-08-17T20:00:00+03:00,OZ,0.0815
2022-08-17T20:00:00+03:00,CO,0.2
2022-08-17T20:00:00+03:00,CH4,1.37
2022-08-17T20:00:00+03:00,NO2,0.031
2022-08-17T20:00:00+03:00,NO,0.002
2022-08-17T21:00:00+03:00,NO2,0.063
2022-08-17T21:00:00+03:00,CH4,1.39
2022-08-17T21:00:00+03:00,CO,0.33
2022-08-17T21:00:00+03:00,NO,0.002
2022-08-17T21:00:00+03:00,OZ,0.0374
2022-08-17T22:00:00+03:00,CH4,1.39
2022-08-17T22:00:00+03:00,NO2,0.07
2022-08-17T22:00:00+03:00,CO,0.37
2022-08-17T22:00:00+03:00,OZ,0.0185
2022-08-17T22:00:00+03:00,NO,0.003
2022-08-17T23:00:00+03:00,CO,0.33
2022-08-17T23:00:00+03:00,CH4,1.4
2022-08-17T23:00:00+03:00,NO,0.004
2022-08-17T23:00:00+03:00,NO2,0.073
2022-08-17T23:00:00+03:00,OZ,0.0126
2022-08-18T00:00:00+03:00,NO,0.003
2022-08-18T00:00:00+03:00,CH4,1.41
2022-08-18T00:00:00+03:00,NO2,0.049
2022-08-18T00:00:00+03:00,CO,0.3
2022-08-18T00:00:00+03:00,OZ,0.0347
2022-08-18T01:00:00+03:00,CO,0.2
2022-08-18T01:00:00+03:00,CH4,1.42
2022-08-18T01:00:00+03:00,NO,0.001
2022-08-18T01:00:00+03:00,OZ,0.0425
2022-08-18T01:00:00+03:00,NO2,0.032
2022-08-18T02:00:00+03:00,NO,0.001
2022-08-18T02:00:00+03:00,NO2,0.049
2022-08-18T02:00:00+03:00,OZ,0.0196
2022-08-18T02:00:00+03:00,CO,0.2
2022-08-18T02:00:00+03:00,CH4,1.46
2022-08-18T03:00:00+03:00,CO,0.17
2022-08-18T03:00:00+03:00,NO,0.001
2022-08-18T03:00:00+03:00,NO2,0.041
2022-08-18T03:00:00+03:00,OZ,0.0252
2022-08-18T03:00:00+03:00,CH4,1.48
2022-08-18T04:00:00+03:00,NO2,0.03
2022-08-18T04:00:00+03:00,OZ,0.0332
2022-08-18T04:00:00+03:00,CO,0.1
2022-08-18T04:00:00+03:00,NO,0.002
2022-08-18T04:00:00+03:00,CH4,1.47
2022-08-18T05:00:00+03:00,OZ,0.0376
2022-08-18T05:00:00+03:00,NO,0.002
2022-08-18T05:00:00+03:00,CH4,1.48
2022-08-18T05:00:00+03:00,NO2,0.023
2022-08-18T05:00:00+03:00,CO,0.1
2022-08-18T06:00:00+03:00,CH4,1.49
2022-08-18T06:00:00+03:00,CO,0.1
2022-08-18T06:00:00+03:00,OZ,0.0307
2022-08-18T06:00:00+03:00,NO,0.002
2022-08-18T06:00:00+03:00,NO2,0.026
2022-08-18T07:00:00+03:00,OZ,0.0279
2022-08-18T07:00:00+03:00,CO,0.1
2022-08-18T07:00:00+03:00,NO,0.003
2022-08-18T07:00:00+03:00,CH4,1.48
2022-08-18T07:00:00+03:00,NO2,0.029
2022-08-18T08:00:00+03:00,OZ,0.0288
2022-08-18T08:00:00+03:00,CO,0.2
2022-08-18T08:00:00+03:00,NO2,0.033
2022-08-18T08:00:00+03:00,CH4,1.48
2022-08-18T08:00:00+03:00,NO,0.006
2022-08-18T09:00:00+03:00,CH4,1.47
2022-08-18T09:00:00+03:00,OZ,0.0331
2022-08-18T09:00:00+03:00,NO,0.007
2022-08-18T09:00:00+03:00,NO2,0.039
2022-08-18T09:00:00+03:00,CO,0.47
2022-08-18T10:00:00+03:00,NO,0.012
2022-08-18T10:00:00+03:00,OZ,0.0369
2022-08-18T10:00:00+03:00,NO2,0.041
2022-08-18T10:00:00+03:00,CO,0.73
2022-08-18T10:00:00+03:00,CH4,1.48
2022-08-18T11:00:00+03:00,CH4,1.42
2022-08-18T11:00:00+03:00,OZ,0.0658
2022-08-18T11:00:00+03:00,NO,0.006
2022-08-18T11:00:00+03:00,NO2,0.027
2022-08-18T11:00:00+03:00,CO,0.17
2022-08-18T12:00:00+03:00,NO,0.003
2022-08-18T12:00:00+03:00,OZ,0.0977
2022-08-18T12:00:00+03:00,NO2,0.016
2022-08-18T12:00:00+03:00,CH4,1.4
2022-08-18T12:00:00+03:00,CO,0
2022-08-18T13:00:00+03:00,CO,0.17
2022-08-18T13:00:00+03:00,OZ,0.1091
2022-08-18T13:00:00+03:00,NO,0.002
2022-08-18T13:00:00+03:00,CH4,1.36
2022-08-18T13:00:00+03:00,NO2,0.007
2022-08-18T14:00:00+03:00,CO,0
2022-08-18T14:00:00+03:00,CH4,1.36
2022-08-18T14:00:00+03:00,OZ,0.1044
2022-08-18T14:00:00+03:00,NO,0.004
2022-08-18T14:00:00+03:00,NO2,0.009
2022-08-18T15:00:00+03:00,NO,0.003
2022-08-18T15:00:00+03:00,CH4,1.35
2022-08-18T15:00:00+03:00,NO2,0.008
2022-08-18T15:00:00+03:00,CO,0.03
2022-08-18T15:00:00+03:00,OZ,0.1074
2022-08-18T16:00:00+03:00,OZ,0.111
2022-08-18T16:00:00+03:00,NO2,0.006
2022-08-18T16:00:00+03:00,NO,0.002
2022-08-18T16:00:00+03:00,CO,0
2022-08-18T16:00:00+03:00,CH4,1.35
2022-08-18T17:00:00+03:00,NO2,0.01
2022-08-18T17:00:00+03:00,CO,0
2022-08-18T17:00:00+03:00,OZ,0.099
2022-08-18T17:00:00+03:00,NO,0.003
2022-08-18T17:00:00+03:00,CH4,1.34
2022-08-18T18:00:00+03:00,NO,0.003
2022-08-18T18:00:00+03:00,OZ,0.0989
2022-08-18T18:00:00+03:00,CO,0
2022-08-18T18:00:00+03:00,NO2,0.01
2022-08-18T18:00:00+03:00,CH4,1.34
2022-08-18T19:00:00+03:00,NO,0.004
2022-08-18T19:00:00+03:00,OZ,0.0906
2022-08-18T19:00:00+03:00,NO2,0.017
2022-08-18T19:00:00+03:00,CO,0.1
2022-08-18T19:00:00+03:00,CH4,1.36
2022-08-18T20:00:00+03:00,CH4,1.36
2022-08-18T20:00:00+03:00,NO,0.003
2022-08-18T20:00:00+03:00,CO,0
2022-08-18T20:00:00+03:00,OZ,0.0727
2022-08-18T20:00:00+03:00,NO2,0.027
2022-08-18T21:00:00+03:00,NO,0.004
2022-08-18T21:00:00+03:00,CO,0
2022-08-18T21:00:00+03:00,CH4,1.37
2022-08-18T21:00:00+03:00,NO2,0.033
2022-08-18T21:00:00+03:00,OZ,0.057
2022-08-18T22:00:00+03:00,NO2,0.033
2022-08-18T22:00:00+03:00,CO,0
2022-08-18T22:00:00+03:00,CH4,1.38
2022-08-18T22:00:00+03:00,OZ,0.0515
2022-08-18T22:00:00+03:00,NO,0.002
2022-08-18T23:00:00+03:00,OZ,0.0436
2022-08-18T23:00:00+03:00,NO2,0.036
2022-08-18T23:00:00+03:00,CH4,1.39
2022-08-18T23:00:00+03:00,CO,0.13
2022-08-18T23:00:00+03:00,NO,0.002
2022-08-19T00:00:00+03:00,NO,0.002
2022-08-19T00:00:00+03:00,NO2,0.028
2022-08-19T00:00:00+03:00,OZ,0.0507
2022-08-19T00:00:00+03:00,CO,0.43
2022-08-19T00:00:00+03:00,CH4,1.41
2022-08-19T01:00:00+03:00,OZ,0.0533
2022-08-19T01:00:00+03:00,NO,0.001
2022-08-19T01:00:00+03:00,CH4,1.41
2022-08-19T01:00:00+03:00,NO2,0.021
2022-08-19T01:00:00+03:00,CO,0.4
2022-08-19T02:00:00+03:00,OZ,0.0498
2022-08-19T02:00:00+03:00,CH4,1.41
2022-08-19T02:00:00+03:00,NO,0.001
2022-08-19T02:00:00+03:00,NO2,0.021
2022-08-19T02:00:00+03:00,CO,0.3
2022-08-19T03:00:00+03:00,CO,0.3
2022-08-19T03:00:00+03:00,NO2,0.02
2022-08-19T03:00:00+03:00,OZ,0.0506
2022-08-19T03:00:00+03:00,CH4,1.42
2022-08-19T03:00:00+03:00,NO,0.001
2022-08-19T04:00:00+03:00,OZ,0.056
2022-08-19T04:00:00+03:00,NO2,0.014
2022-08-19T04:00:00+03:00,CH4,1.41
2022-08-19T04:00:00+03:00,NO,0.001
2022-08-19T04:00:00+03:00,CO,0.3
2022-08-19T05:00:00+03:00,OZ,0.055
2022-08-19T05:00:00+03:00,CO,0.23
2022-08-19T05:00:00+03:00,NO,0.001
2022-08-19T05:00:00+03:00,NO2,0.011
2022-08-19T05:00:00+03:00,CH4,1.4
2022-08-19T06:00:00+03:00,NO2,0.014
2022-08-19T06:00:00+03:00,CH4,1.41
2022-08-19T06:00:00+03:00,CO,0.2
2022-08-19T06:00:00+03:00,NO,0.002
2022-08-19T06:00:00+03:00,OZ,0.0484
2022-08-19T07:00:00+03:00,NO,0.004
2022-08-19T07:00:00+03:00,CO,0.2
2022-08-19T07:00:00+03:00,OZ,0.0447
2022-08-19T07:00:00+03:00,CH4,1.41
2022-08-19T07:00:00+03:00,NO2,0.022
2022-08-19T08:00:00+03:00,NO,0.004
2022-08-19T08:00:00+03:00,CO,0.23
2022-08-19T08:00:00+03:00,CH4,1.4
2022-08-19T08:00:00+03:00,NO2,0.023
2022-08-19T08:00:00+03:00,OZ,0.0505
2022-08-19T09:00:00+03:00,CO,0.27
2022-08-19T09:00:00+03:00,NO2,0.021
2022-08-19T09:00:00+03:00,CH4,1.4
2022-08-19T09:00:00+03:00,NO,0.005
2022-08-19T09:00:00+03:00,OZ,0.057
2022-08-19T10:00:00+03:00,NO,0.005
2022-08-19T10:00:00+03:00,NO2,0.025
2022-08-19T10:00:00+03:00,CH4,1.4
2022-08-19T10:00:00+03:00,CO,0.3
2022-08-19T10:00:00+03:00,OZ,0.0601
2022-08-19T11:00:00+03:00,NO2,0.013
2022-08-19T11:00:00+03:00,OZ,0.0825
2022-08-19T11:00:00+03:00,NO,0.004
2022-08-19T11:00:00+03:00,CH4,1.38
2022-08-19T11:00:00+03:00,CO,0.2
2022-08-19T12:00:00+03:00,NO,0.003
2022-08-19T12:00:00+03:00,CO,0.23
2022-08-19T12:00:00+03:00,OZ,0.0871
2022-08-19T12:00:00+03:00,NO2,0.007
2022-08-19T12:00:00+03:00,CH4,1.37
2022-08-19T13:00:00+03:00,CO,0.23
2022-08-19T13:00:00+03:00,NO2,0.008
2022-08-19T13:00:00+03:00,CH4,1.37
2022-08-19T13:00:00+03:00,NO,0.003
2022-08-19T13:00:00+03:00,OZ,0.0953
2022-08-19T14:00:00+03:00,OZ,0.0915
2022-08-19T14:00:00+03:00,NO2,0.009
2022-08-19T14:00:00+03:00,NO,0.004
2022-08-19T14:00:00+03:00,CH4,1.36
2022-08-19T14:00:00+03:00,CO,0.37
2022-08-19T15:00:00+03:00,CO,0.33
2022-08-19T15:00:00+03:00,NO2,0.008
2022-08-19T15:00:00+03:00,NO,0.003
2022-08-19T15:00:00+03:00,CH4,1.36
2022-08-19T15:00:00+03:00,OZ,0.0922
2022-08-19T16:00:00+03:00,NO,0.003
2022-08-19T16:00:00+03:00,OZ,0.0912
2022-08-19T16:00:00+03:00,CO,0.33
2022-08-19T16:00:00+03:00,NO2,0.008
2022-08-19T16:00:00+03:00,CH4,1.36
2022-08-19T17:00:00+03:00,CH4,1.36
2022-08-19T17:00:00+03:00,OZ,0.089
2022-08-19T17:00:00+03:00,CO,0.3
2022-08-19T17:00:00+03:00,NO2,0.01
2022-08-19T17:00:00+03:00,NO,0.003
2022-08-19T18:00:00+03:00,NO,0.005
2022-08-19T18:00:00+03:00,OZ,0.0799
2022-08-19T18:00:00+03:00,CO,0.4
2022-08-19T18:00:00+03:00,CH4,1.36
2022-08-19T18:00:00+03:00,NO2,0.015
2022-08-19T19:00:00+03:00,OZ,0.0784
2022-08-19T19:00:00+03:00,CH4,1.36
2022-08-19T19:00:00+03:00,CO,0.4
2022-08-19T19:00:00+03:00,NO,0.003
2022-08-19T19:00:00+03:00,NO2,0.016
2022-08-19T20:00:00+03:00,CO,0.4
2022-08-19T20:00:00+03:00,CH4,1.37
2022-08-19T20:00:00+03:00,NO,0.004
2022-08-19T20:00:00+03:00,NO2,0.019
2022-08-19T20:00:00+03:00,OZ,0.0734
2022-08-19T21:00:00+03:00,OZ,0.0708
2022-08-19T21:00:00+03:00,CH4,1.37
2022-08-19T21:00:00+03:00,NO,0.003
2022-08-19T21:00:00+03:00,NO2,0.02
2022-08-19T21:00:00+03:00,CO,0.4
2022-08-19T22:00:00+03:00,OZ,0.0635
2022-08-19T22:00:00+03:00,CO,0.4
2022-08-19T22:00:00+03:00,NO,0.003
2022-08-19T22:00:00+03:00,CH4,1.38
2022-08-19T22:00:00+03:00,NO2,0.024
2022-08-19T23:00:00+03:00,CO,0.3
2022-08-19T23:00:00+03:00,NO,0.003
2022-08-19T23:00:00+03:00,CH4,1.38
2022-08-19T23:00:00+03:00,NO2,0.026
2022-08-19T23:00:00+03:00,OZ,0.059
2022-08-20T00:00:00+03:00,NO2,0.022
2022-08-20T00:00:00+03:00,CO,0.2
2022-08-20T00:00:00+03:00,OZ,0.0591
2022-08-20T00:00:00+03:00,CH4,1.39
2022-08-20T00:00:00+03:00,NO,0.004
2022-08-20T01:00:00+03:00,CO,0.13
2022-08-20T01:00:00+03:00,NO,0.002
2022-08-20T01:00:00+03:00,NO2,0.019
2022-08-20T01:00:00+03:00,CH4,1.39
2022-08-20T01:00:00+03:00,OZ,0.0597
2022-08-20T02:00:00+03:00,OZ,0.0584
2022-08-20T02:00:00+03:00,CO,0.13
2022-08-20T02:00:00+03:00,CH4,1.39
2022-08-20T02:00:00+03:00,NO2,0.016
2022-08-20T02:00:00+03:00,NO,0.001
2022-08-20T03:00:00+03:00,CO,0.17
2022-08-20T03:00:00+03:00,OZ,0.0547
2022-08-20T03:00:00+03:00,NO,0.001
2022-08-20T03:00:00+03:00,CH4,1.42
2022-08-20T03:00:00+03:00,NO2,0.017
2022-08-20T04:00:00+03:00,NO,0.001
2022-08-20T04:00:00+03:00,CO,0.2
2022-08-20T04:00:00+03:00,NO2,0.014
2022-08-20T04:00:00+03:00,OZ,0.0568
2022-08-20T04:00:00+03:00,CH4,1.44
2022-08-20T05:00:00+03:00,CO,0.2
2022-08-20T05:00:00+03:00,NO2,0.015
2022-08-20T05:00:00+03:00,CH4,1.44
2022-08-20T05:00:00+03:00,NO,0.003
2022-08-20T05:00:00+03:00,OZ,0.0552
2022-08-20T06:00:00+03:00,NO2,0.013
2022-08-20T06:00:00+03:00,CH4,1.45
2022-08-20T06:00:00+03:00,CO,0.2
2022-08-20T06:00:00+03:00,NO,0.002
2022-08-20T06:00:00+03:00,OZ,0.0551
2022-08-20T07:00:00+03:00,CO,0.2
2022-08-20T07:00:00+03:00,OZ,0.0524
2022-08-20T07:00:00+03:00,NO2,0.015
2022-08-20T07:00:00+03:00,NO,0.003
2022-08-20T07:00:00+03:00,CH4,1.4
2022-08-20T08:00:00+03:00,OZ,0.0517
2022-08-20T08:00:00+03:00,CO,0.1
2022-08-20T08:00:00+03:00,NO2,0.016
2022-08-20T08:00:00+03:00,NO,0.005
2022-08-20T08:00:00+03:00,CH4,1.41
2022-08-20T09:00:00+03:00,NO,0.004
2022-08-20T09:00:00+03:00,CH4,1.41
2022-08-20T09:00:00+03:00,NO2,0.017
2022-08-20T09:00:00+03:00,CO,0.1
2022-08-20T09:00:00+03:00,OZ,0.0552
2022-08-20T10:00:00+03:00,OZ,0.0599
2022-08-20T10:00:00+03:00,CH4,1.43
2022-08-20T10:00:00+03:00,NO,0.004
2022-08-20T10:00:00+03:00,NO2,0.013
2022-08-20T10:00:00+03:00,CO,0.07
2022-08-20T11:00:00+03:00,OZ,0.0589
2022-08-20T11:00:00+03:00,CH4,1.42
2022-08-20T11:00:00+03:00,NO2,0.013
2022-08-20T11:00:00+03:00,NO,0.005
2022-08-20T11:00:00+03:00,CO,0.17
2022-08-20T12:00:00+03:00,CH4,1.4
2022-08-20T12:00:00+03:00,CO,0.3
2022-08-20T12:00:00+03:00,NO2,0.014
2022-08-20T12:00:00+03:00,NO,0.006
2022-08-20T12:00:00+03:00,OZ,0.0615
2022-08-20T13:00:00+03:00,CH4,1.41
2022-08-20T13:00:00+03:00,NO,0.004
2022-08-20T13:00:00+03:00,OZ,0.0636
2022-08-20T13:00:00+03:00,NO2,0.015
2022-08-20T13:00:00+03:00,CO,0.27
2022-08-20T14:00:00+03:00,CO,0.33
2022-08-20T14:00:00+03:00,NO2,0.02
2022-08-20T14:00:00+03:00,NO,0.005
2022-08-20T14:00:00+03:00,CH4,1.41
2022-08-20T14:00:00+03:00,OZ,0.0568
2022-08-20T15:00:00+03:00,NO,0.005
2022-08-20T15:00:00+03:00,NO2,0.028
2022-08-20T15:00:00+03:00,CH4,1.4
2022-08-20T15:00:00+03:00,OZ,0.0474
2022-08-20T15:00:00+03:00,CO,0.3
2022-08-20T16:00:00+03:00,NO,0.007
2022-08-20T16:00:00+03:00,OZ,0.0539
2022-08-20T16:00:00+03:00,CO,0.23
2022-08-20T16:00:00+03:00,CH4,1.39
2022-08-20T16:00:00+03:00,NO2,0.022
2022-08-20T17:00:00+03:00,CO,0.23
2022-08-20T17:00:00+03:00,OZ,0.0572
2022-08-20T17:00:00+03:00,CH4,1.39
2022-08-20T17:00:00+03:00,NO2,0.017
2022-08-20T17:00:00+03:00,NO,0.004
2022-08-20T18:00:00+03:00,CO,0.23
2022-08-20T18:00:00+03:00,NO,0.004
2022-08-20T18:00:00+03:00,OZ,0.0574
2022-08-20T18:00:00+03:00,NO2,0.017
2022-08-20T18:00:00+03:00,CH4,1.39
2022-08-20T19:00:00+03:00,OZ,0.0557
2022-08-20T19:00:00+03:00,NO2,0.017
2022-08-20T19:00:00+03:00,CH4,1.39
2022-08-20T19:00:00+03:00,NO,0.003
2022-08-20T19:00:00+03:00,CO,0.2
2022-08-20T20:00:00+03:00,CO,0.27
2022-08-20T20:00:00+03:00,NO2,0.019
2022-08-20T20:00:00+03:00,CH4,1.39
2022-08-20T20:00:00+03:00,NO,0.004
2022-08-20T20:00:00+03:00,OZ,0.0527
2022-08-20T21:00:00+03:00,OZ,0.0511
2022-08-20T21:00:00+03:00,NO2,0.019
2022-08-20T21:00:00+03:00,NO,0.003
2022-08-20T21:00:00+03:00,CH4,1.39
2022-08-20T21:00:00+03:00,CO,0.23
2022-08-20T22:00:00+03:00,CO,0.23
2022-08-20T22:00:00+03:00,CH4,1.4
2022-08-20T22:00:00+03:00,NO,0.002
2022-08-20T22:00:00+03:00,OZ,0.0469
2022-08-20T22:00:00+03:00,NO2,0.021
2022-08-20T23:00:00+03:00,NO,0.002
2022-08-20T23:00:00+03:00,NO2,0.026
2022-08-20T23:00:00+03:00,CO,0.13
2022-08-20T23:00:00+03:00,OZ,0.0381
2022-08-20T23:00:00+03:00,CH4,1.41
2022-08-21T00:00:00+03:00,OZ,0.0322
2022-08-21T00:00:00+03:00,NO,0.002
2022-08-21T00:00:00+03:00,CO,0
2022-08-21T00:00:00+03:00,CH4,1.42
2022-08-21T00:00:00+03:00,NO2,0.031
2022-08-21T01:00:00+03:00,NO2,0.025
2022-08-21T01:00:00+03:00,OZ,0.0388
2022-08-21T01:00:00+03:00,CH4,1.45
2022-08-21T01:00:00+03:00,CO,0
2022-08-21T01:00:00+03:00,NO,0.001
2022-08-21T02:00:00+03:00,CO,0
2022-08-21T02:00:00+03:00,NO,0.001
2022-08-21T02:00:00+03:00,NO2,0.023
2022-08-21T02:00:00+03:00,OZ,0.0387
2022-08-21T02:00:00+03:00,CH4,1.48
2022-08-21T03:00:00+03:00,OZ,0.0474
2022-08-21T03:00:00+03:00,NO,0.001
2022-08-21T03:00:00+03:00,CH4,1.49
2022-08-21T03:00:00+03:00,CO,0
2022-08-21T03:00:00+03:00,NO2,0.015
2022-08-21T04:00:00+03:00,CH4,1.46
2022-08-21T04:00:00+03:00,NO,0.001
2022-08-21T04:00:00+03:00,CO,0
2022-08-21T04:00:00+03:00,OZ,0.0484
2022-08-21T04:00:00+03:00,NO2,0.013
2022-08-21T05:00:00+03:00,CO,0.1
2022-08-21T05:00:00+03:00,OZ,0.0466
2022-08-21T05:00:00+03:00,NO,0.002
2022-08-21T05:00:00+03:00,CH4,1.46
2022-08-21T05:00:00+03:00,NO2,0.014
2022-08-21T06:00:00+03:00,CO,0.47
2022-08-21T06:00:00+03:00,OZ,0.0454
2022-08-21T06:00:00+03:00,CH4,1.49
2022-08-21T06:00:00+03:00,NO,0.001
2022-08-21T06:00:00+03:00,NO2,0.013
2022-08-21T07:00:00+03:00,NO2,0.019
2022-08-21T07:00:00+03:00,CH4,1.49
2022-08-21T07:00:00+03:00,CO,0.67
2022-08-21T07:00:00+03:00,NO,0.002
2022-08-21T07:00:00+03:00,OZ,0.0393
2022-08-21T08:00:00+03:00,NO,0.002
2022-08-21T08:00:00+03:00,CO,0.7
2022-08-21T08:00:00+03:00,NO2,0.016
2022-08-21T08:00:00+03:00,OZ,0.0498
2022-08-21T08:00:00+03:00,CH4,1.44
2022-08-21T09:00:00+03:00,CH4,1.45
2022-08-21T09:00:00+03:00,NO2,0.019
2022-08-21T09:00:00+03:00,OZ,0.0617
2022-08-21T09:00:00+03:00,NO,0.003
2022-08-21T09:00:00+03:00,CO,0.53
2022-08-21T10:00:00+03:00,NO,0.004
2022-08-21T10:00:00+03:00,NO2,0.024
2022-08-21T10:00:00+03:00,CO,0.43
2022-08-21T10:00:00+03:00,OZ,0.0758
2022-08-21T10:00:00+03:00,CH4,1.45
2022-08-21T11:00:00+03:00,NO2,0.02
2022-08-21T11:00:00+03:00,OZ,0.0887
2022-08-21T11:00:00+03:00,CH4,1.43
2022-08-21T11:00:00+03:00,CO,0.33
2022-08-21T11:00:00+03:00,NO,0.004
2022-08-21T12:00:00+03:00,CO,0.37
2022-08-21T12:00:00+03:00,CH4,1.42
2022-08-21T12:00:00+03:00,OZ,0.0897
2022-08-21T12:00:00+03:00,NO,0.005
2022-08-21T12:00:00+03:00,NO2,0.021
2022-08-21T13:00:00+03:00,OZ,0.0867
2022-08-21T13:00:00+03:00,NO2,0.012
2022-08-21T13:00:00+03:00,CH4,1.4
2022-08-21T13:00:00+03:00,NO,0.003
2022-08-21T13:00:00+03:00,CO,0.2
2022-08-21T14:00:00+03:00,OZ,0.0785
2022-08-21T14:00:00+03:00,CH4,1.4
2022-08-21T14:00:00+03:00,NO,0.004
2022-08-21T14:00:00+03:00,CO,0.13
2022-08-21T14:00:00+03:00,NO2,0.015
2022-08-21T15:00:00+03:00,OZ,0.0708
2022-08-21T15:00:00+03:00,NO2,0.017
2022-08-21T15:00:00+03:00,CO,0.1
2022-08-21T15:00:00+03:00,NO,0.003
2022-08-21T15:00:00+03:00,CH4,1.4
2022-08-21T16:00:00+03:00,CO,0.07
2022-08-21T16:00:00+03:00,NO,0.003
2022-08-21T16:00:00+03:00,NO2,0.016
2022-08-21T16:00:00+03:00,OZ,0.0674
2022-08-21T16:00:00+03:00,CH4,1.4
2022-08-21T17:00:00+03:00,NO2,0.015
2022-08-21T17:00:00+03:00,OZ,0.0734
2022-08-21T17:00:00+03:00,CO,0.1
2022-08-21T17:00:00+03:00,NO,0.003
2022-08-21T17:00:00+03:00,CH4,1.4
2022-08-21T18:00:00+03:00,CH4,1.41
2022-08-21T18:00:00+03:00,CO,0.2
2022-08-21T18:00:00+03:00,OZ,0.0761
2022-08-21T18:00:00+03:00,NO,0.004
2022-08-21T18:00:00+03:00,NO2,0.019
2022-08-21T19:00:00+03:00,CH4,1.41
2022-08-21T19:00:00+03:00,NO2,0.028
2022-08-21T19:00:00+03:00,CO,0.37
2022-08-21T19:00:00+03:00,NO,0.002
2022-08-21T19:00:00+03:00,OZ,0.0733
2022-08-21T20:00:00+03:00,CO,0.43
2022-08-21T20:00:00+03:00,NO2,0.034
2022-08-21T20:00:00+03:00,OZ,0.0691
2022-08-21T20:00:00+03:00,NO,0.003
2022-08-21T20:00:00+03:00,CH4,1.42
2022-08-21T21:00:00+03:00,OZ,0.0598
2022-08-21T21:00:00+03:00,CH4,1.42
2022-08-21T21:00:00+03:00,CO,0.4
2022-08-21T21:00:00+03:00,NO,0.002
2022-08-21T21:00:00+03:00,NO2,0.033
2022-08-21T22:00:00+03:00,NO,0.003
2022-08-21T22:00:00+03:00,CH4,1.42
2022-08-21T22:00:00+03:00,OZ,0.0486
2022-08-21T22:00:00+03:00,NO2,0.032
2022-08-21T22:00:00+03:00,CO,0.27
2022-08-21T23:00:00+03:00,NO,0.001
2022-08-21T23:00:00+03:00,CH4,1.42
2022-08-21T23:00:00+03:00,CO,0.2
2022-08-21T23:00:00+03:00,NO2,0.033
2022-08-21T23:00:00+03:00,OZ,0.0408
2022-08-22T00:00:00+03:00,CO,0.3
2022-08-22T00:00:00+03:00,NO,0.002
2022-08-22T00:00:00+03:00,OZ,0.0307
2022-08-22T00:00:00+03:00,CH4,1.44
2022-08-22T00:00:00+03:00,NO2,0.04
2022-08-22T01:00:00+03:00,NO,0.002
2022-08-22T01:00:00+03:00,NO2,0.051
2022-08-22T01:00:00+03:00,OZ,0.0141
2022-08-22T01:00:00+03:00,CO,0.33
2022-08-22T01:00:00+03:00,CH4,1.45
2022-08-22T02:00:00+03:00,CH4,1.48
2022-08-22T02:00:00+03:00,OZ,0.0055
2022-08-22T02:00:00+03:00,NO,0.008
2022-08-22T02:00:00+03:00,NO2,0.06
2022-08-22T02:00:00+03:00,CO,0.37
2022-08-22T03:00:00+03:00,NO,0.002
2022-08-22T03:00:00+03:00,NO2,0.042
2022-08-22T03:00:00+03:00,CO,0.33
2022-08-22T03:00:00+03:00,OZ,0.0199
2022-08-22T03:00:00+03:00,CH4,1.54
2022-08-22T04:00:00+03:00,OZ,0.0182
2022-08-22T04:00:00+03:00,CO,0.53
2022-08-22T04:00:00+03:00,NO,0.002
2022-08-22T04:00:00+03:00,NO2,0.039
2022-08-22T04:00:00+03:00,CH4,1.64
2022-08-22T05:00:00+03:00,NO2,0.041
2022-08-22T05:00:00+03:00,CO,0.63
2022-08-22T05:00:00+03:00,OZ,0.0124
2022-08-22T05:00:00+03:00,NO,0.003
2022-08-22T05:00:00+03:00,CH4,1.61
2022-08-22T06:00:00+03:00,NO,0.009
2022-08-22T06:00:00+03:00,OZ,0.0072
2022-08-22T06:00:00+03:00,CH4,1.58
2022-08-22T06:00:00+03:00,CO,0.7
2022-08-22T06:00:00+03:00,NO2,0.046
2022-08-22T07:00:00+03:00,CO,0.7
2022-08-22T07:00:00+03:00,CH4,1.57
2022-08-22T07:00:00+03:00,OZ,0.0072
2022-08-22T07:00:00+03:00,NO2,0.045
2022-08-22T07:00:00+03:00,NO,0.01
2022-08-22T08:00:00+03:00,NO2,0.037
2022-08-22T08:00:00+03:00,CH4,1.61
2022-08-22T08:00:00+03:00,OZ,0.0188
2022-08-22T08:00:00+03:00,CO,0.77
2022-08-22T08:00:00+03:00,NO,0.006
2022-08-22T09:00:00+03:00,NO,0.008
2022-08-22T09:00:00+03:00,CO,1.1
2022-08-22T09:00:00+03:00,OZ,0.0337
2022-08-22T09:00:00+03:00,NO2,0.042
2022-08-22T09:00:00+03:00,CH4,1.62
2022-08-22T10:00:00+03:00,NO2,0.053
2022-08-22T10:00:00+03:00,CH4,1.61
2022-08-22T10:00:00+03:00,NO,0.008
2022-08-22T10:00:00+03:00,OZ,0.0519
2022-08-22T10:00:00+03:00,CO,1.17
2022-08-22T11:00:00+03:00,NO,0.004
2022-08-22T11:00:00+03:00,CH4,1.56
2022-08-22T11:00:00+03:00,OZ,0.1
2022-08-22T11:00:00+03:00,NO2,0.044
2022-08-22T11:00:00+03:00,CO,1.1
2022-08-22T12:00:00+03:00,CO,1.2
2022-08-22T12:00:00+03:00,NO,0.002
2022-08-22T12:00:00+03:00,OZ,0.1402
2022-08-22T12:00:00+03:00,CH4,1.51
2022-08-22T12:00:00+03:00,NO2,0.038
2022-08-22T13:00:00+03:00,NO,0.003
2022-08-22T13:00:00+03:00,CO,1.03
2022-08-22T13:00:00+03:00,OZ,0.1513
2022-08-22T13:00:00+03:00,NO2,0.041
2022-08-22T13:00:00+03:00,CH4,1.49
2022-08-22T14:00:00+03:00,NO2,0.039
2022-08-22T14:00:00+03:00,OZ,0.1432
2022-08-22T14:00:00+03:00,CH4,1.45
2022-08-22T14:00:00+03:00,CO,0.87
2022-08-22T14:00:00+03:00,NO,0.005
2022-08-22T15:00:00+03:00,CH4,1.41
2022-08-22T15:00:00+03:00,OZ,0.1095
2022-08-22T15:00:00+03:00,NO,0.008
2022-08-22T15:00:00+03:00,NO2,0.04
2022-08-22T15:00:00+03:00,CO,0.67
2022-08-22T16:00:00+03:00,NO,0.006
2022-08-22T16:00:00+03:00,CO,0.6
2022-08-22T16:00:00+03:00,CH4,1.39
2022-08-22T16:00:00+03:00,OZ,0.1052
2022-08-22T16:00:00+03:00,NO2,0.027
2022-08-22T17:00:00+03:00,OZ,0.1059
2022-08-22T17:00:00+03:00,NO,0.003
2022-08-22T17:00:00+03:00,NO2,0.024
2022-08-22T17:00:00+03:00,CH4,1.4
2022-08-22T17:00:00+03:00,CO,0.53
2022-08-22T18:00:00+03:00,CH4,1.4
2022-08-22T18:00:00+03:00,NO,0.002
2022-08-22T18:00:00+03:00,NO2,0.025
2022-08-22T18:00:00+03:00,CO,0.43
2022-08-22T18:00:00+03:00,OZ,0.0995
2022-08-22T19:00:00+03:00,NO2,0.039
2022-08-22T19:00:00+03:00,CO,0.53
2022-08-22T19:00:00+03:00,NO,0.003
2022-08-22T19:00:00+03:00,OZ,0.0796
2022-08-22T19:00:00+03:00,CH4,1.45
2022-08-22T20:00:00+03:00,OZ,0.0552
2022-08-22T20:00:00+03:00,NO2,0.05
2022-08-22T20:00:00+03:00,CO,0.6
2022-08-22T20:00:00+03:00,NO,0.003
2022-08-22T20:00:00+03:00,CH4,1.45
2022-08-22T21:00:00+03:00,CO,0.6
2022-08-22T21:00:00+03:00,NO2,0.049
2022-08-22T21:00:00+03:00,CH4,1.42
2022-08-22T21:00:00+03:00,OZ,0.04
2022-08-22T21:00:00+03:00,NO,0.004
2022-08-22T22:00:00+03:00,OZ,0.0355
2022-08-22T22:00:00+03:00,CH4,1.41
2022-08-22T22:00:00+03:00,NO,0.002
2022-08-22T22:00:00+03:00,CO,0.57
2022-08-22T22:00:00+03:00,NO2,0.048
2022-08-22T23:00:00+03:00,CO,0.53
2022-08-22T23:00:00+03:00,NO2,0.046
2022-08-22T23:00:00+03:00,NO,0.005
2022-08-22T23:00:00+03:00,OZ,0.0371
2022-08-22T23:00:00+03:00,CH4,1.42
2022-08-23T00:00:00+03:00,CH4,1.51
2022-08-23T00:00:00+03:00,NO,0.002
2022-08-23T00:00:00+03:00,NO2,0.038
2022-08-23T00:00:00+03:00,CO,0.4
2022-08-23T00:00:00+03:00,OZ,0.0434
2022-08-23T01:00:00+03:00,NO,0.001
2022-08-23T01:00:00+03:00,CO,0.4
2022-08-23T01:00:00+03:00,CH4,1.53
2022-08-23T01:00:00+03:00,NO2,0.028
2022-08-23T01:00:00+03:00,OZ,0.0526
2022-08-23T02:00:00+03:00,CH4,1.48
2022-08-23T02:00:00+03:00,OZ,0.0449
2022-08-23T02:00:00+03:00,NO2,0.027
2022-08-23T02:00:00+03:00,CO,0.5
2022-08-23T02:00:00+03:00,NO,0.001
2022-08-23T03:00:00+03:00,NO2,0.041
2022-08-23T03:00:00+03:00,CO,0.47
2022-08-23T03:00:00+03:00,NO,0.001
2022-08-23T03:00:00+03:00,CH4,1.46
2022-08-23T03:00:00+03:00,OZ,0.0263
2022-08-23T04:00:00+03:00,NO2,0.054
2022-08-23T04:00:00+03:00,NO,0.002
2022-08-23T04:00:00+03:00,CH4,1.47
2022-08-23T04:00:00+03:00,OZ,0.0111
2022-08-23T04:00:00+03:00,CO,0.4
2022-08-23T05:00:00+03:00,OZ,0.0061
2022-08-23T05:00:00+03:00,CH4,1.47
2022-08-23T05:00:00+03:00,NO2,0.056
2022-08-23T05:00:00+03:00,CO,0.4
2022-08-23T05:00:00+03:00,NO,0.003
2022-08-23T06:00:00+03:00,CO,0.43
2022-08-23T06:00:00+03:00,NO2,0.051
2022-08-23T06:00:00+03:00,CH4,1.53
2022-08-23T06:00:00+03:00,OZ,0.0062
2022-08-23T06:00:00+03:00,NO,0.004
2022-08-23T07:00:00+03:00,NO2,0.05
2022-08-23T07:00:00+03:00,CO,0.43
2022-08-23T07:00:00+03:00,OZ,0.0063
2022-08-23T07:00:00+03:00,CH4,1.54
2022-08-23T07:00:00+03:00,NO,0.012
2022-08-23T08:00:00+03:00,CH4,1.56
2022-08-23T08:00:00+03:00,CO,0.53
2022-08-23T08:00:00+03:00,NO2,0.054
2022-08-23T08:00:00+03:00,OZ,0.0042
2022-08-23T08:00:00+03:00,NO,0.028
2022-08-23T09:00:00+03:00,CO,0.57
2022-08-23T09:00:00+03:00,NO,0.03
2022-08-23T09:00:00+03:00,OZ,0.0071
2022-08-23T09:00:00+03:00,NO2,0.061
2022-08-23T09:00:00+03:00,CH4,1.55
2022-08-23T10:00:00+03:00,NO2,0.066
2022-08-23T10:00:00+03:00,OZ,0.0148
2022-08-23T10:00:00+03:00,CO,0.43
2022-08-23T10:00:00+03:00,NO,0.019
2022-08-23T10:00:00+03:00,CH4,1.55
2022-08-23T11:00:00+03:00,NO,0.019
2022-08-23T11:00:00+03:00,OZ,0.0245
2022-08-23T11:00:00+03:00,CH4,1.54
2022-08-23T11:00:00+03:00,CO,0.37
2022-08-23T11:00:00+03:00,NO2,0.069
2022-08-23T12:00:00+03:00,OZ,0.0452
2022-08-23T12:00:00+03:00,NO2,0.061
2022-08-23T12:00:00+03:00,CO,0.23
2022-08-23T12:00:00+03:00,CH4,1.51
2022-08-23T12:00:00+03:00,NO,0.013
2022-08-23T13:00:00+03:00,NO,0.007
2022-08-23T13:00:00+03:00,CH4,1.43
2022-08-23T13:00:00+03:00,OZ,0.0809
2022-08-23T13:00:00+03:00,CO,0.13
2022-08-23T13:00:00+03:00,NO2,0.039
2022-08-23T14:00:00+03:00,NO,0.004
2022-08-23T14:00:00+03:00,OZ,0.1102
2022-08-23T14:00:00+03:00,CH4,1.39
2022-08-23T14:00:00+03:00,NO2,0.021
2022-08-23T14:00:00+03:00,CO,0.03
2022-08-23T15:00:00+03:00,NO,0.006
2022-08-23T15:00:00+03:00,CO,0.03
2022-08-23T15:00:00+03:00,OZ,0.1091
2022-08-23T15:00:00+03:00,NO2,0.024
2022-08-23T15:00:00+03:00,CH4,1.37
2022-08-23T16:00:00+03:00,NO2,0.019
2022-08-23T16:00:00+03:00,CO,0.03
2022-08-23T16:00:00+03:00,NO,0.004
2022-08-23T16:00:00+03:00,OZ,0.1165
2022-08-23T16:00:00+03:00,CH4,1.37
2022-08-23T17:00:00+03:00,CH4,1.37
2022-08-23T17:00:00+03:00,NO,0.008
2022-08-23T17:00:00+03:00,CO,0.07
2022-08-23T17:00:00+03:00,NO2,0.03
2022-08-23T17:00:00+03:00,OZ,0.1012
2022-08-23T18:00:00+03:00,CO,0.03
2022-08-23T18:00:00+03:00,CH4,1.37
2022-08-23T18:00:00+03:00,OZ,0.1017
2022-08-23T18:00:00+03:00,NO2,0.025
2022-08-23T18:00:00+03:00,NO,0.003
2022-08-23T19:00:00+03:00,CO,0.07
2022-08-23T19:00:00+03:00,CH4,1.37
2022-08-23T19:00:00+03:00,NO2,0.03
2022-08-23T19:00:00+03:00,NO,0.002
2022-08-23T19:00:00+03:00,OZ,0.0947
2022-08-23T20:00:00+03:00,NO,0.004
2022-08-23T20:00:00+03:00,CH4,1.39
2022-08-23T20:00:00+03:00,NO2,0.052
2022-08-23T20:00:00+03:00,CO,0.2
2022-08-23T20:00:00+03:00,OZ,0.065
2022-08-23T21:00:00+03:00,NO2,0.065
2022-08-23T21:00:00+03:00,NO,0.002
2022-08-23T21:00:00+03:00,CH4,1.42
2022-08-23T21:00:00+03:00,OZ,0.0368
2022-08-23T21:00:00+03:00,CO,0.43
2022-08-23T22:00:00+03:00,NO,0.004
2022-08-23T22:00:00+03:00,OZ,0.015
2022-08-23T22:00:00+03:00,NO2,0.083
2022-08-23T22:00:00+03:00,CH4,1.43
2022-08-23T22:00:00+03:00,CO,0.7
2022-08-23T23:00:00+03:00,CO,0.97
2022-08-23T23:00:00+03:00,CH4,1.45
2022-08-23T23:00:00+03:00,NO2,0.089
2022-08-23T23:00:00+03:00,NO,0.026
2022-08-23T23:00:00+03:00,OZ,0.0034
2022-08-24T00:00:00+03:00,NO2,0.087
2022-08-24T00:00:00+03:00,CO,1.33
2022-08-24T00:00:00+03:00,NO,0.054
2022-08-24T00:00:00+03:00,OZ,0.0028
2022-08-24T00:00:00+03:00,CH4,1.47
2022-08-24T01:00:00+03:00,OZ,0.0026
2022-08-24T01:00:00+03:00,CH4,1.49
2022-08-24T01:00:00+03:00,NO2,0.083
2022-08-24T01:00:00+03:00,NO,0.054
2022-08-24T01:00:00+03:00,CO,1.27
2022-08-24T02:00:00+03:00,NO2,0.078
2022-08-24T02:00:00+03:00,CH4,1.51
2022-08-24T02:00:00+03:00,NO,0.087
2022-08-24T02:00:00+03:00,OZ,0.0026
2022-08-24T02:00:00+03:00,CO,1.4
2022-08-24T03:00:00+03:00,CO,1.33
2022-08-24T03:00:00+03:00,NO2,0.075
2022-08-24T03:00:00+03:00,OZ,0.0026
2022-08-24T03:00:00+03:00,NO,0.091
2022-08-24T03:00:00+03:00,CH4,1.52
2022-08-24T04:00:00+03:00,NO,0.143
2022-08-24T04:00:00+03:00,CO,1.47
2022-08-24T04:00:00+03:00,NO2,0.073
2022-08-24T04:00:00+03:00,CH4,1.56
2022-08-24T04:00:00+03:00,OZ,0.0026
2022-08-24T05:00:00+03:00,OZ,0.0025
2022-08-24T05:00:00+03:00,NO2,0.072
2022-08-24T05:00:00+03:00,NO,0.191
2022-08-24T05:00:00+03:00,CO,1.5
2022-08-24T05:00:00+03:00,CH4,1.64
2022-08-24T06:00:00+03:00,CH4,1.69
2022-08-24T06:00:00+03:00,CO,0.93
2022-08-24T06:00:00+03:00,NO,0.109
2022-08-24T06:00:00+03:00,OZ,0.0023
2022-08-24T06:00:00+03:00,NO2,0.067
2022-08-24T07:00:00+03:00,NO2,0.063
2022-08-24T07:00:00+03:00,CH4,1.73
2022-08-24T07:00:00+03:00,OZ,0.0023
2022-08-24T07:00:00+03:00,NO,0.085
2022-08-24T07:00:00+03:00,CO,0.8
2022-08-24T08:00:00+03:00,OZ,0.0024
2022-08-24T08:00:00+03:00,CH4,1.75
2022-08-24T08:00:00+03:00,CO,0.9
2022-08-24T08:00:00+03:00,NO,0.097
2022-08-24T08:00:00+03:00,NO2,0.065
2022-08-24T09:00:00+03:00,NO2,0.079
2022-08-24T09:00:00+03:00,OZ,0.0038
2022-08-24T09:00:00+03:00,CO,0.93
2022-08-24T09:00:00+03:00,CH4,1.66
2022-08-24T09:00:00+03:00,NO,0.073
2022-08-24T10:00:00+03:00,CO,0.63
2022-08-24T10:00:00+03:00,NO,0.032
2022-08-24T10:00:00+03:00,CH4,1.54
2022-08-24T10:00:00+03:00,OZ,0.0168
2022-08-24T10:00:00+03:00,NO2,0.081
2022-08-24T11:00:00+03:00,NO,0.015
2022-08-24T11:00:00+03:00,OZ,0.0506
2022-08-24T11:00:00+03:00,CH4,1.48
2022-08-24T11:00:00+03:00,NO2,0.06
2022-08-24T11:00:00+03:00,CO,0.47
2022-08-24T12:00:00+03:00,OZ,0.0687
2022-08-24T12:00:00+03:00,NO2,0.049
2022-08-24T12:00:00+03:00,CO,0.33
2022-08-24T12:00:00+03:00,NO,0.009
2022-08-24T12:00:00+03:00,CH4,1.45
2022-08-24T13:00:00+03:00,CH4,1.39
2022-08-24T13:00:00+03:00,NO,0.013
2022-08-24T13:00:00+03:00,NO2,0.038
2022-08-24T13:00:00+03:00,CO,0.3
2022-08-24T13:00:00+03:00,OZ,0.0805
2022-08-24T14:00:00+03:00,NO2,0.033
2022-08-24T14:00:00+03:00,NO,0.011
2022-08-24T14:00:00+03:00,OZ,0.0933
2022-08-24T14:00:00+03:00,CH4,1.38
2022-08-24T14:00:00+03:00,CO,0.33
2022-08-24T15:00:00+03:00,CH4,1.37
2022-08-24T15:00:00+03:00,OZ,0.1097
2022-08-24T15:00:00+03:00,NO,0.005
2022-08-24T15:00:00+03:00,NO2,0.023
2022-08-24T15:00:00+03:00,CO,0.3
2022-08-24T16:00:00+03:00,OZ,0.1002
2022-08-24T16:00:00+03:00,CH4,1.38
2022-08-24T16:00:00+03:00,CO,0.37
2022-08-24T16:00:00+03:00,NO,0.009
2022-08-24T16:00:00+03:00,NO2,0.03
2022-08-24T17:00:00+03:00,CO,0.37
2022-08-24T17:00:00+03:00,OZ,0.1007
2022-08-24T17:00:00+03:00,CH4,1.38
2022-08-24T17:00:00+03:00,NO,0.005
2022-08-24T17:00:00+03:00,NO2,0.027
2022-08-24T18:00:00+03:00,CH4,1.39
2022-08-24T18:00:00+03:00,CO,0.4
2022-08-24T18:00:00+03:00,NO2,0.034
2022-08-24T18:00:00+03:00,NO,0.009
2022-08-24T18:00:00+03:00,OZ,0.1059
2022-08-24T19:00:00+03:00,CH4,1.39
2022-08-24T19:00:00+03:00,NO,0.004
2022-08-24T19:00:00+03:00,OZ,0.1122
2022-08-24T19:00:00+03:00,CO,0.47
2022-08-24T19:00:00+03:00,NO2,0.025
2022-08-24T20:00:00+03:00,NO2,0.052
2022-08-24T20:00:00+03:00,CO,0.47
2022-08-24T20:00:00+03:00,NO,0.002
2022-08-24T20:00:00+03:00,OZ,0.0741
2022-08-24T20:00:00+03:00,CH4,1.4
2022-08-24T21:00:00+03:00,CH4,1.41
2022-08-24T21:00:00+03:00,CO,0.63
2022-08-24T21:00:00+03:00,NO2,0.076
2022-08-24T21:00:00+03:00,OZ,0.0361
2022-08-24T21:00:00+03:00,NO,0.002
2022-08-24T22:00:00+03:00,NO2,0.107
2022-08-24T22:00:00+03:00,CH4,1.43
2022-08-24T22:00:00+03:00,CO,1.23
2022-08-24T22:00:00+03:00,NO,0.066
2022-08-24T22:00:00+03:00,OZ,0.0045
2022-08-24T23:00:00+03:00,CO,1.83
2022-08-24T23:00:00+03:00,NO2,0.106
2022-08-24T23:00:00+03:00,NO,0.184
2022-08-24T23:00:00+03:00,CH4,1.46
2022-08-24T23:00:00+03:00,OZ,0.0031
2022-08-25T00:00:00+03:00,NO2,0.112
2022-08-25T00:00:00+03:00,CO,2.7
2022-08-25T00:00:00+03:00,NO,0.315
2022-08-25T00:00:00+03:00,CH4,1.53
2022-08-25T00:00:00+03:00,OZ,0.0025
2022-08-25T01:00:00+03:00,NO,0.407
2022-08-25T01:00:00+03:00,NO2,0.118
2022-08-25T01:00:00+03:00,CO,3.1
2022-08-25T01:00:00+03:00,OZ,0.0022
2022-08-25T01:00:00+03:00,CH4,1.68
2022-08-25T02:00:00+03:00,NO,0.357
2022-08-25T02:00:00+03:00,NO2,0.11
2022-08-25T02:00:00+03:00,CO,2.6
2022-08-25T02:00:00+03:00,CH4,1.79
2022-08-25T02:00:00+03:00,OZ,0.0021
2022-08-25T03:00:00+03:00,CH4,1.85
2022-08-25T03:00:00+03:00,NO,0.33
2022-08-25T03:00:00+03:00,NO2,0.099
2022-08-25T03:00:00+03:00,OZ,0.002
2022-08-25T03:00:00+03:00,CO,2.33
2022-08-25T04:00:00+03:00,CH4,1.84
2022-08-25T04:00:00+03:00,NO2,0.086
2022-08-25T04:00:00+03:00,OZ,0.0023
2022-08-25T04:00:00+03:00,CO,1.77
2022-08-25T04:00:00+03:00,NO,0.245
2022-08-25T05:00:00+03:00,CO,1.63
2022-08-25T05:00:00+03:00,OZ,0.0033
2022-08-25T05:00:00+03:00,NO,0.155
2022-08-25T05:00:00+03:00,CH4,1.85
2022-08-25T05:00:00+03:00,NO2,0.078
2022-08-25T06:00:00+03:00,CH4,1.84
2022-08-25T06:00:00+03:00,NO,0.105
2022-08-25T06:00:00+03:00,CO,1.5
2022-08-25T06:00:00+03:00,NO2,0.071
2022-08-25T06:00:00+03:00,OZ,0.0033
2022-08-25T07:00:00+03:00,CH4,1.95
2022-08-25T07:00:00+03:00,CO,1.53
2022-08-25T07:00:00+03:00,OZ,0.0035
2022-08-25T07:00:00+03:00,NO,0.093
2022-08-25T07:00:00+03:00,NO2,0.067
2022-08-25T08:00:00+03:00,CO,1.4
2022-08-25T08:00:00+03:00,CH4,2.11
2022-08-25T08:00:00+03:00,NO2,0.084
2022-08-25T08:00:00+03:00,NO,0.094
2022-08-25T08:00:00+03:00,OZ,0.0031
2022-08-25T09:00:00+03:00,CH4,2.04
2022-08-25T09:00:00+03:00,NO,0.118
2022-08-25T09:00:00+03:00,CO,1.3
2022-08-25T09:00:00+03:00,OZ,0.0029
2022-08-25T09:00:00+03:00,NO2,0.108
2022-08-25T10:00:00+03:00,CH4,1.83
2022-08-25T10:00:00+03:00,NO2,0.134
2022-08-25T10:00:00+03:00,NO,0.094
2022-08-25T10:00:00+03:00,CO,0.93
2022-08-25T10:00:00+03:00,OZ,0.0041
2022-08-25T11:00:00+03:00,OZ,0.0296
2022-08-25T11:00:00+03:00,CO,0.43
2022-08-25T11:00:00+03:00,NO,0.026
2022-08-25T11:00:00+03:00,CH4,1.52
2022-08-25T11:00:00+03:00,NO2,0.099
2022-08-25T12:00:00+03:00,OZ,0.0625
2022-08-25T12:00:00+03:00,CO,0.57
2022-08-25T12:00:00+03:00,NO,0.01
2022-08-25T12:00:00+03:00,CH4,1.39
2022-08-25T12:00:00+03:00,NO2,0.057
2022-08-25T13:00:00+03:00,CO,0.43
2022-08-25T13:00:00+03:00,OZ,0.0878
2022-08-25T13:00:00+03:00,NO2,0.036
2022-08-25T13:00:00+03:00,CH4,1.37
2022-08-25T13:00:00+03:00,NO,0.006
2022-08-25T14:00:00+03:00,CO,0.47
2022-08-25T14:00:00+03:00,NO2,0.032
2022-08-25T14:00:00+03:00,OZ,0.0989
2022-08-25T14:00:00+03:00,NO,0.006
2022-08-25T14:00:00+03:00,CH4,1.37
2022-08-25T15:00:00+03:00,OZ,0.1077
2022-08-25T15:00:00+03:00,CH4,1.36
2022-08-25T15:00:00+03:00,CO,0.5
2022-08-25T15:00:00+03:00,NO,0.004
2022-08-25T15:00:00+03:00,NO2,0.032
2022-08-25T16:00:00+03:00,CO,0.53
2022-08-25T16:00:00+03:00,CH4,1.37
2022-08-25T16:00:00+03:00,OZ,0.1111
2022-08-25T16:00:00+03:00,NO2,0.038
2022-08-25T16:00:00+03:00,NO,0.006
2022-08-25T17:00:00+03:00,NO2,0.036
2022-08-25T17:00:00+03:00,CH4,1.36
2022-08-25T17:00:00+03:00,CO,0.5
2022-08-25T17:00:00+03:00,OZ,0.1239
2022-08-25T17:00:00+03:00,NO,0.005
2022-08-25T18:00:00+03:00,NO2,0.033
2022-08-25T18:00:00+03:00,CO,0.53
2022-08-25T18:00:00+03:00,CH4,1.36
2022-08-25T18:00:00+03:00,OZ,0.1215
2022-08-25T18:00:00+03:00,NO,0.005
2022-08-25T19:00:00+03:00,CH4,1.37
2022-08-25T19:00:00+03:00,CO,0.73
2022-08-25T19:00:00+03:00,NO2,0.068
2022-08-25T19:00:00+03:00,NO,0.011
2022-08-25T19:00:00+03:00,OZ,0.0778
2022-08-25T20:00:00+03:00,CO,0.7
2022-08-25T20:00:00+03:00,NO2,0.07
2022-08-25T20:00:00+03:00,OZ,0.0674
2022-08-25T20:00:00+03:00,CH4,1.38
2022-08-25T20:00:00+03:00,NO,0.003
2022-08-25T21:00:00+03:00,OZ,0.0566
2022-08-25T21:00:00+03:00,NO,0.002
2022-08-25T21:00:00+03:00,CH4,1.38
2022-08-25T21:00:00+03:00,CO,0.73
2022-08-25T21:00:00+03:00,NO2,0.073
2022-08-25T22:00:00+03:00,CO,0.93
2022-08-25T22:00:00+03:00,CH4,1.39
2022-08-25T22:00:00+03:00,NO2,0.097
2022-08-25T22:00:00+03:00,NO,0.017
2022-08-25T22:00:00+03:00,OZ,0.0233
2022-08-25T23:00:00+03:00,NO2,0.11
2022-08-25T23:00:00+03:00,CO,1.2
2022-08-25T23:00:00+03:00,NO,0.063
2022-08-25T23:00:00+03:00,CH4,1.41
2022-08-25T23:00:00+03:00,OZ,0.0026
2022-08-26T00:00:00+03:00,CH4,1.47
2022-08-26T00:00:00+03:00,OZ,0.0025
2022-08-26T00:00:00+03:00,NO2,0.112
2022-08-26T00:00:00+03:00,NO,0.139
2022-08-26T00:00:00+03:00,CO,1.47
2022-08-26T01:00:00+03:00,NO2,0.112
2022-08-26T01:00:00+03:00,NO,0.127
2022-08-26T01:00:00+03:00,CH4,1.49
2022-08-26T01:00:00+03:00,OZ,0.002
2022-08-26T01:00:00+03:00,CO,1.2
2022-08-26T02:00:00+03:00,NO,0.086
2022-08-26T02:00:00+03:00,CO,0.93
2022-08-26T02:00:00+03:00,CH4,1.5
2022-08-26T02:00:00+03:00,NO2,0.1
2022-08-26T02:00:00+03:00,OZ,0.0022
2022-08-26T03:00:00+03:00,OZ,0.0028
2022-08-26T03:00:00+03:00,CO,1
2022-08-26T03:00:00+03:00,CH4,1.53
2022-08-26T03:00:00+03:00,NO,0.079
2022-08-26T03:00:00+03:00,NO2,0.088
2022-08-26T04:00:00+03:00,CH4,1.59
2022-08-26T04:00:00+03:00,NO2,0.08
2022-08-26T04:00:00+03:00,NO,0.076
2022-08-26T04:00:00+03:00,CO,1
2022-08-26T04:00:00+03:00,OZ,0.0031
2022-08-26T05:00:00+03:00,CH4,1.68
2022-08-26T05:00:00+03:00,CO,1.03
2022-08-26T05:00:00+03:00,NO,0.089
2022-08-26T05:00:00+03:00,OZ,0.003
2022-08-26T05:00:00+03:00,NO2,0.075
2022-08-26T06:00:00+03:00,CH4,1.8
2022-08-26T06:00:00+03:00,NO2,0.07
2022-08-26T06:00:00+03:00,OZ,0.003
2022-08-26T06:00:00+03:00,NO,0.108
2022-08-26T06:00:00+03:00,CO,1
2022-08-26T07:00:00+03:00,OZ,0.0028
2022-08-26T07:00:00+03:00,CO,1
2022-08-26T07:00:00+03:00,NO2,0.074
2022-08-26T07:00:00+03:00,CH4,1.99
2022-08-26T07:00:00+03:00,NO,0.122
2022-08-26T08:00:00+03:00,NO,0.126
2022-08-26T08:00:00+03:00,CO,1.03
2022-08-26T08:00:00+03:00,OZ,0.0028
2022-08-26T08:00:00+03:00,CH4,2.1
2022-08-26T08:00:00+03:00,NO2,0.083
2022-08-26T09:00:00+03:00,CO,1.2
2022-08-26T09:00:00+03:00,NO,0.136
2022-08-26T09:00:00+03:00,CH4,1.98
2022-08-26T09:00:00+03:00,OZ,0.0031
2022-08-26T09:00:00+03:00,NO2,0.112
2022-08-26T10:00:00+03:00,NO2,0.15
2022-08-26T10:00:00+03:00,NO,0.108
2022-08-26T10:00:00+03:00,CO,1.17
2022-08-26T10:00:00+03:00,CH4,1.86
2022-08-26T10:00:00+03:00,OZ,0.0044
2022-08-26T11:00:00+03:00,NO,0.048
2022-08-26T11:00:00+03:00,NO2,0.123
2022-08-26T11:00:00+03:00,OZ,0.0225
2022-08-26T11:00:00+03:00,CH4,1.58
2022-08-26T11:00:00+03:00,CO,0.73
2022-08-26T12:00:00+03:00,NO,0.013
2022-08-26T12:00:00+03:00,CO,0.7
2022-08-26T12:00:00+03:00,NO2,0.063
2022-08-26T12:00:00+03:00,CH4,1.4
2022-08-26T12:00:00+03:00,OZ,0.0636
2022-08-26T13:00:00+03:00,CO,0.6
2022-08-26T13:00:00+03:00,CH4,1.37
2022-08-26T13:00:00+03:00,OZ,0.0896
2022-08-26T13:00:00+03:00,NO,0.008
2022-08-26T13:00:00+03:00,NO2,0.039
2022-08-26T14:00:00+03:00,NO,0.007
2022-08-26T14:00:00+03:00,OZ,0.108
2022-08-26T14:00:00+03:00,CH4,1.37
2022-08-26T14:00:00+03:00,CO,0.6
2022-08-26T14:00:00+03:00,NO2,0.029
2022-08-26T15:00:00+03:00,NO,0.004
2022-08-26T15:00:00+03:00,NO2,0.028
2022-08-26T15:00:00+03:00,CO,0.63
2022-08-26T15:00:00+03:00,OZ,0.1215
2022-08-26T15:00:00+03:00,CH4,1.37
2022-08-26T16:00:00+03:00,CO,0.77
2022-08-26T16:00:00+03:00,NO,0.013
2022-08-26T16:00:00+03:00,CH4,1.36
2022-08-26T16:00:00+03:00,NO2,0.036
2022-08-26T16:00:00+03:00,OZ,0.1063
2022-08-26T17:00:00+03:00,CH4,1.4
2022-08-26T17:00:00+03:00,CO,0.97
2022-08-26T17:00:00+03:00,NO2,0.039
2022-08-26T17:00:00+03:00,OZ,0.1093
2022-08-26T17:00:00+03:00,NO,0.009
2022-08-26T18:00:00+03:00,NO2,0.036
2022-08-26T18:00:00+03:00,CH4,1.37
2022-08-26T18:00:00+03:00,OZ,0.1061
2022-08-26T18:00:00+03:00,NO,0.005
2022-08-26T18:00:00+03:00,CO,0.7
2022-08-26T19:00:00+03:00,NO,0.009
2022-08-26T19:00:00+03:00,CO,0.87
2022-08-26T19:00:00+03:00,OZ,0.0783
2022-08-26T19:00:00+03:00,CH4,1.38
2022-08-26T19:00:00+03:00,NO2,0.064
2022-08-26T20:00:00+03:00,OZ,0.0764
2022-08-26T20:00:00+03:00,NO2,0.061
2022-08-26T20:00:00+03:00,CO,0.8
2022-08-26T20:00:00+03:00,CH4,1.38
2022-08-26T20:00:00+03:00,NO,0.002
2022-08-26T21:00:00+03:00,CO,1
2022-08-26T21:00:00+03:00,OZ,0.0238
2022-08-26T21:00:00+03:00,NO2,0.101
2022-08-26T21:00:00+03:00,CH4,1.4
2022-08-26T21:00:00+03:00,NO,0.012
2022-08-26T22:00:00+03:00,OZ,0.0026
2022-08-26T22:00:00+03:00,NO2,0.116
2022-08-26T22:00:00+03:00,CH4,1.43
2022-08-26T22:00:00+03:00,NO,0.068
2022-08-26T22:00:00+03:00,CO,1.6
2022-08-26T23:00:00+03:00,NO,0.184
2022-08-26T23:00:00+03:00,OZ,0.0026
2022-08-26T23:00:00+03:00,CO,2.17
2022-08-26T23:00:00+03:00,NO2,0.115
2022-08-26T23:00:00+03:00,CH4,1.46
2022-08-27T00:00:00+03:00,OZ,0.0025
2022-08-27T00:00:00+03:00,NO2,0.116
2022-08-27T00:00:00+03:00,NO,0.276
2022-08-27T00:00:00+03:00,CH4,1.52
2022-08-27T00:00:00+03:00,CO,2.33
2022-08-27T01:00:00+03:00,CH4,1.63
2022-08-27T01:00:00+03:00,NO,0.255
2022-08-27T01:00:00+03:00,NO2,0.111
2022-08-27T01:00:00+03:00,OZ,0.0021
2022-08-27T01:00:00+03:00,CO,1.93
2022-08-27T02:00:00+03:00,NO2,0.099
2022-08-27T02:00:00+03:00,CO,1.63
2022-08-27T02:00:00+03:00,NO,0.212
2022-08-27T02:00:00+03:00,CH4,1.64
2022-08-27T02:00:00+03:00,OZ,0.002
2022-08-27T03:00:00+03:00,NO,0.178
2022-08-27T03:00:00+03:00,CH4,1.7
2022-08-27T03:00:00+03:00,CO,1.27
2022-08-27T03:00:00+03:00,OZ,0.0021
2022-08-27T03:00:00+03:00,NO2,0.091
2022-08-27T04:00:00+03:00,OZ,0.002
2022-08-27T04:00:00+03:00,NO,0.111
2022-08-27T04:00:00+03:00,NO2,0.086
2022-08-27T04:00:00+03:00,CH4,1.72
2022-08-27T04:00:00+03:00,CO,0.8
2022-08-27T05:00:00+03:00,NO,0.074
2022-08-27T05:00:00+03:00,CH4,1.75
2022-08-27T05:00:00+03:00,OZ,0.0022
2022-08-27T05:00:00+03:00,CO,0.57
2022-08-27T05:00:00+03:00,NO2,0.077
2022-08-27T06:00:00+03:00,CO,0.5
2022-08-27T06:00:00+03:00,NO2,0.068
2022-08-27T06:00:00+03:00,OZ,0.0031
2022-08-27T06:00:00+03:00,NO,0.043
2022-08-27T06:00:00+03:00,CH4,1.77
2022-08-27T07:00:00+03:00,NO2,0.063
2022-08-27T07:00:00+03:00,CO,0.63
2022-08-27T07:00:00+03:00,NO,0.027
2022-08-27T07:00:00+03:00,CH4,1.79
2022-08-27T07:00:00+03:00,OZ,0.0048
2022-08-27T08:00:00+03:00,NO,0.026
2022-08-27T08:00:00+03:00,CH4,1.81
2022-08-27T08:00:00+03:00,NO2,0.069
2022-08-27T08:00:00+03:00,CO,0.73
2022-08-27T08:00:00+03:00,OZ,0.0069
2022-08-27T09:00:00+03:00,CH4,1.94
2022-08-27T09:00:00+03:00,OZ,0.013
2022-08-27T09:00:00+03:00,NO2,0.083
2022-08-27T09:00:00+03:00,NO,0.02
2022-08-27T09:00:00+03:00,CO,0.77
2022-08-27T10:00:00+03:00,CH4,1.95
2022-08-27T10:00:00+03:00,OZ,0.0341
2022-08-27T10:00:00+03:00,NO,0.016
2022-08-27T10:00:00+03:00,CO,0.63
2022-08-27T10:00:00+03:00,NO2,0.091
2022-08-27T11:00:00+03:00,CO,0.53
2022-08-27T11:00:00+03:00,OZ,0.0664
2022-08-27T11:00:00+03:00,NO2,0.076
2022-08-27T11:00:00+03:00,CH4,1.69
2022-08-27T11:00:00+03:00,NO,0.008
2022-08-27T12:00:00+03:00,NO2,0.057
2022-08-27T12:00:00+03:00,CO,0.73
2022-08-27T12:00:00+03:00,NO,0.005
2022-08-27T12:00:00+03:00,OZ,0.1014
2022-08-27T12:00:00+03:00,CH4,1.53
2022-08-27T13:00:00+03:00,OZ,0.1031
2022-08-27T13:00:00+03:00,NO,0.006
2022-08-27T13:00:00+03:00,NO2,0.062
2022-08-27T13:00:00+03:00,CO,0.5
2022-08-27T13:00:00+03:00,CH4,1.47
2022-08-27T14:00:00+03:00,CH4,1.39
2022-08-27T14:00:00+03:00,NO2,0.035
2022-08-27T14:00:00+03:00,NO,0.006
2022-08-27T14:00:00+03:00,CO,0.33
2022-08-27T14:00:00+03:00,OZ,0.1296
2022-08-27T15:00:00+03:00,CO,0.27
2022-08-27T15:00:00+03:00,NO2,0.027
2022-08-27T15:00:00+03:00,NO,0.005
2022-08-27T15:00:00+03:00,OZ,0.1324
2022-08-27T15:00:00+03:00,CH4,1.38
2022-08-27T16:00:00+03:00,NO2,0.023
2022-08-27T16:00:00+03:00,CO,0.27
2022-08-27T16:00:00+03:00,OZ,0.1249
2022-08-27T16:00:00+03:00,NO,0.003
2022-08-27T16:00:00+03:00,CH4,1.37
2022-08-27T17:00:00+03:00,NO2,0.029
2022-08-27T17:00:00+03:00,CO,0.33
2022-08-27T17:00:00+03:00,OZ,0.1079
2022-08-27T17:00:00+03:00,CH4,1.37
2022-08-27T17:00:00+03:00,NO,0.01
2022-08-27T18:00:00+03:00,CO,0.4
2022-08-27T18:00:00+03:00,CH4,1.38
2022-08-27T18:00:00+03:00,OZ,0.0857
2022-08-27T18:00:00+03:00,NO2,0.048
2022-08-27T18:00:00+03:00,NO,0.007
2022-08-27T19:00:00+03:00,NO,0.002
2022-08-27T19:00:00+03:00,NO2,0.077
2022-08-27T19:00:00+03:00,CO,0.57
2022-08-27T19:00:00+03:00,OZ,0.0545
2022-08-27T19:00:00+03:00,CH4,1.39
2022-08-27T20:00:00+03:00,NO,0.007
2022-08-27T20:00:00+03:00,OZ,0.0096
2022-08-27T20:00:00+03:00,CH4,1.41
2022-08-27T20:00:00+03:00,NO2,0.116
2022-08-27T20:00:00+03:00,CO,0.73
2022-08-27T21:00:00+03:00,OZ,0.0024
2022-08-27T21:00:00+03:00,CH4,1.43
2022-08-27T21:00:00+03:00,CO,0.97
2022-08-27T21:00:00+03:00,NO2,0.118
2022-08-27T21:00:00+03:00,NO,0.022
2022-08-27T22:00:00+03:00,CO,1.2
2022-08-27T22:00:00+03:00,CH4,1.46
2022-08-27T22:00:00+03:00,NO2,0.112
2022-08-27T22:00:00+03:00,NO,0.048
2022-08-27T22:00:00+03:00,OZ,0.0023
2022-08-27T23:00:00+03:00,NO,0.043
2022-08-27T23:00:00+03:00,CH4,1.48
2022-08-27T23:00:00+03:00,CO,1.2
2022-08-27T23:00:00+03:00,OZ,0.0024
2022-08-27T23:00:00+03:00,NO2,0.104
2022-08-28T00:00:00+03:00,NO2,0.097
2022-08-28T00:00:00+03:00,CO,1.53
2022-08-28T00:00:00+03:00,CH4,1.58
2022-08-28T00:00:00+03:00,NO,0.071
2022-08-28T00:00:00+03:00,OZ,0.0024
2022-08-28T01:00:00+03:00,CH4,1.65
2022-08-28T01:00:00+03:00,NO,0.04
2022-08-28T01:00:00+03:00,NO2,0.091
2022-08-28T01:00:00+03:00,OZ,0.0024
2022-08-28T01:00:00+03:00,CO,1.17
2022-08-28T02:00:00+03:00,NO2,0.087
2022-08-28T02:00:00+03:00,CO,0.97
2022-08-28T02:00:00+03:00,NO,0.035
2022-08-28T02:00:00+03:00,CH4,1.69
2022-08-28T02:00:00+03:00,OZ,0.0024
2022-08-28T03:00:00+03:00,OZ,0.0022
2022-08-28T03:00:00+03:00,NO,0.041
2022-08-28T03:00:00+03:00,CO,0.87
2022-08-28T03:00:00+03:00,NO2,0.084
2022-08-28T03:00:00+03:00,CH4,1.7
2022-08-28T04:00:00+03:00,NO,0.033
2022-08-28T04:00:00+03:00,NO2,0.079
2022-08-28T04:00:00+03:00,CH4,1.68
2022-08-28T04:00:00+03:00,OZ,0.0022
2022-08-28T04:00:00+03:00,CO,0.73
2022-08-28T05:00:00+03:00,OZ,0.0025
2022-08-28T05:00:00+03:00,NO2,0.074
2022-08-28T05:00:00+03:00,NO,0.031
2022-08-28T05:00:00+03:00,CH4,1.65
2022-08-28T05:00:00+03:00,CO,0.77
2022-08-28T06:00:00+03:00,NO,0.005
2022-08-28T06:00:00+03:00,NO2,0.053
2022-08-28T06:00:00+03:00,CO,0.57
2022-08-28T06:00:00+03:00,OZ,0.0192
2022-08-28T06:00:00+03:00,CH4,1.55
2022-08-28T07:00:00+03:00,CH4,1.49
2022-08-28T07:00:00+03:00,NO,0.002
2022-08-28T07:00:00+03:00,CO,0.43
2022-08-28T07:00:00+03:00,NO2,0.026
2022-08-28T07:00:00+03:00,OZ,0.0463
2022-08-28T08:00:00+03:00,NO2,0.028
2022-08-28T08:00:00+03:00,CH4,1.5
2022-08-28T08:00:00+03:00,CO,0.3
2022-08-28T08:00:00+03:00,NO,0.003
2022-08-28T08:00:00+03:00,OZ,0.0443
2022-08-28T09:00:00+03:00,NO,0.005
2022-08-28T09:00:00+03:00,OZ,0.0378
2022-08-28T09:00:00+03:00,CH4,1.54
2022-08-28T09:00:00+03:00,NO2,0.038
2022-08-28T09:00:00+03:00,CO,0.43
2022-08-28T10:00:00+03:00,OZ,0.0388
2022-08-28T10:00:00+03:00,NO,0.009
2022-08-28T10:00:00+03:00,CO,0.57
2022-08-28T10:00:00+03:00,NO2,0.048
2022-08-28T10:00:00+03:00,CH4,1.55
2022-08-28T11:00:00+03:00,OZ,0.0718
2022-08-28T11:00:00+03:00,CO,0.6
2022-08-28T11:00:00+03:00,NO,0.007
2022-08-28T11:00:00+03:00,CH4,1.55
2022-08-28T11:00:00+03:00,NO2,0.042
2022-08-28T12:00:00+03:00,CH4,1.54
2022-08-28T12:00:00+03:00,NO2,0.04
2022-08-28T12:00:00+03:00,OZ,0.0965
2022-08-28T12:00:00+03:00,CO,1.03
2022-08-28T12:00:00+03:00,NO,0.003
2022-08-28T13:00:00+03:00,NO2,0.04
2022-08-28T13:00:00+03:00,NO,0.004
2022-08-28T13:00:00+03:00,CO,0.93
2022-08-28T13:00:00+03:00,OZ,0.1087
2022-08-28T13:00:00+03:00,CH4,1.53
2022-08-28T14:00:00+03:00,NO2,0.037
2022-08-28T14:00:00+03:00,OZ,0.1036
2022-08-28T14:00:00+03:00,CO,0.87
2022-08-28T14:00:00+03:00,CH4,1.54
2022-08-28T14:00:00+03:00,NO,0.006
2022-08-28T15:00:00+03:00,NO,0.002
2022-08-28T15:00:00+03:00,CH4,1.49
2022-08-28T15:00:00+03:00,NO2,0.023
2022-08-28T15:00:00+03:00,OZ,0.1251
2022-08-28T15:00:00+03:00,CO,0.9
2022-08-28T16:00:00+03:00,NO2,0.022
2022-08-28T16:00:00+03:00,NO,0.006
2022-08-28T16:00:00+03:00,OZ,0.1175
2022-08-28T16:00:00+03:00,CH4,1.42
2022-08-28T16:00:00+03:00,CO,0.87
2022-08-28T17:00:00+03:00,NO2,0.023
2022-08-28T17:00:00+03:00,OZ,0.0998
2022-08-28T17:00:00+03:00,CH4,1.39
2022-08-28T17:00:00+03:00,NO,0.005
2022-08-28T17:00:00+03:00,CO,0.93
2022-08-28T18:00:00+03:00,CO,0.9
2022-08-28T18:00:00+03:00,OZ,0.0938
2022-08-28T18:00:00+03:00,CH4,1.39
2022-08-28T18:00:00+03:00,NO2,0.028
2022-08-28T18:00:00+03:00,NO,0.002
2022-08-28T19:00:00+03:00,NO2,0.035
2022-08-28T19:00:00+03:00,CH4,1.4
2022-08-28T19:00:00+03:00,CO,1.03
2022-08-28T19:00:00+03:00,NO,0.002
2022-08-28T19:00:00+03:00,OZ,0.0844
2022-08-28T20:00:00+03:00,OZ,0.0589
2022-08-28T20:00:00+03:00,CH4,1.42
2022-08-28T20:00:00+03:00,NO,0.002
2022-08-28T20:00:00+03:00,CO,1.13
2022-08-28T20:00:00+03:00,NO2,0.049
2022-08-28T21:00:00+03:00,NO,0.002
2022-08-28T21:00:00+03:00,OZ,0.0398
2022-08-28T21:00:00+03:00,CO,1.4
2022-08-28T21:00:00+03:00,NO2,0.056
2022-08-28T21:00:00+03:00,CH4,1.43
2022-08-28T22:00:00+03:00,CO,1.8
2022-08-28T22:00:00+03:00,NO,0.002
2022-08-28T22:00:00+03:00,OZ,0.0435
2022-08-28T22:00:00+03:00,CH4,1.47
2022-08-28T22:00:00+03:00,NO2,0.044
2022-08-28T23:00:00+03:00,OZ,0.0501
2022-08-28T23:00:00+03:00,NO,0.003
2022-08-28T23:00:00+03:00,NO2,0.035
2022-08-28T23:00:00+03:00,CH4,1.47
2022-08-28T23:00:00+03:00,CO,1.33
2022-08-29T00:00:00+03:00,NO2,0.02
2022-08-29T00:00:00+03:00,CO,0.47
2022-08-29T00:00:00+03:00,NO,0.003
2022-08-29T00:00:00+03:00,CH4,1.44
2022-08-29T00:00:00+03:00,OZ,0.0607
2022-08-29T01:00:00+03:00,OZ,0.0391
2022-08-29T01:00:00+03:00,CH4,1.46
2022-08-29T01:00:00+03:00,NO2,0.033
2022-08-29T01:00:00+03:00,NO,0.002
2022-08-29T01:00:00+03:00,CO,0.53
2022-08-29T02:00:00+03:00,NO,0.001
2022-08-29T02:00:00+03:00,OZ,0.032
2022-08-29T02:00:00+03:00,CO,0.53
2022-08-29T02:00:00+03:00,NO2,0.036
2022-08-29T02:00:00+03:00,CH4,1.51
2022-08-29T03:00:00+03:00,CH4,1.49
2022-08-29T03:00:00+03:00,NO2,0.048
2022-08-29T03:00:00+03:00,CO,0.57
2022-08-29T03:00:00+03:00,OZ,0.0198
2022-08-29T03:00:00+03:00,NO,0.002
2022-08-29T04:00:00+03:00,CO,0.43
2022-08-29T04:00:00+03:00,CH4,1.54
2022-08-29T04:00:00+03:00,OZ,0.0288
2022-08-29T04:00:00+03:00,NO2,0.039
2022-08-29T04:00:00+03:00,NO,0.001
2022-08-29T05:00:00+03:00,OZ,0.029
2022-08-29T05:00:00+03:00,NO2,0.04
2022-08-29T05:00:00+03:00,CO,0.3
2022-08-29T05:00:00+03:00,CH4,1.57
2022-08-29T05:00:00+03:00,NO,0.002
2022-08-29T06:00:00+03:00,NO,0.004
2022-08-29T06:00:00+03:00,NO2,0.046
2022-08-29T06:00:00+03:00,CH4,1.54
2022-08-29T06:00:00+03:00,OZ,0.0212
2022-08-29T06:00:00+03:00,CO,0.23
2022-08-29T07:00:00+03:00,NO2,0.053
2022-08-29T07:00:00+03:00,CO,0.17
2022-08-29T07:00:00+03:00,CH4,1.51
2022-08-29T07:00:00+03:00,NO,0.007
2022-08-29T07:00:00+03:00,OZ,0.0152
2022-08-29T08:00:00+03:00,CH4,1.49
2022-08-29T08:00:00+03:00,CO,0.1
2022-08-29T08:00:00+03:00,NO,0.006
2022-08-29T08:00:00+03:00,OZ,0.0367
2022-08-29T08:00:00+03:00,NO2,0.036
2022-08-29T09:00:00+03:00,OZ,0.0418
2022-08-29T09:00:00+03:00,NO,0.005
2022-08-29T09:00:00+03:00,CH4,1.49
2022-08-29T09:00:00+03:00,NO2,0.032
2022-08-29T09:00:00+03:00,CO,0.2
2022-08-29T10:00:00+03:00,NO,0.007
2022-08-29T10:00:00+03:00,CO,0.33
2022-08-29T10:00:00+03:00,OZ,0.0363
2022-08-29T10:00:00+03:00,NO2,0.04
2022-08-29T10:00:00+03:00,CH4,1.54
2022-08-29T11:00:00+03:00,NO,0.008
2022-08-29T11:00:00+03:00,NO2,0.042
2022-08-29T11:00:00+03:00,OZ,0.0537
2022-08-29T11:00:00+03:00,CH4,1.53
2022-08-29T11:00:00+03:00,CO,0.53
2022-08-29T12:00:00+03:00,CH4,1.47
2022-08-29T12:00:00+03:00,NO,0.009
2022-08-29T12:00:00+03:00,OZ,0.0777
2022-08-29T12:00:00+03:00,NO2,0.037
2022-08-29T12:00:00+03:00,CO,0.7
2022-08-29T13:00:00+03:00,NO2,0.028
2022-08-29T13:00:00+03:00,OZ,0.0885
2022-08-29T13:00:00+03:00,CO,0.47
2022-08-29T13:00:00+03:00,NO,0.008
2022-08-29T13:00:00+03:00,CH4,1.41
2022-08-29T14:00:00+03:00,OZ,0.0951
2022-08-29T14:00:00+03:00,NO,0.008
2022-08-29T14:00:00+03:00,NO2,0.029
2022-08-29T14:00:00+03:00,CH4,1.41
2022-08-29T14:00:00+03:00,CO,0.5
2022-08-29T15:00:00+03:00,NO,0.007
2022-08-29T15:00:00+03:00,NO2,0.021
2022-08-29T15:00:00+03:00,OZ,0.0952
2022-08-29T15:00:00+03:00,CH4,1.41
2022-08-29T15:00:00+03:00,CO,0.43
2022-08-29T16:00:00+03:00,CO,0.43
2022-08-29T16:00:00+03:00,CH4,1.4
2022-08-29T16:00:00+03:00,NO2,0.028
2022-08-29T16:00:00+03:00,NO,0.007
2022-08-29T16:00:00+03:00,OZ,0.082
2022-08-29T17:00:00+03:00,CO,0.47
2022-08-29T17:00:00+03:00,NO2,0.022
2022-08-29T17:00:00+03:00,NO,0.008
2022-08-29T17:00:00+03:00,CH4,1.39
2022-08-29T17:00:00+03:00,OZ,0.0845
2022-08-29T18:00:00+03:00,NO,0.009
2022-08-29T18:00:00+03:00,OZ,0.077
2022-08-29T18:00:00+03:00,CH4,1.39
2022-08-29T18:00:00+03:00,NO2,0.032
2022-08-29T18:00:00+03:00,CO,0.5
2022-08-29T19:00:00+03:00,CO,0.53
2022-08-29T19:00:00+03:00,CH4,1.38
2022-08-29T19:00:00+03:00,OZ,0.0774
2022-08-29T19:00:00+03:00,NO,0.008
2022-08-29T19:00:00+03:00,NO2,0.033
2022-08-29T20:00:00+03:00,CH4,1.39
2022-08-29T20:00:00+03:00,NO,0.007
2022-08-29T20:00:00+03:00,CO,0.57
2022-08-29T20:00:00+03:00,OZ,0.0595
2022-08-29T20:00:00+03:00,NO2,0.046
2022-08-29T21:00:00+03:00,CH4,1.4
2022-08-29T21:00:00+03:00,NO,0.007
2022-08-29T21:00:00+03:00,CO,0.6
2022-08-29T21:00:00+03:00,NO2,0.065
2022-08-29T21:00:00+03:00,OZ,0.0326
2022-08-29T22:00:00+03:00,CO,0.57
2022-08-29T22:00:00+03:00,OZ,0.0336
2022-08-29T22:00:00+03:00,NO2,0.064
2022-08-29T22:00:00+03:00,NO,0.013
2022-08-29T22:00:00+03:00,CH4,1.4
2022-08-29T23:00:00+03:00,NO2,0.051
2022-08-29T23:00:00+03:00,CO,0.47
2022-08-29T23:00:00+03:00,CH4,1.42
2022-08-29T23:00:00+03:00,OZ,0.0388
2022-08-29T23:00:00+03:00,NO,0.013
2022-08-30T00:00:00+03:00,OZ,0.0397
2022-08-30T00:00:00+03:00,CH4,1.41
2022-08-30T00:00:00+03:00,CO,0.23
2022-08-30T00:00:00+03:00,NO,0.006
2022-08-30T00:00:00+03:00,NO2,0.039
2022-08-30T01:00:00+03:00,CH4,1.42
2022-08-30T01:00:00+03:00,OZ,0.0332
2022-08-30T01:00:00+03:00,CO,0.2
2022-08-30T01:00:00+03:00,NO2,0.033
2022-08-30T01:00:00+03:00,NO,0.008
2022-08-30T02:00:00+03:00,OZ,0.0327
2022-08-30T02:00:00+03:00,CH4,1.42
2022-08-30T02:00:00+03:00,CO,0.17
2022-08-30T02:00:00+03:00,NO,0.004
2022-08-30T02:00:00+03:00,NO2,0.027
2022-08-30T03:00:00+03:00,NO,0.003
2022-08-30T03:00:00+03:00,CO,0.13
2022-08-30T03:00:00+03:00,OZ,0.0313
2022-08-30T03:00:00+03:00,NO2,0.022
2022-08-30T03:00:00+03:00,CH4,1.42
2022-08-30T04:00:00+03:00,CH4,1.43
2022-08-30T04:00:00+03:00,OZ,0.0299
2022-08-30T04:00:00+03:00,NO,0.003
2022-08-30T04:00:00+03:00,NO2,0.016
2022-08-30T04:00:00+03:00,CO,0.1
2022-08-30T05:00:00+03:00,CO,0.03
2022-08-30T05:00:00+03:00,NO,0.004
2022-08-30T05:00:00+03:00,NO2,0.014
2022-08-30T05:00:00+03:00,CH4,1.42
2022-08-30T05:00:00+03:00,OZ,0.0271
2022-08-30T06:00:00+03:00,CH4,1.45
2022-08-30T06:00:00+03:00,CO,0.07
2022-08-30T06:00:00+03:00,OZ,0.0236
2022-08-30T06:00:00+03:00,NO2,0.014
2022-08-30T06:00:00+03:00,NO,0.003
2022-08-30T07:00:00+03:00,OZ,0.0165
2022-08-30T07:00:00+03:00,NO2,0.02
2022-08-30T07:00:00+03:00,CH4,1.44
2022-08-30T07:00:00+03:00,CO,0.1
2022-08-30T07:00:00+03:00,NO,0.012
2022-08-30T08:00:00+03:00,OZ,0.0146
2022-08-30T08:00:00+03:00,CH4,1.45
2022-08-30T08:00:00+03:00,CO,0.2
2022-08-30T08:00:00+03:00,NO2,0.025
2022-08-30T08:00:00+03:00,NO,0.019
2022-08-30T09:00:00+03:00,NO2,0.033
2022-08-30T09:00:00+03:00,CH4,1.45
2022-08-30T09:00:00+03:00,OZ,0.0217
2022-08-30T09:00:00+03:00,CO,0.3
2022-08-30T09:00:00+03:00,NO,0.018
2022-08-30T10:00:00+03:00,NO,0.014
2022-08-30T10:00:00+03:00,OZ,0.0435
2022-08-30T10:00:00+03:00,CO,0.3
2022-08-30T10:00:00+03:00,NO2,0.035
2022-08-30T10:00:00+03:00,CH4,1.44
2022-08-30T11:00:00+03:00,CO,0.37
2022-08-30T11:00:00+03:00,OZ,0.0665
2022-08-30T11:00:00+03:00,CH4,1.43
2022-08-30T11:00:00+03:00,NO,0.011
2022-08-30T11:00:00+03:00,NO2,0.038
2022-08-30T12:00:00+03:00,NO2,0.028
2022-08-30T12:00:00+03:00,CH4,1.41
2022-08-30T12:00:00+03:00,CO,0.4
2022-08-30T12:00:00+03:00,OZ,0.0827
2022-08-30T12:00:00+03:00,NO,0.008
2022-08-30T13:00:00+03:00,NO,0.009
2022-08-30T13:00:00+03:00,CH4,1.43
2022-08-30T13:00:00+03:00,OZ,0.1014
2022-08-30T13:00:00+03:00,NO2,0.027
2022-08-30T13:00:00+03:00,CO,0.43
2022-08-30T14:00:00+03:00,NO,0.005
2022-08-30T14:00:00+03:00,NO2,0.024
2022-08-30T14:00:00+03:00,CO,0.43
2022-08-30T14:00:00+03:00,CH4,1.41
2022-08-30T14:00:00+03:00,OZ,0.1091
2022-08-30T15:00:00+03:00,OZ,0.1101
2022-08-30T15:00:00+03:00,NO,0.005
2022-08-30T15:00:00+03:00,CO,0.43
2022-08-30T15:00:00+03:00,CH4,1.38
2022-08-30T15:00:00+03:00,NO2,0.019
2022-08-30T16:00:00+03:00,CO,0.5
2022-08-30T16:00:00+03:00,OZ,0.1055
2022-08-30T16:00:00+03:00,NO,0.005
2022-08-30T16:00:00+03:00,CH4,1.4
2022-08-30T16:00:00+03:00,NO2,0.021
2022-08-30T17:00:00+03:00,NO,0.007
2022-08-30T17:00:00+03:00,OZ,0.0894
2022-08-30T17:00:00+03:00,CH4,1.37
2022-08-30T17:00:00+03:00,NO2,0.029
2022-08-30T17:00:00+03:00,CO,0.5
2022-08-30T18:00:00+03:00,NO,0.002
2022-08-30T18:00:00+03:00,OZ,0.0851
2022-08-30T18:00:00+03:00,NO2,0.031
2022-08-30T18:00:00+03:00,CH4,1.39
2022-08-30T18:00:00+03:00,CO,0.5
2022-08-30T19:00:00+03:00,CH4,1.4
2022-08-30T19:00:00+03:00,NO,0.004
2022-08-30T19:00:00+03:00,CO,0.6
2022-08-30T19:00:00+03:00,NO2,0.045
2022-08-30T19:00:00+03:00,OZ,0.0671
2022-08-30T20:00:00+03:00,NO,0.013
2022-08-30T20:00:00+03:00,CO,0.7
2022-08-30T20:00:00+03:00,NO2,0.057
2022-08-30T20:00:00+03:00,CH4,1.4
2022-08-30T20:00:00+03:00,OZ,0.0369
2022-08-30T21:00:00+03:00,CH4,1.41
2022-08-30T21:00:00+03:00,OZ,0.0096
2022-08-30T21:00:00+03:00,NO,0.019
2022-08-30T21:00:00+03:00,NO2,0.075
2022-08-30T21:00:00+03:00,CO,0.87
2022-08-30T22:00:00+03:00,CH4,1.43
2022-08-30T22:00:00+03:00,OZ,0.0041
2022-08-30T22:00:00+03:00,NO2,0.082
2022-08-30T22:00:00+03:00,NO,0.031
2022-08-30T22:00:00+03:00,CO,0.87
2022-08-30T23:00:00+03:00,CH4,1.43
2022-08-30T23:00:00+03:00,NO2,0.081
2022-08-30T23:00:00+03:00,NO,0.032
2022-08-30T23:00:00+03:00,CO,0.8
2022-08-30T23:00:00+03:00,OZ,0.0032
2022-08-31T00:00:00+03:00,NO2,0.063
2022-08-31T00:00:00+03:00,OZ,0.021
2022-08-31T00:00:00+03:00,CO,0.47
2022-08-31T00:00:00+03:00,CH4,1.42
2022-08-31T00:00:00+03:00,NO,0.014
2022-08-31T01:00:00+03:00,NO2,0.031
2022-08-31T01:00:00+03:00,NO,0.005
2022-08-31T01:00:00+03:00,CH4,1.4
2022-08-31T01:00:00+03:00,CO,0.17
2022-08-31T01:00:00+03:00,OZ,0.0529
2022-08-31T02:00:00+03:00,CH4,1.4
2022-08-31T02:00:00+03:00,OZ,0.059
2022-08-31T02:00:00+03:00,NO,0.002
2022-08-31T02:00:00+03:00,CO,0.1
2022-08-31T02:00:00+03:00,NO2,0.015
2022-08-31T03:00:00+03:00,CO,0.1
2022-08-31T03:00:00+03:00,NO,0.003
2022-08-31T03:00:00+03:00,NO2,0.012
2022-08-31T03:00:00+03:00,OZ,0.0581
2022-08-31T03:00:00+03:00,CH4,1.41
2022-08-31T04:00:00+03:00,CH4,1.41
2022-08-31T04:00:00+03:00,OZ,0.0631
2022-08-31T04:00:00+03:00,CO,0.1
2022-08-31T04:00:00+03:00,NO,0.003
2022-08-31T04:00:00+03:00,NO2,0.011
2022-08-31T05:00:00+03:00,NO,0.003
2022-08-31T05:00:00+03:00,NO2,0.01
2022-08-31T05:00:00+03:00,CO,0.07
2022-08-31T05:00:00+03:00,CH4,1.39
2022-08-31T05:00:00+03:00,OZ,0.0622
2022-08-31T06:00:00+03:00,OZ,0.0541
2022-08-31T06:00:00+03:00,CH4,1.41
2022-08-31T06:00:00+03:00,NO,0.005
2022-08-31T06:00:00+03:00,NO2,0.013
2022-08-31T06:00:00+03:00,CO,0.1
2022-08-31T07:00:00+03:00,NO2,0.015
2022-08-31T07:00:00+03:00,OZ,0.0493
2022-08-31T07:00:00+03:00,CH4,1.41
2022-08-31T07:00:00+03:00,NO,0.005
2022-08-31T07:00:00+03:00,CO,0.1
2022-08-31T08:00:00+03:00,CH4,1.4
2022-08-31T08:00:00+03:00,NO2,0.02
2022-08-31T08:00:00+03:00,OZ,0.0436
2022-08-31T08:00:00+03:00,NO,0.009
2022-08-31T08:00:00+03:00,CO,0.13
2022-08-31T09:00:00+03:00,NO2,0.019
2022-08-31T09:00:00+03:00,CO,0.17
2022-08-31T09:00:00+03:00,NO,0.009
2022-08-31T09:00:00+03:00,OZ,0.046
2022-08-31T09:00:00+03:00,CH4,1.39
2022-08-31T10:00:00+03:00,CH4,1.38
2022-08-31T10:00:00+03:00,NO2,0.021
2022-08-31T10:00:00+03:00,CO,0.2
2022-08-31T10:00:00+03:00,OZ,0.05
2022-08-31T10:00:00+03:00,NO,0.01
2022-08-31T11:00:00+03:00,CO,0.2
2022-08-31T11:00:00+03:00,NO,0.012
2022-08-31T11:00:00+03:00,OZ,0.046
2022-08-31T11:00:00+03:00,NO2,0.024
2022-08-31T11:00:00+03:00,CH4,1.37
2022-08-31T12:00:00+03:00,NO,0.012
2022-08-31T12:00:00+03:00,NO2,0.02
2022-08-31T12:00:00+03:00,CH4,1.39
2022-08-31T12:00:00+03:00,OZ,0.0446
2022-08-31T12:00:00+03:00,CO,0.2
2022-08-31T13:00:00+03:00,NO2,0.02
2022-08-31T13:00:00+03:00,CH4,1.38
2022-08-31T13:00:00+03:00,OZ,0.0446
2022-08-31T13:00:00+03:00,CO,0.17
2022-08-31T13:00:00+03:00,NO,0.012
2022-08-31T14:00:00+03:00,CO,0.17
2022-08-31T14:00:00+03:00,OZ,0.0448
2022-08-31T14:00:00+03:00,NO,0.013
2022-08-31T14:00:00+03:00,CH4,1.37
2022-08-31T14:00:00+03:00,NO2,0.023
2022-08-31T15:00:00+03:00,NO,0.012
2022-08-31T15:00:00+03:00,CH4,1.38
2022-08-31T15:00:00+03:00,CO,0.1
2022-08-31T15:00:00+03:00,OZ,0.0372
2022-08-31T15:00:00+03:00,NO2,0.017
2022-08-31T16:00:00+03:00,NO,0.012
2022-08-31T16:00:00+03:00,CH4,1.38
2022-08-31T16:00:00+03:00,OZ,0.0355
2022-08-31T16:00:00+03:00,CO,0.07
2022-08-31T16:00:00+03:00,NO2,0.014
2022-08-31T17:00:00+03:00,CO,0.1
2022-08-31T17:00:00+03:00,CH4,1.37
2022-08-31T17:00:00+03:00,NO,0.012
2022-08-31T17:00:00+03:00,NO2,0.013
2022-08-31T17:00:00+03:00,OZ,0.0373
2022-08-31T18:00:00+03:00,NO,0.009
2022-08-31T18:00:00+03:00,CH4,1.37
2022-08-31T18:00:00+03:00,OZ,0.0322
2022-08-31T18:00:00+03:00,CO,0.1
2022-08-31T18:00:00+03:00,NO2,0.011
2022-08-31T19:00:00+03:00,NO2,0.013
2022-08-31T19:00:00+03:00,CO,0.13
2022-08-31T19:00:00+03:00,CH4,1.38
2022-08-31T19:00:00+03:00,OZ,0.0344
2022-08-31T19:00:00+03:00,NO,0.007
2022-08-31T20:00:00+03:00,CO,0.3
2022-08-31T20:00:00+03:00,NO,0.009
2022-08-31T20:00:00+03:00,OZ,0.0304
2022-08-31T20:00:00+03:00,NO2,0.016
2022-08-31T20:00:00+03:00,CH4,1.37
2022-08-31T21:00:00+03:00,CO,0.4
2022-08-31T21:00:00+03:00,NO2,0.017
2022-08-31T21:00:00+03:00,CH4,1.36
2022-08-31T21:00:00+03:00,OZ,0.0298
2022-08-31T21:00:00+03:00,NO,0.008
2022-08-31T22:00:00+03:00,CH4,1.36
2022-08-31T22:00:00+03:00,OZ,0.0292
2022-08-31T22:00:00+03:00,CO,0.4
2022-08-31T22:00:00+03:00,NO,0.013
2022-08-31T22:00:00+03:00,NO2,0.016
2022-08-31T23:00:00+03:00,CO,0.37
2022-08-31T23:00:00+03:00,CH4,1.36
2022-08-31T23:00:00+03:00,OZ,0.0311
2022-08-31T23:00:00+03:00,NO,0.007
2022-08-31T23:00:00+03:00,NO2,0.015
2022-09-01T00:00:00+03:00,CO,0.37
2022-09-01T00:00:00+03:00,CH4,1.37
2022-09-01T00:00:00+03:00,NO2,0.011
2022-09-01T00:00:00+03:00,NO,0.004
2022-09-01T00:00:00+03:00,OZ,0.0363
2022-09-01T01:00:00+03:00,NO2,0.011
2022-09-01T01:00:00+03:00,OZ,0.0366
2022-09-01T01:00:00+03:00,CH4,1.37
2022-09-01T01:00:00+03:00,NO,0.006
2022-09-01T01:00:00+03:00,CO,0.4
2022-09-01T02:00:00+03:00,CH4,1.39
2022-09-01T02:00:00+03:00,CO,0.4
2022-09-01T02:00:00+03:00,NO,0.005
2022-09-01T02:00:00+03:00,OZ,0.0409
2022-09-01T02:00:00+03:00,NO2,0.007
2022-09-01T03:00:00+03:00,OZ,0.0392
2022-09-01T03:00:00+03:00,NO2,0.005
2022-09-01T03:00:00+03:00,CH4,1.41
2022-09-01T03:00:00+03:00,NO,0.004
2022-09-01T03:00:00+03:00,CO,0.4
2022-09-01T04:00:00+03:00,CH4,1.4
2022-09-01T04:00:00+03:00,NO2,0.002
2022-09-01T04:00:00+03:00,CO,0.4
2022-09-01T04:00:00+03:00,NO,0.002
2022-09-01T04:00:00+03:00,OZ,0.0435
2022-09-01T05:00:00+03:00,CO,0.4
2022-09-01T05:00:00+03:00,NO,0.003
2022-09-01T05:00:00+03:00,CH4,1.39
2022-09-01T05:00:00+03:00,NO2,0.001
2022-09-01T05:00:00+03:00,OZ,0.046
2022-09-01T06:00:00+03:00,NO,0.004
2022-09-01T06:00:00+03:00,OZ,0.0427
2022-09-01T06:00:00+03:00,CO,0.4
2022-09-01T06:00:00+03:00,NO2,0.004
2022-09-01T06:00:00+03:00,CH4,1.4
2022-09-01T07:00:00+03:00,CO,0.4
2022-09-01T07:00:00+03:00,NO2,0.01
2022-09-01T07:00:00+03:00,OZ,0.036
2022-09-01T07:00:00+03:00,NO,0.006
2022-09-01T07:00:00+03:00,CH4,1.41
2022-09-01T08:00:00+03:00,CH4,1.41
2022-09-01T08:00:00+03:00,OZ,0.0312
2022-09-01T08:00:00+03:00,NO2,0.014
2022-09-01T08:00:00+03:00,CO,0.4
2022-09-01T08:00:00+03:00,NO,0.011
2022-09-01T09:00:00+03:00,NO,0.014
2022-09-01T09:00:00+03:00,OZ,0.0319
2022-09-01T09:00:00+03:00,CH4,1.4
2022-09-01T09:00:00+03:00,CO,0.43
2022-09-01T09:00:00+03:00,NO2,0.019
2022-09-01T10:00:00+03:00,CH4,1.4
2022-09-01T10:00:00+03:00,CO,0.43
2022-09-01T10:00:00+03:00,NO2,0.017
2022-09-01T10:00:00+03:00,NO,0.012
2022-09-01T10:00:00+03:00,OZ,0.0341
2022-09-01T11:00:00+03:00,NO2,0.016
2022-09-01T11:00:00+03:00,OZ,0.0369
2022-09-01T11:00:00+03:00,CH4,1.4
2022-09-01T11:00:00+03:00,NO,0.015
2022-09-01T11:00:00+03:00,CO,0.4
2022-09-01T12:00:00+03:00,CH4,1.4
2022-09-01T12:00:00+03:00,CO,0.47
2022-09-01T12:00:00+03:00,NO2,0.016
2022-09-01T12:00:00+03:00,NO,0.019
2022-09-01T12:00:00+03:00,OZ,0.0383
2022-09-01T13:00:00+03:00,NO2,0.015
2022-09-01T13:00:00+03:00,OZ,0.0367
2022-09-01T13:00:00+03:00,CH4,1.4
2022-09-01T13:00:00+03:00,CO,0.23
2022-09-01T13:00:00+03:00,NO,0.014
2022-09-01T14:00:00+03:00,CO,0.3
2022-09-01T14:00:00+03:00,CH4,1.4
2022-09-01T14:00:00+03:00,NO,0.013
2022-09-01T14:00:00+03:00,NO2,0.013
2022-09-01T14:00:00+03:00,OZ,0.0375
2022-09-01T15:00:00+03:00,OZ,0.0352
2022-09-01T15:00:00+03:00,CH4,1.4
2022-09-01T15:00:00+03:00,NO,0.016
2022-09-01T15:00:00+03:00,NO2,0.018
2022-09-01T15:00:00+03:00,CO,0.3
2022-09-01T16:00:00+03:00,NO,0.013
2022-09-01T16:00:00+03:00,OZ,0.0403
2022-09-01T16:00:00+03:00,CH4,1.39
2022-09-01T16:00:00+03:00,NO2,0.016
2022-09-01T16:00:00+03:00,CO,0.3
2022-09-01T17:00:00+03:00,NO2,0.013
2022-09-01T17:00:00+03:00,CO,0.3
2022-09-01T17:00:00+03:00,CH4,1.4
2022-09-01T17:00:00+03:00,OZ,0.0414
2022-09-01T17:00:00+03:00,NO,0.013
2022-09-01T18:00:00+03:00,NO,0.016
2022-09-01T18:00:00+03:00,OZ,0.0361
2022-09-01T18:00:00+03:00,NO2,0.017
2022-09-01T18:00:00+03:00,CO,0.27
2022-09-01T18:00:00+03:00,CH4,1.41
2022-09-01T19:00:00+03:00,NO,0.019
2022-09-01T19:00:00+03:00,CH4,1.41
2022-09-01T19:00:00+03:00,NO2,0.027
2022-09-01T19:00:00+03:00,OZ,0.0247
2022-09-01T19:00:00+03:00,CO,0.43
2022-09-01T20:00:00+03:00,OZ,0.0258
2022-09-01T20:00:00+03:00,NO2,0.024
2022-09-01T20:00:00+03:00,CO,0.37
2022-09-01T20:00:00+03:00,NO,0.016
2022-09-01T20:00:00+03:00,CH4,1.4
2022-09-01T21:00:00+03:00,NO,0.013
2022-09-01T21:00:00+03:00,NO2,0.019
2022-09-01T21:00:00+03:00,OZ,0.0305
2022-09-01T21:00:00+03:00,CO,0.3
2022-09-01T21:00:00+03:00,CH4,1.4
2022-09-01T22:00:00+03:00,NO2,0.02
2022-09-01T22:00:00+03:00,CH4,1.41
2022-09-01T22:00:00+03:00,CO,0.3
2022-09-01T22:00:00+03:00,NO,0.011
2022-09-01T22:00:00+03:00,OZ,0.0278
2022-09-01T23:00:00+03:00,NO,0.007
2022-09-01T23:00:00+03:00,CH4,1.41
2022-09-01T23:00:00+03:00,CO,0.17
2022-09-01T23:00:00+03:00,OZ,0.0325
2022-09-01T23:00:00+03:00,NO2,0.015
2022-09-02T00:00:00+03:00,NO2,0.013
2022-09-02T00:00:00+03:00,NO,0.008
2022-09-02T00:00:00+03:00,OZ,0.0312
2022-09-02T00:00:00+03:00,CO,0.1
2022-09-02T00:00:00+03:00,CH4,1.41
2022-09-02T01:00:00+03:00,OZ,0.0332
2022-09-02T01:00:00+03:00,CO,0
2022-09-02T01:00:00+03:00,NO,0.006
2022-09-02T01:00:00+03:00,NO2,0.01
2022-09-02T01:00:00+03:00,CH4,1.41
2022-09-02T02:00:00+03:00,OZ,0.0368
2022-09-02T02:00:00+03:00,CH4,1.41
2022-09-02T02:00:00+03:00,NO2,0.007
2022-09-02T02:00:00+03:00,CO,0
2022-09-02T02:00:00+03:00,NO,0.006
2022-09-02T03:00:00+03:00,OZ,0.0407
2022-09-02T03:00:00+03:00,CH4,1.4
2022-09-02T03:00:00+03:00,NO,0.003
2022-09-02T03:00:00+03:00,CO,0
2022-09-02T03:00:00+03:00,NO2,0.003
2022-09-02T04:00:00+03:00,NO2,0.004
2022-09-02T04:00:00+03:00,CH4,1.41
2022-09-02T04:00:00+03:00,OZ,0.0364
2022-09-02T04:00:00+03:00,CO,0
2022-09-02T04:00:00+03:00,NO,0.005
2022-09-02T05:00:00+03:00,NO2,0.005
2022-09-02T05:00:00+03:00,OZ,0.0409
2022-09-02T05:00:00+03:00,CO,0
2022-09-02T05:00:00+03:00,CH4,1.41
2022-09-02T05:00:00+03:00,NO,0.004
2022-09-02T06:00:00+03:00,NO2,0.009
2022-09-02T06:00:00+03:00,NO,0.006
2022-09-02T06:00:00+03:00,CO,0.03
2022-09-02T06:00:00+03:00,CH4,1.4
2022-09-02T06:00:00+03:00,OZ,0.0413
2022-09-02T07:00:00+03:00,OZ,0.0433
2022-09-02T07:00:00+03:00,CO,0.03
2022-09-02T07:00:00+03:00,CH4,1.4
2022-09-02T07:00:00+03:00,NO2,0.007
2022-09-02T07:00:00+03:00,NO,0.007
2022-09-02T08:00:00+03:00,NO,0.011
2022-09-02T08:00:00+03:00,OZ,0.0366
2022-09-02T08:00:00+03:00,CH4,1.4
2022-09-02T08:00:00+03:00,CO,0.1
2022-09-02T08:00:00+03:00,NO2,0.012
2022-09-02T09:00:00+03:00,CO,0.17
2022-09-02T09:00:00+03:00,CH4,1.4
2022-09-02T09:00:00+03:00,NO,0.016
2022-09-02T09:00:00+03:00,OZ,0.0325
2022-09-02T09:00:00+03:00,NO2,0.018
2022-09-02T10:00:00+03:00,NO2,0.017
2022-09-02T10:00:00+03:00,CH4,1.4
2022-09-02T10:00:00+03:00,NO,0.014
2022-09-02T10:00:00+03:00,CO,0.1
2022-09-02T10:00:00+03:00,OZ,0.0348
2022-09-02T11:00:00+03:00,NO,0.012
2022-09-02T11:00:00+03:00,CO,0.13
2022-09-02T11:00:00+03:00,NO2,0.015
2022-09-02T11:00:00+03:00,OZ,0.0354
2022-09-02T11:00:00+03:00,CH4,1.4
2022-09-02T12:00:00+03:00,CH4,1.4
2022-09-02T12:00:00+03:00,NO2,0.017
2022-09-02T12:00:00+03:00,CO,0.2
2022-09-02T12:00:00+03:00,OZ,0.037
2022-09-02T12:00:00+03:00,NO,0.015
2022-09-02T13:00:00+03:00,CH4,1.4
2022-09-02T13:00:00+03:00,NO,0.01
2022-09-02T13:00:00+03:00,NO2,0.012
2022-09-02T13:00:00+03:00,OZ,0.0429
2022-09-02T13:00:00+03:00,CO,0.1
2022-09-02T14:00:00+03:00,CH4,1.4
2022-09-02T14:00:00+03:00,CO,0.13
2022-09-02T14:00:00+03:00,OZ,0.0376
2022-09-02T14:00:00+03:00,NO,0.013
2022-09-02T14:00:00+03:00,NO2,0.017
2022-09-02T15:00:00+03:00,OZ,0.0354
2022-09-02T15:00:00+03:00,CH4,1.4
2022-09-02T15:00:00+03:00,CO,0.13
2022-09-02T15:00:00+03:00,NO,0.014
2022-09-02T15:00:00+03:00,NO2,0.018
2022-09-02T16:00:00+03:00,NO2,0.017
2022-09-02T16:00:00+03:00,NO,0.012
2022-09-02T16:00:00+03:00,CH4,1.4
2022-09-02T16:00:00+03:00,OZ,0.0415
2022-09-02T16:00:00+03:00,CO,0.13
2022-09-02T17:00:00+03:00,CO,0.1
2022-09-02T17:00:00+03:00,NO,0.012
2022-09-02T17:00:00+03:00,OZ,0.0446
2022-09-02T17:00:00+03:00,CH4,1.4
2022-09-02T17:00:00+03:00,NO2,0.018
2022-09-02T18:00:00+03:00,CO,0.13
2022-09-02T18:00:00+03:00,OZ,0.0359
2022-09-02T18:00:00+03:00,NO2,0.019
2022-09-02T18:00:00+03:00,NO,0.017
2022-09-02T18:00:00+03:00,CH4,1.39
2022-09-02T19:00:00+03:00,CH4,1.4
2022-09-02T19:00:00+03:00,NO,0.011
2022-09-02T19:00:00+03:00,NO2,0.024
2022-09-02T19:00:00+03:00,CO,0.2
2022-09-02T19:00:00+03:00,OZ,0.032
2022-09-02T20:00:00+03:00,NO2,0.034
2022-09-02T20:00:00+03:00,NO,0.02
2022-09-02T20:00:00+03:00,OZ,0.0184
2022-09-02T20:00:00+03:00,CH4,1.39
2022-09-02T20:00:00+03:00,CO,0.4
2022-09-02T21:00:00+03:00,OZ,0.0113
2022-09-02T21:00:00+03:00,CO,0.33
2022-09-02T21:00:00+03:00,NO,0.017
2022-09-02T21:00:00+03:00,CH4,1.4
2022-09-02T21:00:00+03:00,NO2,0.039
2022-09-02T22:00:00+03:00,OZ,0.0128
2022-09-02T22:00:00+03:00,CH4,1.42
2022-09-02T22:00:00+03:00,NO,0.025
2022-09-02T22:00:00+03:00,CO,0.37
2022-09-02T22:00:00+03:00,NO2,0.037
2022-09-02T23:00:00+03:00,NO,0.012
2022-09-02T23:00:00+03:00,OZ,0.021
2022-09-02T23:00:00+03:00,CH4,1.41
2022-09-02T23:00:00+03:00,CO,0.13
2022-09-02T23:00:00+03:00,NO2,0.028
2022-09-03T00:00:00+03:00,OZ,0.0208
2022-09-03T00:00:00+03:00,NO2,0.026
2022-09-03T00:00:00+03:00,CO,0.07
2022-09-03T00:00:00+03:00,NO,0.01
2022-09-03T00:00:00+03:00,CH4,1.4
2022-09-03T01:00:00+03:00,CH4,1.4
2022-09-03T01:00:00+03:00,NO,0.006
2022-09-03T01:00:00+03:00,OZ,0.0212
2022-09-03T01:00:00+03:00,CO,0.03
2022-09-03T01:00:00+03:00,NO2,0.024
2022-09-03T02:00:00+03:00,NO,0.004
2022-09-03T02:00:00+03:00,CO,0
2022-09-03T02:00:00+03:00,NO2,0.019
2022-09-03T02:00:00+03:00,OZ,0.027
2022-09-03T02:00:00+03:00,CH4,1.43
2022-09-03T03:00:00+03:00,CO,0
2022-09-03T03:00:00+03:00,NO,0.003
2022-09-03T03:00:00+03:00,CH4,1.43
2022-09-03T03:00:00+03:00,NO2,0.013
2022-09-03T03:00:00+03:00,OZ,0.0315
2022-09-03T04:00:00+03:00,CH4,1.44
2022-09-03T04:00:00+03:00,OZ,0.0261
2022-09-03T04:00:00+03:00,NO,0.005
2022-09-03T04:00:00+03:00,CO,0
2022-09-03T04:00:00+03:00,NO2,0.016
2022-09-03T05:00:00+03:00,NO2,0.015
2022-09-03T05:00:00+03:00,NO,0.008
2022-09-03T05:00:00+03:00,CO,0.93
2022-09-03T05:00:00+03:00,CH4,1.41
2022-09-03T05:00:00+03:00,OZ,0.022
2022-09-03T06:00:00+03:00,CH4,1.41
2022-09-03T06:00:00+03:00,OZ,0.0125
2022-09-03T06:00:00+03:00,NO,0.009
2022-09-03T06:00:00+03:00,CO,0.03
2022-09-03T06:00:00+03:00,NO2,0.021
2022-09-03T07:00:00+03:00,CO,0.13
2022-09-03T07:00:00+03:00,NO,0.022
2022-09-03T07:00:00+03:00,OZ,0.0096
2022-09-03T07:00:00+03:00,CH4,1.42
2022-09-03T07:00:00+03:00,NO2,0.024
2022-09-03T08:00:00+03:00,NO,0.018
2022-09-03T08:00:00+03:00,NO2,0.021
2022-09-03T08:00:00+03:00,CO,0
2022-09-03T08:00:00+03:00,OZ,0.0145
2022-09-03T08:00:00+03:00,CH4,1.41
2022-09-03T09:00:00+03:00,NO,0.017
2022-09-03T09:00:00+03:00,NO2,0.019
2022-09-03T09:00:00+03:00,OZ,0.0208
2022-09-03T09:00:00+03:00,CH4,1.41
2022-09-03T09:00:00+03:00,CO,0.07
2022-09-03T10:00:00+03:00,NO2,0.019
2022-09-03T10:00:00+03:00,CO,0
2022-09-03T10:00:00+03:00,CH4,1.41
2022-09-03T10:00:00+03:00,OZ,0.03
2022-09-03T10:00:00+03:00,NO,0.016
2022-09-03T11:00:00+03:00,OZ,0.0321
2022-09-03T11:00:00+03:00,NO,0.017
2022-09-03T11:00:00+03:00,CH4,1.4
2022-09-03T11:00:00+03:00,CO,0.17
2022-09-03T11:00:00+03:00,NO2,0.018
2022-09-03T12:00:00+03:00,CO,0.47
2022-09-03T12:00:00+03:00,NO2,0.016
2022-09-03T12:00:00+03:00,NO,0.016
2022-09-03T12:00:00+03:00,CH4,1.39
2022-09-03T12:00:00+03:00,OZ,0.0373
2022-09-03T13:00:00+03:00,CH4,1.39
2022-09-03T13:00:00+03:00,NO,0.009
2022-09-03T13:00:00+03:00,OZ,0.0521
2022-09-03T13:00:00+03:00,CO,0.23
2022-09-03T13:00:00+03:00,NO2,0.009
2022-09-03T14:00:00+03:00,CO,0.07
2022-09-03T14:00:00+03:00,NO2,0.009
2022-09-03T14:00:00+03:00,CH4,1.39
2022-09-03T14:00:00+03:00,OZ,0.0578
2022-09-03T14:00:00+03:00,NO,0.011
2022-09-03T15:00:00+03:00,OZ,0.0514
2022-09-03T15:00:00+03:00,CO,0.03
2022-09-03T15:00:00+03:00,NO,0.011
2022-09-03T15:00:00+03:00,NO2,0.015
2022-09-03T15:00:00+03:00,CH4,1.39
2022-09-03T16:00:00+03:00,NO,0.014
2022-09-03T16:00:00+03:00,CO,0.07
2022-09-03T16:00:00+03:00,NO2,0.014
2022-09-03T16:00:00+03:00,CH4,1.38
2022-09-03T16:00:00+03:00,OZ,0.051
2022-09-03T17:00:00+03:00,CH4,1.38
2022-09-03T17:00:00+03:00,NO,0.013
2022-09-03T17:00:00+03:00,CO,0.13
2022-09-03T17:00:00+03:00,NO2,0.014
2022-09-03T17:00:00+03:00,OZ,0.0515
2022-09-03T18:00:00+03:00,NO,0.009
2022-09-03T18:00:00+03:00,OZ,0.0482
2022-09-03T18:00:00+03:00,CO,0.27
2022-09-03T18:00:00+03:00,CH4,1.39
2022-09-03T18:00:00+03:00,NO2,0.017
2022-09-03T19:00:00+03:00,OZ,0.0453
2022-09-03T19:00:00+03:00,NO2,0.02
2022-09-03T19:00:00+03:00,CO,0.33
2022-09-03T19:00:00+03:00,NO,0.008
2022-09-03T19:00:00+03:00,CH4,1.38
2022-09-03T20:00:00+03:00,CH4,1.38
2022-09-03T20:00:00+03:00,OZ,0.0289
2022-09-03T20:00:00+03:00,NO2,0.033
2022-09-03T20:00:00+03:00,CO,0.47
2022-09-03T20:00:00+03:00,NO,0.021
2022-09-03T21:00:00+03:00,NO2,0.033
2022-09-03T21:00:00+03:00,CO,0.47
2022-09-03T21:00:00+03:00,NO,0.015
2022-09-03T21:00:00+03:00,OZ,0.0274
2022-09-03T21:00:00+03:00,CH4,1.39
2022-09-03T22:00:00+03:00,NO2,0.046
2022-09-03T22:00:00+03:00,NO,0.022
2022-09-03T22:00:00+03:00,OZ,0.0104
2022-09-03T22:00:00+03:00,CH4,1.39
2022-09-03T22:00:00+03:00,CO,0.67
2022-09-03T23:00:00+03:00,OZ,0.0041
2022-09-03T23:00:00+03:00,CH4,1.4
2022-09-03T23:00:00+03:00,CO,0.7
2022-09-03T23:00:00+03:00,NO,0.038
2022-09-03T23:00:00+03:00,NO2,0.051
2022-09-04T00:00:00+03:00,CH4,1.42
2022-09-04T00:00:00+03:00,OZ,0.0176
2022-09-04T00:00:00+03:00,NO,0.013
2022-09-04T00:00:00+03:00,NO2,0.041
2022-09-04T00:00:00+03:00,CO,0.07
2022-09-04T01:00:00+03:00,CO,0
2022-09-04T01:00:00+03:00,NO,0.008
2022-09-04T01:00:00+03:00,CH4,1.42
2022-09-04T01:00:00+03:00,NO2,0.038
2022-09-04T01:00:00+03:00,OZ,0.0182
2022-09-04T02:00:00+03:00,OZ,0.0267
2022-09-04T02:00:00+03:00,NO,0.003
2022-09-04T02:00:00+03:00,NO2,0.023
2022-09-04T02:00:00+03:00,CH4,1.44
2022-09-04T02:00:00+03:00,CO,0
2022-09-04T03:00:00+03:00,NO,0.004
2022-09-04T03:00:00+03:00,NO2,0.03
2022-09-04T03:00:00+03:00,OZ,0.0145
2022-09-04T03:00:00+03:00,CH4,1.46
2022-09-04T03:00:00+03:00,CO,0
2022-09-04T04:00:00+03:00,CO,0
2022-09-04T04:00:00+03:00,OZ,0.0078
2022-09-04T04:00:00+03:00,NO2,0.035
2022-09-04T04:00:00+03:00,CH4,1.49
2022-09-04T04:00:00+03:00,NO,0.013
2022-09-04T05:00:00+03:00,CH4,1.43
2022-09-04T05:00:00+03:00,CO,0
2022-09-04T05:00:00+03:00,NO,0.021
2022-09-04T05:00:00+03:00,OZ,0.0044
2022-09-04T05:00:00+03:00,NO2,0.033
2022-09-04T06:00:00+03:00,CH4,1.44
2022-09-04T06:00:00+03:00,OZ,0.0035
2022-09-04T06:00:00+03:00,CO,0
2022-09-04T06:00:00+03:00,NO2,0.03
2022-09-04T06:00:00+03:00,NO,0.021
2022-09-04T07:00:00+03:00,NO2,0.027
2022-09-04T07:00:00+03:00,CO,0
2022-09-04T07:00:00+03:00,NO,0.014
2022-09-04T07:00:00+03:00,CH4,1.48
2022-09-04T07:00:00+03:00,OZ,0.0069
2022-09-04T08:00:00+03:00,CH4,1.44
2022-09-04T08:00:00+03:00,NO2,0.024
2022-09-04T08:00:00+03:00,CO,0
2022-09-04T08:00:00+03:00,NO,0.014
2022-09-04T08:00:00+03:00,OZ,0.018
2022-09-04T09:00:00+03:00,OZ,0.0275
2022-09-04T09:00:00+03:00,CO,0
2022-09-04T09:00:00+03:00,CH4,1.41
2022-09-04T09:00:00+03:00,NO,0.011
2022-09-04T09:00:00+03:00,NO2,0.021
2022-09-04T10:00:00+03:00,CH4,1.41
2022-09-04T10:00:00+03:00,NO,0.014
2022-09-04T10:00:00+03:00,OZ,0.0359
2022-09-04T10:00:00+03:00,CO,0
2022-09-04T10:00:00+03:00,NO2,0.021
2022-09-04T11:00:00+03:00,CH4,1.41
2022-09-04T11:00:00+03:00,CO,0.13
2022-09-04T11:00:00+03:00,NO2,0.017
2022-09-04T11:00:00+03:00,NO,0.014
2022-09-04T11:00:00+03:00,OZ,0.0423
2022-09-04T12:00:00+03:00,NO,0.008
2022-09-04T12:00:00+03:00,CO,0.4
2022-09-04T12:00:00+03:00,NO2,0.009
2022-09-04T12:00:00+03:00,CH4,1.4
2022-09-04T12:00:00+03:00,OZ,0.0511
2022-09-04T13:00:00+03:00,CH4,1.4
2022-09-04T13:00:00+03:00,OZ,0.0532
2022-09-04T13:00:00+03:00,CO,0.17
2022-09-04T13:00:00+03:00,NO2,0.009
2022-09-04T13:00:00+03:00,NO,0.009
2022-09-04T14:00:00+03:00,NO,0.008
2022-09-04T14:00:00+03:00,CO,0.03
2022-09-04T14:00:00+03:00,NO2,0.012
2022-09-04T14:00:00+03:00,OZ,0.0541
2022-09-04T14:00:00+03:00,CH4,1.4
2022-09-04T15:00:00+03:00,NO2,0.012
2022-09-04T15:00:00+03:00,CH4,1.4
2022-09-04T15:00:00+03:00,NO,0.01
2022-09-04T15:00:00+03:00,OZ,0.0505
2022-09-04T15:00:00+03:00,CO,0.07
2022-09-04T16:00:00+03:00,CO,0.1
2022-09-04T16:00:00+03:00,NO,0.011
2022-09-04T16:00:00+03:00,NO2,0.015
2022-09-04T16:00:00+03:00,CH4,1.4
2022-09-04T16:00:00+03:00,OZ,0.0433
2022-09-04T17:00:00+03:00,CO,0.27
2022-09-04T17:00:00+03:00,CH4,1.39
2022-09-04T17:00:00+03:00,NO,0.011
2022-09-04T17:00:00+03:00,NO2,0.015
2022-09-04T17:00:00+03:00,OZ,0.0388
2022-09-04T18:00:00+03:00,CH4,1.39
2022-09-04T18:00:00+03:00,NO2,0.017
2022-09-04T18:00:00+03:00,CO,0.33
2022-09-04T18:00:00+03:00,OZ,0.0354
2022-09-04T18:00:00+03:00,NO,0.013
2022-09-04T19:00:00+03:00,NO,0.01
2022-09-04T19:00:00+03:00,CO,0.4
2022-09-04T19:00:00+03:00,CH4,1.41
2022-09-04T19:00:00+03:00,NO2,0.022
2022-09-04T19:00:00+03:00,OZ,0.0266
2022-09-04T20:00:00+03:00,CH4,1.4
2022-09-04T20:00:00+03:00,NO2,0.031
2022-09-04T20:00:00+03:00,NO,0.008
2022-09-04T20:00:00+03:00,OZ,0.014
2022-09-04T20:00:00+03:00,CO,0.5
2022-09-04T21:00:00+03:00,NO2,0.037
2022-09-04T21:00:00+03:00,OZ,0.0059
2022-09-04T21:00:00+03:00,CH4,1.4
2022-09-04T21:00:00+03:00,NO,0.017
2022-09-04T21:00:00+03:00,CO,0.6
2022-09-04T22:00:00+03:00,CO,0.67
2022-09-04T22:00:00+03:00,OZ,0.0038
2022-09-04T22:00:00+03:00,CH4,1.42
2022-09-04T22:00:00+03:00,NO,0.026
2022-09-04T22:00:00+03:00,NO2,0.04
2022-09-04T23:00:00+03:00,NO2,0.04
2022-09-04T23:00:00+03:00,CH4,1.43
2022-09-04T23:00:00+03:00,OZ,0.0035
2022-09-04T23:00:00+03:00,CO,0.6
2022-09-04T23:00:00+03:00,NO,0.026
2022-09-05T00:00:00+03:00,OZ,0.0029
2022-09-05T00:00:00+03:00,CO,0.6
2022-09-05T00:00:00+03:00,NO,0.019
2022-09-05T00:00:00+03:00,NO2,0.038
2022-09-05T00:00:00+03:00,CH4,1.44
2022-09-05T01:00:00+03:00,CH4,1.44
2022-09-05T01:00:00+03:00,CO,0.5
2022-09-05T01:00:00+03:00,NO2,0.037
2022-09-05T01:00:00+03:00,NO,0.028
2022-09-05T01:00:00+03:00,OZ,0.0027
2022-09-05T02:00:00+03:00,CH4,1.45
2022-09-05T02:00:00+03:00,NO,0.016
2022-09-05T02:00:00+03:00,CO,0.47
2022-09-05T02:00:00+03:00,OZ,0.0028
2022-09-05T02:00:00+03:00,NO2,0.033
2022-09-05T03:00:00+03:00,NO,0.013
2022-09-05T03:00:00+03:00,CO,0.4
2022-09-05T03:00:00+03:00,NO2,0.031
2022-09-05T03:00:00+03:00,CH4,1.47
2022-09-05T03:00:00+03:00,OZ,0.0029
2022-09-05T04:00:00+03:00,NO,0.009
2022-09-05T04:00:00+03:00,NO2,0.028
2022-09-05T04:00:00+03:00,CO,0.33
2022-09-05T04:00:00+03:00,CH4,1.47
2022-09-05T04:00:00+03:00,OZ,0.0033
2022-09-05T05:00:00+03:00,CH4,1.48
2022-09-05T05:00:00+03:00,NO,0.009
2022-09-05T05:00:00+03:00,NO2,0.026
2022-09-05T05:00:00+03:00,CO,0.4
2022-09-05T05:00:00+03:00,OZ,0.003
2022-09-05T06:00:00+03:00,NO2,0.026
2022-09-05T06:00:00+03:00,NO,0.018
2022-09-05T06:00:00+03:00,CH4,1.48
2022-09-05T06:00:00+03:00,CO,0.33
2022-09-05T06:00:00+03:00,OZ,0.0026
2022-09-05T07:00:00+03:00,CO,0.4
2022-09-05T07:00:00+03:00,NO2,0.024
2022-09-05T07:00:00+03:00,NO,0.025
2022-09-05T07:00:00+03:00,OZ,0.0031
2022-09-05T07:00:00+03:00,CH4,1.5
2022-09-05T08:00:00+03:00,NO2,0.022
2022-09-05T08:00:00+03:00,CH4,1.5
2022-09-05T08:00:00+03:00,OZ,0.0035
2022-09-05T08:00:00+03:00,CO,0.57
2022-09-05T08:00:00+03:00,NO,0.041
2022-09-05T09:00:00+03:00,CH4,1.48
2022-09-05T09:00:00+03:00,OZ,0.0059
2022-09-05T09:00:00+03:00,NO,0.045
2022-09-05T09:00:00+03:00,NO2,0.024
2022-09-05T09:00:00+03:00,CO,0.53
2022-09-05T10:00:00+03:00,CO,0.5
2022-09-05T10:00:00+03:00,NO2,0.023
2022-09-05T10:00:00+03:00,CH4,1.48
2022-09-05T10:00:00+03:00,NO,0.031
2022-09-05T10:00:00+03:00,OZ,0.0109
2022-09-05T11:00:00+03:00,NO2,0.019
2022-09-05T11:00:00+03:00,NO,0.019
2022-09-05T11:00:00+03:00,CH4,1.46
2022-09-05T11:00:00+03:00,OZ,0.0158
2022-09-05T11:00:00+03:00,CO,0.5
2022-09-05T12:00:00+03:00,CO,0.67
2022-09-05T12:00:00+03:00,CH4,1.42
2022-09-05T12:00:00+03:00,NO2,0.018
2022-09-05T12:00:00+03:00,OZ,0.024
2022-09-05T12:00:00+03:00,NO,0.016
2022-09-05T13:00:00+03:00,NO2,0.019
2022-09-05T13:00:00+03:00,NO,0.019
2022-09-05T13:00:00+03:00,CO,0.6
2022-09-05T13:00:00+03:00,OZ,0.0198
2022-09-05T13:00:00+03:00,CH4,1.43
2022-09-05T14:00:00+03:00,OZ,0.0124
2022-09-05T14:00:00+03:00,NO,0.024
2022-09-05T14:00:00+03:00,CO,0.63
2022-09-05T14:00:00+03:00,NO2,0.018
2022-09-05T14:00:00+03:00,CH4,1.43
2022-09-05T15:00:00+03:00,CO,0.67
2022-09-05T15:00:00+03:00,CH4,1.44
2022-09-05T15:00:00+03:00,NO2,0.017
2022-09-05T15:00:00+03:00,OZ,0.0097
2022-09-05T15:00:00+03:00,NO,0.019
2022-09-05T16:00:00+03:00,NO,0.014
2022-09-05T16:00:00+03:00,CH4,1.43
2022-09-05T16:00:00+03:00,CO,0.63
2022-09-05T16:00:00+03:00,OZ,0.0129
2022-09-05T16:00:00+03:00,NO2,0.017
2022-09-05T17:00:00+03:00,CH4,1.43
2022-09-05T17:00:00+03:00,NO,0.013
2022-09-05T17:00:00+03:00,NO2,0.014
2022-09-05T17:00:00+03:00,CO,0.6
2022-09-05T17:00:00+03:00,OZ,0.0188
2022-09-05T18:00:00+03:00,CH4,1.42
2022-09-05T18:00:00+03:00,NO,0.015
2022-09-05T18:00:00+03:00,NO2,0.018
2022-09-05T18:00:00+03:00,OZ,0.0165
2022-09-05T18:00:00+03:00,CO,0.6
2022-09-05T19:00:00+03:00,CO,0.6
2022-09-05T19:00:00+03:00,OZ,0.0153
2022-09-05T19:00:00+03:00,NO2,0.02
2022-09-05T19:00:00+03:00,NO,0.012
2022-09-05T19:00:00+03:00,CH4,1.42
2022-09-05T20:00:00+03:00,NO2,0.022
2022-09-05T20:00:00+03:00,CH4,1.42
2022-09-05T20:00:00+03:00,NO,0.021
2022-09-05T20:00:00+03:00,OZ,0.0089
2022-09-05T20:00:00+03:00,CO,0.67
2022-09-05T21:00:00+03:00,CH4,1.43
2022-09-05T21:00:00+03:00,CO,0.63
2022-09-05T21:00:00+03:00,NO,0.021
2022-09-05T21:00:00+03:00,OZ,0.0078
2022-09-05T21:00:00+03:00,NO2,0.019
2022-09-05T22:00:00+03:00,CH4,1.42
2022-09-05T22:00:00+03:00,NO,0.024
2022-09-05T22:00:00+03:00,CO,0.63
2022-09-05T22:00:00+03:00,OZ,0.0072
2022-09-05T22:00:00+03:00,NO2,0.023
2022-09-05T23:00:00+03:00,CH4,1.42
2022-09-05T23:00:00+03:00,OZ,0.0072
2022-09-05T23:00:00+03:00,NO2,0.021
2022-09-05T23:00:00+03:00,NO,0.014
2022-09-05T23:00:00+03:00,CO,0.47
2022-09-06T00:00:00+03:00,OZ,0.0092
2022-09-06T00:00:00+03:00,NO2,0.015
2022-09-06T00:00:00+03:00,CO,0.1
2022-09-06T00:00:00+03:00,NO,0.008
2022-09-06T00:00:00+03:00,CH4,1.44
2022-09-06T01:00:00+03:00,NO2,0.012
2022-09-06T01:00:00+03:00,OZ,0.0132
2022-09-06T01:00:00+03:00,CH4,1.43
2022-09-06T01:00:00+03:00,CO,0
2022-09-06T01:00:00+03:00,NO,0.004
2022-09-06T02:00:00+03:00,NO2,0.011
2022-09-06T02:00:00+03:00,NO,0.005
2022-09-06T02:00:00+03:00,CO,0.03
2022-09-06T02:00:00+03:00,OZ,0.0149
2022-09-06T02:00:00+03:00,CH4,1.42
2022-09-06T03:00:00+03:00,OZ,0.0201
2022-09-06T03:00:00+03:00,CH4,1.42
2022-09-06T03:00:00+03:00,NO,0.003
2022-09-06T03:00:00+03:00,CO,0.03
2022-09-06T03:00:00+03:00,NO2,0.008
2022-09-06T04:00:00+03:00,NO2,0.008
2022-09-06T04:00:00+03:00,CH4,1.42
2022-09-06T04:00:00+03:00,OZ,0.0202
2022-09-06T04:00:00+03:00,CO,0
2022-09-06T04:00:00+03:00,NO,0.004
2022-09-06T05:00:00+03:00,CH4,1.42
2022-09-06T05:00:00+03:00,CO,0
2022-09-06T05:00:00+03:00,NO2,0.008
2022-09-06T05:00:00+03:00,OZ,0.0209
2022-09-06T05:00:00+03:00,NO,0.005
2022-09-06T06:00:00+03:00,NO,0.005
2022-09-06T06:00:00+03:00,CH4,1.41
2022-09-06T06:00:00+03:00,CO,0
2022-09-06T06:00:00+03:00,NO2,0.012
2022-09-06T06:00:00+03:00,OZ,0.017
2022-09-06T07:00:00+03:00,NO,0.008
2022-09-06T07:00:00+03:00,NO2,0.014
2022-09-06T07:00:00+03:00,CH4,1.41
2022-09-06T07:00:00+03:00,OZ,0.0165
2022-09-06T07:00:00+03:00,CO,0.07
2022-09-06T08:00:00+03:00,NO2,0.017
2022-09-06T08:00:00+03:00,CO,0.03
2022-09-06T08:00:00+03:00,NO,0.011
2022-09-06T08:00:00+03:00,CH4,1.42
2022-09-06T08:00:00+03:00,OZ,0.0163
2022-09-06T09:00:00+03:00,CH4,1.41
2022-09-06T09:00:00+03:00,NO2,0.02
2022-09-06T09:00:00+03:00,CO,0.17
2022-09-06T09:00:00+03:00,OZ,0.0162
2022-09-06T09:00:00+03:00,NO,0.016
2022-09-06T10:00:00+03:00,NO,0.018
2022-09-06T10:00:00+03:00,CH4,1.41
2022-09-06T10:00:00+03:00,CO,0.13
2022-09-06T10:00:00+03:00,NO2,0.023
2022-09-06T10:00:00+03:00,OZ,0.0169
2022-09-06T11:00:00+03:00,NO2,0.016
2022-09-06T11:00:00+03:00,NO,0.015
2022-09-06T11:00:00+03:00,CO,0.03
2022-09-06T11:00:00+03:00,OZ,0.0282
2022-09-06T11:00:00+03:00,CH4,1.41
2022-09-06T12:00:00+03:00,CO,0.07
2022-09-06T12:00:00+03:00,NO2,0.023
2022-09-06T12:00:00+03:00,OZ,0.0236
2022-09-06T12:00:00+03:00,CH4,1.41
2022-09-06T12:00:00+03:00,NO,0.015
2022-09-06T13:00:00+03:00,OZ,0.0323
2022-09-06T13:00:00+03:00,NO2,0.021
2022-09-06T13:00:00+03:00,CH4,1.41
2022-09-06T13:00:00+03:00,CO,0
2022-09-06T13:00:00+03:00,NO,0.012
2022-09-06T14:00:00+03:00,OZ,0.0344
2022-09-06T14:00:00+03:00,CO,0
2022-09-06T14:00:00+03:00,NO,0.015
2022-09-06T14:00:00+03:00,CH4,1.41
2022-09-06T14:00:00+03:00,NO2,0.017
2022-09-06T15:00:00+03:00,OZ,0.0274
2022-09-06T15:00:00+03:00,CH4,1.42
2022-09-06T15:00:00+03:00,CO,0
2022-09-06T15:00:00+03:00,NO,0.013
2022-09-06T15:00:00+03:00,NO2,0.023
2022-09-06T16:00:00+03:00,NO,0.014
2022-09-06T16:00:00+03:00,CO,0
2022-09-06T16:00:00+03:00,CH4,1.41
2022-09-06T16:00:00+03:00,OZ,0.0325
2022-09-06T16:00:00+03:00,NO2,0.02
2022-09-06T17:00:00+03:00,NO2,0.028
2022-09-06T17:00:00+03:00,OZ,0.0228
2022-09-06T17:00:00+03:00,CO,0
2022-09-06T17:00:00+03:00,CH4,1.41
2022-09-06T17:00:00+03:00,NO,0.015
2022-09-06T18:00:00+03:00,CO,0.1
2022-09-06T18:00:00+03:00,CH4,1.41
2022-09-06T18:00:00+03:00,OZ,0.0313
2022-09-06T18:00:00+03:00,NO,0.011
2022-09-06T18:00:00+03:00,NO2,0.025
2022-09-06T19:00:00+03:00,OZ,0.0306
2022-09-06T19:00:00+03:00,NO2,0.03
2022-09-06T19:00:00+03:00,NO,0.015
2022-09-06T19:00:00+03:00,CH4,1.4
2022-09-06T19:00:00+03:00,CO,0.1
2022-09-06T20:00:00+03:00,OZ,0.0314
2022-09-06T20:00:00+03:00,NO2,0.026
2022-09-06T20:00:00+03:00,CO,0.03
2022-09-06T20:00:00+03:00,CH4,1.41
2022-09-06T20:00:00+03:00,NO,0.009
2022-09-06T21:00:00+03:00,OZ,0.0271
2022-09-06T21:00:00+03:00,NO,0.008
2022-09-06T21:00:00+03:00,CO,0
2022-09-06T21:00:00+03:00,CH4,1.45
2022-09-06T21:00:00+03:00,NO2,0.025
2022-09-06T22:00:00+03:00,NO,0.006
2022-09-06T22:00:00+03:00,OZ,0.0264
2022-09-06T22:00:00+03:00,CH4,1.45
2022-09-06T22:00:00+03:00,NO2,0.021
2022-09-06T22:00:00+03:00,CO,0
2022-09-06T23:00:00+03:00,CH4,1.45
2022-09-06T23:00:00+03:00,NO2,0.017
2022-09-06T23:00:00+03:00,CO,0.03
2022-09-06T23:00:00+03:00,NO,0.005
2022-09-06T23:00:00+03:00,OZ,0.0284
2022-09-07T00:00:00+03:00,OZ,0.0345
2022-09-07T00:00:00+03:00,CH4,1.45
2022-09-07T00:00:00+03:00,NO,0.004
2022-09-07T00:00:00+03:00,NO2,0.014
2022-09-07T00:00:00+03:00,CO,0.1
2022-09-07T01:00:00+03:00,OZ,0.0325
2022-09-07T01:00:00+03:00,NO2,0.014
2022-09-07T01:00:00+03:00,NO,0.005
2022-09-07T01:00:00+03:00,CO,0.07
2022-09-07T01:00:00+03:00,CH4,1.47
2022-09-07T02:00:00+03:00,CH4,1.46
2022-09-07T02:00:00+03:00,NO,0.003
2022-09-07T02:00:00+03:00,CO,0
2022-09-07T02:00:00+03:00,NO2,0.01
2022-09-07T02:00:00+03:00,OZ,0.0337
2022-09-07T03:00:00+03:00,CH4,1.43
2022-09-07T03:00:00+03:00,CO,0.07
2022-09-07T03:00:00+03:00,NO,0.004
2022-09-07T03:00:00+03:00,NO2,0.015
2022-09-07T03:00:00+03:00,OZ,0.0247
2022-09-07T04:00:00+03:00,NO,0.004
2022-09-07T04:00:00+03:00,CO,0
2022-09-07T04:00:00+03:00,OZ,0.0281
2022-09-07T04:00:00+03:00,NO2,0.01
2022-09-07T04:00:00+03:00,CH4,1.42
2022-09-07T05:00:00+03:00,NO,0.008
2022-09-07T05:00:00+03:00,NO2,0.013
2022-09-07T05:00:00+03:00,CO,0
2022-09-07T05:00:00+03:00,CH4,1.42
2022-09-07T05:00:00+03:00,OZ,0.0231
2022-09-07T06:00:00+03:00,CH4,1.43
2022-09-07T06:00:00+03:00,CO,0.07
2022-09-07T06:00:00+03:00,NO2,0.011
2022-09-07T06:00:00+03:00,OZ,0.0241
2022-09-07T06:00:00+03:00,NO,0.009
2022-09-07T07:00:00+03:00,CH4,1.42
2022-09-07T07:00:00+03:00,NO2,0.015
2022-09-07T07:00:00+03:00,OZ,0.0221
2022-09-07T07:00:00+03:00,NO,0.012
2022-09-07T07:00:00+03:00,CO,0.03
2022-09-07T08:00:00+03:00,CH4,1.42
2022-09-07T08:00:00+03:00,NO,0.019
2022-09-07T08:00:00+03:00,OZ,0.0151
2022-09-07T08:00:00+03:00,NO2,0.021
2022-09-07T08:00:00+03:00,CO,0.17
2022-09-07T09:00:00+03:00,CH4,1.42
2022-09-07T09:00:00+03:00,CO,0.2
2022-09-07T09:00:00+03:00,NO2,0.021
2022-09-07T09:00:00+03:00,OZ,0.0164
2022-09-07T09:00:00+03:00,NO,0.023
2022-09-07T10:00:00+03:00,NO,0.022
2022-09-07T10:00:00+03:00,NO2,0.02
2022-09-07T10:00:00+03:00,OZ,0.0225
2022-09-07T10:00:00+03:00,CO,0.1
2022-09-07T10:00:00+03:00,CH4,1.41
2022-09-07T11:00:00+03:00,CH4,1.41
2022-09-07T11:00:00+03:00,CO,0.17
2022-09-07T11:00:00+03:00,OZ,0.0302
2022-09-07T11:00:00+03:00,NO,0.019
2022-09-07T11:00:00+03:00,NO2,0.017
2022-09-07T12:00:00+03:00,OZ,0.0374
2022-09-07T12:00:00+03:00,CO,0.23
2022-09-07T12:00:00+03:00,NO2,0.014
2022-09-07T12:00:00+03:00,CH4,1.4
2022-09-07T12:00:00+03:00,NO,0.015
2022-09-07T13:00:00+03:00,NO,0.014
2022-09-07T13:00:00+03:00,CO,0.2
2022-09-07T13:00:00+03:00,CH4,1.4
2022-09-07T13:00:00+03:00,OZ,0.0436
2022-09-07T13:00:00+03:00,NO2,0.019
2022-09-07T14:00:00+03:00,NO,0.01
2022-09-07T14:00:00+03:00,OZ,0.0489
2022-09-07T14:00:00+03:00,NO2,0.018
2022-09-07T14:00:00+03:00,CO,0.2
2022-09-07T14:00:00+03:00,CH4,1.39
2022-09-07T15:00:00+03:00,CH4,1.41
2022-09-07T15:00:00+03:00,OZ,0.0386
2022-09-07T15:00:00+03:00,CO,0.27
2022-09-07T15:00:00+03:00,NO,0.013
2022-09-07T15:00:00+03:00,NO2,0.026
2022-09-07T16:00:00+03:00,NO,0.024
2022-09-07T16:00:00+03:00,NO2,0.04
2022-09-07T16:00:00+03:00,OZ,0.0236
2022-09-07T16:00:00+03:00,CH4,1.42
2022-09-07T16:00:00+03:00,CO,0.8
2022-09-07T17:00:00+03:00,OZ,0.0107
2022-09-07T17:00:00+03:00,CH4,1.42
2022-09-07T17:00:00+03:00,CO,0.33
2022-09-07T17:00:00+03:00,NO,0.04
2022-09-07T17:00:00+03:00,NO2,0.045
2022-09-07T18:00:00+03:00,NO,0.033
2022-09-07T18:00:00+03:00,CH4,1.42
2022-09-07T18:00:00+03:00,OZ,0.0083
2022-09-07T18:00:00+03:00,CO,0.27
2022-09-07T18:00:00+03:00,NO2,0.034
2022-09-07T19:00:00+03:00,OZ,0.0069
2022-09-07T19:00:00+03:00,NO,0.027
2022-09-07T19:00:00+03:00,NO2,0.027
2022-09-07T19:00:00+03:00,CO,0.27
2022-09-07T19:00:00+03:00,CH4,1.44
2022-09-07T20:00:00+03:00,CH4,1.43
2022-09-07T20:00:00+03:00,NO,0.033
2022-09-07T20:00:00+03:00,CO,0.3
2022-09-07T20:00:00+03:00,NO2,0.031
2022-09-07T20:00:00+03:00,OZ,0.004
2022-09-07T21:00:00+03:00,NO2,0.027
2022-09-07T21:00:00+03:00,NO,0.028
2022-09-07T21:00:00+03:00,OZ,0.0059
2022-09-07T21:00:00+03:00,CH4,1.43
2022-09-07T21:00:00+03:00,CO,0.3
2022-09-07T22:00:00+03:00,CO,0.33
2022-09-07T22:00:00+03:00,NO,0.036
2022-09-07T22:00:00+03:00,OZ,0.0026
2022-09-07T22:00:00+03:00,NO2,0.028
2022-09-07T22:00:00+03:00,CH4,1.45
2022-09-07T23:00:00+03:00,CO,0.17
2022-09-07T23:00:00+03:00,OZ,0.0031
2022-09-07T23:00:00+03:00,CH4,1.46
2022-09-07T23:00:00+03:00,NO,0.019
2022-09-07T23:00:00+03:00,NO2,0.026
2022-09-08T00:00:00+03:00,NO,0.014
2022-09-08T00:00:00+03:00,CH4,1.49
2022-09-08T00:00:00+03:00,NO2,0.026
2022-09-08T00:00:00+03:00,OZ,0.0042
2022-09-08T00:00:00+03:00,CO,0.23
2022-09-08T01:00:00+03:00,CO,0.1
2022-09-08T01:00:00+03:00,OZ,0.0037
2022-09-08T01:00:00+03:00,NO,0.012
2022-09-08T01:00:00+03:00,CH4,1.48
2022-09-08T01:00:00+03:00,NO2,0.022
2022-09-08T02:00:00+03:00,NO,0.01
2022-09-08T02:00:00+03:00,CO,0.07
2022-09-08T02:00:00+03:00,OZ,0.0052
2022-09-08T02:00:00+03:00,CH4,1.45
2022-09-08T02:00:00+03:00,NO2,0.02
2022-09-08T03:00:00+03:00,OZ,0.008
2022-09-08T03:00:00+03:00,NO,0.007
2022-09-08T03:00:00+03:00,NO2,0.017
2022-09-08T03:00:00+03:00,CO,0.07
2022-09-08T03:00:00+03:00,CH4,1.45
2022-09-08T04:00:00+03:00,OZ,0.0178
2022-09-08T04:00:00+03:00,CH4,1.42
2022-09-08T04:00:00+03:00,NO,0.003
2022-09-08T04:00:00+03:00,NO2,0.01
2022-09-08T04:00:00+03:00,CO,0
2022-09-08T05:00:00+03:00,NO2,0.006
2022-09-08T05:00:00+03:00,CO,0
2022-09-08T05:00:00+03:00,OZ,0.0194
2022-09-08T05:00:00+03:00,NO,0.004
2022-09-08T05:00:00+03:00,CH4,1.42
2022-09-08T06:00:00+03:00,CH4,1.43
2022-09-08T06:00:00+03:00,NO,0.005
2022-09-08T06:00:00+03:00,OZ,0.0166
2022-09-08T06:00:00+03:00,NO2,0.008
2022-09-08T06:00:00+03:00,CO,0
2022-09-08T07:00:00+03:00,OZ,0.0113
2022-09-08T07:00:00+03:00,CH4,1.42
2022-09-08T07:00:00+03:00,NO,0.01
2022-09-08T07:00:00+03:00,CO,0.03
2022-09-08T07:00:00+03:00,NO2,0.014
2022-09-08T08:00:00+03:00,CO,0.17
2022-09-08T08:00:00+03:00,NO,0.019
2022-09-08T08:00:00+03:00,OZ,0.0107
2022-09-08T08:00:00+03:00,NO2,0.018
2022-09-08T08:00:00+03:00,CH4,1.42
2022-09-08T09:00:00+03:00,CO,0.13
2022-09-08T09:00:00+03:00,NO2,0.018
2022-09-08T09:00:00+03:00,CH4,1.41
2022-09-08T09:00:00+03:00,OZ,0.0163
2022-09-08T09:00:00+03:00,NO,0.021
2022-09-08T10:00:00+03:00,NO,0.02
2022-09-08T10:00:00+03:00,CO,0.17
2022-09-08T10:00:00+03:00,NO2,0.017
2022-09-08T10:00:00+03:00,OZ,0.0186
2022-09-08T10:00:00+03:00,CH4,1.4
2022-09-08T11:00:00+03:00,CO,0.2
2022-09-08T11:00:00+03:00,NO2,0.018
2022-09-08T11:00:00+03:00,CH4,1.41
2022-09-08T11:00:00+03:00,OZ,0.019
2022-09-08T11:00:00+03:00,NO,0.022
2022-09-08T12:00:00+03:00,NO2,0.015
2022-09-08T12:00:00+03:00,CH4,1.41
2022-09-08T12:00:00+03:00,NO,0.016
2022-09-08T12:00:00+03:00,CO,0.17
2022-09-08T12:00:00+03:00,OZ,0.0201
2022-09-08T13:00:00+03:00,CO,
2022-09-08T13:00:00+03:00,CH4,
2022-09-08T13:00:00+03:00,NO,
2022-09-08T13:00:00+03:00,OZ,
2022-09-08T13:00:00+03:00,NO2,
2022-09-08T14:00:00+03:00,OZ,
2022-09-08T14:00:00+03:00,NO2,
2022-09-08T14:00:00+03:00,CH4,
2022-09-08T14:00:00+03:00,CO,
2022-09-08T14:00:00+03:00,NO,
2022-09-08T15:00:00+03:00,CO,
2022-09-08T15:00:00+03:00,NO,
2022-09-08T15:00:00+03:00,OZ,
2022-09-08T15:00:00+03:00,NO2,
2022-09-08T15:00:00+03:00,CH4,
2022-09-08T16:00:00+03:00,CH4,
2022-09-08T16:00:00+03:00,CO,
2022-09-08T16:00:00+03:00,NO,
2022-09-08T16:00:00+03:00,OZ,
2022-09-08T16:00:00+03:00,NO2,
2022-09-08T17:00:00+03:00,CH4,1.4
2022-09-08T17:00:00+03:00,NO,0.013
2022-09-08T17:00:00+03:00,NO2,0.013
2022-09-08T17:00:00+03:00,OZ,0.028
2022-09-08T17:00:00+03:00,CO,0.07
2022-09-08T18:00:00+03:00,CH4,1.41
2022-09-08T18:00:00+03:00,NO,0.013
2022-09-08T18:00:00+03:00,NO2,0.018
2022-09-08T18:00:00+03:00,CO,0.17
2022-09-08T18:00:00+03:00,OZ,0.0216
2022-09-08T19:00:00+03:00,CO,0.23
2022-09-08T19:00:00+03:00,CH4,1.4
2022-09-08T19:00:00+03:00,NO2,0.026
2022-09-08T19:00:00+03:00,OZ,0.0124
2022-09-08T19:00:00+03:00,NO,0.021
2022-09-08T20:00:00+03:00,OZ,0.0099
2022-09-08T20:00:00+03:00,CO,0.17
2022-09-08T20:00:00+03:00,NO2,0.029
2022-09-08T20:00:00+03:00,NO,0.019
2022-09-08T20:00:00+03:00,CH4,1.4
2022-09-08T21:00:00+03:00,OZ,0.0066
2022-09-08T21:00:00+03:00,CH4,1.39
2022-09-08T21:00:00+03:00,NO,0.026
2022-09-08T21:00:00+03:00,CO,0.3
2022-09-08T21:00:00+03:00,NO2,0.033
2022-09-08T22:00:00+03:00,CH4,1.4
2022-09-08T22:00:00+03:00,OZ,0.0032
2022-09-08T22:00:00+03:00,CO,0.3
2022-09-08T22:00:00+03:00,NO,0.038
2022-09-08T22:00:00+03:00,NO2,0.034
2022-09-08T23:00:00+03:00,CH4,1.41
2022-09-08T23:00:00+03:00,CO,0.47
2022-09-08T23:00:00+03:00,OZ,0.0027
2022-09-08T23:00:00+03:00,NO,0.062
2022-09-08T23:00:00+03:00,NO2,0.035
2022-09-09T00:00:00+03:00,NO2,0.031
2022-09-09T00:00:00+03:00,OZ,0.0027
2022-09-09T00:00:00+03:00,CO,0.7
2022-09-09T00:00:00+03:00,NO,0.038
2022-09-09T00:00:00+03:00,CH4,1.42
2022-09-09T01:00:00+03:00,CH4,1.43
2022-09-09T01:00:00+03:00,NO,0.027
2022-09-09T01:00:00+03:00,OZ,0.0043
2022-09-09T01:00:00+03:00,NO2,0.029
2022-09-09T01:00:00+03:00,CO,0.6
2022-09-09T02:00:00+03:00,CO,0.43
2022-09-09T02:00:00+03:00,NO2,0.026
2022-09-09T02:00:00+03:00,CH4,1.44
2022-09-09T02:00:00+03:00,OZ,0.0061
2022-09-09T02:00:00+03:00,NO,0.016
2022-09-09T03:00:00+03:00,OZ,0.0082
2022-09-09T03:00:00+03:00,NO,0.013
2022-09-09T03:00:00+03:00,CH4,1.44
2022-09-09T03:00:00+03:00,NO2,0.021
2022-09-09T03:00:00+03:00,CO,0.47
2022-09-09T04:00:00+03:00,NO,0.007
2022-09-09T04:00:00+03:00,CH4,1.45
2022-09-09T04:00:00+03:00,CO,0.5
2022-09-09T04:00:00+03:00,OZ,0.0086
2022-09-09T04:00:00+03:00,NO2,0.018
2022-09-09T05:00:00+03:00,CH4,1.44
2022-09-09T05:00:00+03:00,OZ,0.0093
2022-09-09T05:00:00+03:00,NO,0.006
2022-09-09T05:00:00+03:00,CO,0.43
2022-09-09T05:00:00+03:00,NO2,0.015
2022-09-09T06:00:00+03:00,OZ,0.0051
2022-09-09T06:00:00+03:00,NO2,0.019
2022-09-09T06:00:00+03:00,CO,0.43
2022-09-09T06:00:00+03:00,NO,0.015
2022-09-09T06:00:00+03:00,CH4,1.44
2022-09-09T07:00:00+03:00,NO,0.023
2022-09-09T07:00:00+03:00,NO2,0.016
2022-09-09T07:00:00+03:00,OZ,0.0041
2022-09-09T07:00:00+03:00,CO,0.5
2022-09-09T07:00:00+03:00,CH4,1.44
2022-09-09T08:00:00+03:00,OZ,0.0067
2022-09-09T08:00:00+03:00,NO2,0.017
2022-09-09T08:00:00+03:00,CO,0.53
2022-09-09T08:00:00+03:00,NO,0.03
2022-09-09T08:00:00+03:00,CH4,1.43
2022-09-09T09:00:00+03:00,NO,0.036
2022-09-09T09:00:00+03:00,CO,0.6
2022-09-09T09:00:00+03:00,NO2,0.019
2022-09-09T09:00:00+03:00,OZ,0.0117
2022-09-09T09:00:00+03:00,CH4,1.43
2022-09-09T10:00:00+03:00,NO2,0.015
2022-09-09T10:00:00+03:00,CO,0.5
2022-09-09T10:00:00+03:00,NO,0.019
2022-09-09T10:00:00+03:00,CH4,1.41
2022-09-09T10:00:00+03:00,OZ,0.0265
2022-09-09T11:00:00+03:00,CO,0.43
2022-09-09T11:00:00+03:00,NO2,0.014
2022-09-09T11:00:00+03:00,CH4,1.39
2022-09-09T11:00:00+03:00,NO,0.016
2022-09-09T11:00:00+03:00,OZ,0.0342
2022-09-09T12:00:00+03:00,OZ,0.037
2022-09-09T12:00:00+03:00,CO,0.33
2022-09-09T12:00:00+03:00,NO2,0.01
2022-09-09T12:00:00+03:00,NO,0.012
2022-09-09T12:00:00+03:00,CH4,1.39
2022-09-09T13:00:00+03:00,NO,0.013
2022-09-09T13:00:00+03:00,CH4,1.39
2022-09-09T13:00:00+03:00,CO,0.17
2022-09-09T13:00:00+03:00,OZ,0.0415
2022-09-09T13:00:00+03:00,NO2,0.009
2022-09-09T14:00:00+03:00,NO2,0.011
2022-09-09T14:00:00+03:00,OZ,0.0426
2022-09-09T14:00:00+03:00,NO,0.01
2022-09-09T14:00:00+03:00,CO,0.1
2022-09-09T14:00:00+03:00,CH4,1.39
2022-09-09T15:00:00+03:00,NO,0.008
2022-09-09T15:00:00+03:00,CH4,1.39
2022-09-09T15:00:00+03:00,NO2,0.011
2022-09-09T15:00:00+03:00,CO,0
2022-09-09T15:00:00+03:00,OZ,0.045
2022-09-09T16:00:00+03:00,CO,0.17
2022-09-09T16:00:00+03:00,OZ,0.0435
2022-09-09T16:00:00+03:00,NO2,0.012
2022-09-09T16:00:00+03:00,NO,0.009
2022-09-09T16:00:00+03:00,CH4,1.39
2022-09-09T17:00:00+03:00,CO,0.3
2022-09-09T17:00:00+03:00,OZ,0.0416
2022-09-09T17:00:00+03:00,CH4,1.39
2022-09-09T17:00:00+03:00,NO2,0.019
2022-09-09T17:00:00+03:00,NO,0.015
2022-09-09T18:00:00+03:00,NO,0.015
2022-09-09T18:00:00+03:00,NO2,0.033
2022-09-09T18:00:00+03:00,OZ,0.025
2022-09-09T18:00:00+03:00,CH4,1.39
2022-09-09T18:00:00+03:00,CO,0.33
2022-09-09T19:00:00+03:00,CO,0.47
2022-09-09T19:00:00+03:00,CH4,1.4
2022-09-09T19:00:00+03:00,NO2,0.047
2022-09-09T19:00:00+03:00,NO,0.026
2022-09-09T19:00:00+03:00,OZ,0.0092
2022-09-09T20:00:00+03:00,NO2,0.054
2022-09-09T20:00:00+03:00,CO,0.97
2022-09-09T20:00:00+03:00,CH4,1.41
2022-09-09T20:00:00+03:00,NO,0.085
2022-09-09T20:00:00+03:00,OZ,0.0032
2022-09-09T21:00:00+03:00,CH4,1.43
2022-09-09T21:00:00+03:00,NO2,0.052
2022-09-09T21:00:00+03:00,CO,1.1
2022-09-09T21:00:00+03:00,NO,0.137
2022-09-09T21:00:00+03:00,OZ,0.0031
2022-09-09T22:00:00+03:00,CH4,1.43
2022-09-09T22:00:00+03:00,NO2,0.047
2022-09-09T22:00:00+03:00,CO,1
2022-09-09T22:00:00+03:00,OZ,0.0033
2022-09-09T22:00:00+03:00,NO,0.134
2022-09-09T23:00:00+03:00,OZ,0.003
2022-09-09T23:00:00+03:00,NO2,0.044
2022-09-09T23:00:00+03:00,CH4,1.45
2022-09-09T23:00:00+03:00,CO,1.03
2022-09-09T23:00:00+03:00,NO,0.147
2022-09-10T00:00:00+03:00,CO,1.63
2022-09-10T00:00:00+03:00,CH4,1.47
2022-09-10T00:00:00+03:00,NO,0.265
2022-09-10T00:00:00+03:00,OZ,0.0032
2022-09-10T00:00:00+03:00,NO2,0.042
2022-09-10T01:00:00+03:00,NO,0.429
2022-09-10T01:00:00+03:00,OZ,0.0034
2022-09-10T01:00:00+03:00,CH4,1.54
2022-09-10T01:00:00+03:00,NO2,0.048
2022-09-10T01:00:00+03:00,CO,2.17
2022-09-10T02:00:00+03:00,NO,0.496
2022-09-10T02:00:00+03:00,NO2,0.049
2022-09-10T02:00:00+03:00,CO,2.23
2022-09-10T02:00:00+03:00,CH4,1.56
2022-09-10T02:00:00+03:00,OZ,0.0033
2022-09-10T03:00:00+03:00,OZ,0.0029
2022-09-10T03:00:00+03:00,NO,0.519
2022-09-10T03:00:00+03:00,CO,2.27
2022-09-10T03:00:00+03:00,NO2,0.05
2022-09-10T03:00:00+03:00,CH4,1.58
2022-09-10T04:00:00+03:00,CO,2.07
2022-09-10T04:00:00+03:00,NO2,0.048
2022-09-10T04:00:00+03:00,NO,0.52
2022-09-10T04:00:00+03:00,OZ,0.0028
2022-09-10T04:00:00+03:00,CH4,1.62
2022-09-10T05:00:00+03:00,NO2,0.048
2022-09-10T05:00:00+03:00,NO,0.502
2022-09-10T05:00:00+03:00,CH4,1.65
2022-09-10T05:00:00+03:00,OZ,0.0029
2022-09-10T05:00:00+03:00,CO,1.9
2022-09-10T06:00:00+03:00,CO,1.63
2022-09-10T06:00:00+03:00,OZ,0.0028
2022-09-10T06:00:00+03:00,NO2,0.041
2022-09-10T06:00:00+03:00,CH4,1.65
2022-09-10T06:00:00+03:00,NO,0.448
2022-09-10T07:00:00+03:00,NO,0.456
2022-09-10T07:00:00+03:00,OZ,0.0028
2022-09-10T07:00:00+03:00,CO,1.7
2022-09-10T07:00:00+03:00,CH4,1.68
2022-09-10T07:00:00+03:00,NO2,0.043
2022-09-10T08:00:00+03:00,NO,0.401
2022-09-10T08:00:00+03:00,CH4,1.71
2022-09-10T08:00:00+03:00,NO2,0.044
2022-09-10T08:00:00+03:00,CO,1.67
2022-09-10T08:00:00+03:00,OZ,0.0027
2022-09-10T09:00:00+03:00,NO2,0.059
2022-09-10T09:00:00+03:00,CO,1.37
2022-09-10T09:00:00+03:00,OZ,0.0027
2022-09-10T09:00:00+03:00,CH4,1.74
2022-09-10T09:00:00+03:00,NO,0.304
2022-09-10T10:00:00+03:00,NO2,0.059
2022-09-10T10:00:00+03:00,OZ,0.0123
2022-09-10T10:00:00+03:00,CO,0.23
2022-09-10T10:00:00+03:00,CH4,1.65
2022-09-10T10:00:00+03:00,NO,0.078
2022-09-10T11:00:00+03:00,CH4,1.43
2022-09-10T11:00:00+03:00,CO,0.03
2022-09-10T11:00:00+03:00,NO2,0.025
2022-09-10T11:00:00+03:00,NO,0.011
2022-09-10T11:00:00+03:00,OZ,0.0379
2022-09-10T12:00:00+03:00,CO,0.1
2022-09-10T12:00:00+03:00,OZ,0.0431
2022-09-10T12:00:00+03:00,NO,0.011
2022-09-10T12:00:00+03:00,CH4,1.41
2022-09-10T12:00:00+03:00,NO2,0.02
2022-09-10T13:00:00+03:00,CH4,1.41
2022-09-10T13:00:00+03:00,CO,0.03
2022-09-10T13:00:00+03:00,NO,0.016
2022-09-10T13:00:00+03:00,NO2,0.022
2022-09-10T13:00:00+03:00,OZ,0.0426
2022-09-10T14:00:00+03:00,CH4,1.43
2022-09-10T14:00:00+03:00,NO,0.014
2022-09-10T14:00:00+03:00,OZ,0.0411
2022-09-10T14:00:00+03:00,CO,0
2022-09-10T14:00:00+03:00,NO2,0.026
2022-09-10T15:00:00+03:00,NO,0.01
2022-09-10T15:00:00+03:00,CH4,1.42
2022-09-10T15:00:00+03:00,NO2,0.027
2022-09-10T15:00:00+03:00,CO,0
2022-09-10T15:00:00+03:00,OZ,0.0479
2022-09-10T16:00:00+03:00,CH4,1.41
2022-09-10T16:00:00+03:00,NO,0.016
2022-09-10T16:00:00+03:00,NO2,0.035
2022-09-10T16:00:00+03:00,OZ,0.0461
2022-09-10T16:00:00+03:00,CO,0
2022-09-10T17:00:00+03:00,NO,0.016
2022-09-10T17:00:00+03:00,NO2,0.034
2022-09-10T17:00:00+03:00,CO,0.07
2022-09-10T17:00:00+03:00,CH4,1.41
2022-09-10T17:00:00+03:00,OZ,0.0445
2022-09-10T18:00:00+03:00,NO2,0.046
2022-09-10T18:00:00+03:00,NO,0.021
2022-09-10T18:00:00+03:00,CO,0.1
2022-09-10T18:00:00+03:00,CH4,1.41
2022-09-10T18:00:00+03:00,OZ,0.026
2022-09-10T19:00:00+03:00,OZ,0.0182
2022-09-10T19:00:00+03:00,NO,0.007
2022-09-10T19:00:00+03:00,CO,0.23
2022-09-10T19:00:00+03:00,NO2,0.047
2022-09-10T19:00:00+03:00,CH4,1.41
2022-09-10T20:00:00+03:00,OZ,0.0039
2022-09-10T20:00:00+03:00,NO,0.038
2022-09-10T20:00:00+03:00,CH4,1.41
2022-09-10T20:00:00+03:00,NO2,0.058
2022-09-10T20:00:00+03:00,CO,0.67
2022-09-10T21:00:00+03:00,NO,0.149
2022-09-10T21:00:00+03:00,CO,1.47
2022-09-10T21:00:00+03:00,CH4,1.43
2022-09-10T21:00:00+03:00,OZ,0.0032
2022-09-10T21:00:00+03:00,NO2,0.058
2022-09-10T22:00:00+03:00,NO,0.218
2022-09-10T22:00:00+03:00,CO,2.07
2022-09-10T22:00:00+03:00,OZ,0.0028
2022-09-10T22:00:00+03:00,CH4,1.46
2022-09-10T22:00:00+03:00,NO2,0.052
2022-09-10T23:00:00+03:00,NO2,0.064
2022-09-10T23:00:00+03:00,CH4,1.57
2022-09-10T23:00:00+03:00,NO,0.367
2022-09-10T23:00:00+03:00,CO,2.87
2022-09-10T23:00:00+03:00,OZ,0.003
2022-09-11T00:00:00+03:00,NO,0.474
2022-09-11T00:00:00+03:00,CH4,1.66
2022-09-11T00:00:00+03:00,OZ,0.0031
2022-09-11T00:00:00+03:00,CO,3.5
2022-09-11T00:00:00+03:00,NO2,0.066
2022-09-11T01:00:00+03:00,CO,3.7
2022-09-11T01:00:00+03:00,NO,0.512
2022-09-11T01:00:00+03:00,NO2,0.066
2022-09-11T01:00:00+03:00,CH4,1.85
2022-09-11T01:00:00+03:00,OZ,0.0028
2022-09-11T02:00:00+03:00,NO2,0.062
2022-09-11T02:00:00+03:00,CH4,2.12
2022-09-11T02:00:00+03:00,CO,3.63
2022-09-11T02:00:00+03:00,NO,0.518
2022-09-11T02:00:00+03:00,OZ,0.0026
2022-09-11T03:00:00+03:00,OZ,0.0029
2022-09-11T03:00:00+03:00,NO,0.507
2022-09-11T03:00:00+03:00,CO,3.33
2022-09-11T03:00:00+03:00,NO2,0.06
2022-09-11T03:00:00+03:00,CH4,2.43
2022-09-11T04:00:00+03:00,NO2,0.049
2022-09-11T04:00:00+03:00,CH4,2.59
2022-09-11T04:00:00+03:00,OZ,0.0025
2022-09-11T04:00:00+03:00,NO,0.363
2022-09-11T04:00:00+03:00,CO,2.27
2022-09-11T05:00:00+03:00,OZ,0.0024
2022-09-11T05:00:00+03:00,NO,0.259
2022-09-11T05:00:00+03:00,CO,1.47
2022-09-11T05:00:00+03:00,NO2,0.042
2022-09-11T05:00:00+03:00,CH4,2.34
2022-09-11T06:00:00+03:00,CH4,2.1
2022-09-11T06:00:00+03:00,NO,0.218
2022-09-11T06:00:00+03:00,CO,1.13
2022-09-11T06:00:00+03:00,OZ,0.0024
2022-09-11T06:00:00+03:00,NO2,0.039
2022-09-11T07:00:00+03:00,NO2,0.036
2022-09-11T07:00:00+03:00,CH4,1.94
2022-09-11T07:00:00+03:00,OZ,0.0025
2022-09-11T07:00:00+03:00,CO,0.93
2022-09-11T07:00:00+03:00,NO,0.195
2022-09-11T08:00:00+03:00,CH4,1.88
2022-09-11T08:00:00+03:00,NO,0.185
2022-09-11T08:00:00+03:00,CO,0.9
2022-09-11T08:00:00+03:00,OZ,0.0026
2022-09-11T08:00:00+03:00,NO2,0.042
2022-09-11T09:00:00+03:00,CH4,1.79
2022-09-11T09:00:00+03:00,NO2,0.054
2022-09-11T09:00:00+03:00,OZ,0.0027
2022-09-11T09:00:00+03:00,CO,0.9
2022-09-11T09:00:00+03:00,NO,0.143
2022-09-11T10:00:00+03:00,NO2,0.07
2022-09-11T10:00:00+03:00,CO,0.47
2022-09-11T10:00:00+03:00,NO,0.068
2022-09-11T10:00:00+03:00,OZ,0.0061
2022-09-11T10:00:00+03:00,CH4,1.6
2022-09-11T11:00:00+03:00,CH4,1.48
2022-09-11T11:00:00+03:00,OZ,0.0248
2022-09-11T11:00:00+03:00,CO,0.23
2022-09-11T11:00:00+03:00,NO2,0.046
2022-09-11T11:00:00+03:00,NO,0.023
2022-09-11T12:00:00+03:00,OZ,0.0362
2022-09-11T12:00:00+03:00,CO,0.27
2022-09-11T12:00:00+03:00,CH4,1.45
2022-09-11T12:00:00+03:00,NO,0.019
2022-09-11T12:00:00+03:00,NO2,0.037
2022-09-11T13:00:00+03:00,CH4,1.43
2022-09-11T13:00:00+03:00,NO2,0.03
2022-09-11T13:00:00+03:00,CO,0.07
2022-09-11T13:00:00+03:00,NO,0.021
2022-09-11T13:00:00+03:00,OZ,0.0485
2022-09-11T14:00:00+03:00,NO,0.009
2022-09-11T14:00:00+03:00,NO2,0.022
2022-09-11T14:00:00+03:00,CO,0.03
2022-09-11T14:00:00+03:00,OZ,0.059
2022-09-11T14:00:00+03:00,CH4,1.42
2022-09-11T15:00:00+03:00,OZ,0.0482
2022-09-11T15:00:00+03:00,NO2,0.033
2022-09-11T15:00:00+03:00,NO,0.015
2022-09-11T15:00:00+03:00,CH4,1.43
2022-09-11T15:00:00+03:00,CO,0.07
2022-09-11T16:00:00+03:00,OZ,0.0544
2022-09-11T16:00:00+03:00,NO2,0.025
2022-09-11T16:00:00+03:00,CO,0
2022-09-11T16:00:00+03:00,CH4,1.43
2022-09-11T16:00:00+03:00,NO,0.009
2022-09-11T17:00:00+03:00,CH4,1.42
2022-09-11T17:00:00+03:00,OZ,0.051
2022-09-11T17:00:00+03:00,NO2,0.029
2022-09-11T17:00:00+03:00,CO,0.03
2022-09-11T17:00:00+03:00,NO,0.011
2022-09-11T18:00:00+03:00,CO,0
2022-09-11T18:00:00+03:00,CH4,1.41
2022-09-11T18:00:00+03:00,NO2,0.026
2022-09-11T18:00:00+03:00,OZ,0.0528
2022-09-11T18:00:00+03:00,NO,0.007
2022-09-11T19:00:00+03:00,OZ,0.0448
2022-09-11T19:00:00+03:00,CH4,1.41
2022-09-11T19:00:00+03:00,NO2,0.032
2022-09-11T19:00:00+03:00,NO,0.002
2022-09-11T19:00:00+03:00,CO,0.13
2022-09-11T20:00:00+03:00,NO,0.002
2022-09-11T20:00:00+03:00,OZ,0.0219
2022-09-11T20:00:00+03:00,CO,0.37
2022-09-11T20:00:00+03:00,NO2,0.05
2022-09-11T20:00:00+03:00,CH4,1.42
2022-09-11T21:00:00+03:00,CH4,1.43
2022-09-11T21:00:00+03:00,OZ,0.004
2022-09-11T21:00:00+03:00,NO2,0.064
2022-09-11T21:00:00+03:00,NO,0.015
2022-09-11T21:00:00+03:00,CO,0.53
2022-09-11T22:00:00+03:00,CO,0.73
2022-09-11T22:00:00+03:00,OZ,0.0027
2022-09-11T22:00:00+03:00,CH4,1.45
2022-09-11T22:00:00+03:00,NO2,0.064
2022-09-11T22:00:00+03:00,NO,0.033
2022-09-11T23:00:00+03:00,NO,0.049
2022-09-11T23:00:00+03:00,CO,0.67
2022-09-11T23:00:00+03:00,CH4,1.47
2022-09-11T23:00:00+03:00,OZ,0.0027
2022-09-11T23:00:00+03:00,NO2,0.062
2022-09-12T00:00:00+03:00,OZ,0.0025
2022-09-12T00:00:00+03:00,CH4,1.53
2022-09-12T00:00:00+03:00,NO2,0.059
2022-09-12T00:00:00+03:00,CO,0.4
2022-09-12T00:00:00+03:00,NO,0.049
2022-09-12T01:00:00+03:00,CH4,1.62
2022-09-12T01:00:00+03:00,NO2,0.057
2022-09-12T01:00:00+03:00,CO,0.2
2022-09-12T01:00:00+03:00,OZ,0.0025
2022-09-12T01:00:00+03:00,NO,0.031
2022-09-12T02:00:00+03:00,NO,0.02
2022-09-12T02:00:00+03:00,OZ,0.0023
2022-09-12T02:00:00+03:00,CH4,1.6
2022-09-12T02:00:00+03:00,NO2,0.054
2022-09-12T02:00:00+03:00,CO,0.1
2022-09-12T03:00:00+03:00,CO,0
2022-09-12T03:00:00+03:00,NO,0.009
2022-09-12T03:00:00+03:00,CH4,1.59
2022-09-12T03:00:00+03:00,OZ,0.0029
2022-09-12T03:00:00+03:00,NO2,0.052
2022-09-12T04:00:00+03:00,NO2,0.039
2022-09-12T04:00:00+03:00,NO,0.003
2022-09-12T04:00:00+03:00,OZ,0.0116
2022-09-12T04:00:00+03:00,CO,0
2022-09-12T04:00:00+03:00,CH4,1.5
2022-09-12T05:00:00+03:00,NO,0.003
2022-09-12T05:00:00+03:00,OZ,0.0093
2022-09-12T05:00:00+03:00,CO,0
2022-09-12T05:00:00+03:00,CH4,1.5
2022-09-12T05:00:00+03:00,NO2,0.038
2022-09-12T06:00:00+03:00,NO2,0.04
2022-09-12T06:00:00+03:00,CO,0
2022-09-12T06:00:00+03:00,NO,0.009
2022-09-12T06:00:00+03:00,OZ,0.0048
2022-09-12T06:00:00+03:00,CH4,1.51
2022-09-12T07:00:00+03:00,NO,0.02
2022-09-12T07:00:00+03:00,CH4,1.61
2022-09-12T07:00:00+03:00,OZ,0.0027
2022-09-12T07:00:00+03:00,CO,0.07
2022-09-12T07:00:00+03:00,NO2,0.039
2022-09-12T08:00:00+03:00,NO2,0.036
2022-09-12T08:00:00+03:00,CH4,1.57
2022-09-12T08:00:00+03:00,CO,0.1
2022-09-12T08:00:00+03:00,NO,0.027
2022-09-12T08:00:00+03:00,OZ,0.0038
2022-09-12T09:00:00+03:00,CH4,1.59
2022-09-12T09:00:00+03:00,NO2,0.029
2022-09-12T09:00:00+03:00,NO,0.018
2022-09-12T09:00:00+03:00,CO,0.07
2022-09-12T09:00:00+03:00,OZ,0.0087
2022-09-12T10:00:00+03:00,NO,0.016
2022-09-12T10:00:00+03:00,OZ,0.0141
2022-09-12T10:00:00+03:00,CH4,1.7
2022-09-12T10:00:00+03:00,NO2,0.028
2022-09-12T10:00:00+03:00,CO,0.03
2022-09-12T11:00:00+03:00,NO2,0.023
2022-09-12T11:00:00+03:00,CH4,1.47
2022-09-12T11:00:00+03:00,CO,0.2
2022-09-12T11:00:00+03:00,OZ,0.0241
2022-09-12T11:00:00+03:00,NO,0.009
2022-09-12T12:00:00+03:00,CH4,1.42
2022-09-12T12:00:00+03:00,NO2,0.024
2022-09-12T12:00:00+03:00,OZ,0.0287
2022-09-12T12:00:00+03:00,NO,0.01
2022-09-12T12:00:00+03:00,CO,0.5
2022-09-12T13:00:00+03:00,NO2,0.022
2022-09-12T13:00:00+03:00,CO,0.5
2022-09-12T13:00:00+03:00,NO,0.01
2022-09-12T13:00:00+03:00,CH4,1.44
2022-09-12T13:00:00+03:00,OZ,0.0336
2022-09-12T14:00:00+03:00,CH4,1.44
2022-09-12T14:00:00+03:00,CO,0.47
2022-09-12T14:00:00+03:00,NO,0.006
2022-09-12T14:00:00+03:00,NO2,0.016
2022-09-12T14:00:00+03:00,OZ,0.0432
2022-09-12T15:00:00+03:00,NO2,0.014
2022-09-12T15:00:00+03:00,OZ,0.0442
2022-09-12T15:00:00+03:00,CH4,1.41
2022-09-12T15:00:00+03:00,NO,0.006
2022-09-12T15:00:00+03:00,CO,0.4
2022-09-12T16:00:00+03:00,OZ,0.0454
2022-09-12T16:00:00+03:00,NO,0.006
2022-09-12T16:00:00+03:00,NO2,0.013
2022-09-12T16:00:00+03:00,CH4,1.43
2022-09-12T16:00:00+03:00,CO,0.4
2022-09-12T17:00:00+03:00,NO2,0.016
2022-09-12T17:00:00+03:00,OZ,0.0405
2022-09-12T17:00:00+03:00,CH4,1.4
2022-09-12T17:00:00+03:00,NO,0.006
2022-09-12T17:00:00+03:00,CO,0.37
2022-09-12T18:00:00+03:00,CO,0.37
2022-09-12T18:00:00+03:00,NO2,0.022
2022-09-12T18:00:00+03:00,NO,0.009
2022-09-12T18:00:00+03:00,OZ,0.0321
2022-09-12T18:00:00+03:00,CH4,1.39
2022-09-12T19:00:00+03:00,CH4,1.39
2022-09-12T19:00:00+03:00,NO2,0.026
2022-09-12T19:00:00+03:00,OZ,0.0259
2022-09-12T19:00:00+03:00,CO,0.63
2022-09-12T19:00:00+03:00,NO,0.01
2022-09-12T20:00:00+03:00,NO2,0.03
2022-09-12T20:00:00+03:00,CO,0.47
2022-09-12T20:00:00+03:00,NO,0.006
2022-09-12T20:00:00+03:00,CH4,1.41
2022-09-12T20:00:00+03:00,OZ,0.0232
2022-09-12T21:00:00+03:00,NO2,0.028
2022-09-12T21:00:00+03:00,OZ,0.0227
2022-09-12T21:00:00+03:00,CO,0.4
2022-09-12T21:00:00+03:00,NO,0.005
2022-09-12T21:00:00+03:00,CH4,1.42
2022-09-12T22:00:00+03:00,CH4,1.42
2022-09-12T22:00:00+03:00,NO2,0.04
2022-09-12T22:00:00+03:00,CO,0.4
2022-09-12T22:00:00+03:00,NO,0.005
2022-09-12T22:00:00+03:00,OZ,0.0096
2022-09-12T23:00:00+03:00,CO,0.33
2022-09-12T23:00:00+03:00,CH4,1.42
2022-09-12T23:00:00+03:00,NO,0.004
2022-09-12T23:00:00+03:00,NO2,0.04
2022-09-12T23:00:00+03:00,OZ,0.0097
2022-09-13T00:00:00+03:00,OZ,0.0049
2022-09-13T00:00:00+03:00,CH4,1.44
2022-09-13T00:00:00+03:00,NO,0.004
2022-09-13T00:00:00+03:00,CO,0.17
2022-09-13T00:00:00+03:00,NO2,0.042
2022-09-13T01:00:00+03:00,CO,0.13
2022-09-13T01:00:00+03:00,CH4,1.47
2022-09-13T01:00:00+03:00,NO2,0.042
2022-09-13T01:00:00+03:00,NO,0.009
2022-09-13T01:00:00+03:00,OZ,0.0035
2022-09-13T02:00:00+03:00,NO2,0.037
2022-09-13T02:00:00+03:00,OZ,0.0095
2022-09-13T02:00:00+03:00,CO,0.1
2022-09-13T02:00:00+03:00,NO,0.003
2022-09-13T02:00:00+03:00,CH4,1.43
2022-09-13T03:00:00+03:00,OZ,0.0158
2022-09-13T03:00:00+03:00,NO,0.002
2022-09-13T03:00:00+03:00,CO,0.1
2022-09-13T03:00:00+03:00,CH4,1.43
2022-09-13T03:00:00+03:00,NO2,0.033
2022-09-13T04:00:00+03:00,NO,0.002
2022-09-13T04:00:00+03:00,OZ,0.0169
2022-09-13T04:00:00+03:00,CH4,1.44
2022-09-13T04:00:00+03:00,CO,0.07
2022-09-13T04:00:00+03:00,NO2,0.03
2022-09-13T05:00:00+03:00,CH4,1.43
2022-09-13T05:00:00+03:00,NO,0.002
2022-09-13T05:00:00+03:00,NO2,0.019
2022-09-13T05:00:00+03:00,OZ,0.029
2022-09-13T05:00:00+03:00,CO,0
2022-09-13T06:00:00+03:00,CO,0.07
2022-09-13T06:00:00+03:00,NO2,0.017
2022-09-13T06:00:00+03:00,CH4,1.43
2022-09-13T06:00:00+03:00,OZ,0.0279
2022-09-13T06:00:00+03:00,NO,0.002
2022-09-13T07:00:00+03:00,OZ,0.0189
2022-09-13T07:00:00+03:00,CH4,1.42
2022-09-13T07:00:00+03:00,CO,0.03
2022-09-13T07:00:00+03:00,NO,0.004
2022-09-13T07:00:00+03:00,NO2,0.024
2022-09-13T08:00:00+03:00,OZ,0.0269
2022-09-13T08:00:00+03:00,NO,0.006
2022-09-13T08:00:00+03:00,NO2,0.018
2022-09-13T08:00:00+03:00,CH4,1.42
2022-09-13T08:00:00+03:00,CO,0.13
2022-09-13T09:00:00+03:00,CO,0.13
2022-09-13T09:00:00+03:00,OZ,0.024
2022-09-13T09:00:00+03:00,NO2,0.021
2022-09-13T09:00:00+03:00,CH4,1.43
2022-09-13T09:00:00+03:00,NO,0.01
2022-09-13T10:00:00+03:00,OZ,0.0217
2022-09-13T10:00:00+03:00,NO2,0.023
2022-09-13T10:00:00+03:00,NO,0.013
2022-09-13T10:00:00+03:00,CO,0.1
2022-09-13T10:00:00+03:00,CH4,1.44
2022-09-13T11:00:00+03:00,CH4,1.43
2022-09-13T11:00:00+03:00,NO2,0.026
2022-09-13T11:00:00+03:00,CO,0.3
2022-09-13T11:00:00+03:00,NO,0.012
2022-09-13T11:00:00+03:00,OZ,0.0251
2022-09-13T12:00:00+03:00,NO2,0.014
2022-09-13T12:00:00+03:00,CH4,1.41
2022-09-13T12:00:00+03:00,OZ,0.0444
2022-09-13T12:00:00+03:00,NO,0.008
2022-09-13T12:00:00+03:00,CO,0.37
2022-09-13T13:00:00+03:00,CH4,1.4
2022-09-13T13:00:00+03:00,NO2,0.011
2022-09-13T13:00:00+03:00,NO,0.008
2022-09-13T13:00:00+03:00,OZ,0.0555
2022-09-13T13:00:00+03:00,CO,0.1
2022-09-13T14:00:00+03:00,NO,0.006
2022-09-13T14:00:00+03:00,CH4,1.4
2022-09-13T14:00:00+03:00,OZ,0.0518
2022-09-13T14:00:00+03:00,CO,0.07
2022-09-13T14:00:00+03:00,NO2,0.014
2022-09-13T15:00:00+03:00,OZ,0.0474
2022-09-13T15:00:00+03:00,CO,0.13
2022-09-13T15:00:00+03:00,NO2,0.017
2022-09-13T15:00:00+03:00,NO,0.006
2022-09-13T15:00:00+03:00,CH4,1.39
2022-09-13T16:00:00+03:00,OZ,0.0499
2022-09-13T16:00:00+03:00,NO,0.006
2022-09-13T16:00:00+03:00,CH4,1.38
2022-09-13T16:00:00+03:00,CO,0.23
2022-09-13T16:00:00+03:00,NO2,0.016
2022-09-13T17:00:00+03:00,NO,0.005
2022-09-13T17:00:00+03:00,NO2,0.018
2022-09-13T17:00:00+03:00,OZ,0.0462
2022-09-13T17:00:00+03:00,CH4,1.38
2022-09-13T17:00:00+03:00,CO,0.27
2022-09-13T18:00:00+03:00,CO,0.27
2022-09-13T18:00:00+03:00,NO,0.005
2022-09-13T18:00:00+03:00,NO2,0.021
2022-09-13T18:00:00+03:00,OZ,0.0431
2022-09-13T18:00:00+03:00,CH4,1.38
2022-09-13T19:00:00+03:00,OZ,0.0399
2022-09-13T19:00:00+03:00,NO2,0.025
2022-09-13T19:00:00+03:00,CH4,1.39
2022-09-13T19:00:00+03:00,NO,0.007
2022-09-13T19:00:00+03:00,CO,0.27
2022-09-13T20:00:00+03:00,NO2,0.025
2022-09-13T20:00:00+03:00,CH4,1.39
2022-09-13T20:00:00+03:00,OZ,0.0342
2022-09-13T20:00:00+03:00,NO,0.005
2022-09-13T20:00:00+03:00,CO,0.33
2022-09-13T21:00:00+03:00,NO,0.007
2022-09-13T21:00:00+03:00,OZ,0.0343
2022-09-13T21:00:00+03:00,CH4,1.4
2022-09-13T21:00:00+03:00,CO,0.47
2022-09-13T21:00:00+03:00,NO2,0.025
2022-09-13T22:00:00+03:00,OZ,0.0399
2022-09-13T22:00:00+03:00,NO2,0.019
2022-09-13T22:00:00+03:00,CO,0.4
2022-09-13T22:00:00+03:00,CH4,1.39
2022-09-13T22:00:00+03:00,NO,0.005
2022-09-13T23:00:00+03:00,NO,0.003
2022-09-13T23:00:00+03:00,OZ,0.0363
2022-09-13T23:00:00+03:00,CH4,1.39
2022-09-13T23:00:00+03:00,CO,0.23
2022-09-13T23:00:00+03:00,NO2,0.017
2022-09-14T00:00:00+03:00,CH4,1.41
2022-09-14T00:00:00+03:00,NO,0.003
2022-09-14T00:00:00+03:00,CO,0.03
2022-09-14T00:00:00+03:00,OZ,0.0425
2022-09-14T00:00:00+03:00,NO2,0.012
2022-09-14T01:00:00+03:00,NO2,0.007
2022-09-14T01:00:00+03:00,CO,0
2022-09-14T01:00:00+03:00,OZ,0.0452
2022-09-14T01:00:00+03:00,NO,0.002
2022-09-14T01:00:00+03:00,CH4,1.41
2022-09-14T02:00:00+03:00,CH4,1.4
2022-09-14T02:00:00+03:00,OZ,0.0441
2022-09-14T02:00:00+03:00,CO,0
2022-09-14T02:00:00+03:00,NO,0.001
2022-09-14T02:00:00+03:00,NO2,0.005
2022-09-14T03:00:00+03:00,CH4,1.39
2022-09-14T03:00:00+03:00,CO,0
2022-09-14T03:00:00+03:00,NO,0.002
2022-09-14T03:00:00+03:00,OZ,0.0455
2022-09-14T03:00:00+03:00,NO2,0.003
2022-09-14T04:00:00+03:00,NO2,0.004
2022-09-14T04:00:00+03:00,NO,0.003
2022-09-14T04:00:00+03:00,CO,0
2022-09-14T04:00:00+03:00,OZ,0.0401
2022-09-14T04:00:00+03:00,CH4,1.39
2022-09-14T05:00:00+03:00,CO,0
2022-09-14T05:00:00+03:00,NO,0.003
2022-09-14T05:00:00+03:00,CH4,1.39
2022-09-14T05:00:00+03:00,OZ,0.0367
2022-09-14T05:00:00+03:00,NO2,0.004
2022-09-14T06:00:00+03:00,NO,0.002
2022-09-14T06:00:00+03:00,CO,0
2022-09-14T06:00:00+03:00,NO2,0.005
2022-09-14T06:00:00+03:00,CH4,1.4
2022-09-14T06:00:00+03:00,OZ,0.0315
2022-09-14T07:00:00+03:00,NO2,0.01
2022-09-14T07:00:00+03:00,OZ,0.0228
2022-09-14T07:00:00+03:00,CO,0
2022-09-14T07:00:00+03:00,NO,0.003
2022-09-14T07:00:00+03:00,CH4,1.43
2022-09-14T08:00:00+03:00,CH4,1.41
2022-09-14T08:00:00+03:00,CO,0.03
2022-09-14T08:00:00+03:00,OZ,0.0152
2022-09-14T08:00:00+03:00,NO,0.005
2022-09-14T08:00:00+03:00,NO2,0.016
2022-09-14T09:00:00+03:00,CO,0.1
2022-09-14T09:00:00+03:00,CH4,1.41
2022-09-14T09:00:00+03:00,NO2,0.019
2022-09-14T09:00:00+03:00,NO,0.009
2022-09-14T09:00:00+03:00,OZ,0.0124
2022-09-14T10:00:00+03:00,NO2,0.02
2022-09-14T10:00:00+03:00,CH4,1.42
2022-09-14T10:00:00+03:00,CO,0.1
2022-09-14T10:00:00+03:00,NO,0.011
2022-09-14T10:00:00+03:00,OZ,0.0131
2022-09-14T11:00:00+03:00,NO2,0.02
2022-09-14T11:00:00+03:00,CH4,1.42
2022-09-14T11:00:00+03:00,NO,0.012
2022-09-14T11:00:00+03:00,CO,0.17
2022-09-14T11:00:00+03:00,OZ,0.0173
2022-09-14T12:00:00+03:00,NO,0.012
2022-09-14T12:00:00+03:00,OZ,0.0141
2022-09-14T12:00:00+03:00,CH4,1.41
2022-09-14T12:00:00+03:00,CO,0.3
2022-09-14T12:00:00+03:00,NO2,0.021
2022-09-14T13:00:00+03:00,CO,0.3
2022-09-14T13:00:00+03:00,NO,0.013
2022-09-14T13:00:00+03:00,NO2,0.02
2022-09-14T13:00:00+03:00,OZ,0.0149
2022-09-14T13:00:00+03:00,CH4,1.42
2022-09-14T14:00:00+03:00,OZ,0.0109
2022-09-14T14:00:00+03:00,CH4,1.42
2022-09-14T14:00:00+03:00,NO2,0.026
2022-09-14T14:00:00+03:00,NO,0.017
2022-09-14T14:00:00+03:00,CO,0.47
2022-09-14T15:00:00+03:00,NO2,0.023
2022-09-14T15:00:00+03:00,CO,0.33
2022-09-14T15:00:00+03:00,CH4,1.42
2022-09-14T15:00:00+03:00,NO,0.014
2022-09-14T15:00:00+03:00,OZ,0.0081
2022-09-14T16:00:00+03:00,NO,0.019
2022-09-14T16:00:00+03:00,NO2,0.025
2022-09-14T16:00:00+03:00,CO,0.4
2022-09-14T16:00:00+03:00,OZ,0.0063
2022-09-14T16:00:00+03:00,CH4,1.42
2022-09-14T17:00:00+03:00,CH4,1.42
2022-09-14T17:00:00+03:00,CO,0.43
2022-09-14T17:00:00+03:00,OZ,0.0042
2022-09-14T17:00:00+03:00,NO2,0.028
2022-09-14T17:00:00+03:00,NO,0.026
2022-09-14T18:00:00+03:00,OZ,0.0035
2022-09-14T18:00:00+03:00,CH4,1.41
2022-09-14T18:00:00+03:00,NO2,0.028
2022-09-14T18:00:00+03:00,NO,0.021
2022-09-14T18:00:00+03:00,CO,0.4
2022-09-14T19:00:00+03:00,NO,0.049
2022-09-14T19:00:00+03:00,NO2,0.041
2022-09-14T19:00:00+03:00,CO,0.53
2022-09-14T19:00:00+03:00,CH4,1.43
2022-09-14T19:00:00+03:00,OZ,0.0031
2022-09-14T20:00:00+03:00,OZ,0.003
2022-09-14T20:00:00+03:00,NO2,0.028
2022-09-14T20:00:00+03:00,CO,0.47
2022-09-14T20:00:00+03:00,NO,0.025
2022-09-14T20:00:00+03:00,CH4,1.49
2022-09-14T21:00:00+03:00,CH4,1.51
2022-09-14T21:00:00+03:00,NO2,0.026
2022-09-14T21:00:00+03:00,CO,0.43
2022-09-14T21:00:00+03:00,OZ,0.0029
2022-09-14T21:00:00+03:00,NO,0.02
2022-09-14T22:00:00+03:00,OZ,0.0035
2022-09-14T22:00:00+03:00,CH4,1.48
2022-09-14T22:00:00+03:00,NO,0.017
2022-09-14T22:00:00+03:00,CO,0.37
2022-09-14T22:00:00+03:00,NO2,0.026
2022-09-14T23:00:00+03:00,CO,0.33
2022-09-14T23:00:00+03:00,OZ,0.0049
2022-09-14T23:00:00+03:00,NO2,0.023
2022-09-14T23:00:00+03:00,NO,0.008
2022-09-14T23:00:00+03:00,CH4,1.46
2022-09-15T00:00:00+03:00,CO,0.4
2022-09-15T00:00:00+03:00,NO,0.005
2022-09-15T00:00:00+03:00,OZ,0.0063
2022-09-15T00:00:00+03:00,NO2,0.025
2022-09-15T00:00:00+03:00,CH4,1.42
2022-09-15T01:00:00+03:00,CO,0.3
2022-09-15T01:00:00+03:00,OZ,0.0084
2022-09-15T01:00:00+03:00,NO2,0.024
2022-09-15T01:00:00+03:00,CH4,1.43
2022-09-15T01:00:00+03:00,NO,0.003
2022-09-15T02:00:00+03:00,CO,0.3
2022-09-15T02:00:00+03:00,NO,0.005
2022-09-15T02:00:00+03:00,OZ,0.0086
2022-09-15T02:00:00+03:00,CH4,1.43
2022-09-15T02:00:00+03:00,NO2,0.022
2022-09-15T03:00:00+03:00,CH4,1.44
2022-09-15T03:00:00+03:00,OZ,0.0112
2022-09-15T03:00:00+03:00,NO2,0.017
2022-09-15T03:00:00+03:00,NO,0.003
2022-09-15T03:00:00+03:00,CO,0.2
2022-09-15T04:00:00+03:00,NO2,0.013
2022-09-15T04:00:00+03:00,CH4,1.43
2022-09-15T04:00:00+03:00,OZ,0.0123
2022-09-15T04:00:00+03:00,CO,0.2
2022-09-15T04:00:00+03:00,NO,0.004
2022-09-15T05:00:00+03:00,CO,0.2
2022-09-15T05:00:00+03:00,OZ,0.0093
2022-09-15T05:00:00+03:00,CH4,1.43
2022-09-15T05:00:00+03:00,NO2,0.013
2022-09-15T05:00:00+03:00,NO,0.005
2022-09-15T06:00:00+03:00,OZ,0.0073
2022-09-15T06:00:00+03:00,NO,0.006
2022-09-15T06:00:00+03:00,NO2,0.013
2022-09-15T06:00:00+03:00,CO,0.53
2022-09-15T06:00:00+03:00,CH4,1.43
2022-09-15T07:00:00+03:00,CH4,1.43
2022-09-15T07:00:00+03:00,NO2,0.014
2022-09-15T07:00:00+03:00,OZ,0.0061
2022-09-15T07:00:00+03:00,CO,0.2
2022-09-15T07:00:00+03:00,NO,0.007
2022-09-15T08:00:00+03:00,NO2,0.014
2022-09-15T08:00:00+03:00,CO,0.37
2022-09-15T08:00:00+03:00,OZ,0.0056
2022-09-15T08:00:00+03:00,CH4,1.43
2022-09-15T08:00:00+03:00,NO,0.016
2022-09-15T09:00:00+03:00,CH4,1.43
2022-09-15T09:00:00+03:00,NO2,0.015
2022-09-15T09:00:00+03:00,CO,0.33
2022-09-15T09:00:00+03:00,OZ,0.0077
2022-09-15T09:00:00+03:00,NO,0.014
2022-09-15T10:00:00+03:00,NO2,0.02
2022-09-15T10:00:00+03:00,CH4,1.43
2022-09-15T10:00:00+03:00,OZ,0.0082
2022-09-15T10:00:00+03:00,NO,0.017
2022-09-15T10:00:00+03:00,CO,0.3
2022-09-15T11:00:00+03:00,NO,0.012
2022-09-15T11:00:00+03:00,OZ,0.0174
2022-09-15T11:00:00+03:00,NO2,0.021
2022-09-15T11:00:00+03:00,CO,0.3
2022-09-15T11:00:00+03:00,CH4,1.43
2022-09-15T12:00:00+03:00,NO2,0.03
2022-09-15T12:00:00+03:00,CH4,1.44
2022-09-15T12:00:00+03:00,CO,0.53
2022-09-15T12:00:00+03:00,NO,0.034
2022-09-15T12:00:00+03:00,OZ,0.016
2022-09-15T13:00:00+03:00,NO2,0.03
2022-09-15T13:00:00+03:00,OZ,0.0038
2022-09-15T13:00:00+03:00,NO,0.058
2022-09-15T13:00:00+03:00,CH4,1.45
2022-09-15T13:00:00+03:00,CO,0.53
2022-09-15T14:00:00+03:00,CH4,1.45
2022-09-15T14:00:00+03:00,CO,0.53
2022-09-15T14:00:00+03:00,NO2,0.019
2022-09-15T14:00:00+03:00,NO,0.086
2022-09-15T14:00:00+03:00,OZ,0.003
2022-09-15T15:00:00+03:00,CH4,1.46
2022-09-15T15:00:00+03:00,NO,0.051
2022-09-15T15:00:00+03:00,OZ,0.0035
2022-09-15T15:00:00+03:00,CO,0.53
2022-09-15T15:00:00+03:00,NO2,0.021
2022-09-15T16:00:00+03:00,CH4,1.42
2022-09-15T16:00:00+03:00,OZ,0.0051
2022-09-15T16:00:00+03:00,NO2,0.024
2022-09-15T16:00:00+03:00,NO,0.043
2022-09-15T16:00:00+03:00,CO,0.53
2022-09-15T17:00:00+03:00,CH4,1.42
2022-09-15T17:00:00+03:00,CO,0.6
2022-09-15T17:00:00+03:00,NO,0.05
2022-09-15T17:00:00+03:00,OZ,0.0054
2022-09-15T17:00:00+03:00,NO2,0.031
2022-09-15T18:00:00+03:00,NO,0.056
2022-09-15T18:00:00+03:00,NO2,0.034
2022-09-15T18:00:00+03:00,OZ,0.0035
2022-09-15T18:00:00+03:00,CH4,1.41
2022-09-15T18:00:00+03:00,CO,0.63
2022-09-15T19:00:00+03:00,NO2,0.032
2022-09-15T19:00:00+03:00,CH4,1.41
2022-09-15T19:00:00+03:00,NO,0.067
2022-09-15T19:00:00+03:00,OZ,0.0029
2022-09-15T19:00:00+03:00,CO,0.8
2022-09-15T20:00:00+03:00,OZ,0.0029
2022-09-15T20:00:00+03:00,NO2,0.037
2022-09-15T20:00:00+03:00,NO,0.057
2022-09-15T20:00:00+03:00,CH4,1.41
2022-09-15T20:00:00+03:00,CO,0.6
2022-09-15T21:00:00+03:00,NO,0.104
2022-09-15T21:00:00+03:00,CO,0.93
2022-09-15T21:00:00+03:00,NO2,0.036
2022-09-15T21:00:00+03:00,CH4,1.42
2022-09-15T21:00:00+03:00,OZ,0.0029
2022-09-15T22:00:00+03:00,CO,0.8
2022-09-15T22:00:00+03:00,CH4,1.43
2022-09-15T22:00:00+03:00,NO2,0.036
2022-09-15T22:00:00+03:00,OZ,0.0026
2022-09-15T22:00:00+03:00,NO,0.077
2022-09-15T23:00:00+03:00,CO,1.5
2022-09-15T23:00:00+03:00,NO2,0.036
2022-09-15T23:00:00+03:00,CH4,1.45
2022-09-15T23:00:00+03:00,NO,0.174
2022-09-15T23:00:00+03:00,OZ,0.0029
2022-09-16T00:00:00+03:00,NO2,0.034
2022-09-16T00:00:00+03:00,CO,1.2
2022-09-16T00:00:00+03:00,CH4,1.49
2022-09-16T00:00:00+03:00,OZ,0.0026
2022-09-16T00:00:00+03:00,NO,0.155
2022-09-16T01:00:00+03:00,NO,0.128
2022-09-16T01:00:00+03:00,CH4,1.52
2022-09-16T01:00:00+03:00,CO,0.97
2022-09-16T01:00:00+03:00,NO2,0.03
2022-09-16T01:00:00+03:00,OZ,0.0027
2022-09-16T02:00:00+03:00,CH4,1.55
2022-09-16T02:00:00+03:00,OZ,0.0026
2022-09-16T02:00:00+03:00,NO,0.117
2022-09-16T02:00:00+03:00,CO,0.8
2022-09-16T02:00:00+03:00,NO2,0.027
2022-09-16T03:00:00+03:00,OZ,0.0026
2022-09-16T03:00:00+03:00,CO,0.63
2022-09-16T03:00:00+03:00,NO,0.101
2022-09-16T03:00:00+03:00,NO2,0.025
2022-09-16T03:00:00+03:00,CH4,1.58
2022-09-16T04:00:00+03:00,OZ,0.0029
2022-09-16T04:00:00+03:00,NO,0.093
2022-09-16T04:00:00+03:00,CH4,1.57
2022-09-16T04:00:00+03:00,NO2,0.024
2022-09-16T04:00:00+03:00,CO,0.53
2022-09-16T05:00:00+03:00,CO,0.43
2022-09-16T05:00:00+03:00,NO,0.072
2022-09-16T05:00:00+03:00,CH4,1.57
2022-09-16T05:00:00+03:00,OZ,0.0027
2022-09-16T05:00:00+03:00,NO2,0.023
2022-09-16T06:00:00+03:00,CO,0.33
2022-09-16T06:00:00+03:00,NO2,0.022
2022-09-16T06:00:00+03:00,OZ,0.0025
2022-09-16T06:00:00+03:00,CH4,1.57
2022-09-16T06:00:00+03:00,NO,0.066
2022-09-16T07:00:00+03:00,CO,0.33
2022-09-16T07:00:00+03:00,CH4,1.57
2022-09-16T07:00:00+03:00,OZ,0.0027
2022-09-16T07:00:00+03:00,NO,0.069
2022-09-16T07:00:00+03:00,NO2,0.022
2022-09-16T08:00:00+03:00,CO,0.47
2022-09-16T08:00:00+03:00,NO2,0.027
2022-09-16T08:00:00+03:00,OZ,0.0025
2022-09-16T08:00:00+03:00,NO,0.08
2022-09-16T08:00:00+03:00,CH4,1.57
2022-09-16T09:00:00+03:00,NO,0.088
2022-09-16T09:00:00+03:00,CH4,1.56
2022-09-16T09:00:00+03:00,CO,0.67
2022-09-16T09:00:00+03:00,NO2,0.035
2022-09-16T09:00:00+03:00,OZ,0.0025
2022-09-16T10:00:00+03:00,OZ,0.0029
2022-09-16T10:00:00+03:00,NO,0.059
2022-09-16T10:00:00+03:00,CO,0.43
2022-09-16T10:00:00+03:00,CH4,1.52
2022-09-16T10:00:00+03:00,NO2,0.041
2022-09-16T11:00:00+03:00,CO,0.5
2022-09-16T11:00:00+03:00,NO,0.055
2022-09-16T11:00:00+03:00,OZ,0.0036
2022-09-16T11:00:00+03:00,NO2,0.044
2022-09-16T11:00:00+03:00,CH4,1.55
2022-09-16T12:00:00+03:00,OZ,0.0057
2022-09-16T12:00:00+03:00,NO,0.053
2022-09-16T12:00:00+03:00,CH4,1.54
2022-09-16T12:00:00+03:00,CO,0.63
2022-09-16T12:00:00+03:00,NO2,0.051
2022-09-16T13:00:00+03:00,CO,0.3
2022-09-16T13:00:00+03:00,OZ,0.0178
2022-09-16T13:00:00+03:00,NO2,0.047
2022-09-16T13:00:00+03:00,NO,0.024
2022-09-16T13:00:00+03:00,CH4,1.47
2022-09-16T14:00:00+03:00,CO,0.17
2022-09-16T14:00:00+03:00,OZ,0.0282
2022-09-16T14:00:00+03:00,NO,0.018
2022-09-16T14:00:00+03:00,CH4,1.44
2022-09-16T14:00:00+03:00,NO2,0.036
2022-09-16T15:00:00+03:00,NO2,0.038
2022-09-16T15:00:00+03:00,CO,0.2
2022-09-16T15:00:00+03:00,OZ,0.0247
2022-09-16T15:00:00+03:00,NO,0.013
2022-09-16T15:00:00+03:00,CH4,1.42
2022-09-16T16:00:00+03:00,NO2,0.035
2022-09-16T16:00:00+03:00,CO,0.07
2022-09-16T16:00:00+03:00,NO,0.007
2022-09-16T16:00:00+03:00,CH4,1.4
2022-09-16T16:00:00+03:00,OZ,0.0266
2022-09-16T17:00:00+03:00,CH4,1.4
2022-09-16T17:00:00+03:00,OZ,0.0053
2022-09-16T17:00:00+03:00,CO,0.33
2022-09-16T17:00:00+03:00,NO,0.014
2022-09-16T17:00:00+03:00,NO2,0.049
2022-09-16T18:00:00+03:00,CH4,1.38
2022-09-16T18:00:00+03:00,OZ,0.0195
2022-09-16T18:00:00+03:00,NO,0.017
2022-09-16T18:00:00+03:00,CO,0.47
2022-09-16T18:00:00+03:00,NO2,0.046
2022-09-16T19:00:00+03:00,CH4,1.37
2022-09-16T19:00:00+03:00,NO,0.005
2022-09-16T19:00:00+03:00,CO,0.37
2022-09-16T19:00:00+03:00,NO2,0.038
2022-09-16T19:00:00+03:00,OZ,0.0259
2022-09-16T20:00:00+03:00,OZ,0.0161
2022-09-16T20:00:00+03:00,NO,0.011
2022-09-16T20:00:00+03:00,NO2,0.045
2022-09-16T20:00:00+03:00,CH4,1.38
2022-09-16T20:00:00+03:00,CO,0.5
2022-09-16T21:00:00+03:00,CH4,1.4
2022-09-16T21:00:00+03:00,NO2,0.047
2022-09-16T21:00:00+03:00,OZ,0.0071
2022-09-16T21:00:00+03:00,CO,0.63
2022-09-16T21:00:00+03:00,NO,0.026
2022-09-16T22:00:00+03:00,CH4,1.41
2022-09-16T22:00:00+03:00,NO,0.035
2022-09-16T22:00:00+03:00,OZ,0.0032
2022-09-16T22:00:00+03:00,NO2,0.046
2022-09-16T22:00:00+03:00,CO,0.67
2022-09-16T23:00:00+03:00,NO2,0.041
2022-09-16T23:00:00+03:00,CO,0.67
2022-09-16T23:00:00+03:00,OZ,0.003
2022-09-16T23:00:00+03:00,NO,0.04
2022-09-16T23:00:00+03:00,CH4,1.41
2022-09-17T00:00:00+03:00,NO,0.046
2022-09-17T00:00:00+03:00,NO2,0.039
2022-09-17T00:00:00+03:00,OZ,0.0027
2022-09-17T00:00:00+03:00,CO,0.37
2022-09-17T00:00:00+03:00,CH4,1.41
2022-09-17T01:00:00+03:00,OZ,0.0037
2022-09-17T01:00:00+03:00,NO2,0.035
2022-09-17T01:00:00+03:00,CO,0.27
2022-09-17T01:00:00+03:00,CH4,1.42
2022-09-17T01:00:00+03:00,NO,0.038
2022-09-17T02:00:00+03:00,NO2,0.024
2022-09-17T02:00:00+03:00,CO,0.03
2022-09-17T02:00:00+03:00,OZ,0.012
2022-09-17T02:00:00+03:00,NO,0.014
2022-09-17T02:00:00+03:00,CH4,1.4
2022-09-17T03:00:00+03:00,NO,0.016
2022-09-17T03:00:00+03:00,OZ,0.0052
2022-09-17T03:00:00+03:00,CH4,1.4
2022-09-17T03:00:00+03:00,CO,0.1
2022-09-17T03:00:00+03:00,NO2,0.026
2022-09-17T04:00:00+03:00,NO,0.011
2022-09-17T04:00:00+03:00,NO2,0.023
2022-09-17T04:00:00+03:00,CO,0.03
2022-09-17T04:00:00+03:00,OZ,0.0069
2022-09-17T04:00:00+03:00,CH4,1.41
2022-09-17T05:00:00+03:00,CH4,1.42
2022-09-17T05:00:00+03:00,NO2,0.02
2022-09-17T05:00:00+03:00,NO,0.014
2022-09-17T05:00:00+03:00,OZ,0.007
2022-09-17T05:00:00+03:00,CO,0.07
2022-09-17T06:00:00+03:00,NO,0.017
2022-09-17T06:00:00+03:00,CO,0.03
2022-09-17T06:00:00+03:00,CH4,1.42
2022-09-17T06:00:00+03:00,OZ,0.0083
2022-09-17T06:00:00+03:00,NO2,0.021
2022-09-17T07:00:00+03:00,NO2,0.025
2022-09-17T07:00:00+03:00,NO,0.014
2022-09-17T07:00:00+03:00,OZ,0.0065
2022-09-17T07:00:00+03:00,CO,0.03
2022-09-17T07:00:00+03:00,CH4,1.42
2022-09-17T08:00:00+03:00,OZ,
2022-09-17T08:00:00+03:00,NO,
2022-09-17T08:00:00+03:00,CH4,
2022-09-17T08:00:00+03:00,NO2,
2022-09-17T08:00:00+03:00,CO,
2022-09-17T09:00:00+03:00,NO2,0.025
2022-09-17T09:00:00+03:00,CO,0.03
2022-09-17T09:00:00+03:00,OZ,0.0171
2022-09-17T09:00:00+03:00,CH4,1.38
2022-09-17T09:00:00+03:00,NO,0.016
2022-09-17T10:00:00+03:00,NO,0.036
2022-09-17T10:00:00+03:00,OZ,0.0147
2022-09-17T10:00:00+03:00,NO2,0.047
2022-09-17T10:00:00+03:00,CH4,1.39
2022-09-17T10:00:00+03:00,CO,0.2
2022-09-17T11:00:00+03:00,NO2,0.034
2022-09-17T11:00:00+03:00,CH4,1.39
2022-09-17T11:00:00+03:00,CO,0.07
2022-09-17T11:00:00+03:00,NO,0.019
2022-09-17T11:00:00+03:00,OZ,0.0253
2022-09-17T12:00:00+03:00,NO,0.011
2022-09-17T12:00:00+03:00,NO2,0.021
2022-09-17T12:00:00+03:00,CO,0
2022-09-17T12:00:00+03:00,OZ,0.0405
2022-09-17T12:00:00+03:00,CH4,1.38
2022-09-17T13:00:00+03:00,NO2,0.014
2022-09-17T13:00:00+03:00,OZ,0.055
2022-09-17T13:00:00+03:00,NO,0.01
2022-09-17T13:00:00+03:00,CO,0
2022-09-17T13:00:00+03:00,CH4,1.39
2022-09-17T14:00:00+03:00,CO,0
2022-09-17T14:00:00+03:00,CH4,1.38
2022-09-17T14:00:00+03:00,OZ,0.0586
2022-09-17T14:00:00+03:00,NO2,0.014
2022-09-17T14:00:00+03:00,NO,0.009
2022-09-17T15:00:00+03:00,NO,0.012
2022-09-17T15:00:00+03:00,CH4,1.37
2022-09-17T15:00:00+03:00,OZ,0.0585
2022-09-17T15:00:00+03:00,NO2,0.018
2022-09-17T15:00:00+03:00,CO,0
2022-09-17T16:00:00+03:00,CO,0
2022-09-17T16:00:00+03:00,NO,0.013
2022-09-17T16:00:00+03:00,OZ,0.0566
2022-09-17T16:00:00+03:00,NO2,0.021
2022-09-17T16:00:00+03:00,CH4,1.37
2022-09-17T17:00:00+03:00,CO,0.03
2022-09-17T17:00:00+03:00,CH4,1.37
2022-09-17T17:00:00+03:00,OZ,0.0456
2022-09-17T17:00:00+03:00,NO,0.013
2022-09-17T17:00:00+03:00,NO2,0.029
2022-09-17T18:00:00+03:00,NO2,0.03
2022-09-17T18:00:00+03:00,NO,0.015
2022-09-17T18:00:00+03:00,CO,0.03
2022-09-17T18:00:00+03:00,OZ,0.0443
2022-09-17T18:00:00+03:00,CH4,1.37
2022-09-17T19:00:00+03:00,CO,0.1
2022-09-17T19:00:00+03:00,OZ,0.0136
2022-09-17T19:00:00+03:00,NO2,0.042
2022-09-17T19:00:00+03:00,CH4,1.36
2022-09-17T19:00:00+03:00,NO,0.01
2022-09-17T20:00:00+03:00,CO,0.27
2022-09-17T20:00:00+03:00,NO2,0.051
2022-09-17T20:00:00+03:00,OZ,0.0054
2022-09-17T20:00:00+03:00,NO,0.016
2022-09-17T20:00:00+03:00,CH4,1.39
2022-09-17T21:00:00+03:00,NO,0.031
2022-09-17T21:00:00+03:00,CH4,1.4
2022-09-17T21:00:00+03:00,CO,0.33
2022-09-17T21:00:00+03:00,OZ,0.005
2022-09-17T21:00:00+03:00,NO2,0.056
2022-09-17T22:00:00+03:00,NO2,0.05
2022-09-17T22:00:00+03:00,CO,0.17
2022-09-17T22:00:00+03:00,CH4,1.4
2022-09-17T22:00:00+03:00,OZ,0.0136
2022-09-17T22:00:00+03:00,NO,0.016
2022-09-17T23:00:00+03:00,CH4,1.4
2022-09-17T23:00:00+03:00,OZ,0.0094
2022-09-17T23:00:00+03:00,CO,0.23
2022-09-17T23:00:00+03:00,NO,0.021
2022-09-17T23:00:00+03:00,NO2,0.051
2022-09-18T00:00:00+03:00,CH4,1.4
2022-09-18T00:00:00+03:00,OZ,0.0173
2022-09-18T00:00:00+03:00,CO,0.13
2022-09-18T00:00:00+03:00,NO2,0.039
2022-09-18T00:00:00+03:00,NO,0.013
2022-09-18T01:00:00+03:00,OZ,0.0101
2022-09-18T01:00:00+03:00,CH4,1.42
2022-09-18T01:00:00+03:00,NO,0.008
2022-09-18T01:00:00+03:00,NO2,0.039
2022-09-18T01:00:00+03:00,CO,0.1
2022-09-18T02:00:00+03:00,CO,0.03
2022-09-18T02:00:00+03:00,CH4,1.42
2022-09-18T02:00:00+03:00,NO,0.004
2022-09-18T02:00:00+03:00,OZ,0.0145
2022-09-18T02:00:00+03:00,NO2,0.03
2022-09-18T03:00:00+03:00,NO,0.002
2022-09-18T03:00:00+03:00,NO2,0.023
2022-09-18T03:00:00+03:00,OZ,0.0168
2022-09-18T03:00:00+03:00,CH4,1.4
2022-09-18T03:00:00+03:00,CO,0
2022-09-18T04:00:00+03:00,NO2,0.025
2022-09-18T04:00:00+03:00,OZ,0.014
2022-09-18T04:00:00+03:00,NO,0.003
2022-09-18T04:00:00+03:00,CH4,1.4
2022-09-18T04:00:00+03:00,CO,0.03
2022-09-18T05:00:00+03:00,NO,0.006
2022-09-18T05:00:00+03:00,NO2,0.032
2022-09-18T05:00:00+03:00,CH4,1.42
2022-09-18T05:00:00+03:00,CO,0.03
2022-09-18T05:00:00+03:00,OZ,0.006
2022-09-18T06:00:00+03:00,CO,0.1
2022-09-18T06:00:00+03:00,CH4,1.44
2022-09-18T06:00:00+03:00,NO2,0.032
2022-09-18T06:00:00+03:00,OZ,0.0026
2022-09-18T06:00:00+03:00,NO,0.034
2022-09-18T07:00:00+03:00,NO2,0.026
2022-09-18T07:00:00+03:00,NO,0.028
2022-09-18T07:00:00+03:00,CO,0.1
2022-09-18T07:00:00+03:00,OZ,0.0027
2022-09-18T07:00:00+03:00,CH4,1.44
2022-09-18T08:00:00+03:00,OZ,0.0033
2022-09-18T08:00:00+03:00,CO,0.17
2022-09-18T08:00:00+03:00,NO2,0.026
2022-09-18T08:00:00+03:00,NO,0.035
2022-09-18T08:00:00+03:00,CH4,1.49
2022-09-18T09:00:00+03:00,OZ,0.0058
2022-09-18T09:00:00+03:00,CH4,1.49
2022-09-18T09:00:00+03:00,NO2,0.033
2022-09-18T09:00:00+03:00,NO,0.047
2022-09-18T09:00:00+03:00,CO,0.3
2022-09-18T10:00:00+03:00,NO2,0.036
2022-09-18T10:00:00+03:00,OZ,0.0111
2022-09-18T10:00:00+03:00,CH4,1.44
2022-09-18T10:00:00+03:00,CO,0.2
2022-09-18T10:00:00+03:00,NO,0.029
2022-09-18T11:00:00+03:00,NO2,0.034
2022-09-18T11:00:00+03:00,CH4,1.4
2022-09-18T11:00:00+03:00,OZ,0.0254
2022-09-18T11:00:00+03:00,CO,0.2
2022-09-18T11:00:00+03:00,NO,0.017
2022-09-18T12:00:00+03:00,CH4,1.4
2022-09-18T12:00:00+03:00,NO2,0.033
2022-09-18T12:00:00+03:00,OZ,0.0281
2022-09-18T12:00:00+03:00,NO,0.015
2022-09-18T12:00:00+03:00,CO,0.17
2022-09-18T13:00:00+03:00,CH4,1.43
2022-09-18T13:00:00+03:00,CO,0.03
2022-09-18T13:00:00+03:00,NO2,0.026
2022-09-18T13:00:00+03:00,NO,0.011
2022-09-18T13:00:00+03:00,OZ,0.0342
2022-09-18T14:00:00+03:00,NO,0.005
2022-09-18T14:00:00+03:00,CO,0
2022-09-18T14:00:00+03:00,NO2,0.018
2022-09-18T14:00:00+03:00,OZ,0.0409
2022-09-18T14:00:00+03:00,CH4,1.42
2022-09-18T15:00:00+03:00,OZ,0.0411
2022-09-18T15:00:00+03:00,CO,0.07
2022-09-18T15:00:00+03:00,CH4,1.43
2022-09-18T15:00:00+03:00,NO,0.005
2022-09-18T15:00:00+03:00,NO2,0.015
2022-09-18T16:00:00+03:00,NO,0.007
2022-09-18T16:00:00+03:00,CO,0.17
2022-09-18T16:00:00+03:00,CH4,1.41
2022-09-18T16:00:00+03:00,OZ,0.0265
2022-09-18T16:00:00+03:00,NO2,0.025
2022-09-18T17:00:00+03:00,NO,0.01
2022-09-18T17:00:00+03:00,NO2,0.027
2022-09-18T17:00:00+03:00,CH4,1.41
2022-09-18T17:00:00+03:00,CO,0.27
2022-09-18T17:00:00+03:00,OZ,0.0237
2022-09-18T18:00:00+03:00,OZ,0.0236
2022-09-18T18:00:00+03:00,CH4,1.4
2022-09-18T18:00:00+03:00,NO,0.008
2022-09-18T18:00:00+03:00,NO2,0.028
2022-09-18T18:00:00+03:00,CO,0.3
2022-09-18T19:00:00+03:00,NO,0.007
2022-09-18T19:00:00+03:00,CO,0.43
2022-09-18T19:00:00+03:00,CH4,1.4
2022-09-18T19:00:00+03:00,NO2,0.025
2022-09-18T19:00:00+03:00,OZ,0.0207
2022-09-18T20:00:00+03:00,OZ,0.0231
2022-09-18T20:00:00+03:00,CO,0.23
2022-09-18T20:00:00+03:00,NO,0.005
2022-09-18T20:00:00+03:00,CH4,1.38
2022-09-18T20:00:00+03:00,NO2,0.019
2022-09-18T21:00:00+03:00,CO,0.23
2022-09-18T21:00:00+03:00,CH4,1.37
2022-09-18T21:00:00+03:00,OZ,0.0254
2022-09-18T21:00:00+03:00,NO,0.005
2022-09-18T21:00:00+03:00,NO2,0.014
2022-09-18T22:00:00+03:00,CH4,1.37
2022-09-18T22:00:00+03:00,CO,0.2
2022-09-18T22:00:00+03:00,OZ,0.0242
2022-09-18T22:00:00+03:00,NO,0.005
2022-09-18T22:00:00+03:00,NO2,0.015
2022-09-18T23:00:00+03:00,NO2,0.015
2022-09-18T23:00:00+03:00,OZ,0.0233
2022-09-18T23:00:00+03:00,CO,0.3
2022-09-18T23:00:00+03:00,CH4,1.41
2022-09-18T23:00:00+03:00,NO,0.004
2022-09-19T00:00:00+03:00,NO,0.002
2022-09-19T00:00:00+03:00,NO2,0.011
2022-09-19T00:00:00+03:00,CH4,1.47
2022-09-19T00:00:00+03:00,OZ,0.0248
2022-09-19T00:00:00+03:00,CO,0.13
2022-09-19T01:00:00+03:00,NO,0.003
2022-09-19T01:00:00+03:00,CH4,1.43
2022-09-19T01:00:00+03:00,NO2,0.01
2022-09-19T01:00:00+03:00,OZ,0.0246
2022-09-19T01:00:00+03:00,CO,0.1
2022-09-19T02:00:00+03:00,CO,0.1
2022-09-19T02:00:00+03:00,OZ,0.0237
2022-09-19T02:00:00+03:00,NO2,0.007
2022-09-19T02:00:00+03:00,CH4,1.4
2022-09-19T02:00:00+03:00,NO,0.002
2022-09-19T03:00:00+03:00,CH4,1.4
2022-09-19T03:00:00+03:00,NO2,0.008
2022-09-19T03:00:00+03:00,NO,0.001
2022-09-19T03:00:00+03:00,OZ,0.0253
2022-09-19T03:00:00+03:00,CO,0.1
2022-09-19T04:00:00+03:00,OZ,0.033
2022-09-19T04:00:00+03:00,NO,0.002
2022-09-19T04:00:00+03:00,CO,0.13
2022-09-19T04:00:00+03:00,NO2,0.007
2022-09-19T04:00:00+03:00,CH4,1.42
2022-09-19T05:00:00+03:00,NO2,0.007
2022-09-19T05:00:00+03:00,CH4,1.42
2022-09-19T05:00:00+03:00,NO,0.002
2022-09-19T05:00:00+03:00,OZ,0.0338
2022-09-19T05:00:00+03:00,CO,0.1
2022-09-19T06:00:00+03:00,NO,0.002
2022-09-19T06:00:00+03:00,NO2,0.01
2022-09-19T06:00:00+03:00,OZ,0.0308
2022-09-19T06:00:00+03:00,CO,0.07
2022-09-19T06:00:00+03:00,CH4,1.42
2022-09-19T07:00:00+03:00,NO,0.006
2022-09-19T07:00:00+03:00,OZ,0.0248
2022-09-19T07:00:00+03:00,CH4,1.4
2022-09-19T07:00:00+03:00,CO,0.17
2022-09-19T07:00:00+03:00,NO2,0.02
2022-09-19T08:00:00+03:00,NO,0.01
2022-09-19T08:00:00+03:00,CO,0.17
2022-09-19T08:00:00+03:00,OZ,0.0304
2022-09-19T08:00:00+03:00,CH4,1.38
2022-09-19T08:00:00+03:00,NO2,0.024
2022-09-19T09:00:00+03:00,CH4,1.39
2022-09-19T09:00:00+03:00,NO,0.013
2022-09-19T09:00:00+03:00,NO2,0.026
2022-09-19T09:00:00+03:00,OZ,0.0352
2022-09-19T09:00:00+03:00,CO,0.13
2022-09-19T10:00:00+03:00,NO2,0.018
2022-09-19T10:00:00+03:00,CO,0.1
2022-09-19T10:00:00+03:00,NO,0.012
2022-09-19T10:00:00+03:00,CH4,1.37
2022-09-19T10:00:00+03:00,OZ,0.0373
2022-09-19T11:00:00+03:00,CH4,1.37
2022-09-19T11:00:00+03:00,NO2,0.022
2022-09-19T11:00:00+03:00,OZ,0.0381
2022-09-19T11:00:00+03:00,CO,0.27
2022-09-19T11:00:00+03:00,NO,0.015
2022-09-19T12:00:00+03:00,CH4,1.37
2022-09-19T12:00:00+03:00,CO,0.53
2022-09-19T12:00:00+03:00,OZ,0.0388
2022-09-19T12:00:00+03:00,NO,0.011
2022-09-19T12:00:00+03:00,NO2,0.023
2022-09-19T13:00:00+03:00,CH4,1.38
2022-09-19T13:00:00+03:00,CO,0.47
2022-09-19T13:00:00+03:00,OZ,0.0401
2022-09-19T13:00:00+03:00,NO,0.014
2022-09-19T13:00:00+03:00,NO2,0.023
2022-09-19T14:00:00+03:00,CO,0.5
2022-09-19T14:00:00+03:00,NO2,0.025
2022-09-19T14:00:00+03:00,CH4,1.39
2022-09-19T14:00:00+03:00,OZ,0.0315
2022-09-19T14:00:00+03:00,NO,0.016
2022-09-19T15:00:00+03:00,OZ,0.0267
2022-09-19T15:00:00+03:00,NO,0.013
2022-09-19T15:00:00+03:00,NO2,0.022
2022-09-19T15:00:00+03:00,CO,0.47
2022-09-19T15:00:00+03:00,CH4,1.4
2022-09-19T16:00:00+03:00,NO,0.011
2022-09-19T16:00:00+03:00,OZ,0.0307
2022-09-19T16:00:00+03:00,NO2,0.021
2022-09-19T16:00:00+03:00,CO,0.47
2022-09-19T16:00:00+03:00,CH4,1.42
2022-09-19T17:00:00+03:00,CO,0.5
2022-09-19T17:00:00+03:00,NO2,0.022
2022-09-19T17:00:00+03:00,CH4,1.42
2022-09-19T17:00:00+03:00,OZ,0.0306
2022-09-19T17:00:00+03:00,NO,0.013
2022-09-19T18:00:00+03:00,OZ,0.0287
2022-09-19T18:00:00+03:00,NO,0.014
2022-09-19T18:00:00+03:00,CH4,1.4
2022-09-19T18:00:00+03:00,CO,0.53
2022-09-19T18:00:00+03:00,NO2,0.024
2022-09-19T19:00:00+03:00,NO2,0.025
2022-09-19T19:00:00+03:00,CH4,1.4
2022-09-19T19:00:00+03:00,OZ,0.0299
2022-09-19T19:00:00+03:00,CO,0.47
2022-09-19T19:00:00+03:00,NO,0.017
2022-09-19T20:00:00+03:00,NO2,0.021
2022-09-19T20:00:00+03:00,CO,0.47
2022-09-19T20:00:00+03:00,NO,0.011
2022-09-19T20:00:00+03:00,CH4,1.4
2022-09-19T20:00:00+03:00,OZ,0.0331
2022-09-19T21:00:00+03:00,NO2,0.019
2022-09-19T21:00:00+03:00,NO,0.013
2022-09-19T21:00:00+03:00,CH4,1.4
2022-09-19T21:00:00+03:00,OZ,0.0394
2022-09-19T21:00:00+03:00,CO,0.5
2022-09-19T22:00:00+03:00,OZ,0.0388
2022-09-19T22:00:00+03:00,CO,0.43
2022-09-19T22:00:00+03:00,NO,0.008
2022-09-19T22:00:00+03:00,CH4,1.39
2022-09-19T22:00:00+03:00,NO2,0.013
2022-09-19T23:00:00+03:00,NO2,0.011
2022-09-19T23:00:00+03:00,NO,0.004
2022-09-19T23:00:00+03:00,CO,0.27
2022-09-19T23:00:00+03:00,CH4,1.38
2022-09-19T23:00:00+03:00,OZ,0.0424
2022-09-20T00:00:00+03:00,CH4,1.38
2022-09-20T00:00:00+03:00,NO,0.006
2022-09-20T00:00:00+03:00,NO2,0.007
2022-09-20T00:00:00+03:00,OZ,0.048
2022-09-20T00:00:00+03:00,CO,0.03
2022-09-20T01:00:00+03:00,NO,0.005
2022-09-20T01:00:00+03:00,CH4,1.39
2022-09-20T01:00:00+03:00,CO,0
2022-09-20T01:00:00+03:00,OZ,0.0508
2022-09-20T01:00:00+03:00,NO2,0.003
2022-09-20T02:00:00+03:00,CH4,1.38
2022-09-20T02:00:00+03:00,NO,0.002
2022-09-20T02:00:00+03:00,OZ,0.0462
2022-09-20T02:00:00+03:00,NO2,0.002
2022-09-20T02:00:00+03:00,CO,0
2022-09-20T03:00:00+03:00,CO,0
2022-09-20T03:00:00+03:00,OZ,0.0451
2022-09-20T03:00:00+03:00,NO2,0
2022-09-20T03:00:00+03:00,CH4,1.39
2022-09-20T03:00:00+03:00,NO,0.002
2022-09-20T04:00:00+03:00,NO2,0.001
2022-09-20T04:00:00+03:00,NO,0.002
2022-09-20T04:00:00+03:00,OZ,0.045
2022-09-20T04:00:00+03:00,CH4,1.39
2022-09-20T04:00:00+03:00,CO,0
2022-09-20T05:00:00+03:00,NO2,0.001
2022-09-20T05:00:00+03:00,OZ,0.0443
2022-09-20T05:00:00+03:00,NO,0.003
2022-09-20T05:00:00+03:00,CO,0
2022-09-20T05:00:00+03:00,CH4,1.39
2022-09-20T06:00:00+03:00,NO,0.003
2022-09-20T06:00:00+03:00,CH4,1.38
2022-09-20T06:00:00+03:00,NO2,0.002
2022-09-20T06:00:00+03:00,CO,0
2022-09-20T06:00:00+03:00,OZ,0.0407
2022-09-20T07:00:00+03:00,NO,0.006
2022-09-20T07:00:00+03:00,OZ,0.0355
2022-09-20T07:00:00+03:00,CO,0
2022-09-20T07:00:00+03:00,CH4,1.39
2022-09-20T07:00:00+03:00,NO2,0.006
2022-09-20T08:00:00+03:00,NO,0.008
2022-09-20T08:00:00+03:00,CO,0.07
2022-09-20T08:00:00+03:00,NO2,0.014
2022-09-20T08:00:00+03:00,CH4,1.39
2022-09-20T08:00:00+03:00,OZ,0.026
2022-09-20T09:00:00+03:00,CH4,1.4
2022-09-20T09:00:00+03:00,NO,0.015
2022-09-20T09:00:00+03:00,OZ,0.0222
2022-09-20T09:00:00+03:00,NO2,0.018
2022-09-20T09:00:00+03:00,CO,0.1
2022-09-20T10:00:00+03:00,NO2,0.014
2022-09-20T10:00:00+03:00,CH4,1.39
2022-09-20T10:00:00+03:00,NO,0.014
2022-09-20T10:00:00+03:00,OZ,0.0262
2022-09-20T10:00:00+03:00,CO,0.1
2022-09-20T11:00:00+03:00,CH4,1.39
2022-09-20T11:00:00+03:00,CO,0.17
2022-09-20T11:00:00+03:00,NO,0.017
2022-09-20T11:00:00+03:00,OZ,0.027
2022-09-20T11:00:00+03:00,NO2,0.015
2022-09-20T12:00:00+03:00,NO2,0.018
2022-09-20T12:00:00+03:00,NO,0.015
2022-09-20T12:00:00+03:00,OZ,0.0263
2022-09-20T12:00:00+03:00,CO,0.3
2022-09-20T12:00:00+03:00,CH4,1.39
2022-09-20T13:00:00+03:00,NO,0.02
2022-09-20T13:00:00+03:00,CH4,1.38
2022-09-20T13:00:00+03:00,CO,0.27
2022-09-20T13:00:00+03:00,OZ,0.0289
2022-09-20T13:00:00+03:00,NO2,0.018
2022-09-20T14:00:00+03:00,OZ,0.0248
2022-09-20T14:00:00+03:00,NO2,0.019
2022-09-20T14:00:00+03:00,NO,0.016
2022-09-20T14:00:00+03:00,CO,0.2
2022-09-20T14:00:00+03:00,CH4,1.39
2022-09-20T15:00:00+03:00,NO,0.02
2022-09-20T15:00:00+03:00,CO,0.3
2022-09-20T15:00:00+03:00,CH4,1.39
2022-09-20T15:00:00+03:00,NO2,0.028
2022-09-20T15:00:00+03:00,OZ,0.0171
2022-09-20T16:00:00+03:00,NO,0.035
2022-09-20T16:00:00+03:00,CH4,1.4
2022-09-20T16:00:00+03:00,OZ,0.0123
2022-09-20T16:00:00+03:00,NO2,0.027
2022-09-20T16:00:00+03:00,CO,0.43
2022-09-20T17:00:00+03:00,CH4,1.39
2022-09-20T17:00:00+03:00,NO,0.049
2022-09-20T17:00:00+03:00,OZ,0.0059
2022-09-20T17:00:00+03:00,NO2,0.037
2022-09-20T17:00:00+03:00,CO,0.57
2022-09-20T18:00:00+03:00,OZ,0.0047
2022-09-20T18:00:00+03:00,CH4,1.4
2022-09-20T18:00:00+03:00,NO2,0.034
2022-09-20T18:00:00+03:00,NO,0.044
2022-09-20T18:00:00+03:00,CO,0.57
2022-09-20T19:00:00+03:00,CO,0.83
2022-09-20T19:00:00+03:00,NO2,0.037
2022-09-20T19:00:00+03:00,NO,0.085
2022-09-20T19:00:00+03:00,OZ,0.0034
2022-09-20T19:00:00+03:00,CH4,1.4
2022-09-20T20:00:00+03:00,CO,1.17
2022-09-20T20:00:00+03:00,NO2,0.037
2022-09-20T20:00:00+03:00,NO,0.121
2022-09-20T20:00:00+03:00,OZ,0.0032
2022-09-20T20:00:00+03:00,CH4,1.41
2022-09-20T21:00:00+03:00,OZ,0.0029
2022-09-20T21:00:00+03:00,NO,0.087
2022-09-20T21:00:00+03:00,NO2,0.038
2022-09-20T21:00:00+03:00,CO,0.8
2022-09-20T21:00:00+03:00,CH4,1.41
2022-09-20T22:00:00+03:00,CH4,1.41
2022-09-20T22:00:00+03:00,CO,0.63
2022-09-20T22:00:00+03:00,OZ,0.0028
2022-09-20T22:00:00+03:00,NO2,0.035
2022-09-20T22:00:00+03:00,NO,0.07
2022-09-20T23:00:00+03:00,OZ,0.0028
2022-09-20T23:00:00+03:00,CO,0.83
2022-09-20T23:00:00+03:00,CH4,1.42
2022-09-20T23:00:00+03:00,NO,0.104
2022-09-20T23:00:00+03:00,NO2,0.034
2022-09-21T00:00:00+03:00,NO2,0.03
2022-09-21T00:00:00+03:00,NO,0.127
2022-09-21T00:00:00+03:00,CH4,1.43
2022-09-21T00:00:00+03:00,CO,0.77
2022-09-21T00:00:00+03:00,OZ,0.0031
2022-09-21T01:00:00+03:00,CO,0.83
2022-09-21T01:00:00+03:00,CH4,1.44
2022-09-21T01:00:00+03:00,OZ,0.0029
2022-09-21T01:00:00+03:00,NO,0.149
2022-09-21T01:00:00+03:00,NO2,0.028
2022-09-21T02:00:00+03:00,CO,0.7
2022-09-21T02:00:00+03:00,NO2,0.022
2022-09-21T02:00:00+03:00,CH4,1.45
2022-09-21T02:00:00+03:00,NO,0.119
2022-09-21T02:00:00+03:00,OZ,0.0026
2022-09-21T03:00:00+03:00,CH4,1.45
2022-09-21T03:00:00+03:00,NO,0.153
2022-09-21T03:00:00+03:00,CO,0.83
2022-09-21T03:00:00+03:00,OZ,0.003
2022-09-21T03:00:00+03:00,NO2,0.018
2022-09-21T04:00:00+03:00,OZ,0.0025
2022-09-21T04:00:00+03:00,NO2,0.012
2022-09-21T04:00:00+03:00,CH4,1.46
2022-09-21T04:00:00+03:00,CO,0.77
2022-09-21T04:00:00+03:00,NO,0.144
2022-09-21T05:00:00+03:00,CO,0.73
2022-09-21T05:00:00+03:00,NO2,0.01
2022-09-21T05:00:00+03:00,OZ,0.0028
2022-09-21T05:00:00+03:00,CH4,1.49
2022-09-21T05:00:00+03:00,NO,0.146
2022-09-21T06:00:00+03:00,NO,0.234
2022-09-21T06:00:00+03:00,NO2,0.015
2022-09-21T06:00:00+03:00,CH4,1.54
2022-09-21T06:00:00+03:00,CO,1.13
2022-09-21T06:00:00+03:00,OZ,0.003
2022-09-21T07:00:00+03:00,NO,0.336
2022-09-21T07:00:00+03:00,OZ,0.0028
2022-09-21T07:00:00+03:00,CH4,1.59
2022-09-21T07:00:00+03:00,NO2,0.022
2022-09-21T07:00:00+03:00,CO,1.5
2022-09-21T08:00:00+03:00,CO,1.63
2022-09-21T08:00:00+03:00,OZ,0.003
2022-09-21T08:00:00+03:00,NO,0.371
2022-09-21T08:00:00+03:00,NO2,0.033
2022-09-21T08:00:00+03:00,CH4,1.63
2022-09-21T09:00:00+03:00,OZ,0.0029
2022-09-21T09:00:00+03:00,NO2,0.031
2022-09-21T09:00:00+03:00,CO,1
2022-09-21T09:00:00+03:00,CH4,1.63
2022-09-21T09:00:00+03:00,NO,0.153
2022-09-21T10:00:00+03:00,NO,0.087
2022-09-21T10:00:00+03:00,OZ,0.0035
2022-09-21T10:00:00+03:00,CH4,1.71
2022-09-21T10:00:00+03:00,NO2,0.037
2022-09-21T10:00:00+03:00,CO,0.4
2022-09-21T11:00:00+03:00,OZ,0.0042
2022-09-21T11:00:00+03:00,CO,0.4
2022-09-21T11:00:00+03:00,NO2,0.042
2022-09-21T11:00:00+03:00,NO,0.066
2022-09-21T11:00:00+03:00,CH4,1.55
2022-09-21T12:00:00+03:00,NO2,0.034
2022-09-21T12:00:00+03:00,OZ,0.0103
2022-09-21T12:00:00+03:00,NO,0.026
2022-09-21T12:00:00+03:00,CO,0.57
2022-09-21T12:00:00+03:00,CH4,1.47
2022-09-21T13:00:00+03:00,CO,0.47
2022-09-21T13:00:00+03:00,NO2,0.03
2022-09-21T13:00:00+03:00,NO,0.016
2022-09-21T13:00:00+03:00,CH4,1.45
2022-09-21T13:00:00+03:00,OZ,0.0162
2022-09-21T14:00:00+03:00,CO,0.3
2022-09-21T14:00:00+03:00,CH4,1.39
2022-09-21T14:00:00+03:00,NO2,0.017
2022-09-21T14:00:00+03:00,OZ,0.0365
2022-09-21T14:00:00+03:00,NO,0.007
2022-09-21T15:00:00+03:00,CH4,1.4
2022-09-21T15:00:00+03:00,OZ,0.0347
2022-09-21T15:00:00+03:00,NO,0.009
2022-09-21T15:00:00+03:00,NO2,0.015
2022-09-21T15:00:00+03:00,CO,0.23
2022-09-21T16:00:00+03:00,CO,0.33
2022-09-21T16:00:00+03:00,NO,0.008
2022-09-21T16:00:00+03:00,CH4,1.4
2022-09-21T16:00:00+03:00,NO2,0.026
2022-09-21T16:00:00+03:00,OZ,0.0234
2022-09-21T17:00:00+03:00,CH4,1.39
2022-09-21T17:00:00+03:00,CO,0.43
2022-09-21T17:00:00+03:00,OZ,0.0159
2022-09-21T17:00:00+03:00,NO,0.015
2022-09-21T17:00:00+03:00,NO2,0.032
2022-09-21T18:00:00+03:00,NO,0.009
2022-09-21T18:00:00+03:00,NO2,0.032
2022-09-21T18:00:00+03:00,CH4,1.44
2022-09-21T18:00:00+03:00,OZ,0.0151
2022-09-21T18:00:00+03:00,CO,0.4
2022-09-21T19:00:00+03:00,OZ,0.0081
2022-09-21T19:00:00+03:00,CO,0.47
2022-09-21T19:00:00+03:00,NO,0.012
2022-09-21T19:00:00+03:00,CH4,1.4
2022-09-21T19:00:00+03:00,NO2,0.034
2022-09-21T20:00:00+03:00,NO,0.014
2022-09-21T20:00:00+03:00,NO2,0.032
2022-09-21T20:00:00+03:00,CH4,1.42
2022-09-21T20:00:00+03:00,OZ,0.0045
2022-09-21T20:00:00+03:00,CO,0.57
2022-09-21T21:00:00+03:00,NO,0.013
2022-09-21T21:00:00+03:00,CO,0.57
2022-09-21T21:00:00+03:00,OZ,0.0066
2022-09-21T21:00:00+03:00,NO2,0.029
2022-09-21T21:00:00+03:00,CH4,1.43
2022-09-21T22:00:00+03:00,NO2,0.025
2022-09-21T22:00:00+03:00,NO,0.006
2022-09-21T22:00:00+03:00,CO,0.47
2022-09-21T22:00:00+03:00,OZ,0.0178
2022-09-21T22:00:00+03:00,CH4,1.4
2022-09-21T23:00:00+03:00,OZ,0.0063
2022-09-21T23:00:00+03:00,NO,0.007
2022-09-21T23:00:00+03:00,CO,0.37
2022-09-21T23:00:00+03:00,CH4,1.43
2022-09-21T23:00:00+03:00,NO2,0.025
2022-09-22T00:00:00+03:00,CH4,1.43
2022-09-22T00:00:00+03:00,CO,0.33
2022-09-22T00:00:00+03:00,NO,0.006
2022-09-22T00:00:00+03:00,OZ,0.0064
2022-09-22T00:00:00+03:00,NO2,0.022
2022-09-22T01:00:00+03:00,NO2,0.02
2022-09-22T01:00:00+03:00,OZ,0.0061
2022-09-22T01:00:00+03:00,CH4,1.43
2022-09-22T01:00:00+03:00,CO,0.2
2022-09-22T01:00:00+03:00,NO,0.005
2022-09-22T02:00:00+03:00,CH4,1.45
2022-09-22T02:00:00+03:00,NO,0.004
2022-09-22T02:00:00+03:00,OZ,0.0069
2022-09-22T02:00:00+03:00,NO2,0.019
2022-09-22T02:00:00+03:00,CO,0.17
2022-09-22T03:00:00+03:00,NO2,0.015
2022-09-22T03:00:00+03:00,OZ,0.0143
2022-09-22T03:00:00+03:00,CH4,1.42
2022-09-22T03:00:00+03:00,NO,0.003
2022-09-22T03:00:00+03:00,CO,0.2
2022-09-22T04:00:00+03:00,NO,0.002
2022-09-22T04:00:00+03:00,CH4,1.42
2022-09-22T04:00:00+03:00,NO2,0.012
2022-09-22T04:00:00+03:00,CO,0.2
2022-09-22T04:00:00+03:00,OZ,0.016
2022-09-22T05:00:00+03:00,CH4,1.42
2022-09-22T05:00:00+03:00,OZ,0.0159
2022-09-22T05:00:00+03:00,CO,0.17
2022-09-22T05:00:00+03:00,NO,0.003
2022-09-22T05:00:00+03:00,NO2,0.011
2022-09-22T06:00:00+03:00,CH4,1.41
2022-09-22T06:00:00+03:00,CO,0.17
2022-09-22T06:00:00+03:00,OZ,0.0191
2022-09-22T06:00:00+03:00,NO2,0.008
2022-09-22T06:00:00+03:00,NO,0.002
2022-09-22T07:00:00+03:00,CH4,1.41
2022-09-22T07:00:00+03:00,CO,0.2
2022-09-22T07:00:00+03:00,NO2,0.009
2022-09-22T07:00:00+03:00,OZ,0.0169
2022-09-22T07:00:00+03:00,NO,0.003
2022-09-22T08:00:00+03:00,NO,0.006
2022-09-22T08:00:00+03:00,OZ,0.0168
2022-09-22T08:00:00+03:00,CH4,1.41
2022-09-22T08:00:00+03:00,CO,0.27
2022-09-22T08:00:00+03:00,NO2,0.009
2022-09-22T09:00:00+03:00,NO,0.012
2022-09-22T09:00:00+03:00,NO2,0.014
2022-09-22T09:00:00+03:00,CO,0.3
2022-09-22T09:00:00+03:00,OZ,0.0149
2022-09-22T09:00:00+03:00,CH4,1.41
2022-09-22T10:00:00+03:00,CO,0.3
2022-09-22T10:00:00+03:00,CH4,1.41
2022-09-22T10:00:00+03:00,NO,0.007
2022-09-22T10:00:00+03:00,OZ,0.0226
2022-09-22T10:00:00+03:00,NO2,0.013
2022-09-22T11:00:00+03:00,CH4,1.42
2022-09-22T11:00:00+03:00,OZ,0.0172
2022-09-22T11:00:00+03:00,CO,0.4
2022-09-22T11:00:00+03:00,NO2,0.017
2022-09-22T11:00:00+03:00,NO,0.009
2022-09-22T12:00:00+03:00,CO,0.5
2022-09-22T12:00:00+03:00,NO,0.013
2022-09-22T12:00:00+03:00,CH4,1.42
2022-09-22T12:00:00+03:00,OZ,0.0116
2022-09-22T12:00:00+03:00,NO2,0.02
2022-09-22T13:00:00+03:00,CH4,1.44
2022-09-22T13:00:00+03:00,NO2,0.021
2022-09-22T13:00:00+03:00,CO,0.47
2022-09-22T13:00:00+03:00,NO,0.01
2022-09-22T13:00:00+03:00,OZ,0.0193
2022-09-22T14:00:00+03:00,CO,0.5
2022-09-22T14:00:00+03:00,NO2,0.021
2022-09-22T14:00:00+03:00,CH4,1.44
2022-09-22T14:00:00+03:00,OZ,0.0223
2022-09-22T14:00:00+03:00,NO,0.011
2022-09-22T15:00:00+03:00,OZ,0.0287
2022-09-22T15:00:00+03:00,NO2,0.023
2022-09-22T15:00:00+03:00,CH4,1.41
2022-09-22T15:00:00+03:00,NO,0.011
2022-09-22T15:00:00+03:00,CO,0.5
2022-09-22T16:00:00+03:00,CO,0.5
2022-09-22T16:00:00+03:00,OZ,0.0219
2022-09-22T16:00:00+03:00,NO2,0.029
2022-09-22T16:00:00+03:00,CH4,1.41
2022-09-22T16:00:00+03:00,NO,0.01
2022-09-22T17:00:00+03:00,OZ,0.0199
2022-09-22T17:00:00+03:00,CO,0.5
2022-09-22T17:00:00+03:00,NO,0.009
2022-09-22T17:00:00+03:00,NO2,0.033
2022-09-22T17:00:00+03:00,CH4,1.41
2022-09-22T18:00:00+03:00,OZ,0.0148
2022-09-22T18:00:00+03:00,CH4,1.41
2022-09-22T18:00:00+03:00,NO,0.011
2022-09-22T18:00:00+03:00,CO,0.57
2022-09-22T18:00:00+03:00,NO2,0.036
2022-09-22T19:00:00+03:00,CO,0.63
2022-09-22T19:00:00+03:00,NO2,0.043
2022-09-22T19:00:00+03:00,CH4,1.42
2022-09-22T19:00:00+03:00,NO,0.014
2022-09-22T19:00:00+03:00,OZ,0.0059
2022-09-22T20:00:00+03:00,NO2,0.04
2022-09-22T20:00:00+03:00,OZ,0.0039
2022-09-22T20:00:00+03:00,CH4,1.53
2022-09-22T20:00:00+03:00,CO,0.67
2022-09-22T20:00:00+03:00,NO,0.018
2022-09-22T21:00:00+03:00,NO,0.015
2022-09-22T21:00:00+03:00,CH4,1.58
2022-09-22T21:00:00+03:00,CO,0.6
2022-09-22T21:00:00+03:00,NO2,0.033
2022-09-22T21:00:00+03:00,OZ,0.0038
2022-09-22T22:00:00+03:00,NO2,0.029
2022-09-22T22:00:00+03:00,CO,0.7
2022-09-22T22:00:00+03:00,NO,0.038
2022-09-22T22:00:00+03:00,OZ,0.0026
2022-09-22T22:00:00+03:00,CH4,1.5
2022-09-22T23:00:00+03:00,CO,0.63
2022-09-22T23:00:00+03:00,CH4,1.45
2022-09-22T23:00:00+03:00,OZ,0.0027
2022-09-22T23:00:00+03:00,NO2,0.029
2022-09-22T23:00:00+03:00,NO,0.039
2022-09-23T00:00:00+03:00,NO,0.008
2022-09-23T00:00:00+03:00,CH4,1.44
2022-09-23T00:00:00+03:00,OZ,0.006
2022-09-23T00:00:00+03:00,CO,0.33
2022-09-23T00:00:00+03:00,NO2,0.023
2022-09-23T01:00:00+03:00,CH4,1.44
2022-09-23T01:00:00+03:00,CO,0.2
2022-09-23T01:00:00+03:00,NO2,0.02
2022-09-23T01:00:00+03:00,NO,0.004
2022-09-23T01:00:00+03:00,OZ,0.0074
2022-09-23T02:00:00+03:00,OZ,0.0072
2022-09-23T02:00:00+03:00,CO,0.2
2022-09-23T02:00:00+03:00,CH4,1.44
2022-09-23T02:00:00+03:00,NO2,0.019
2022-09-23T02:00:00+03:00,NO,0.003
2022-09-23T03:00:00+03:00,NO2,0.019
2022-09-23T03:00:00+03:00,NO,0.003
2022-09-23T03:00:00+03:00,CH4,1.42
2022-09-23T03:00:00+03:00,OZ,0.0088
2022-09-23T03:00:00+03:00,CO,0.2
2022-09-23T04:00:00+03:00,CH4,1.43
2022-09-23T04:00:00+03:00,OZ,0.004
2022-09-23T04:00:00+03:00,NO2,0.023
2022-09-23T04:00:00+03:00,CO,0.23
2022-09-23T04:00:00+03:00,NO,0.007
2022-09-23T05:00:00+03:00,NO,0.008
2022-09-23T05:00:00+03:00,OZ,0.0089
2022-09-23T05:00:00+03:00,CO,0.27
2022-09-23T05:00:00+03:00,CH4,1.44
2022-09-23T05:00:00+03:00,NO2,0.025
2022-09-23T06:00:00+03:00,NO,0.004
2022-09-23T06:00:00+03:00,OZ,0.0173
2022-09-23T06:00:00+03:00,NO2,0.019
2022-09-23T06:00:00+03:00,CH4,1.41
2022-09-23T06:00:00+03:00,CO,0.2
2022-09-23T07:00:00+03:00,NO,0.01
2022-09-23T07:00:00+03:00,CH4,1.43
2022-09-23T07:00:00+03:00,OZ,0.0062
2022-09-23T07:00:00+03:00,NO2,0.026
2022-09-23T07:00:00+03:00,CO,0.27
2022-09-23T08:00:00+03:00,CO,0.33
2022-09-23T08:00:00+03:00,NO2,0.033
2022-09-23T08:00:00+03:00,OZ,0.0101
2022-09-23T08:00:00+03:00,CH4,1.42
2022-09-23T08:00:00+03:00,NO,0.016
2022-09-23T09:00:00+03:00,CO,0.4
2022-09-23T09:00:00+03:00,OZ,0.0125
2022-09-23T09:00:00+03:00,NO2,0.03
2022-09-23T09:00:00+03:00,CH4,1.49
2022-09-23T09:00:00+03:00,NO,0.025
2022-09-23T10:00:00+03:00,OZ,0.0216
2022-09-23T10:00:00+03:00,CO,0.3
2022-09-23T10:00:00+03:00,NO2,0.02
2022-09-23T10:00:00+03:00,NO,0.012
2022-09-23T10:00:00+03:00,CH4,1.42
2022-09-23T11:00:00+03:00,OZ,0.0208
2022-09-23T11:00:00+03:00,CO,0.27
2022-09-23T11:00:00+03:00,NO,0.017
2022-09-23T11:00:00+03:00,CH4,1.42
2022-09-23T11:00:00+03:00,NO2,0.023
2022-09-23T12:00:00+03:00,NO2,0.021
2022-09-23T12:00:00+03:00,OZ,0.0296
2022-09-23T12:00:00+03:00,NO,0.017
2022-09-23T12:00:00+03:00,CO,0.23
2022-09-23T12:00:00+03:00,CH4,1.41
2022-09-23T13:00:00+03:00,CO,0.13
2022-09-23T13:00:00+03:00,OZ,0.0451
2022-09-23T13:00:00+03:00,NO2,0.015
2022-09-23T13:00:00+03:00,NO,0.007
2022-09-23T13:00:00+03:00,CH4,1.38
2022-09-23T14:00:00+03:00,CH4,1.38
2022-09-23T14:00:00+03:00,NO,0.008
2022-09-23T14:00:00+03:00,OZ,0.0507
2022-09-23T14:00:00+03:00,CO,0.13
2022-09-23T14:00:00+03:00,NO2,0.011
2022-09-23T15:00:00+03:00,CO,0.07
2022-09-23T15:00:00+03:00,OZ,0.0613
2022-09-23T15:00:00+03:00,NO,0.005
2022-09-23T15:00:00+03:00,NO2,0.011
2022-09-23T15:00:00+03:00,CH4,1.38
2022-09-23T16:00:00+03:00,NO2,0.019
2022-09-23T16:00:00+03:00,OZ,0.0452
2022-09-23T16:00:00+03:00,NO,0.011
2022-09-23T16:00:00+03:00,CH4,1.38
2022-09-23T16:00:00+03:00,CO,0.2
2022-09-23T17:00:00+03:00,OZ,0.038
2022-09-23T17:00:00+03:00,NO,0.012
2022-09-23T17:00:00+03:00,NO2,0.022
2022-09-23T17:00:00+03:00,CO,0.2
2022-09-23T17:00:00+03:00,CH4,1.39
2022-09-23T18:00:00+03:00,NO2,0.024
2022-09-23T18:00:00+03:00,NO,0.007
2022-09-23T18:00:00+03:00,OZ,0.0354
2022-09-23T18:00:00+03:00,CO,0.23
2022-09-23T18:00:00+03:00,CH4,1.4
2022-09-23T19:00:00+03:00,NO2,0.026
2022-09-23T19:00:00+03:00,CH4,1.42
2022-09-23T19:00:00+03:00,OZ,0.0164
2022-09-23T19:00:00+03:00,NO,0.007
2022-09-23T19:00:00+03:00,CO,0.2
2022-09-23T20:00:00+03:00,CO,0.27
2022-09-23T20:00:00+03:00,NO2,0.021
2022-09-23T20:00:00+03:00,CH4,1.44
2022-09-23T20:00:00+03:00,NO,0.006
2022-09-23T20:00:00+03:00,OZ,0.0153
2022-09-23T21:00:00+03:00,CO,0.23
2022-09-23T21:00:00+03:00,OZ,0.0125
2022-09-23T21:00:00+03:00,NO,0.008
2022-09-23T21:00:00+03:00,NO2,0.02
2022-09-23T21:00:00+03:00,CH4,1.45
2022-09-23T22:00:00+03:00,NO2,0.022
2022-09-23T22:00:00+03:00,CH4,1.46
2022-09-23T22:00:00+03:00,CO,0.27
2022-09-23T22:00:00+03:00,OZ,0.0067
2022-09-23T22:00:00+03:00,NO,0.019
2022-09-23T23:00:00+03:00,NO2,0.022
2022-09-23T23:00:00+03:00,NO,0.026
2022-09-23T23:00:00+03:00,CH4,1.43
2022-09-23T23:00:00+03:00,CO,0.23
2022-09-23T23:00:00+03:00,OZ,0.007
2022-09-24T00:00:00+03:00,CH4,1.41
2022-09-24T00:00:00+03:00,NO,0.025
2022-09-24T00:00:00+03:00,OZ,0.0119
2022-09-24T00:00:00+03:00,CO,0.27
2022-09-24T00:00:00+03:00,NO2,0.021
2022-09-24T01:00:00+03:00,CH4,1.41
2022-09-24T01:00:00+03:00,NO,0.01
2022-09-24T01:00:00+03:00,NO2,0.012
2022-09-24T01:00:00+03:00,CO,0.2
2022-09-24T01:00:00+03:00,OZ,0.0195
2022-09-24T02:00:00+03:00,NO2,0.014
2022-09-24T02:00:00+03:00,NO,0.006
2022-09-24T02:00:00+03:00,CH4,1.42
2022-09-24T02:00:00+03:00,OZ,0.0094
2022-09-24T02:00:00+03:00,CO,0.17
2022-09-24T03:00:00+03:00,OZ,0.0096
2022-09-24T03:00:00+03:00,NO,0.004
2022-09-24T03:00:00+03:00,CH4,1.42
2022-09-24T03:00:00+03:00,NO2,0.01
2022-09-24T03:00:00+03:00,CO,0.1
2022-09-24T04:00:00+03:00,NO,0.003
2022-09-24T04:00:00+03:00,NO2,0.007
2022-09-24T04:00:00+03:00,CH4,1.42
2022-09-24T04:00:00+03:00,CO,0.17
2022-09-24T04:00:00+03:00,OZ,0.0137
2022-09-24T05:00:00+03:00,OZ,0.0169
2022-09-24T05:00:00+03:00,CH4,1.42
2022-09-24T05:00:00+03:00,NO,0.003
2022-09-24T05:00:00+03:00,NO2,0.003
2022-09-24T05:00:00+03:00,CO,0.1
2022-09-24T06:00:00+03:00,NO2,0.002
2022-09-24T06:00:00+03:00,NO,0.005
2022-09-24T06:00:00+03:00,CO,0.13
2022-09-24T06:00:00+03:00,OZ,0.0161
2022-09-24T06:00:00+03:00,CH4,1.42
2022-09-24T07:00:00+03:00,NO,0.004
2022-09-24T07:00:00+03:00,CO,0.2
2022-09-24T07:00:00+03:00,OZ,0.0202
2022-09-24T07:00:00+03:00,NO2,0.005
2022-09-24T07:00:00+03:00,CH4,1.43
2022-09-24T08:00:00+03:00,CO,0.17
2022-09-24T08:00:00+03:00,OZ,0.0101
2022-09-24T08:00:00+03:00,NO2,0.009
2022-09-24T08:00:00+03:00,NO,0.01
2022-09-24T08:00:00+03:00,CH4,1.43
2022-09-24T09:00:00+03:00,CH4,1.42
2022-09-24T09:00:00+03:00,NO2,0.009
2022-09-24T09:00:00+03:00,OZ,0.0089
2022-09-24T09:00:00+03:00,NO,0.012
2022-09-24T09:00:00+03:00,CO,0.27
2022-09-24T10:00:00+03:00,NO,0.016
2022-09-24T10:00:00+03:00,OZ,0.0029
2022-09-24T10:00:00+03:00,NO2,0.01
2022-09-24T10:00:00+03:00,CO,0.23
2022-09-24T10:00:00+03:00,CH4,1.43
2022-09-24T11:00:00+03:00,OZ,0.0078
2022-09-24T11:00:00+03:00,NO,0.022
2022-09-24T11:00:00+03:00,CO,0.23
2022-09-24T11:00:00+03:00,CH4,1.43
2022-09-24T11:00:00+03:00,NO2,0.013
2022-09-24T12:00:00+03:00,CH4,1.42
2022-09-24T12:00:00+03:00,CO,0.13
2022-09-24T12:00:00+03:00,NO,0.03
2022-09-24T12:00:00+03:00,OZ,0.0048
2022-09-24T12:00:00+03:00,NO2,0.014
2022-09-24T13:00:00+03:00,CO,0.13
2022-09-24T13:00:00+03:00,NO,0.028
2022-09-24T13:00:00+03:00,OZ,0.0075
2022-09-24T13:00:00+03:00,NO2,0.011
2022-09-24T13:00:00+03:00,CH4,1.43
2022-09-24T14:00:00+03:00,OZ,0.0098
2022-09-24T14:00:00+03:00,CH4,1.42
2022-09-24T14:00:00+03:00,CO,0.07
2022-09-24T14:00:00+03:00,NO,0.023
2022-09-24T14:00:00+03:00,NO2,0.01
2022-09-24T15:00:00+03:00,CO,0.07
2022-09-24T15:00:00+03:00,CH4,1.43
2022-09-24T15:00:00+03:00,NO,0.026
2022-09-24T15:00:00+03:00,OZ,0.011
2022-09-24T15:00:00+03:00,NO2,0.012
2022-09-24T16:00:00+03:00,CH4,1.41
2022-09-24T16:00:00+03:00,CO,0.03
2022-09-24T16:00:00+03:00,NO2,0.013
2022-09-24T16:00:00+03:00,OZ,0.0057
2022-09-24T16:00:00+03:00,NO,0.026
2022-09-24T17:00:00+03:00,CH4,1.41
2022-09-24T17:00:00+03:00,NO2,0.013
2022-09-24T17:00:00+03:00,CO,0.13
2022-09-24T17:00:00+03:00,NO,0.026
2022-09-24T17:00:00+03:00,OZ,0.0043
2022-09-24T18:00:00+03:00,CO,0.13
2022-09-24T18:00:00+03:00,NO,0.028
2022-09-24T18:00:00+03:00,CH4,1.42
2022-09-24T18:00:00+03:00,OZ,0.0036
2022-09-24T18:00:00+03:00,NO2,0.012
2022-09-24T19:00:00+03:00,OZ,0.003
2022-09-24T19:00:00+03:00,CO,0.13
2022-09-24T19:00:00+03:00,NO,0.038
2022-09-24T19:00:00+03:00,NO2,0.014
2022-09-24T19:00:00+03:00,CH4,1.42
2022-09-24T20:00:00+03:00,NO,0.037
2022-09-24T20:00:00+03:00,NO2,0.013
2022-09-24T20:00:00+03:00,CH4,1.42
2022-09-24T20:00:00+03:00,CO,0.2
2022-09-24T20:00:00+03:00,OZ,0.0027
2022-09-24T21:00:00+03:00,NO2,0.012
2022-09-24T21:00:00+03:00,OZ,0.0028
2022-09-24T21:00:00+03:00,NO,0.032
2022-09-24T21:00:00+03:00,CO,0.1
2022-09-24T21:00:00+03:00,CH4,1.42
2022-09-24T22:00:00+03:00,CH4,1.45
2022-09-24T22:00:00+03:00,NO2,0.012
2022-09-24T22:00:00+03:00,CO,0.23
2022-09-24T22:00:00+03:00,NO,0.031
2022-09-24T22:00:00+03:00,OZ,0.0029
2022-09-24T23:00:00+03:00,NO,0.03
2022-09-24T23:00:00+03:00,CH4,1.49
2022-09-24T23:00:00+03:00,CO,0.07
2022-09-24T23:00:00+03:00,NO2,0.012
2022-09-24T23:00:00+03:00,OZ,0.0027
2022-09-25T00:00:00+03:00,NO,0.026
2022-09-25T00:00:00+03:00,CH4,1.5
2022-09-25T00:00:00+03:00,CO,0.07
2022-09-25T00:00:00+03:00,NO2,0.012
2022-09-25T00:00:00+03:00,OZ,0.0028
2022-09-25T01:00:00+03:00,OZ,0.0027
2022-09-25T01:00:00+03:00,CO,0
2022-09-25T01:00:00+03:00,NO,0.011
2022-09-25T01:00:00+03:00,NO2,0.011
2022-09-25T01:00:00+03:00,CH4,1.52
2022-09-25T02:00:00+03:00,NO,0.01
2022-09-25T02:00:00+03:00,OZ,0.0026
2022-09-25T02:00:00+03:00,CH4,1.53
2022-09-25T02:00:00+03:00,CO,0
2022-09-25T02:00:00+03:00,NO2,0.011
2022-09-25T03:00:00+03:00,CH4,1.54
2022-09-25T03:00:00+03:00,CO,0
2022-09-25T03:00:00+03:00,NO,0.016
2022-09-25T03:00:00+03:00,OZ,0.0028
2022-09-25T03:00:00+03:00,NO2,0.01
2022-09-25T04:00:00+03:00,CO,0
2022-09-25T04:00:00+03:00,NO,0.02
2022-09-25T04:00:00+03:00,CH4,1.51
2022-09-25T04:00:00+03:00,NO2,0.01
2022-09-25T04:00:00+03:00,OZ,0.0025
2022-09-25T05:00:00+03:00,NO,0.008
2022-09-25T05:00:00+03:00,NO2,0.008
2022-09-25T05:00:00+03:00,OZ,0.0027
2022-09-25T05:00:00+03:00,CO,0
2022-09-25T05:00:00+03:00,CH4,1.47
2022-09-25T06:00:00+03:00,NO2,0.008
2022-09-25T06:00:00+03:00,CO,0
2022-09-25T06:00:00+03:00,CH4,1.52
2022-09-25T06:00:00+03:00,OZ,0.0033
2022-09-25T06:00:00+03:00,NO,0.007
2022-09-25T07:00:00+03:00,NO2,0.007
2022-09-25T07:00:00+03:00,NO,0.008
2022-09-25T07:00:00+03:00,OZ,0.0029
2022-09-25T07:00:00+03:00,CO,0
2022-09-25T07:00:00+03:00,CH4,1.47
2022-09-25T08:00:00+03:00,NO,0.012
2022-09-25T08:00:00+03:00,CO,0
2022-09-25T08:00:00+03:00,CH4,1.47
2022-09-25T08:00:00+03:00,NO2,0.007
2022-09-25T08:00:00+03:00,OZ,0.0041
2022-09-25T09:00:00+03:00,CO,0
2022-09-25T09:00:00+03:00,NO2,0.005
2022-09-25T09:00:00+03:00,CH4,1.45
2022-09-25T09:00:00+03:00,NO,0.007
2022-09-25T09:00:00+03:00,OZ,0.0057
2022-09-25T10:00:00+03:00,CH4,1.44
2022-09-25T10:00:00+03:00,NO2,0.004
2022-09-25T10:00:00+03:00,OZ,0.0063
2022-09-25T10:00:00+03:00,CO,0
2022-09-25T10:00:00+03:00,NO,0.011
2022-09-25T11:00:00+03:00,NO2,0.007
2022-09-25T11:00:00+03:00,OZ,0.0065
2022-09-25T11:00:00+03:00,CO,0.1
2022-09-25T11:00:00+03:00,NO,0.015
2022-09-25T11:00:00+03:00,CH4,1.45
2022-09-25T12:00:00+03:00,CO,0.3
2022-09-25T12:00:00+03:00,NO2,0.006
2022-09-25T12:00:00+03:00,NO,0.011
2022-09-25T12:00:00+03:00,OZ,0.0087
2022-09-25T12:00:00+03:00,CH4,1.46
2022-09-25T13:00:00+03:00,NO,0.009
2022-09-25T13:00:00+03:00,CH4,1.47
2022-09-25T13:00:00+03:00,OZ,0.0094
2022-09-25T13:00:00+03:00,CO,0.3
2022-09-25T13:00:00+03:00,NO2,0.007
2022-09-25T14:00:00+03:00,OZ,0.0082
2022-09-25T14:00:00+03:00,NO,0.014
2022-09-25T14:00:00+03:00,CH4,1.43
2022-09-25T14:00:00+03:00,CO,0.33
2022-09-25T14:00:00+03:00,NO2,0.012
2022-09-25T15:00:00+03:00,NO,0.009
2022-09-25T15:00:00+03:00,NO2,0.012
2022-09-25T15:00:00+03:00,CH4,1.42
2022-09-25T15:00:00+03:00,OZ,0.0095
2022-09-25T15:00:00+03:00,CO,0.3
2022-09-25T16:00:00+03:00,CH4,1.42
2022-09-25T16:00:00+03:00,NO,0.011
2022-09-25T16:00:00+03:00,NO2,0.012
2022-09-25T16:00:00+03:00,CO,0.3
2022-09-25T16:00:00+03:00,OZ,0.0097
2022-09-25T17:00:00+03:00,NO,0.01
2022-09-25T17:00:00+03:00,CO,0.3
2022-09-25T17:00:00+03:00,CH4,1.42
2022-09-25T17:00:00+03:00,NO2,0.012
2022-09-25T17:00:00+03:00,OZ,0.0109
2022-09-25T18:00:00+03:00,CO,0.4
2022-09-25T18:00:00+03:00,OZ,0.0053
2022-09-25T18:00:00+03:00,NO,0.016
2022-09-25T18:00:00+03:00,CH4,1.43
2022-09-25T18:00:00+03:00,NO2,0.016
2022-09-25T19:00:00+03:00,NO,0.034
2022-09-25T19:00:00+03:00,CO,0.47
2022-09-25T19:00:00+03:00,OZ,0.0031
2022-09-25T19:00:00+03:00,CH4,1.47
2022-09-25T19:00:00+03:00,NO2,0.02
2022-09-25T20:00:00+03:00,CH4,1.56
2022-09-25T20:00:00+03:00,CO,0.47
2022-09-25T20:00:00+03:00,OZ,0.0032
2022-09-25T20:00:00+03:00,NO2,0.02
2022-09-25T20:00:00+03:00,NO,0.027
2022-09-25T21:00:00+03:00,CO,0.57
2022-09-25T21:00:00+03:00,NO2,0.019
2022-09-25T21:00:00+03:00,OZ,0.003
2022-09-25T21:00:00+03:00,CH4,1.53
2022-09-25T21:00:00+03:00,NO,0.037
2022-09-25T22:00:00+03:00,CH4,1.47
2022-09-25T22:00:00+03:00,NO2,0.02
2022-09-25T22:00:00+03:00,NO,0.022
2022-09-25T22:00:00+03:00,OZ,0.0033
2022-09-25T22:00:00+03:00,CO,0.47
2022-09-25T23:00:00+03:00,OZ,0.0032
2022-09-25T23:00:00+03:00,NO2,0.014
2022-09-25T23:00:00+03:00,CH4,1.46
2022-09-25T23:00:00+03:00,NO,0.036
2022-09-25T23:00:00+03:00,CO,0.5
2022-09-26T00:00:00+03:00,NO2,0.013
2022-09-26T00:00:00+03:00,OZ,0.0028
2022-09-26T00:00:00+03:00,NO,0.03
2022-09-26T00:00:00+03:00,CH4,1.45
2022-09-26T00:00:00+03:00,CO,0.37
2022-09-26T01:00:00+03:00,NO2,0.013
2022-09-26T01:00:00+03:00,OZ,0.0029
2022-09-26T01:00:00+03:00,NO,0.035
2022-09-26T01:00:00+03:00,CH4,1.44
2022-09-26T01:00:00+03:00,CO,0.33
2022-09-26T02:00:00+03:00,NO2,0.013
2022-09-26T02:00:00+03:00,NO,0.022
2022-09-26T02:00:00+03:00,OZ,0.0026
2022-09-26T02:00:00+03:00,CH4,1.45
2022-09-26T02:00:00+03:00,CO,0.3
2022-09-26T03:00:00+03:00,NO,0.023
2022-09-26T03:00:00+03:00,OZ,0.0027
2022-09-26T03:00:00+03:00,CO,0.3
2022-09-26T03:00:00+03:00,NO2,0.015
2022-09-26T03:00:00+03:00,CH4,1.48
2022-09-26T04:00:00+03:00,OZ,0.0029
2022-09-26T04:00:00+03:00,CO,0.33
2022-09-26T04:00:00+03:00,NO,0.032
2022-09-26T04:00:00+03:00,CH4,1.5
2022-09-26T04:00:00+03:00,NO2,0.015
2022-09-26T05:00:00+03:00,NO,0.028
2022-09-26T05:00:00+03:00,OZ,0.0026
2022-09-26T05:00:00+03:00,NO2,0.018
2022-09-26T05:00:00+03:00,CO,0.3
2022-09-26T05:00:00+03:00,CH4,1.48
2022-09-26T06:00:00+03:00,CO,0.2
2022-09-26T06:00:00+03:00,NO2,0.019
2022-09-26T06:00:00+03:00,CH4,1.5
2022-09-26T06:00:00+03:00,OZ,0.0028
2022-09-26T06:00:00+03:00,NO,0.03
2022-09-26T07:00:00+03:00,NO,0.04
2022-09-26T07:00:00+03:00,NO2,0.017
2022-09-26T07:00:00+03:00,OZ,0.0027
2022-09-26T07:00:00+03:00,CH4,1.54
2022-09-26T07:00:00+03:00,CO,0.33
2022-09-26T08:00:00+03:00,NO2,0.017
2022-09-26T08:00:00+03:00,CO,0.4
2022-09-26T08:00:00+03:00,OZ,0.0027
2022-09-26T08:00:00+03:00,NO,0.044
2022-09-26T08:00:00+03:00,CH4,1.56
2022-09-26T09:00:00+03:00,CH4,1.54
2022-09-26T09:00:00+03:00,OZ,0.0035
2022-09-26T09:00:00+03:00,CO,0.4
2022-09-26T09:00:00+03:00,NO,0.042
2022-09-26T09:00:00+03:00,NO2,0.02
2022-09-26T10:00:00+03:00,CH4,1.5
2022-09-26T10:00:00+03:00,NO,0.051
2022-09-26T10:00:00+03:00,NO2,0.019
2022-09-26T10:00:00+03:00,CO,0.47
2022-09-26T10:00:00+03:00,OZ,0.0034
2022-09-26T11:00:00+03:00,OZ,0.0046
2022-09-26T11:00:00+03:00,CH4,1.46
2022-09-26T11:00:00+03:00,NO2,0.017
2022-09-26T11:00:00+03:00,NO,0.033
2022-09-26T11:00:00+03:00,CO,0.4
2022-09-26T12:00:00+03:00,OZ,0.0059
2022-09-26T12:00:00+03:00,NO,0.027
2022-09-26T12:00:00+03:00,CO,0.37
2022-09-26T12:00:00+03:00,NO2,0.013
2022-09-26T12:00:00+03:00,CH4,1.45
2022-09-26T13:00:00+03:00,CH4,1.44
2022-09-26T13:00:00+03:00,NO,0.03
2022-09-26T13:00:00+03:00,OZ,0.0059
2022-09-26T13:00:00+03:00,CO,0.4
2022-09-26T13:00:00+03:00,NO2,0.012
2022-09-26T14:00:00+03:00,NO2,0.016
2022-09-26T14:00:00+03:00,CH4,1.44
2022-09-26T14:00:00+03:00,OZ,0.0049
2022-09-26T14:00:00+03:00,NO,0.035
2022-09-26T14:00:00+03:00,CO,0.37
2022-09-26T15:00:00+03:00,NO2,0.013
2022-09-26T15:00:00+03:00,NO,0.028
2022-09-26T15:00:00+03:00,CH4,1.43
2022-09-26T15:00:00+03:00,CO,0.3
2022-09-26T15:00:00+03:00,OZ,0.007
2022-09-26T16:00:00+03:00,OZ,0.0063
2022-09-26T16:00:00+03:00,CH4,1.43
2022-09-26T16:00:00+03:00,NO2,0.012
2022-09-26T16:00:00+03:00,NO,0.029
2022-09-26T16:00:00+03:00,CO,0.33
2022-09-26T17:00:00+03:00,NO,0.025
2022-09-26T17:00:00+03:00,NO2,0.017
2022-09-26T17:00:00+03:00,CO,0.37
2022-09-26T17:00:00+03:00,OZ,0.0051
2022-09-26T17:00:00+03:00,CH4,1.44
2022-09-26T18:00:00+03:00,NO,0.049
2022-09-26T18:00:00+03:00,CH4,1.43
2022-09-26T18:00:00+03:00,OZ,0.0037
2022-09-26T18:00:00+03:00,NO2,0.02
2022-09-26T18:00:00+03:00,CO,0.57
2022-09-26T19:00:00+03:00,OZ,0.0029
2022-09-26T19:00:00+03:00,NO2,0.02
2022-09-26T19:00:00+03:00,NO,0.066
2022-09-26T19:00:00+03:00,CH4,1.43
2022-09-26T19:00:00+03:00,CO,0.67
2022-09-26T20:00:00+03:00,NO2,0.022
2022-09-26T20:00:00+03:00,NO,0.067
2022-09-26T20:00:00+03:00,OZ,0.0028
2022-09-26T20:00:00+03:00,CO,0.73
2022-09-26T20:00:00+03:00,CH4,1.44
2022-09-26T21:00:00+03:00,CO,0.7
2022-09-26T21:00:00+03:00,OZ,0.0028
2022-09-26T21:00:00+03:00,NO2,0.016
2022-09-26T21:00:00+03:00,NO,0.07
2022-09-26T21:00:00+03:00,CH4,1.43
2022-09-26T22:00:00+03:00,OZ,0.0028
2022-09-26T22:00:00+03:00,CH4,1.44
2022-09-26T22:00:00+03:00,CO,0.87
2022-09-26T22:00:00+03:00,NO2,0.015
2022-09-26T22:00:00+03:00,NO,0.094
2022-09-26T23:00:00+03:00,CO,0.87
2022-09-26T23:00:00+03:00,NO2,0.013
2022-09-26T23:00:00+03:00,NO,0.112
2022-09-26T23:00:00+03:00,CH4,1.46
2022-09-26T23:00:00+03:00,OZ,0.0029
2022-09-27T00:00:00+03:00,OZ,0.003
2022-09-27T00:00:00+03:00,NO,0.127
2022-09-27T00:00:00+03:00,CO,0.67
2022-09-27T00:00:00+03:00,NO2,0.014
2022-09-27T00:00:00+03:00,CH4,1.47
2022-09-27T01:00:00+03:00,CH4,1.48
2022-09-27T01:00:00+03:00,OZ,0.0027
2022-09-27T01:00:00+03:00,NO2,0.012
2022-09-27T01:00:00+03:00,NO,0.114
2022-09-27T01:00:00+03:00,CO,0.6
2022-09-27T02:00:00+03:00,NO2,0.011
2022-09-27T02:00:00+03:00,CH4,1.49
2022-09-27T02:00:00+03:00,OZ,0.0028
2022-09-27T02:00:00+03:00,NO,0.12
2022-09-27T02:00:00+03:00,CO,0.5
2022-09-27T03:00:00+03:00,CH4,1.5
2022-09-27T03:00:00+03:00,NO,0.075
2022-09-27T03:00:00+03:00,NO2,0.011
2022-09-27T03:00:00+03:00,CO,0.23
2022-09-27T03:00:00+03:00,OZ,0.0026
2022-09-27T04:00:00+03:00,NO,0.091
2022-09-27T04:00:00+03:00,OZ,0.0028
2022-09-27T04:00:00+03:00,NO2,0.009
2022-09-27T04:00:00+03:00,CO,0.33
2022-09-27T04:00:00+03:00,CH4,1.49
2022-09-27T05:00:00+03:00,CH4,1.52
2022-09-27T05:00:00+03:00,OZ,0.0027
2022-09-27T05:00:00+03:00,CO,0.37
2022-09-27T05:00:00+03:00,NO2,0.009
2022-09-27T05:00:00+03:00,NO,0.102
2022-09-27T06:00:00+03:00,CO,0.4
2022-09-27T06:00:00+03:00,NO2,0.006
2022-09-27T06:00:00+03:00,NO,0.117
2022-09-27T06:00:00+03:00,OZ,0.0027
2022-09-27T06:00:00+03:00,CH4,1.52
2022-09-27T07:00:00+03:00,NO2,0.01
2022-09-27T07:00:00+03:00,CO,0.6
2022-09-27T07:00:00+03:00,OZ,0.0027
2022-09-27T07:00:00+03:00,CH4,1.51
2022-09-27T07:00:00+03:00,NO,0.142
2022-09-27T08:00:00+03:00,OZ,0.0029
2022-09-27T08:00:00+03:00,CO,0.17
2022-09-27T08:00:00+03:00,CH4,1.52
2022-09-27T08:00:00+03:00,NO,0.07
2022-09-27T08:00:00+03:00,NO2,0.014
2022-09-27T09:00:00+03:00,CO,0.4
2022-09-27T09:00:00+03:00,OZ,0.0028
2022-09-27T09:00:00+03:00,NO2,0.018
2022-09-27T09:00:00+03:00,CH4,1.52
2022-09-27T09:00:00+03:00,NO,0.095
2022-09-27T10:00:00+03:00,NO,0.095
2022-09-27T10:00:00+03:00,NO2,0.021
2022-09-27T10:00:00+03:00,CO,0.37
2022-09-27T10:00:00+03:00,OZ,0.003
2022-09-27T10:00:00+03:00,CH4,1.51
2022-09-27T11:00:00+03:00,NO,0.096
2022-09-27T11:00:00+03:00,NO2,0.027
2022-09-27T11:00:00+03:00,OZ,0.0031
2022-09-27T11:00:00+03:00,CO,0.5
2022-09-27T11:00:00+03:00,CH4,1.5
2022-09-27T12:00:00+03:00,OZ,0.0055
2022-09-27T12:00:00+03:00,NO2,0.039
2022-09-27T12:00:00+03:00,NO,0.064
2022-09-27T12:00:00+03:00,CH4,1.5
2022-09-27T12:00:00+03:00,CO,0.43
2022-09-27T13:00:00+03:00,NO,0.032
2022-09-27T13:00:00+03:00,OZ,0.01
2022-09-27T13:00:00+03:00,CH4,1.47
2022-09-27T13:00:00+03:00,NO2,0.027
2022-09-27T13:00:00+03:00,CO,0.2
2022-09-27T14:00:00+03:00,NO,0.019
2022-09-27T14:00:00+03:00,NO2,0.025
2022-09-27T14:00:00+03:00,CH4,1.48
2022-09-27T14:00:00+03:00,OZ,0.015
2022-09-27T14:00:00+03:00,CO,0.23
2022-09-27T15:00:00+03:00,CH4,1.47
2022-09-27T15:00:00+03:00,OZ,0.0209
2022-09-27T15:00:00+03:00,NO2,0.021
2022-09-27T15:00:00+03:00,CO,0.23
2022-09-27T15:00:00+03:00,NO,0.011
2022-09-27T16:00:00+03:00,NO2,0.019
2022-09-27T16:00:00+03:00,CH4,1.46
2022-09-27T16:00:00+03:00,NO,0.009
2022-09-27T16:00:00+03:00,OZ,0.0225
2022-09-27T16:00:00+03:00,CO,0.2
2022-09-27T17:00:00+03:00,CO,0.17
2022-09-27T17:00:00+03:00,OZ,0.0243
2022-09-27T17:00:00+03:00,CH4,1.45
2022-09-27T17:00:00+03:00,NO,0.008
2022-09-27T17:00:00+03:00,NO2,0.018
2022-09-27T18:00:00+03:00,CH4,1.46
2022-09-27T18:00:00+03:00,NO2,0.024
2022-09-27T18:00:00+03:00,NO,0.007
2022-09-27T18:00:00+03:00,CO,0.23
2022-09-27T18:00:00+03:00,OZ,0.0182
2022-09-27T19:00:00+03:00,NO,0.01
2022-09-27T19:00:00+03:00,NO2,0.033
2022-09-27T19:00:00+03:00,CH4,1.44
2022-09-27T19:00:00+03:00,OZ,0.0091
2022-09-27T19:00:00+03:00,CO,0.3
2022-09-27T20:00:00+03:00,NO2,0.034
2022-09-27T20:00:00+03:00,OZ,0.0046
2022-09-27T20:00:00+03:00,NO,0.013
2022-09-27T20:00:00+03:00,CO,0.4
2022-09-27T20:00:00+03:00,CH4,1.44
2022-09-27T21:00:00+03:00,NO,0.008
2022-09-27T21:00:00+03:00,CH4,1.49
2022-09-27T21:00:00+03:00,NO2,0.029
2022-09-27T21:00:00+03:00,CO,0.23
2022-09-27T21:00:00+03:00,OZ,0.0072
2022-09-27T22:00:00+03:00,CO,0.23
2022-09-27T22:00:00+03:00,NO,0.01
2022-09-27T22:00:00+03:00,CH4,1.44
2022-09-27T22:00:00+03:00,NO2,0.031
2022-09-27T22:00:00+03:00,OZ,0.005
2022-09-27T23:00:00+03:00,NO2,0.032
2022-09-27T23:00:00+03:00,NO,0.011
2022-09-27T23:00:00+03:00,CO,0.27
2022-09-27T23:00:00+03:00,CH4,1.44
2022-09-27T23:00:00+03:00,OZ,0.0042
2022-09-28T00:00:00+03:00,NO2,0.032
2022-09-28T00:00:00+03:00,OZ,0.0047
2022-09-28T00:00:00+03:00,NO,0.012
2022-09-28T00:00:00+03:00,CH4,1.44
2022-09-28T00:00:00+03:00,CO,0.1
2022-09-28T01:00:00+03:00,OZ,0.0119
2022-09-28T01:00:00+03:00,NO2,0.025
2022-09-28T01:00:00+03:00,CO,0
2022-09-28T01:00:00+03:00,NO,0.003
2022-09-28T01:00:00+03:00,CH4,1.42
2022-09-28T02:00:00+03:00,NO,0.003
2022-09-28T02:00:00+03:00,CH4,1.42
2022-09-28T02:00:00+03:00,NO2,0.016
2022-09-28T02:00:00+03:00,OZ,0.0198
2022-09-28T02:00:00+03:00,CO,0
2022-09-28T03:00:00+03:00,CO,0
2022-09-28T03:00:00+03:00,OZ,0.031
2022-09-28T03:00:00+03:00,NO2,0.009
2022-09-28T03:00:00+03:00,CH4,1.42
2022-09-28T03:00:00+03:00,NO,0.002
2022-09-28T04:00:00+03:00,CO,0
2022-09-28T04:00:00+03:00,CH4,1.41
2022-09-28T04:00:00+03:00,OZ,0.0403
2022-09-28T04:00:00+03:00,NO2,0.006
2022-09-28T04:00:00+03:00,NO,0.002
2022-09-28T05:00:00+03:00,NO,0.002
2022-09-28T05:00:00+03:00,OZ,0.041
2022-09-28T05:00:00+03:00,CO,0
2022-09-28T05:00:00+03:00,CH4,1.45
2022-09-28T05:00:00+03:00,NO2,0.006
2022-09-28T06:00:00+03:00,NO,0.003
2022-09-28T06:00:00+03:00,CO,0
2022-09-28T06:00:00+03:00,NO2,0.008
2022-09-28T06:00:00+03:00,OZ,0.0339
2022-09-28T06:00:00+03:00,CH4,1.43
2022-09-28T07:00:00+03:00,CO,0.03
2022-09-28T07:00:00+03:00,OZ,0.0258
2022-09-28T07:00:00+03:00,CH4,1.41
2022-09-28T07:00:00+03:00,NO2,0.011
2022-09-28T07:00:00+03:00,NO,0.002
2022-09-28T08:00:00+03:00,OZ,0.0198
2022-09-28T08:00:00+03:00,CH4,1.42
2022-09-28T08:00:00+03:00,NO2,0.015
2022-09-28T08:00:00+03:00,CO,0.03
2022-09-28T08:00:00+03:00,NO,0.006
2022-09-28T09:00:00+03:00,CH4,1.43
2022-09-28T09:00:00+03:00,NO,0.018
2022-09-28T09:00:00+03:00,NO2,0.021
2022-09-28T09:00:00+03:00,CO,0.17
2022-09-28T09:00:00+03:00,OZ,0.0111
2022-09-28T10:00:00+03:00,OZ,0.0078
2022-09-28T10:00:00+03:00,CO,0.23
2022-09-28T10:00:00+03:00,NO,0.036
2022-09-28T10:00:00+03:00,CH4,1.44
2022-09-28T10:00:00+03:00,NO2,0.022
2022-09-28T11:00:00+03:00,CO,0.13
2022-09-28T11:00:00+03:00,OZ,0.0082
2022-09-28T11:00:00+03:00,NO,0.036
2022-09-28T11:00:00+03:00,NO2,0.02
2022-09-28T11:00:00+03:00,CH4,1.43
2022-09-28T12:00:00+03:00,NO,0.031
2022-09-28T12:00:00+03:00,CH4,1.44
2022-09-28T12:00:00+03:00,OZ,0.0089
2022-09-28T12:00:00+03:00,CO,0
2022-09-28T12:00:00+03:00,NO2,0.018
2022-09-28T13:00:00+03:00,CO,0.03
2022-09-28T13:00:00+03:00,CH4,1.44
2022-09-28T13:00:00+03:00,NO,0.034
2022-09-28T13:00:00+03:00,OZ,0.0098
2022-09-28T13:00:00+03:00,NO2,0.018
2022-09-28T14:00:00+03:00,NO2,0.018
2022-09-28T14:00:00+03:00,OZ,0.0107
2022-09-28T14:00:00+03:00,CH4,1.43
2022-09-28T14:00:00+03:00,CO,0.07
2022-09-28T14:00:00+03:00,NO,0.029
2022-09-28T15:00:00+03:00,NO,0.019
2022-09-28T15:00:00+03:00,NO2,0.016
2022-09-28T15:00:00+03:00,CO,0
2022-09-28T15:00:00+03:00,CH4,1.43
2022-09-28T15:00:00+03:00,OZ,0.0096
2022-09-28T16:00:00+03:00,CO,0.07
2022-09-28T16:00:00+03:00,NO2,0.02
2022-09-28T16:00:00+03:00,NO,0.027
2022-09-28T16:00:00+03:00,OZ,0.0059
2022-09-28T16:00:00+03:00,CH4,1.44
2022-09-28T17:00:00+03:00,CO,0.1
2022-09-28T17:00:00+03:00,NO2,0.025
2022-09-28T17:00:00+03:00,CH4,1.47
2022-09-28T17:00:00+03:00,OZ,0.0046
2022-09-28T17:00:00+03:00,NO,0.036
2022-09-28T18:00:00+03:00,CH4,1.45
2022-09-28T18:00:00+03:00,CO,0.07
2022-09-28T18:00:00+03:00,NO2,0.024
2022-09-28T18:00:00+03:00,OZ,0.0041
2022-09-28T18:00:00+03:00,NO,0.035
2022-09-28T19:00:00+03:00,CH4,1.46
2022-09-28T19:00:00+03:00,NO2,0.024
2022-09-28T19:00:00+03:00,NO,0.031
2022-09-28T19:00:00+03:00,CO,0.07
2022-09-28T19:00:00+03:00,OZ,0.0045
2022-09-28T20:00:00+03:00,NO2,0.026
2022-09-28T20:00:00+03:00,OZ,0.0031
2022-09-28T20:00:00+03:00,CO,0.13
2022-09-28T20:00:00+03:00,NO,0.036
2022-09-28T20:00:00+03:00,CH4,1.46
2022-09-28T21:00:00+03:00,CH4,1.44
2022-09-28T21:00:00+03:00,OZ,0.0032
2022-09-28T21:00:00+03:00,NO,0.034
2022-09-28T21:00:00+03:00,NO2,0.03
2022-09-28T21:00:00+03:00,CO,0.17
2022-09-28T22:00:00+03:00,CO,0.13
2022-09-28T22:00:00+03:00,OZ,0.0029
2022-09-28T22:00:00+03:00,NO2,0.026
2022-09-28T22:00:00+03:00,NO,0.032
2022-09-28T22:00:00+03:00,CH4,1.47
2022-09-28T23:00:00+03:00,NO,0.04
2022-09-28T23:00:00+03:00,NO2,0.023
2022-09-28T23:00:00+03:00,CO,0.13
2022-09-28T23:00:00+03:00,CH4,1.47
2022-09-28T23:00:00+03:00,OZ,0.0027
2022-09-29T00:00:00+03:00,CH4,1.44
2022-09-29T00:00:00+03:00,NO,0.024
2022-09-29T00:00:00+03:00,CO,0.17
2022-09-29T00:00:00+03:00,NO2,0.02
2022-09-29T00:00:00+03:00,OZ,0.0033
2022-09-29T01:00:00+03:00,CH4,1.43
2022-09-29T01:00:00+03:00,NO2,0.019
2022-09-29T01:00:00+03:00,OZ,0.004
2022-09-29T01:00:00+03:00,NO,0.012
2022-09-29T01:00:00+03:00,CO,0.1
2022-09-29T02:00:00+03:00,NO,0.023
2022-09-29T02:00:00+03:00,CH4,1.45
2022-09-29T02:00:00+03:00,CO,0.1
2022-09-29T02:00:00+03:00,OZ,0.0026
2022-09-29T02:00:00+03:00,NO2,0.018
2022-09-29T03:00:00+03:00,NO,0.017
2022-09-29T03:00:00+03:00,CH4,1.45
2022-09-29T03:00:00+03:00,OZ,0.0026
2022-09-29T03:00:00+03:00,NO2,0.017
2022-09-29T03:00:00+03:00,CO,0.1
2022-09-29T04:00:00+03:00,CH4,1.46
2022-09-29T04:00:00+03:00,NO2,0.015
2022-09-29T04:00:00+03:00,OZ,0.0025
2022-09-29T04:00:00+03:00,NO,0.024
2022-09-29T04:00:00+03:00,CO,0.1
2022-09-29T05:00:00+03:00,CH4,1.44
2022-09-29T05:00:00+03:00,CO,0
2022-09-29T05:00:00+03:00,OZ,0.0035
2022-09-29T05:00:00+03:00,NO,0.017
2022-09-29T05:00:00+03:00,NO2,0.017
2022-09-29T06:00:00+03:00,NO2,0.017
2022-09-29T06:00:00+03:00,CO,0.1
2022-09-29T06:00:00+03:00,OZ,0.0028
2022-09-29T06:00:00+03:00,CH4,1.45
2022-09-29T06:00:00+03:00,NO,0.016
2022-09-29T07:00:00+03:00,OZ,0.0029
2022-09-29T07:00:00+03:00,NO,0.035
2022-09-29T07:00:00+03:00,NO2,0.021
2022-09-29T07:00:00+03:00,CH4,1.46
2022-09-29T07:00:00+03:00,CO,0.23
2022-09-29T08:00:00+03:00,CO,0.3
2022-09-29T08:00:00+03:00,CH4,1.45
2022-09-29T08:00:00+03:00,OZ,0.003
2022-09-29T08:00:00+03:00,NO,0.045
2022-09-29T08:00:00+03:00,NO2,0.029
2022-09-29T09:00:00+03:00,CO,0.43
2022-09-29T09:00:00+03:00,NO,0.046
2022-09-29T09:00:00+03:00,CH4,1.45
2022-09-29T09:00:00+03:00,NO2,0.037
2022-09-29T09:00:00+03:00,OZ,0.0042
2022-09-29T10:00:00+03:00,CO,0.27
2022-09-29T10:00:00+03:00,NO2,0.04
2022-09-29T10:00:00+03:00,OZ,0.0046
2022-09-29T10:00:00+03:00,NO,0.035
2022-09-29T10:00:00+03:00,CH4,1.45
2022-09-29T11:00:00+03:00,CO,0.23
2022-09-29T11:00:00+03:00,OZ,0.0049
2022-09-29T11:00:00+03:00,NO,0.05
2022-09-29T11:00:00+03:00,CH4,1.46
2022-09-29T11:00:00+03:00,NO2,0.036
2022-09-29T12:00:00+03:00,NO2,0.043
2022-09-29T12:00:00+03:00,OZ,0.005
2022-09-29T12:00:00+03:00,NO,0.068
2022-09-29T12:00:00+03:00,CO,0.33
2022-09-29T12:00:00+03:00,CH4,1.46
2022-09-29T13:00:00+03:00,NO2,0.041
2022-09-29T13:00:00+03:00,CO,0.27
2022-09-29T13:00:00+03:00,CH4,1.45
2022-09-29T13:00:00+03:00,OZ,0.0056
2022-09-29T13:00:00+03:00,NO,0.054
2022-09-29T14:00:00+03:00,NO2,0.039
2022-09-29T14:00:00+03:00,CO,0.27
2022-09-29T14:00:00+03:00,NO,0.047
2022-09-29T14:00:00+03:00,OZ,0.004
2022-09-29T14:00:00+03:00,CH4,1.45
2022-09-29T15:00:00+03:00,CH4,1.44
2022-09-29T15:00:00+03:00,CO,0.17
2022-09-29T15:00:00+03:00,NO2,0.039
2022-09-29T15:00:00+03:00,NO,0.044
2022-09-29T15:00:00+03:00,OZ,0.0055
2022-09-29T16:00:00+03:00,OZ,0.0107
2022-09-29T16:00:00+03:00,CO,0.17
2022-09-29T16:00:00+03:00,CH4,1.43
2022-09-29T16:00:00+03:00,NO,0.031
2022-09-29T16:00:00+03:00,NO2,0.037
2022-09-29T17:00:00+03:00,OZ,0.0086
2022-09-29T17:00:00+03:00,NO,0.025
2022-09-29T17:00:00+03:00,CO,0.17
2022-09-29T17:00:00+03:00,NO2,0.039
2022-09-29T17:00:00+03:00,CH4,1.42
2022-09-29T18:00:00+03:00,CH4,1.43
2022-09-29T18:00:00+03:00,CO,0.17
2022-09-29T18:00:00+03:00,NO2,0.042
2022-09-29T18:00:00+03:00,NO,0.024
2022-09-29T18:00:00+03:00,OZ,0.0036
2022-09-29T19:00:00+03:00,NO2,0.04
2022-09-29T19:00:00+03:00,NO,0.045
2022-09-29T19:00:00+03:00,CH4,1.45
2022-09-29T19:00:00+03:00,OZ,0.0028
2022-09-29T19:00:00+03:00,CO,0.33
2022-09-29T20:00:00+03:00,OZ,0.0029
2022-09-29T20:00:00+03:00,CH4,1.47
2022-09-29T20:00:00+03:00,NO2,0.036
2022-09-29T20:00:00+03:00,CO,0.4
2022-09-29T20:00:00+03:00,NO,0.062
2022-09-29T21:00:00+03:00,OZ,0.0028
2022-09-29T21:00:00+03:00,CO,0.43
2022-09-29T21:00:00+03:00,CH4,1.48
2022-09-29T21:00:00+03:00,NO,0.069
2022-09-29T21:00:00+03:00,NO2,0.032
2022-09-29T22:00:00+03:00,CO,0.4
2022-09-29T22:00:00+03:00,NO,0.07
2022-09-29T22:00:00+03:00,CH4,1.5
2022-09-29T22:00:00+03:00,OZ,0.0028
2022-09-29T22:00:00+03:00,NO2,0.03
2022-09-29T23:00:00+03:00,OZ,0.0026
2022-09-29T23:00:00+03:00,NO2,0.028
2022-09-29T23:00:00+03:00,CH4,1.51
2022-09-29T23:00:00+03:00,CO,0.47
2022-09-29T23:00:00+03:00,NO,0.075
2022-09-30T00:00:00+03:00,CH4,1.51
2022-09-30T00:00:00+03:00,CO,0.5
2022-09-30T00:00:00+03:00,NO,0.076
2022-09-30T00:00:00+03:00,NO2,0.029
2022-09-30T00:00:00+03:00,OZ,0.0025
2022-09-30T01:00:00+03:00,NO,0.075
2022-09-30T01:00:00+03:00,CO,0.37
2022-09-30T01:00:00+03:00,NO2,0.025
2022-09-30T01:00:00+03:00,OZ,0.0028
2022-09-30T01:00:00+03:00,CH4,1.5
2022-09-30T02:00:00+03:00,NO,0.063
2022-09-30T02:00:00+03:00,NO2,0.027
2022-09-30T02:00:00+03:00,CO,0.37
2022-09-30T02:00:00+03:00,OZ,0.0028
2022-09-30T02:00:00+03:00,CH4,1.5
2022-09-30T03:00:00+03:00,NO,0.045
2022-09-30T03:00:00+03:00,OZ,0.0024
2022-09-30T03:00:00+03:00,NO2,0.028
2022-09-30T03:00:00+03:00,CO,0.17
2022-09-30T03:00:00+03:00,CH4,1.51
2022-09-30T04:00:00+03:00,OZ,0.0026
2022-09-30T04:00:00+03:00,CH4,1.5
2022-09-30T04:00:00+03:00,CO,0.1
2022-09-30T04:00:00+03:00,NO,0.04
2022-09-30T04:00:00+03:00,NO2,0.026
2022-09-30T05:00:00+03:00,NO,0.035
2022-09-30T05:00:00+03:00,NO2,0.022
2022-09-30T05:00:00+03:00,CH4,1.51
2022-09-30T05:00:00+03:00,CO,0.1
2022-09-30T05:00:00+03:00,OZ,0.0024
2022-09-30T06:00:00+03:00,NO2,0.019
2022-09-30T06:00:00+03:00,NO,0.031
2022-09-30T06:00:00+03:00,CO,0.07
2022-09-30T06:00:00+03:00,OZ,0.0023
2022-09-30T06:00:00+03:00,CH4,1.53
2022-09-30T07:00:00+03:00,CH4,1.54
2022-09-30T07:00:00+03:00,CO,0
2022-09-30T07:00:00+03:00,OZ,0.0027
2022-09-30T07:00:00+03:00,NO,0.033
2022-09-30T07:00:00+03:00,NO2,0.02
2022-09-30T08:00:00+03:00,NO,0.048
2022-09-30T08:00:00+03:00,CO,0.17
2022-09-30T08:00:00+03:00,CH4,1.53
2022-09-30T08:00:00+03:00,NO2,0.023
2022-09-30T08:00:00+03:00,OZ,0.0026
2022-09-30T09:00:00+03:00,NO2,0.028
2022-09-30T09:00:00+03:00,OZ,0.0029
2022-09-30T09:00:00+03:00,CH4,1.52
2022-09-30T09:00:00+03:00,CO,0.27
2022-09-30T09:00:00+03:00,NO,0.059
2022-09-30T10:00:00+03:00,NO,0.067
2022-09-30T10:00:00+03:00,CH4,1.52
2022-09-30T10:00:00+03:00,CO,0.33
2022-09-30T10:00:00+03:00,NO2,0.034
2022-09-30T10:00:00+03:00,OZ,0.0032
2022-09-30T11:00:00+03:00,CH4,1.51
2022-09-30T11:00:00+03:00,NO2,0.041
2022-09-30T11:00:00+03:00,OZ,0.0036
2022-09-30T11:00:00+03:00,CO,0.37
2022-09-30T11:00:00+03:00,NO,0.074
2022-09-30T12:00:00+03:00,CH4,1.48
2022-09-30T12:00:00+03:00,NO2,0.046
2022-09-30T12:00:00+03:00,CO,0.3
2022-09-30T12:00:00+03:00,NO,0.064
2022-09-30T12:00:00+03:00,OZ,0.0043
2022-09-30T13:00:00+03:00,OZ,0.0064
2022-09-30T13:00:00+03:00,NO,0.057
2022-09-30T13:00:00+03:00,NO2,0.049
2022-09-30T13:00:00+03:00,CO,0.2
2022-09-30T13:00:00+03:00,CH4,1.46
2022-09-30T14:00:00+03:00,OZ,0.0062
2022-09-30T14:00:00+03:00,CO,0.1
2022-09-30T14:00:00+03:00,NO2,0.044
2022-09-30T14:00:00+03:00,CH4,1.49
2022-09-30T14:00:00+03:00,NO,0.041
2022-09-30T15:00:00+03:00,NO,0.022
2022-09-30T15:00:00+03:00,CO,0
2022-09-30T15:00:00+03:00,CH4,1.46
2022-09-30T15:00:00+03:00,NO2,0.038
2022-09-30T15:00:00+03:00,OZ,0.0196
2022-09-30T16:00:00+03:00,CH4,1.46
2022-09-30T16:00:00+03:00,NO2,0.038
2022-09-30T16:00:00+03:00,OZ,0.0146
2022-09-30T16:00:00+03:00,NO,0.018
2022-09-30T16:00:00+03:00,CO,0
2022-09-30T17:00:00+03:00,NO,0.014
2022-09-30T17:00:00+03:00,CH4,1.44
2022-09-30T17:00:00+03:00,OZ,0.0145
2022-09-30T17:00:00+03:00,NO2,0.042
2022-09-30T17:00:00+03:00,CO,0
2022-09-30T18:00:00+03:00,NO2,0.043
2022-09-30T18:00:00+03:00,OZ,0.0099
2022-09-30T18:00:00+03:00,CH4,1.43
2022-09-30T18:00:00+03:00,NO,0.012
2022-09-30T18:00:00+03:00,CO,0.03
2022-09-30T19:00:00+03:00,CH4,1.41
2022-09-30T19:00:00+03:00,NO2,0.052
2022-09-30T19:00:00+03:00,NO,0.035
2022-09-30T19:00:00+03:00,CO,0.4
2022-09-30T19:00:00+03:00,OZ,0.0051
2022-09-30T20:00:00+03:00,OZ,0.0086
2022-09-30T20:00:00+03:00,NO2,0.047
2022-09-30T20:00:00+03:00,CH4,1.4
2022-09-30T20:00:00+03:00,CO,0.3
2022-09-30T20:00:00+03:00,NO,0.024
2022-09-30T21:00:00+03:00,CH4,1.4
2022-09-30T21:00:00+03:00,NO,0.026
2022-09-30T21:00:00+03:00,OZ,0.008
2022-09-30T21:00:00+03:00,NO2,0.043
2022-09-30T21:00:00+03:00,CO,0.33
2022-09-30T22:00:00+03:00,CO,0.23
2022-09-30T22:00:00+03:00,NO,0.04
2022-09-30T22:00:00+03:00,NO2,0.042
2022-09-30T22:00:00+03:00,OZ,0.0071
2022-09-30T22:00:00+03:00,CH4,1.4
2022-09-30T23:00:00+03:00,CO,0.33
2022-09-30T23:00:00+03:00,NO2,0.038
2022-09-30T23:00:00+03:00,CH4,1.4
2022-09-30T23:00:00+03:00,NO,0.024
2022-09-30T23:00:00+03:00,OZ,0.0055
2022-10-01T00:00:00+03:00,NO,0.014
2022-10-01T00:00:00+03:00,OZ,0.005
2022-10-01T00:00:00+03:00,CH4,1.41
2022-10-01T00:00:00+03:00,CO,0.3
2022-10-01T00:00:00+03:00,NO2,0.033
2022-10-01T01:00:00+03:00,CO,0.23
2022-10-01T01:00:00+03:00,NO,0.011
2022-10-01T01:00:00+03:00,CH4,1.41
2022-10-01T01:00:00+03:00,OZ,0.0037
2022-10-01T01:00:00+03:00,NO2,0.03
2022-10-01T02:00:00+03:00,CH4,1.41
2022-10-01T02:00:00+03:00,NO,0.015
2022-10-01T02:00:00+03:00,NO2,0.022
2022-10-01T02:00:00+03:00,OZ,0.006
2022-10-01T02:00:00+03:00,CO,0.23
2022-10-01T03:00:00+03:00,NO,0.007
2022-10-01T03:00:00+03:00,CH4,1.41
2022-10-01T03:00:00+03:00,NO2,0.017
2022-10-01T03:00:00+03:00,CO,0.27
2022-10-01T03:00:00+03:00,OZ,0.0052
2022-10-01T04:00:00+03:00,NO2,0.011
2022-10-01T04:00:00+03:00,NO,0.003
2022-10-01T04:00:00+03:00,OZ,0.0149
2022-10-01T04:00:00+03:00,CO,0.2
2022-10-01T04:00:00+03:00,CH4,1.4
2022-10-01T05:00:00+03:00,CH4,1.48
2022-10-01T05:00:00+03:00,CO,0.2
2022-10-01T05:00:00+03:00,NO,0.002
2022-10-01T05:00:00+03:00,NO2,0.013
2022-10-01T05:00:00+03:00,OZ,0.015
2022-10-01T06:00:00+03:00,NO2,0.019
2022-10-01T06:00:00+03:00,CO,0.2
2022-10-01T06:00:00+03:00,OZ,0.0088
2022-10-01T06:00:00+03:00,CH4,1.45
2022-10-01T06:00:00+03:00,NO,0.004
2022-10-01T07:00:00+03:00,NO2,0.023
2022-10-01T07:00:00+03:00,NO,0.006
2022-10-01T07:00:00+03:00,OZ,0.0079
2022-10-01T07:00:00+03:00,CO,0.2
2022-10-01T07:00:00+03:00,CH4,1.4
2022-10-01T08:00:00+03:00,CO,0.27
2022-10-01T08:00:00+03:00,NO,0.026
2022-10-01T08:00:00+03:00,OZ,0.0027
2022-10-01T08:00:00+03:00,NO2,0.024
2022-10-01T08:00:00+03:00,CH4,1.48
2022-10-01T09:00:00+03:00,NO2,0.024
2022-10-01T09:00:00+03:00,OZ,0.0026
2022-10-01T09:00:00+03:00,NO,0.037
2022-10-01T09:00:00+03:00,CO,0.37
2022-10-01T09:00:00+03:00,CH4,1.46
2022-10-01T10:00:00+03:00,NO,0.053
2022-10-01T10:00:00+03:00,CO,0.47
2022-10-01T10:00:00+03:00,OZ,0.0026
2022-10-01T10:00:00+03:00,NO2,0.018
2022-10-01T10:00:00+03:00,CH4,1.49
2022-10-01T11:00:00+03:00,CO,0.4
2022-10-01T11:00:00+03:00,CH4,1.49
2022-10-01T11:00:00+03:00,OZ,0.0028
2022-10-01T11:00:00+03:00,NO,0.066
2022-10-01T11:00:00+03:00,NO2,0.024
2022-10-01T12:00:00+03:00,NO2,0.024
2022-10-01T12:00:00+03:00,NO,0.048
2022-10-01T12:00:00+03:00,OZ,0.0025
2022-10-01T12:00:00+03:00,CH4,1.5
2022-10-01T12:00:00+03:00,CO,0.23
2022-10-01T13:00:00+03:00,NO,0.041
2022-10-01T13:00:00+03:00,CH4,1.5
2022-10-01T13:00:00+03:00,NO2,0.027
2022-10-01T13:00:00+03:00,OZ,0.0029
2022-10-01T13:00:00+03:00,CO,0.2
2022-10-01T14:00:00+03:00,NO2,0.028
2022-10-01T14:00:00+03:00,CO,0.13
2022-10-01T14:00:00+03:00,CH4,1.48
2022-10-01T14:00:00+03:00,NO,0.037
2022-10-01T14:00:00+03:00,OZ,0.0027
2022-10-01T15:00:00+03:00,CH4,1.47
2022-10-01T15:00:00+03:00,OZ,0.0033
2022-10-01T15:00:00+03:00,NO,0.04
2022-10-01T15:00:00+03:00,NO2,0.032
2022-10-01T15:00:00+03:00,CO,0.3
2022-10-01T16:00:00+03:00,CO,0.37
2022-10-01T16:00:00+03:00,CH4,1.45
2022-10-01T16:00:00+03:00,OZ,0.0027
2022-10-01T16:00:00+03:00,NO2,0.036
2022-10-01T16:00:00+03:00,NO,0.043
2022-10-01T17:00:00+03:00,NO2,0.04
2022-10-01T17:00:00+03:00,CO,0.3
2022-10-01T17:00:00+03:00,OZ,0.003
2022-10-01T17:00:00+03:00,CH4,1.42
2022-10-01T17:00:00+03:00,NO,0.041
2022-10-01T18:00:00+03:00,OZ,0.002
2022-10-01T18:00:00+03:00,NO2,0.044
2022-10-01T18:00:00+03:00,NO,0.049
2022-10-01T18:00:00+03:00,CH4,1.4
2022-10-01T18:00:00+03:00,CO,0.4
2022-10-01T19:00:00+03:00,CH4,1.39
2022-10-01T19:00:00+03:00,NO2,0.039
2022-10-01T19:00:00+03:00,CO,0.63
2022-10-01T19:00:00+03:00,NO,0.072
2022-10-01T19:00:00+03:00,OZ,0.0027
2022-10-01T20:00:00+03:00,CH4,1.4
2022-10-01T20:00:00+03:00,NO,0.09
2022-10-01T20:00:00+03:00,CO,0.53
2022-10-01T20:00:00+03:00,OZ,0.0018
2022-10-01T20:00:00+03:00,NO2,0.038
2022-10-01T21:00:00+03:00,OZ,0.0026
2022-10-01T21:00:00+03:00,NO,0.084
2022-10-01T21:00:00+03:00,CO,0.6
2022-10-01T21:00:00+03:00,NO2,0.033
2022-10-01T21:00:00+03:00,CH4,1.43
2022-10-01T22:00:00+03:00,CO,0.5
2022-10-01T22:00:00+03:00,NO,0.076
2022-10-01T22:00:00+03:00,NO2,0.033
2022-10-01T22:00:00+03:00,OZ,0.0025
2022-10-01T22:00:00+03:00,CH4,1.5
2022-10-01T23:00:00+03:00,CO,0.4
2022-10-01T23:00:00+03:00,CH4,1.46
2022-10-01T23:00:00+03:00,NO,0.049
2022-10-01T23:00:00+03:00,NO2,0.041
2022-10-01T23:00:00+03:00,OZ,0.0025
2022-10-02T00:00:00+03:00,CH4,1.39
2022-10-02T00:00:00+03:00,OZ,0.0036
2022-10-02T00:00:00+03:00,NO2,0.043
2022-10-02T00:00:00+03:00,CO,0.23
2022-10-02T00:00:00+03:00,NO,0.012
2022-10-02T01:00:00+03:00,NO2,0.039
2022-10-02T01:00:00+03:00,OZ,0.0104
2022-10-02T01:00:00+03:00,CO,0.17
2022-10-02T01:00:00+03:00,CH4,1.37
2022-10-02T01:00:00+03:00,NO,0.009
2022-10-02T02:00:00+03:00,NO,0.004
2022-10-02T02:00:00+03:00,CH4,1.36
2022-10-02T02:00:00+03:00,CO,0
2022-10-02T02:00:00+03:00,NO2,0.017
2022-10-02T02:00:00+03:00,OZ,0.0264
2022-10-02T03:00:00+03:00,NO2,0.007
2022-10-02T03:00:00+03:00,CO,0
2022-10-02T03:00:00+03:00,CH4,1.34
2022-10-02T03:00:00+03:00,OZ,0.0361
2022-10-02T03:00:00+03:00,NO,0.003
2022-10-02T04:00:00+03:00,CH4,1.35
2022-10-02T04:00:00+03:00,OZ,0.0369
2022-10-02T04:00:00+03:00,NO,0.002
2022-10-02T04:00:00+03:00,NO2,0.01
2022-10-02T04:00:00+03:00,CO,0
2022-10-02T05:00:00+03:00,NO2,0.006
2022-10-02T05:00:00+03:00,NO,0.003
2022-10-02T05:00:00+03:00,CO,0
2022-10-02T05:00:00+03:00,CH4,1.35
2022-10-02T05:00:00+03:00,OZ,0.0383
2022-10-02T06:00:00+03:00,NO2,0.006
2022-10-02T06:00:00+03:00,OZ,0.0375
2022-10-02T06:00:00+03:00,NO,0.003
2022-10-02T06:00:00+03:00,CO,0
2022-10-02T06:00:00+03:00,CH4,1.36
2022-10-02T07:00:00+03:00,CO,0
2022-10-02T07:00:00+03:00,NO2,0.006
2022-10-02T07:00:00+03:00,NO,0.004
2022-10-02T07:00:00+03:00,CH4,1.37
2022-10-02T07:00:00+03:00,OZ,0.0338
2022-10-02T08:00:00+03:00,CO,0
2022-10-02T08:00:00+03:00,CH4,1.37
2022-10-02T08:00:00+03:00,NO2,0.008
2022-10-02T08:00:00+03:00,OZ,0.0352
2022-10-02T08:00:00+03:00,NO,0.005
2022-10-02T09:00:00+03:00,CO,0
2022-10-02T09:00:00+03:00,OZ,0.0391
2022-10-02T09:00:00+03:00,CH4,1.37
2022-10-02T09:00:00+03:00,NO2,0.01
2022-10-02T09:00:00+03:00,NO,0.008
2022-10-02T10:00:00+03:00,OZ,0.0329
2022-10-02T10:00:00+03:00,CO,0.07
2022-10-02T10:00:00+03:00,CH4,1.37
2022-10-02T10:00:00+03:00,NO2,0.012
2022-10-02T10:00:00+03:00,NO,0.009
2022-10-02T11:00:00+03:00,CH4,1.38
2022-10-02T11:00:00+03:00,OZ,0.0255
2022-10-02T11:00:00+03:00,NO2,0.015
2022-10-02T11:00:00+03:00,NO,0.012
2022-10-02T11:00:00+03:00,CO,0.07
2022-10-02T12:00:00+03:00,OZ,0.0254
2022-10-02T12:00:00+03:00,NO,0.012
2022-10-02T12:00:00+03:00,CH4,1.39
2022-10-02T12:00:00+03:00,NO2,0.014
2022-10-02T12:00:00+03:00,CO,0
2022-10-02T13:00:00+03:00,NO2,0.015
2022-10-02T13:00:00+03:00,CH4,1.39
2022-10-02T13:00:00+03:00,CO,0
2022-10-02T13:00:00+03:00,OZ,0.0239
2022-10-02T13:00:00+03:00,NO,0.014
2022-10-02T14:00:00+03:00,OZ,0.0226
2022-10-02T14:00:00+03:00,CH4,1.4
2022-10-02T14:00:00+03:00,CO,0.03
2022-10-02T14:00:00+03:00,NO,0.014
2022-10-02T14:00:00+03:00,NO2,0.017
2022-10-02T15:00:00+03:00,NO,0.016
2022-10-02T15:00:00+03:00,OZ,0.0198
2022-10-02T15:00:00+03:00,CO,0.03
2022-10-02T15:00:00+03:00,CH4,1.4
2022-10-02T15:00:00+03:00,NO2,0.021
2022-10-02T16:00:00+03:00,CH4,1.41
2022-10-02T16:00:00+03:00,NO2,0.022
2022-10-02T16:00:00+03:00,CO,0
2022-10-02T16:00:00+03:00,OZ,0.0217
2022-10-02T16:00:00+03:00,NO,0.012
2022-10-02T17:00:00+03:00,CH4,1.41
2022-10-02T17:00:00+03:00,CO,0
2022-10-02T17:00:00+03:00,NO2,0.024
2022-10-02T17:00:00+03:00,NO,0.006
2022-10-02T17:00:00+03:00,OZ,0.0179
2022-10-02T18:00:00+03:00,NO,0.017
2022-10-02T18:00:00+03:00,CH4,1.42
2022-10-02T18:00:00+03:00,CO,0.03
2022-10-02T18:00:00+03:00,OZ,0.0051
2022-10-02T18:00:00+03:00,NO2,0.035
2022-10-02T19:00:00+03:00,OZ,0.0025
2022-10-02T19:00:00+03:00,CO,0.2
2022-10-02T19:00:00+03:00,NO,0.033
2022-10-02T19:00:00+03:00,CH4,1.48
2022-10-02T19:00:00+03:00,NO2,0.036
2022-10-02T20:00:00+03:00,OZ,0.0025
2022-10-02T20:00:00+03:00,NO2,0.032
2022-10-02T20:00:00+03:00,CO,0.27
2022-10-02T20:00:00+03:00,NO,0.038
2022-10-02T20:00:00+03:00,CH4,1.62
2022-10-02T21:00:00+03:00,NO,0.03
2022-10-02T21:00:00+03:00,CH4,1.46
2022-10-02T21:00:00+03:00,OZ,0.003
2022-10-02T21:00:00+03:00,CO,0.23
2022-10-02T21:00:00+03:00,NO2,0.037
2022-10-02T22:00:00+03:00,CO,0.07
2022-10-02T22:00:00+03:00,CH4,1.44
2022-10-02T22:00:00+03:00,NO,0.013
2022-10-02T22:00:00+03:00,NO2,0.034
2022-10-02T22:00:00+03:00,OZ,0.007
2022-10-02T23:00:00+03:00,CO,0.07
2022-10-02T23:00:00+03:00,NO2,0.024
2022-10-02T23:00:00+03:00,CH4,1.42
2022-10-02T23:00:00+03:00,NO,0.007
2022-10-02T23:00:00+03:00,OZ,0.0143
2022-10-03T00:00:00+03:00,CO,0.17
2022-10-03T00:00:00+03:00,NO2,0.02
2022-10-03T00:00:00+03:00,NO,0.005
2022-10-03T00:00:00+03:00,CH4,1.42
2022-10-03T00:00:00+03:00,OZ,0.0173
2022-10-03T01:00:00+03:00,CH4,1.42
2022-10-03T01:00:00+03:00,NO2,0.018
2022-10-03T01:00:00+03:00,NO,0.003
2022-10-03T01:00:00+03:00,OZ,0.0179
2022-10-03T01:00:00+03:00,CO,0.13
2022-10-03T02:00:00+03:00,CO,0.1
2022-10-03T02:00:00+03:00,NO2,0.014
2022-10-03T02:00:00+03:00,OZ,0.02
2022-10-03T02:00:00+03:00,CH4,1.43
2022-10-03T02:00:00+03:00,NO,0.002
2022-10-03T03:00:00+03:00,NO,0.001
2022-10-03T03:00:00+03:00,CH4,1.41
2022-10-03T03:00:00+03:00,NO2,0.009
2022-10-03T03:00:00+03:00,CO,0.07
2022-10-03T03:00:00+03:00,OZ,0.0228
2022-10-03T04:00:00+03:00,OZ,0.0307
2022-10-03T04:00:00+03:00,NO2,0.006
2022-10-03T04:00:00+03:00,NO,0.001
2022-10-03T04:00:00+03:00,CH4,1.41
2022-10-03T04:00:00+03:00,CO,0.1
2022-10-03T05:00:00+03:00,CH4,1.41
2022-10-03T05:00:00+03:00,CO,0.1
2022-10-03T05:00:00+03:00,OZ,0.0417
2022-10-03T05:00:00+03:00,NO,0.002
2022-10-03T05:00:00+03:00,NO2,0.005
2022-10-03T06:00:00+03:00,NO2,0.004
2022-10-03T06:00:00+03:00,OZ,0.0539
2022-10-03T06:00:00+03:00,NO,0.002
2022-10-03T06:00:00+03:00,CH4,1.4
2022-10-03T06:00:00+03:00,CO,0.1
2022-10-03T07:00:00+03:00,NO,0.001
2022-10-03T07:00:00+03:00,OZ,0.0541
2022-10-03T07:00:00+03:00,CO,0.1
2022-10-03T07:00:00+03:00,NO2,0.006
2022-10-03T07:00:00+03:00,CH4,1.41
2022-10-03T08:00:00+03:00,CO,0.17
2022-10-03T08:00:00+03:00,CH4,1.37
2022-10-03T08:00:00+03:00,NO2,0.011
2022-10-03T08:00:00+03:00,NO,0.002
2022-10-03T08:00:00+03:00,OZ,0.0463
2022-10-03T09:00:00+03:00,NO2,0.012
2022-10-03T09:00:00+03:00,CH4,1.41
2022-10-03T09:00:00+03:00,NO,0.007
2022-10-03T09:00:00+03:00,OZ,0.0401
2022-10-03T09:00:00+03:00,CO,0.27
2022-10-03T10:00:00+03:00,CH4,1.41
2022-10-03T10:00:00+03:00,NO2,0.011
2022-10-03T10:00:00+03:00,CO,0.13
2022-10-03T10:00:00+03:00,NO,0.005
2022-10-03T10:00:00+03:00,OZ,0.0428
2022-10-03T11:00:00+03:00,CO,0.07
2022-10-03T11:00:00+03:00,CH4,1.37
2022-10-03T11:00:00+03:00,NO,0.004
2022-10-03T11:00:00+03:00,NO2,0.011
2022-10-03T11:00:00+03:00,OZ,0.0384
2022-10-03T12:00:00+03:00,CH4,1.37
2022-10-03T12:00:00+03:00,OZ,0.0312
2022-10-03T12:00:00+03:00,NO,0.004
2022-10-03T12:00:00+03:00,NO2,0.017
2022-10-03T12:00:00+03:00,CO,0
2022-10-03T13:00:00+03:00,CO,0
2022-10-03T13:00:00+03:00,CH4,1.38
2022-10-03T13:00:00+03:00,OZ,0.0351
2022-10-03T13:00:00+03:00,NO,0.004
2022-10-03T13:00:00+03:00,NO2,0.014
2022-10-03T14:00:00+03:00,CO,0.03
2022-10-03T14:00:00+03:00,NO2,0.026
2022-10-03T14:00:00+03:00,NO,0.013
2022-10-03T14:00:00+03:00,CH4,1.38
2022-10-03T14:00:00+03:00,OZ,0.0243
2022-10-03T15:00:00+03:00,CH4,1.39
2022-10-03T15:00:00+03:00,NO2,0.02
2022-10-03T15:00:00+03:00,CO,0
2022-10-03T15:00:00+03:00,OZ,0.0268
2022-10-03T15:00:00+03:00,NO,0.009
2022-10-03T16:00:00+03:00,CH4,1.37
2022-10-03T16:00:00+03:00,CO,0.03
2022-10-03T16:00:00+03:00,NO,0.016
2022-10-03T16:00:00+03:00,NO2,0.021
2022-10-03T16:00:00+03:00,OZ,0.0265
2022-10-03T17:00:00+03:00,NO,0.013
2022-10-03T17:00:00+03:00,OZ,0.0294
2022-10-03T17:00:00+03:00,CH4,1.36
2022-10-03T17:00:00+03:00,NO2,0.02
2022-10-03T17:00:00+03:00,CO,0
2022-10-03T18:00:00+03:00,CO,0
2022-10-03T18:00:00+03:00,NO,0.012
2022-10-03T18:00:00+03:00,OZ,0.0284
2022-10-03T18:00:00+03:00,CH4,1.37
2022-10-03T18:00:00+03:00,NO2,0.021
2022-10-03T19:00:00+03:00,CO,0.03
2022-10-03T19:00:00+03:00,NO,0.008
2022-10-03T19:00:00+03:00,NO2,0.024
2022-10-03T19:00:00+03:00,OZ,0.0219
2022-10-03T19:00:00+03:00,CH4,1.39
2022-10-03T20:00:00+03:00,CH4,1.39
2022-10-03T20:00:00+03:00,OZ,0.025
2022-10-03T20:00:00+03:00,NO,0.007
2022-10-03T20:00:00+03:00,CO,0
2022-10-03T20:00:00+03:00,NO2,0.021
2022-10-03T21:00:00+03:00,OZ,0.0317
2022-10-03T21:00:00+03:00,CH4,1.39
2022-10-03T21:00:00+03:00,NO,0.007
2022-10-03T21:00:00+03:00,NO2,0.021
2022-10-03T21:00:00+03:00,CO,0
2022-10-03T22:00:00+03:00,OZ,0.0335
2022-10-03T22:00:00+03:00,CH4,1.39
2022-10-03T22:00:00+03:00,NO,0.008
2022-10-03T22:00:00+03:00,NO2,0.021
2022-10-03T22:00:00+03:00,CO,0
2022-10-03T23:00:00+03:00,NO,0.003
2022-10-03T23:00:00+03:00,OZ,0.0391
2022-10-03T23:00:00+03:00,NO2,0.016
2022-10-03T23:00:00+03:00,CH4,1.39
2022-10-03T23:00:00+03:00,CO,0.07
2022-10-04T00:00:00+03:00,NO2,0.014
2022-10-04T00:00:00+03:00,CH4,1.39
2022-10-04T00:00:00+03:00,CO,0.2
2022-10-04T00:00:00+03:00,NO,0.002
2022-10-04T00:00:00+03:00,OZ,0.0367
2022-10-04T01:00:00+03:00,NO,0.002
2022-10-04T01:00:00+03:00,CH4,1.4
2022-10-04T01:00:00+03:00,NO2,0.012
2022-10-04T01:00:00+03:00,CO,0.17
2022-10-04T01:00:00+03:00,OZ,0.0377
2022-10-04T02:00:00+03:00,CO,0.1
2022-10-04T02:00:00+03:00,CH4,1.4
2022-10-04T02:00:00+03:00,NO,0.002
2022-10-04T02:00:00+03:00,OZ,0.0384
2022-10-04T02:00:00+03:00,NO2,0.009
2022-10-04T03:00:00+03:00,OZ,0.0379
2022-10-04T03:00:00+03:00,NO,0.002
2022-10-04T03:00:00+03:00,CO,0.2
2022-10-04T03:00:00+03:00,NO2,0.009
2022-10-04T03:00:00+03:00,CH4,1.4
2022-10-04T04:00:00+03:00,CH4,1.4
2022-10-04T04:00:00+03:00,NO2,0.007
2022-10-04T04:00:00+03:00,CO,0.17
2022-10-04T04:00:00+03:00,NO,0.002
2022-10-04T04:00:00+03:00,OZ,0.0383
2022-10-04T05:00:00+03:00,OZ,0.0369
2022-10-04T05:00:00+03:00,NO2,0.008
2022-10-04T05:00:00+03:00,CO,0.17
2022-10-04T05:00:00+03:00,CH4,1.41
2022-10-04T05:00:00+03:00,NO,0.002
2022-10-04T06:00:00+03:00,CO,0.17
2022-10-04T06:00:00+03:00,OZ,0.0359
2022-10-04T06:00:00+03:00,CH4,1.4
2022-10-04T06:00:00+03:00,NO,0.002
2022-10-04T06:00:00+03:00,NO2,0.009
2022-10-04T07:00:00+03:00,CO,0.2
2022-10-04T07:00:00+03:00,NO2,0.012
2022-10-04T07:00:00+03:00,NO,0.003
2022-10-04T07:00:00+03:00,CH4,1.41
2022-10-04T07:00:00+03:00,OZ,0.0314
2022-10-04T08:00:00+03:00,NO2,0.018
2022-10-04T08:00:00+03:00,CH4,1.43
2022-10-04T08:00:00+03:00,NO,0.005
2022-10-04T08:00:00+03:00,CO,0.2
2022-10-04T08:00:00+03:00,OZ,0.0214
2022-10-04T09:00:00+03:00,NO,0.012
2022-10-04T09:00:00+03:00,OZ,0.0201
2022-10-04T09:00:00+03:00,NO2,0.022
2022-10-04T09:00:00+03:00,CO,0.37
2022-10-04T09:00:00+03:00,CH4,1.43
2022-10-04T10:00:00+03:00,NO2,0.024
2022-10-04T10:00:00+03:00,OZ,0.0199
2022-10-04T10:00:00+03:00,NO,0.012
2022-10-04T10:00:00+03:00,CH4,1.42
2022-10-04T10:00:00+03:00,CO,0.3
2022-10-04T11:00:00+03:00,CH4,1.42
2022-10-04T11:00:00+03:00,OZ,0.0242
2022-10-04T11:00:00+03:00,NO,0.014
2022-10-04T11:00:00+03:00,NO2,0.026
2022-10-04T11:00:00+03:00,CO,0.27
2022-10-04T12:00:00+03:00,OZ,0.0331
2022-10-04T12:00:00+03:00,NO2,0.021
2022-10-04T12:00:00+03:00,CO,0.1
2022-10-04T12:00:00+03:00,CH4,1.41
2022-10-04T12:00:00+03:00,NO,0.015
2022-10-04T13:00:00+03:00,CO,0.13
2022-10-04T13:00:00+03:00,NO2,0.021
2022-10-04T13:00:00+03:00,OZ,0.036
2022-10-04T13:00:00+03:00,NO,0.011
2022-10-04T13:00:00+03:00,CH4,1.4
2022-10-04T14:00:00+03:00,OZ,0.0363
2022-10-04T14:00:00+03:00,CO,0.13
2022-10-04T14:00:00+03:00,CH4,1.4
2022-10-04T14:00:00+03:00,NO2,0.023
2022-10-04T14:00:00+03:00,NO,0.01
2022-10-04T15:00:00+03:00,OZ,0.0305
2022-10-04T15:00:00+03:00,NO,0.014
2022-10-04T15:00:00+03:00,CO,0.17
2022-10-04T15:00:00+03:00,CH4,1.4
2022-10-04T15:00:00+03:00,NO2,0.026
2022-10-04T16:00:00+03:00,NO2,0.029
2022-10-04T16:00:00+03:00,CO,0.2
2022-10-04T16:00:00+03:00,CH4,1.43
2022-10-04T16:00:00+03:00,OZ,0.0261
2022-10-04T16:00:00+03:00,NO,0.012
2022-10-04T17:00:00+03:00,OZ,0.0273
2022-10-04T17:00:00+03:00,CH4,1.43
2022-10-04T17:00:00+03:00,CO,0.1
2022-10-04T17:00:00+03:00,NO2,0.027
2022-10-04T17:00:00+03:00,NO,0.012
2022-10-04T18:00:00+03:00,OZ,0.0115
2022-10-04T18:00:00+03:00,NO2,0.04
2022-10-04T18:00:00+03:00,CH4,1.43
2022-10-04T18:00:00+03:00,NO,0.016
2022-10-04T18:00:00+03:00,CO,0.2
2022-10-04T19:00:00+03:00,CO,0.3
2022-10-04T19:00:00+03:00,NO2,0.042
2022-10-04T19:00:00+03:00,NO,0.019
2022-10-04T19:00:00+03:00,OZ,0.0091
2022-10-04T19:00:00+03:00,CH4,1.43
2022-10-04T20:00:00+03:00,OZ,0.0093
2022-10-04T20:00:00+03:00,NO,0.016
2022-10-04T20:00:00+03:00,CH4,1.44
2022-10-04T20:00:00+03:00,CO,0.23
2022-10-04T20:00:00+03:00,NO2,0.037
2022-10-04T21:00:00+03:00,OZ,0.0087
2022-10-04T21:00:00+03:00,NO,0.011
2022-10-04T21:00:00+03:00,CH4,1.42
2022-10-04T21:00:00+03:00,NO2,0.037
2022-10-04T21:00:00+03:00,CO,0.2
2022-10-04T22:00:00+03:00,OZ,0.0065
2022-10-04T22:00:00+03:00,NO,0.015
2022-10-04T22:00:00+03:00,NO2,0.039
2022-10-04T22:00:00+03:00,CO,0.27
2022-10-04T22:00:00+03:00,CH4,1.43
2022-10-04T23:00:00+03:00,CO,0.1
2022-10-04T23:00:00+03:00,NO2,0.033
2022-10-04T23:00:00+03:00,CH4,1.43
2022-10-04T23:00:00+03:00,OZ,0.0153
2022-10-04T23:00:00+03:00,NO,0.009
2022-10-05T00:00:00+03:00,CO,0.07
2022-10-05T00:00:00+03:00,OZ,0.0227
2022-10-05T00:00:00+03:00,NO2,0.024
2022-10-05T00:00:00+03:00,NO,0.005
2022-10-05T00:00:00+03:00,CH4,1.42
2022-10-05T01:00:00+03:00,NO,0.005
2022-10-05T01:00:00+03:00,CO,0
2022-10-05T01:00:00+03:00,OZ,0.0128
2022-10-05T01:00:00+03:00,NO2,0.031
2022-10-05T01:00:00+03:00,CH4,1.43
2022-10-05T02:00:00+03:00,NO2,0.033
2022-10-05T02:00:00+03:00,CH4,1.44
2022-10-05T02:00:00+03:00,OZ,0.0106
2022-10-05T02:00:00+03:00,NO,0.004
2022-10-05T02:00:00+03:00,CO,0
2022-10-05T03:00:00+03:00,CH4,1.45
2022-10-05T03:00:00+03:00,CO,0
2022-10-05T03:00:00+03:00,OZ,0.0047
2022-10-05T03:00:00+03:00,NO,0.005
2022-10-05T03:00:00+03:00,NO2,0.035
2022-10-05T04:00:00+03:00,CH4,1.45
2022-10-05T04:00:00+03:00,NO,0.003
2022-10-05T04:00:00+03:00,OZ,0.0179
2022-10-05T04:00:00+03:00,CO,0
2022-10-05T04:00:00+03:00,NO2,0.025
2022-10-05T05:00:00+03:00,CO,0
2022-10-05T05:00:00+03:00,OZ,0.0238
2022-10-05T05:00:00+03:00,NO2,0.015
2022-10-05T05:00:00+03:00,NO,0.004
2022-10-05T05:00:00+03:00,CH4,1.43
2022-10-05T06:00:00+03:00,NO2,0.016
2022-10-05T06:00:00+03:00,CH4,1.44
2022-10-05T06:00:00+03:00,NO,0.003
2022-10-05T06:00:00+03:00,OZ,0.0194
2022-10-05T06:00:00+03:00,CO,0
2022-10-05T07:00:00+03:00,NO2,0.023
2022-10-05T07:00:00+03:00,CH4,1.44
2022-10-05T07:00:00+03:00,NO,0.015
2022-10-05T07:00:00+03:00,CO,0.03
2022-10-05T07:00:00+03:00,OZ,0.0113
2022-10-05T08:00:00+03:00,NO2,0.029
2022-10-05T08:00:00+03:00,OZ,0.0068
2022-10-05T08:00:00+03:00,NO,0.029
2022-10-05T08:00:00+03:00,CO,0.17
2022-10-05T08:00:00+03:00,CH4,1.44
2022-10-05T09:00:00+03:00,CO,0.27
2022-10-05T09:00:00+03:00,CH4,1.44
2022-10-05T09:00:00+03:00,OZ,0.0048
2022-10-05T09:00:00+03:00,NO2,0.033
2022-10-05T09:00:00+03:00,NO,0.048
2022-10-05T10:00:00+03:00,NO2,0.028
2022-10-05T10:00:00+03:00,OZ,0.0048
2022-10-05T10:00:00+03:00,NO,0.066
2022-10-05T10:00:00+03:00,CO,0.3
2022-10-05T10:00:00+03:00,CH4,1.44
2022-10-05T11:00:00+03:00,CO,0.27
2022-10-05T11:00:00+03:00,CH4,1.43
2022-10-05T11:00:00+03:00,NO,0.042
2022-10-05T11:00:00+03:00,NO2,0.029
2022-10-05T11:00:00+03:00,OZ,0.0083
2022-10-05T12:00:00+03:00,NO,0.028
2022-10-05T12:00:00+03:00,NO2,0.025
2022-10-05T12:00:00+03:00,OZ,0.0106
2022-10-05T12:00:00+03:00,CO,0.2
2022-10-05T12:00:00+03:00,CH4,1.43
2022-10-05T13:00:00+03:00,NO2,0.024
2022-10-05T13:00:00+03:00,NO,0.037
2022-10-05T13:00:00+03:00,CO,0.2
2022-10-05T13:00:00+03:00,CH4,1.43
2022-10-05T13:00:00+03:00,OZ,0.0076
2022-10-05T14:00:00+03:00,NO,0.025
2022-10-05T14:00:00+03:00,NO2,0.016
2022-10-05T14:00:00+03:00,CH4,1.44
2022-10-05T14:00:00+03:00,OZ,0.0128
2022-10-05T14:00:00+03:00,CO,0.13
2022-10-05T15:00:00+03:00,CH4,1.43
2022-10-05T15:00:00+03:00,CO,0.13
2022-10-05T15:00:00+03:00,OZ,0.0109
2022-10-05T15:00:00+03:00,NO,0.031
2022-10-05T15:00:00+03:00,NO2,0.018
2022-10-05T16:00:00+03:00,NO2,0.019
2022-10-05T16:00:00+03:00,NO,0.029
2022-10-05T16:00:00+03:00,CO,0.2
2022-10-05T16:00:00+03:00,CH4,1.43
2022-10-05T16:00:00+03:00,OZ,0.009
2022-10-05T17:00:00+03:00,NO,0.031
2022-10-05T17:00:00+03:00,CO,0.17
2022-10-05T17:00:00+03:00,CH4,1.43
2022-10-05T17:00:00+03:00,NO2,0.018
2022-10-05T17:00:00+03:00,OZ,0.0071
2022-10-05T18:00:00+03:00,CH4,1.43
2022-10-05T18:00:00+03:00,NO2,0.022
2022-10-05T18:00:00+03:00,OZ,0.0045
2022-10-05T18:00:00+03:00,CO,0.2
2022-10-05T18:00:00+03:00,NO,0.029
2022-10-05T19:00:00+03:00,OZ,0.0039
2022-10-05T19:00:00+03:00,CH4,1.44
2022-10-05T19:00:00+03:00,NO,0.029
2022-10-05T19:00:00+03:00,NO2,0.02
2022-10-05T19:00:00+03:00,CO,0.23
2022-10-05T20:00:00+03:00,NO2,0.022
2022-10-05T20:00:00+03:00,NO,0.045
2022-10-05T20:00:00+03:00,CH4,1.45
2022-10-05T20:00:00+03:00,OZ,0.0028
2022-10-05T20:00:00+03:00,CO,0.2
2022-10-05T21:00:00+03:00,CO,0.1
2022-10-05T21:00:00+03:00,CH4,1.45
2022-10-05T21:00:00+03:00,NO2,0.021
2022-10-05T21:00:00+03:00,OZ,0.0047
2022-10-05T21:00:00+03:00,NO,0.02
2022-10-05T22:00:00+03:00,NO2,0.023
2022-10-05T22:00:00+03:00,OZ,0.0023
2022-10-05T22:00:00+03:00,NO,0.051
2022-10-05T22:00:00+03:00,CO,0.27
2022-10-05T22:00:00+03:00,CH4,1.45
2022-10-05T23:00:00+03:00,NO2,0.021
2022-10-05T23:00:00+03:00,OZ,0.0025
2022-10-05T23:00:00+03:00,NO,0.037
2022-10-05T23:00:00+03:00,CH4,1.45
2022-10-05T23:00:00+03:00,CO,0.3
2022-10-06T00:00:00+03:00,NO2,0.02
2022-10-06T00:00:00+03:00,CH4,1.45
2022-10-06T00:00:00+03:00,OZ,0.0023
2022-10-06T00:00:00+03:00,CO,0.47
2022-10-06T00:00:00+03:00,NO,0.033
2022-10-06T01:00:00+03:00,CO,0.4
2022-10-06T01:00:00+03:00,OZ,0.0021
2022-10-06T01:00:00+03:00,NO,0.024
2022-10-06T01:00:00+03:00,CH4,1.45
2022-10-06T01:00:00+03:00,NO2,0.015
2022-10-06T02:00:00+03:00,CH4,1.46
2022-10-06T02:00:00+03:00,OZ,0.0024
2022-10-06T02:00:00+03:00,NO,0.018
2022-10-06T02:00:00+03:00,CO,0.37
2022-10-06T02:00:00+03:00,NO2,0.015
2022-10-06T03:00:00+03:00,NO,0.012
2022-10-06T03:00:00+03:00,OZ,0.0022
2022-10-06T03:00:00+03:00,CO,0.3
2022-10-06T03:00:00+03:00,NO2,0.015
2022-10-06T03:00:00+03:00,CH4,1.47
2022-10-06T04:00:00+03:00,OZ,0.0028
2022-10-06T04:00:00+03:00,NO,0.015
2022-10-06T04:00:00+03:00,CO,0.37
2022-10-06T04:00:00+03:00,CH4,1.46
2022-10-06T04:00:00+03:00,NO2,0.014
2022-10-06T05:00:00+03:00,NO2,0.011
2022-10-06T05:00:00+03:00,NO,0.011
2022-10-06T05:00:00+03:00,CH4,1.45
2022-10-06T05:00:00+03:00,OZ,0.0074
2022-10-06T05:00:00+03:00,CO,0.33
2022-10-06T06:00:00+03:00,CH4,1.45
2022-10-06T06:00:00+03:00,NO2,0.013
2022-10-06T06:00:00+03:00,OZ,0.0076
2022-10-06T06:00:00+03:00,CO,0.3
2022-10-06T06:00:00+03:00,NO,0.004
2022-10-06T07:00:00+03:00,NO2,0.018
2022-10-06T07:00:00+03:00,OZ,0.0042
2022-10-06T07:00:00+03:00,NO,0.014
2022-10-06T07:00:00+03:00,CO,0.43
2022-10-06T07:00:00+03:00,CH4,1.46
2022-10-06T08:00:00+03:00,OZ,0.0069
2022-10-06T08:00:00+03:00,NO2,0.023
2022-10-06T08:00:00+03:00,CH4,1.44
2022-10-06T08:00:00+03:00,NO,0.028
2022-10-06T08:00:00+03:00,CO,0.47
2022-10-06T09:00:00+03:00,CO,0.67
2022-10-06T09:00:00+03:00,NO2,0.024
2022-10-06T09:00:00+03:00,CH4,1.44
2022-10-06T09:00:00+03:00,OZ,0.0042
2022-10-06T09:00:00+03:00,NO,0.043
2022-10-06T10:00:00+03:00,CO,0.63
2022-10-06T10:00:00+03:00,NO,0.049
2022-10-06T10:00:00+03:00,NO2,0.023
2022-10-06T10:00:00+03:00,OZ,0.0045
2022-10-06T10:00:00+03:00,CH4,1.45
2022-10-06T11:00:00+03:00,CO,0.47
2022-10-06T11:00:00+03:00,CH4,1.44
2022-10-06T11:00:00+03:00,NO,0.032
2022-10-06T11:00:00+03:00,NO2,0.018
2022-10-06T11:00:00+03:00,OZ,0.0058
2022-10-06T12:00:00+03:00,OZ,0.0042
2022-10-06T12:00:00+03:00,CH4,1.44
2022-10-06T12:00:00+03:00,NO2,0.021
2022-10-06T12:00:00+03:00,NO,0.048
2022-10-06T12:00:00+03:00,CO,0.53
2022-10-06T13:00:00+03:00,OZ,0.0034
2022-10-06T13:00:00+03:00,CO,0.5
2022-10-06T13:00:00+03:00,CH4,1.44
2022-10-06T13:00:00+03:00,NO,0.045
2022-10-06T13:00:00+03:00,NO2,0.021
2022-10-06T14:00:00+03:00,NO2,0.022
2022-10-06T14:00:00+03:00,OZ,0.0044
2022-10-06T14:00:00+03:00,NO,0.049
2022-10-06T14:00:00+03:00,CH4,1.44
2022-10-06T14:00:00+03:00,CO,0.47
2022-10-06T15:00:00+03:00,OZ,0.0083
2022-10-06T15:00:00+03:00,NO2,0.028
2022-10-06T15:00:00+03:00,CO,0.33
2022-10-06T15:00:00+03:00,CH4,1.41
2022-10-06T15:00:00+03:00,NO,0.029
2022-10-06T16:00:00+03:00,OZ,0.0087
2022-10-06T16:00:00+03:00,NO2,0.032
2022-10-06T16:00:00+03:00,CH4,1.4
2022-10-06T16:00:00+03:00,CO,0.43
2022-10-06T16:00:00+03:00,NO,0.03
2022-10-06T17:00:00+03:00,CH4,1.41
2022-10-06T17:00:00+03:00,NO,0.023
2022-10-06T17:00:00+03:00,OZ,0.0126
2022-10-06T17:00:00+03:00,NO2,0.033
2022-10-06T17:00:00+03:00,CO,0.4
2022-10-06T18:00:00+03:00,NO2,0.034
2022-10-06T18:00:00+03:00,NO,0.024
2022-10-06T18:00:00+03:00,CO,0.43
2022-10-06T18:00:00+03:00,CH4,1.4
2022-10-06T18:00:00+03:00,OZ,0.0099
2022-10-06T19:00:00+03:00,NO,0.024
2022-10-06T19:00:00+03:00,NO2,0.034
2022-10-06T19:00:00+03:00,CH4,1.4
2022-10-06T19:00:00+03:00,CO,0.43
2022-10-06T19:00:00+03:00,OZ,0.0086
2022-10-06T20:00:00+03:00,OZ,0.0077
2022-10-06T20:00:00+03:00,CH4,1.4
2022-10-06T20:00:00+03:00,CO,0.43
2022-10-06T20:00:00+03:00,NO,0.025
2022-10-06T20:00:00+03:00,NO2,0.038
2022-10-06T21:00:00+03:00,NO,0.016
2022-10-06T21:00:00+03:00,NO2,0.037
2022-10-06T21:00:00+03:00,OZ,0.0059
2022-10-06T21:00:00+03:00,CH4,1.41
2022-10-06T21:00:00+03:00,CO,0.4
2022-10-06T22:00:00+03:00,CH4,1.41
2022-10-06T22:00:00+03:00,OZ,0.0103
2022-10-06T22:00:00+03:00,NO2,0.029
2022-10-06T22:00:00+03:00,CO,0.37
2022-10-06T22:00:00+03:00,NO,0.016
2022-10-06T23:00:00+03:00,NO,0.015
2022-10-06T23:00:00+03:00,OZ,0.0139
2022-10-06T23:00:00+03:00,CO,0.23
2022-10-06T23:00:00+03:00,CH4,1.41
2022-10-06T23:00:00+03:00,NO2,0.025
2022-10-07T00:00:00+03:00,NO,0.008
2022-10-07T00:00:00+03:00,OZ,0.0226
2022-10-07T00:00:00+03:00,CO,0.03
2022-10-07T00:00:00+03:00,NO2,0.018
2022-10-07T00:00:00+03:00,CH4,1.41
2022-10-07T01:00:00+03:00,OZ,0.0218
2022-10-07T01:00:00+03:00,CH4,1.41
2022-10-07T01:00:00+03:00,CO,0
2022-10-07T01:00:00+03:00,NO,0.009
2022-10-07T01:00:00+03:00,NO2,0.016
2022-10-07T02:00:00+03:00,NO2,0.011
2022-10-07T02:00:00+03:00,OZ,0.0274
2022-10-07T02:00:00+03:00,NO,0.005
2022-10-07T02:00:00+03:00,CO,0
2022-10-07T02:00:00+03:00,CH4,1.41
2022-10-07T03:00:00+03:00,NO,0.004
2022-10-07T03:00:00+03:00,OZ,0.034
2022-10-07T03:00:00+03:00,NO2,0.005
2022-10-07T03:00:00+03:00,CH4,1.41
2022-10-07T03:00:00+03:00,CO,0
2022-10-07T04:00:00+03:00,CO,0
2022-10-07T04:00:00+03:00,CH4,1.4
2022-10-07T04:00:00+03:00,OZ,0.0323
2022-10-07T04:00:00+03:00,NO2,0.007
2022-10-07T04:00:00+03:00,NO,0.003
2022-10-07T05:00:00+03:00,CO,0
2022-10-07T05:00:00+03:00,CH4,1.39
2022-10-07T05:00:00+03:00,NO2,0.009
2022-10-07T05:00:00+03:00,OZ,0.0298
2022-10-07T05:00:00+03:00,NO,0.003
2022-10-07T06:00:00+03:00,OZ,0.0309
2022-10-07T06:00:00+03:00,NO2,0.008
2022-10-07T06:00:00+03:00,CO,0
2022-10-07T06:00:00+03:00,CH4,1.39
2022-10-07T06:00:00+03:00,NO,0.005
2022-10-07T07:00:00+03:00,CO,0
2022-10-07T07:00:00+03:00,CH4,1.39
2022-10-07T07:00:00+03:00,OZ,0.0165
2022-10-07T07:00:00+03:00,NO,0.009
2022-10-07T07:00:00+03:00,NO2,0.021
2022-10-07T08:00:00+03:00,NO,0.02
2022-10-07T08:00:00+03:00,NO2,0.029
2022-10-07T08:00:00+03:00,CH4,1.38
2022-10-07T08:00:00+03:00,CO,0.07
2022-10-07T08:00:00+03:00,OZ,0.0109
2022-10-07T09:00:00+03:00,OZ,0.0184
2022-10-07T09:00:00+03:00,CH4,1.38
2022-10-07T09:00:00+03:00,NO2,0.027
2022-10-07T09:00:00+03:00,NO,0.019
2022-10-07T09:00:00+03:00,CO,0.13
2022-10-07T10:00:00+03:00,NO2,0.021
2022-10-07T10:00:00+03:00,CO,0.03
2022-10-07T10:00:00+03:00,NO,0.017
2022-10-07T10:00:00+03:00,CH4,1.39
2022-10-07T10:00:00+03:00,OZ,0.027
2022-10-07T11:00:00+03:00,CO,0
2022-10-07T11:00:00+03:00,NO,0.014
2022-10-07T11:00:00+03:00,NO2,0.019
2022-10-07T11:00:00+03:00,CH4,1.39
2022-10-07T11:00:00+03:00,OZ,0.034
2022-10-07T12:00:00+03:00,CH4,1.38
2022-10-07T12:00:00+03:00,OZ,0.0373
2022-10-07T12:00:00+03:00,NO,0.012
2022-10-07T12:00:00+03:00,NO2,0.019
2022-10-07T12:00:00+03:00,CO,0
2022-10-07T13:00:00+03:00,CH4,1.38
2022-10-07T13:00:00+03:00,OZ,0.0446
2022-10-07T13:00:00+03:00,NO,0.012
2022-10-07T13:00:00+03:00,CO,0
2022-10-07T13:00:00+03:00,NO2,0.015
2022-10-07T14:00:00+03:00,NO,0.016
2022-10-07T14:00:00+03:00,CO,0
2022-10-07T14:00:00+03:00,NO2,0.016
2022-10-07T14:00:00+03:00,OZ,0.0429
2022-10-07T14:00:00+03:00,CH4,1.37
2022-10-07T15:00:00+03:00,CH4,1.38
2022-10-07T15:00:00+03:00,NO2,0.017
2022-10-07T15:00:00+03:00,NO,0.013
2022-10-07T15:00:00+03:00,OZ,0.0403
2022-10-07T15:00:00+03:00,CO,0.03
2022-10-07T16:00:00+03:00,CO,0.03
2022-10-07T16:00:00+03:00,NO2,0.019
2022-10-07T16:00:00+03:00,OZ,0.0383
2022-10-07T16:00:00+03:00,NO,0.014
2022-10-07T16:00:00+03:00,CH4,1.38
2022-10-07T17:00:00+03:00,NO,0.013
2022-10-07T17:00:00+03:00,OZ,0.035
2022-10-07T17:00:00+03:00,CO,0.03
2022-10-07T17:00:00+03:00,NO2,0.02
2022-10-07T17:00:00+03:00,CH4,1.38
2022-10-07T18:00:00+03:00,CH4,1.39
2022-10-07T18:00:00+03:00,CO,0.07
2022-10-07T18:00:00+03:00,OZ,0.0302
2022-10-07T18:00:00+03:00,NO2,0.023
2022-10-07T18:00:00+03:00,NO,0.016
2022-10-07T19:00:00+03:00,OZ,0.0254
2022-10-07T19:00:00+03:00,NO,0.017
2022-10-07T19:00:00+03:00,CO,0.13
2022-10-07T19:00:00+03:00,NO2,0.024
2022-10-07T19:00:00+03:00,CH4,1.39
2022-10-07T20:00:00+03:00,NO2,0.027
2022-10-07T20:00:00+03:00,NO,0.015
2022-10-07T20:00:00+03:00,CH4,1.4
2022-10-07T20:00:00+03:00,OZ,0.0219
2022-10-07T20:00:00+03:00,CO,0.07
2022-10-07T21:00:00+03:00,CH4,1.41
2022-10-07T21:00:00+03:00,NO2,0.027
2022-10-07T21:00:00+03:00,NO,0.023
2022-10-07T21:00:00+03:00,CO,0.07
2022-10-07T21:00:00+03:00,OZ,0.0196
2022-10-07T22:00:00+03:00,CO,0.03
2022-10-07T22:00:00+03:00,NO2,0.024
2022-10-07T22:00:00+03:00,CH4,1.41
2022-10-07T22:00:00+03:00,NO,0.016
2022-10-07T22:00:00+03:00,OZ,0.0198
2022-10-07T23:00:00+03:00,NO,0.016
2022-10-07T23:00:00+03:00,OZ,0.02
2022-10-07T23:00:00+03:00,CH4,1.41
2022-10-07T23:00:00+03:00,NO2,0.024
2022-10-07T23:00:00+03:00,CO,0
2022-10-08T00:00:00+03:00,NO,0.012
2022-10-08T00:00:00+03:00,NO2,0.023
2022-10-08T00:00:00+03:00,OZ,0.0187
2022-10-08T00:00:00+03:00,CO,0
2022-10-08T00:00:00+03:00,CH4,1.41
2022-10-08T01:00:00+03:00,NO,0.01
2022-10-08T01:00:00+03:00,OZ,0.0177
2022-10-08T01:00:00+03:00,NO2,0.021
2022-10-08T01:00:00+03:00,CO,0.03
2022-10-08T01:00:00+03:00,CH4,1.42
2022-10-08T02:00:00+03:00,OZ,0.0138
2022-10-08T02:00:00+03:00,NO2,0.023
2022-10-08T02:00:00+03:00,CH4,1.43
2022-10-08T02:00:00+03:00,CO,0
2022-10-08T02:00:00+03:00,NO,0.008
2022-10-08T03:00:00+03:00,NO,0.012
2022-10-08T03:00:00+03:00,NO2,0.021
2022-10-08T03:00:00+03:00,CO,0.13
2022-10-08T03:00:00+03:00,OZ,0.0127
2022-10-08T03:00:00+03:00,CH4,1.43
2022-10-08T04:00:00+03:00,OZ,0.0122
2022-10-08T04:00:00+03:00,NO2,0.021
2022-10-08T04:00:00+03:00,NO,0.006
2022-10-08T04:00:00+03:00,CO,0
2022-10-08T04:00:00+03:00,CH4,1.44
2022-10-08T05:00:00+03:00,NO2,0.021
2022-10-08T05:00:00+03:00,CH4,1.43
2022-10-08T05:00:00+03:00,CO,0
2022-10-08T05:00:00+03:00,OZ,0.0143
2022-10-08T05:00:00+03:00,NO,0.006
2022-10-08T06:00:00+03:00,NO2,0.018
2022-10-08T06:00:00+03:00,CO,0
2022-10-08T06:00:00+03:00,CH4,1.44
2022-10-08T06:00:00+03:00,OZ,0.015
2022-10-08T06:00:00+03:00,NO,0.005
2022-10-08T07:00:00+03:00,CO,0
2022-10-08T07:00:00+03:00,NO,0.01
2022-10-08T07:00:00+03:00,NO2,0.02
2022-10-08T07:00:00+03:00,CH4,1.44
2022-10-08T07:00:00+03:00,OZ,0.0135
2022-10-08T08:00:00+03:00,NO,0.011
2022-10-08T08:00:00+03:00,OZ,0.0127
2022-10-08T08:00:00+03:00,CH4,1.44
2022-10-08T08:00:00+03:00,NO2,0.019
2022-10-08T08:00:00+03:00,CO,0
2022-10-08T09:00:00+03:00,OZ,0.0066
2022-10-08T09:00:00+03:00,NO2,0.026
2022-10-08T09:00:00+03:00,NO,0.025
2022-10-08T09:00:00+03:00,CO,0
2022-10-08T09:00:00+03:00,CH4,1.44
2022-10-08T10:00:00+03:00,NO,0.023
2022-10-08T10:00:00+03:00,CH4,1.41
2022-10-08T10:00:00+03:00,CO,0.03
2022-10-08T10:00:00+03:00,NO2,0.025
2022-10-08T10:00:00+03:00,OZ,0.0106
2022-10-08T11:00:00+03:00,CO,0.07
2022-10-08T11:00:00+03:00,NO2,0.028
2022-10-08T11:00:00+03:00,CH4,1.4
2022-10-08T11:00:00+03:00,OZ,0.0172
2022-10-08T11:00:00+03:00,NO,0.025
2022-10-08T12:00:00+03:00,OZ,0.0371
2022-10-08T12:00:00+03:00,NO,0.013
2022-10-08T12:00:00+03:00,NO2,0.02
2022-10-08T12:00:00+03:00,CO,0.03
2022-10-08T12:00:00+03:00,CH4,1.38
2022-10-08T13:00:00+03:00,CH4,1.38
2022-10-08T13:00:00+03:00,NO2,0.019
2022-10-08T13:00:00+03:00,OZ,0.0463
2022-10-08T13:00:00+03:00,CO,0.03
2022-10-08T13:00:00+03:00,NO,0.012
2022-10-08T14:00:00+03:00,OZ,0.0505
2022-10-08T14:00:00+03:00,CH4,1.39
2022-10-08T14:00:00+03:00,NO,0.01
2022-10-08T14:00:00+03:00,NO2,0.017
2022-10-08T14:00:00+03:00,CO,0
2022-10-08T15:00:00+03:00,CH4,1.39
2022-10-08T15:00:00+03:00,OZ,0.0472
2022-10-08T15:00:00+03:00,NO2,0.022
2022-10-08T15:00:00+03:00,CO,0.03
2022-10-08T15:00:00+03:00,NO,0.014
2022-10-08T16:00:00+03:00,NO,0.015
2022-10-08T16:00:00+03:00,CO,0
2022-10-08T16:00:00+03:00,OZ,0.0441
2022-10-08T16:00:00+03:00,NO2,0.026
2022-10-08T16:00:00+03:00,CH4,1.39
2022-10-08T17:00:00+03:00,CH4,1.39
2022-10-08T17:00:00+03:00,NO,0.016
2022-10-08T17:00:00+03:00,OZ,0.037
2022-10-08T17:00:00+03:00,NO2,0.03
2022-10-08T17:00:00+03:00,CO,0
2022-10-08T18:00:00+03:00,OZ,0.0274
2022-10-08T18:00:00+03:00,NO,0.02
2022-10-08T18:00:00+03:00,NO2,0.039
2022-10-08T18:00:00+03:00,CH4,1.38
2022-10-08T18:00:00+03:00,CO,0.17
2022-10-08T19:00:00+03:00,NO,0.028
2022-10-08T19:00:00+03:00,CO,0.17
2022-10-08T19:00:00+03:00,NO2,0.052
2022-10-08T19:00:00+03:00,OZ,0.0085
2022-10-08T19:00:00+03:00,CH4,1.4
2022-10-08T20:00:00+03:00,CO,0.27
2022-10-08T20:00:00+03:00,OZ,0.0085
2022-10-08T20:00:00+03:00,NO,0.027
2022-10-08T20:00:00+03:00,NO2,0.052
2022-10-08T20:00:00+03:00,CH4,1.4
2022-10-08T21:00:00+03:00,NO2,0.043
2022-10-08T21:00:00+03:00,OZ,0.0165
2022-10-08T21:00:00+03:00,CH4,1.41
2022-10-08T21:00:00+03:00,CO,0.2
2022-10-08T21:00:00+03:00,NO,0.024
2022-10-08T22:00:00+03:00,NO,0.01
2022-10-08T22:00:00+03:00,CO,0.03
2022-10-08T22:00:00+03:00,NO2,0.035
2022-10-08T22:00:00+03:00,CH4,1.4
2022-10-08T22:00:00+03:00,OZ,0.0238
2022-10-08T23:00:00+03:00,NO2,0.027
2022-10-08T23:00:00+03:00,NO,0.005
2022-10-08T23:00:00+03:00,CH4,1.41
2022-10-08T23:00:00+03:00,CO,0.17
2022-10-08T23:00:00+03:00,OZ,0.0305
2022-10-09T00:00:00+03:00,NO2,0.023
2022-10-09T00:00:00+03:00,CO,0.3
2022-10-09T00:00:00+03:00,CH4,1.4
2022-10-09T00:00:00+03:00,OZ,0.0338
2022-10-09T00:00:00+03:00,NO,0.004
2022-10-09T01:00:00+03:00,CO,0.27
2022-10-09T01:00:00+03:00,OZ,0.0345
2022-10-09T01:00:00+03:00,CH4,1.4
2022-10-09T01:00:00+03:00,NO,0.005
2022-10-09T01:00:00+03:00,NO2,0.02
2022-10-09T02:00:00+03:00,CO,0.23
2022-10-09T02:00:00+03:00,NO,0.005
2022-10-09T02:00:00+03:00,CH4,1.4
2022-10-09T02:00:00+03:00,NO2,0.017
2022-10-09T02:00:00+03:00,OZ,0.0371
2022-10-09T03:00:00+03:00,NO2,0.013
2022-10-09T03:00:00+03:00,NO,0.003
2022-10-09T03:00:00+03:00,OZ,0.0383
2022-10-09T03:00:00+03:00,CH4,1.41
2022-10-09T03:00:00+03:00,CO,0.27
2022-10-09T04:00:00+03:00,NO2,0.017
2022-10-09T04:00:00+03:00,NO,0.006
2022-10-09T04:00:00+03:00,CO,0.2
2022-10-09T04:00:00+03:00,OZ,0.0324
2022-10-09T04:00:00+03:00,CH4,1.41
2022-10-09T05:00:00+03:00,NO,0.005
2022-10-09T05:00:00+03:00,NO2,0.015
2022-10-09T05:00:00+03:00,CH4,1.4
2022-10-09T05:00:00+03:00,CO,0.23
2022-10-09T05:00:00+03:00,OZ,0.0332
2022-10-09T06:00:00+03:00,OZ,0.034
2022-10-09T06:00:00+03:00,CH4,1.4
2022-10-09T06:00:00+03:00,NO2,0.013
2022-10-09T06:00:00+03:00,CO,0.3
2022-10-09T06:00:00+03:00,NO,0.003
2022-10-09T07:00:00+03:00,NO2,0.023
2022-10-09T07:00:00+03:00,CH4,1.42
2022-10-09T07:00:00+03:00,CO,0.27
2022-10-09T07:00:00+03:00,NO,0.01
2022-10-09T07:00:00+03:00,OZ,0.0204
2022-10-09T08:00:00+03:00,NO,0.009
2022-10-09T08:00:00+03:00,OZ,0.0197
2022-10-09T08:00:00+03:00,CH4,1.42
2022-10-09T08:00:00+03:00,CO,0.27
2022-10-09T08:00:00+03:00,NO2,0.024
2022-10-09T09:00:00+03:00,CH4,1.42
2022-10-09T09:00:00+03:00,OZ,0.0197
2022-10-09T09:00:00+03:00,NO,0.021
2022-10-09T09:00:00+03:00,CO,0.37
2022-10-09T09:00:00+03:00,NO2,0.032
2022-10-09T10:00:00+03:00,NO,0.015
2022-10-09T10:00:00+03:00,NO2,0.028
2022-10-09T10:00:00+03:00,OZ,0.0233
2022-10-09T10:00:00+03:00,CO,0.3
2022-10-09T10:00:00+03:00,CH4,1.43
2022-10-09T11:00:00+03:00,NO,0.022
2022-10-09T11:00:00+03:00,CH4,1.43
2022-10-09T11:00:00+03:00,CO,0.3
2022-10-09T11:00:00+03:00,OZ,0.0263
2022-10-09T11:00:00+03:00,NO2,0.032
2022-10-09T12:00:00+03:00,CH4,1.41
2022-10-09T12:00:00+03:00,NO2,0.025
2022-10-09T12:00:00+03:00,NO,0.017
2022-10-09T12:00:00+03:00,CO,0.17
2022-10-09T12:00:00+03:00,OZ,0.0386
2022-10-09T13:00:00+03:00,CO,0.03
2022-10-09T13:00:00+03:00,CH4,1.4
2022-10-09T13:00:00+03:00,NO,0.012
2022-10-09T13:00:00+03:00,NO2,0.02
2022-10-09T13:00:00+03:00,OZ,0.0543
2022-10-09T14:00:00+03:00,CO,0
2022-10-09T14:00:00+03:00,NO2,0.018
2022-10-09T14:00:00+03:00,OZ,0.0592
2022-10-09T14:00:00+03:00,NO,0.008
2022-10-09T14:00:00+03:00,CH4,1.4
2022-10-09T15:00:00+03:00,NO,0.013
2022-10-09T15:00:00+03:00,NO2,0.024
2022-10-09T15:00:00+03:00,CH4,1.4
2022-10-09T15:00:00+03:00,OZ,0.0575
2022-10-09T15:00:00+03:00,CO,0.03
2022-10-09T16:00:00+03:00,CH4,1.4
2022-10-09T16:00:00+03:00,OZ,0.0542
2022-10-09T16:00:00+03:00,NO2,0.02
2022-10-09T16:00:00+03:00,CO,0
2022-10-09T16:00:00+03:00,NO,0.007
2022-10-09T17:00:00+03:00,CH4,1.39
2022-10-09T17:00:00+03:00,CO,0
2022-10-09T17:00:00+03:00,NO,0.005
2022-10-09T17:00:00+03:00,OZ,0.043
2022-10-09T17:00:00+03:00,NO2,0.018
2022-10-09T18:00:00+03:00,NO,0.022
2022-10-09T18:00:00+03:00,OZ,0.0185
2022-10-09T18:00:00+03:00,CH4,1.39
2022-10-09T18:00:00+03:00,NO2,0.047
2022-10-09T18:00:00+03:00,CO,0.23
2022-10-09T19:00:00+03:00,OZ,0.0159
2022-10-09T19:00:00+03:00,CH4,1.42
2022-10-09T19:00:00+03:00,NO,0.01
2022-10-09T19:00:00+03:00,CO,0.23
2022-10-09T19:00:00+03:00,NO2,0.042
2022-10-09T20:00:00+03:00,NO2,0.04
2022-10-09T20:00:00+03:00,CO,0.23
2022-10-09T20:00:00+03:00,NO,0.012
2022-10-09T20:00:00+03:00,CH4,1.42
2022-10-09T20:00:00+03:00,OZ,0.0125
2022-10-09T21:00:00+03:00,OZ,0.0094
2022-10-09T21:00:00+03:00,CH4,1.43
2022-10-09T21:00:00+03:00,CO,0.33
2022-10-09T21:00:00+03:00,NO,0.015
2022-10-09T21:00:00+03:00,NO2,0.038
2022-10-09T22:00:00+03:00,CO,0.17
2022-10-09T22:00:00+03:00,OZ,0.0158
2022-10-09T22:00:00+03:00,NO2,0.029
2022-10-09T22:00:00+03:00,CH4,1.4
2022-10-09T22:00:00+03:00,NO,0.013
2022-10-09T23:00:00+03:00,OZ,0.0174
2022-10-09T23:00:00+03:00,CO,0.1
2022-10-09T23:00:00+03:00,NO2,0.027
2022-10-09T23:00:00+03:00,CH4,1.41
2022-10-09T23:00:00+03:00,NO,0.01
2022-10-10T00:00:00+03:00,NO,0.004
2022-10-10T00:00:00+03:00,CO,0
2022-10-10T00:00:00+03:00,NO2,0.018
2022-10-10T00:00:00+03:00,CH4,1.42
2022-10-10T00:00:00+03:00,OZ,0.0215
2022-10-10T01:00:00+03:00,NO2,0.017
2022-10-10T01:00:00+03:00,CH4,1.4
2022-10-10T01:00:00+03:00,NO,0.002
2022-10-10T01:00:00+03:00,CO,0
2022-10-10T01:00:00+03:00,OZ,0.0259
2022-10-10T02:00:00+03:00,NO,0.002
2022-10-10T02:00:00+03:00,NO2,0.01
2022-10-10T02:00:00+03:00,CH4,1.39
2022-10-10T02:00:00+03:00,OZ,0.0359
2022-10-10T02:00:00+03:00,CO,0
2022-10-10T03:00:00+03:00,NO2,0.011
2022-10-10T03:00:00+03:00,NO,0.003
2022-10-10T03:00:00+03:00,OZ,0.0324
2022-10-10T03:00:00+03:00,CO,0
2022-10-10T03:00:00+03:00,CH4,1.39
2022-10-10T04:00:00+03:00,NO2,0.008
2022-10-10T04:00:00+03:00,CH4,1.38
2022-10-10T04:00:00+03:00,OZ,0.0384
2022-10-10T04:00:00+03:00,CO,0
2022-10-10T04:00:00+03:00,NO,0.003
2022-10-10T05:00:00+03:00,CH4,1.39
2022-10-10T05:00:00+03:00,NO2,0.005
2022-10-10T05:00:00+03:00,NO,0.002
2022-10-10T05:00:00+03:00,CO,0
2022-10-10T05:00:00+03:00,OZ,0.0389
2022-10-10T06:00:00+03:00,CO,0
2022-10-10T06:00:00+03:00,OZ,0.0356
2022-10-10T06:00:00+03:00,NO,0.002
2022-10-10T06:00:00+03:00,CH4,1.39
2022-10-10T06:00:00+03:00,NO2,0.008
2022-10-10T07:00:00+03:00,NO,0.007
2022-10-10T07:00:00+03:00,OZ,0.0231
2022-10-10T07:00:00+03:00,CH4,1.38
2022-10-10T07:00:00+03:00,NO2,0.016
2022-10-10T07:00:00+03:00,CO,0
2022-10-10T08:00:00+03:00,NO2,0.016
2022-10-10T08:00:00+03:00,CH4,1.39
2022-10-10T08:00:00+03:00,OZ,0.0235
2022-10-10T08:00:00+03:00,NO,0.008
2022-10-10T08:00:00+03:00,CO,0
2022-10-10T09:00:00+03:00,NO2,0.022
2022-10-10T09:00:00+03:00,OZ,0.0189
2022-10-10T09:00:00+03:00,CH4,1.39
2022-10-10T09:00:00+03:00,CO,0
2022-10-10T09:00:00+03:00,NO,0.023
2022-10-10T10:00:00+03:00,OZ,0.03
2022-10-10T10:00:00+03:00,NO,0.013
2022-10-10T10:00:00+03:00,NO2,0.013
2022-10-10T10:00:00+03:00,CO,0
2022-10-10T10:00:00+03:00,CH4,1.39
2022-10-10T11:00:00+03:00,CH4,1.39
2022-10-10T11:00:00+03:00,CO,0.03
2022-10-10T11:00:00+03:00,NO2,0.018
2022-10-10T11:00:00+03:00,OZ,0.0257
2022-10-10T11:00:00+03:00,NO,0.019
2022-10-10T12:00:00+03:00,NO,0.013
2022-10-10T12:00:00+03:00,CH4,1.39
2022-10-10T12:00:00+03:00,NO2,0.013
2022-10-10T12:00:00+03:00,CO,0.17
2022-10-10T12:00:00+03:00,OZ,0.0333
2022-10-10T13:00:00+03:00,NO,0.01
2022-10-10T13:00:00+03:00,OZ,0.0462
2022-10-10T13:00:00+03:00,NO2,0.012
2022-10-10T13:00:00+03:00,CO,0.17
2022-10-10T13:00:00+03:00,CH4,1.39
2022-10-10T14:00:00+03:00,CO,0.17
2022-10-10T14:00:00+03:00,NO,0.014
2022-10-10T14:00:00+03:00,OZ,0.0424
2022-10-10T14:00:00+03:00,CH4,1.4
2022-10-10T14:00:00+03:00,NO2,0.013
2022-10-10T15:00:00+03:00,NO,0.016
2022-10-10T15:00:00+03:00,CH4,1.4
2022-10-10T15:00:00+03:00,CO,0.17
2022-10-10T15:00:00+03:00,NO2,0.017
2022-10-10T15:00:00+03:00,OZ,0.0359
2022-10-10T16:00:00+03:00,NO2,0.015
2022-10-10T16:00:00+03:00,CO,0.17
2022-10-10T16:00:00+03:00,CH4,1.4
2022-10-10T16:00:00+03:00,NO,0.017
2022-10-10T16:00:00+03:00,OZ,0.0395
2022-10-10T17:00:00+03:00,NO2,0.019
2022-10-10T17:00:00+03:00,CO,0.17
2022-10-10T17:00:00+03:00,NO,0.012
2022-10-10T17:00:00+03:00,OZ,0.0349
2022-10-10T17:00:00+03:00,CH4,1.4
2022-10-10T18:00:00+03:00,OZ,0.0199
2022-10-10T18:00:00+03:00,CO,0.23
2022-10-10T18:00:00+03:00,NO2,0.03
2022-10-10T18:00:00+03:00,NO,0.009
2022-10-10T18:00:00+03:00,CH4,1.41
2022-10-10T19:00:00+03:00,CO,0.27
2022-10-10T19:00:00+03:00,NO,0.015
2022-10-10T19:00:00+03:00,OZ,0.0092
2022-10-10T19:00:00+03:00,CH4,1.43
2022-10-10T19:00:00+03:00,NO2,0.039
2022-10-10T20:00:00+03:00,CO,0.47
2022-10-10T20:00:00+03:00,NO2,0.043
2022-10-10T20:00:00+03:00,OZ,0.004
2022-10-10T20:00:00+03:00,CH4,1.45
2022-10-10T20:00:00+03:00,NO,0.047
2022-10-10T21:00:00+03:00,CH4,1.44
2022-10-10T21:00:00+03:00,CO,0.67
2022-10-10T21:00:00+03:00,NO,0.078
2022-10-10T21:00:00+03:00,NO2,0.04
2022-10-10T21:00:00+03:00,OZ,0.0028
2022-10-10T22:00:00+03:00,CO,0.37
2022-10-10T22:00:00+03:00,OZ,0.0029
2022-10-10T22:00:00+03:00,NO,0.039
2022-10-10T22:00:00+03:00,CH4,1.43
2022-10-10T22:00:00+03:00,NO2,0.033
2022-10-10T23:00:00+03:00,CO,0.37
2022-10-10T23:00:00+03:00,CH4,1.43
2022-10-10T23:00:00+03:00,NO,0.036
2022-10-10T23:00:00+03:00,OZ,0.0027
2022-10-10T23:00:00+03:00,NO2,0.031
2022-10-11T00:00:00+03:00,NO2,0.03
2022-10-11T00:00:00+03:00,CH4,1.44
2022-10-11T00:00:00+03:00,CO,0.7
2022-10-11T00:00:00+03:00,OZ,0.0025
2022-10-11T00:00:00+03:00,NO,0.076
2022-10-11T01:00:00+03:00,NO2,0.027
2022-10-11T01:00:00+03:00,OZ,0.0025
2022-10-11T01:00:00+03:00,NO,0.037
2022-10-11T01:00:00+03:00,CH4,1.45
2022-10-11T01:00:00+03:00,CO,0.43
2022-10-11T02:00:00+03:00,OZ,0.0023
2022-10-11T02:00:00+03:00,CH4,1.45
2022-10-11T02:00:00+03:00,NO,0.027
2022-10-11T02:00:00+03:00,CO,0.4
2022-10-11T02:00:00+03:00,NO2,0.024
2022-10-11T03:00:00+03:00,CH4,1.45
2022-10-11T03:00:00+03:00,NO,0.027
2022-10-11T03:00:00+03:00,OZ,0.0023
2022-10-11T03:00:00+03:00,NO2,0.024
2022-10-11T03:00:00+03:00,CO,0.43
2022-10-11T04:00:00+03:00,CO,0.43
2022-10-11T04:00:00+03:00,NO,0.062
2022-10-11T04:00:00+03:00,OZ,0.0023
2022-10-11T04:00:00+03:00,CH4,1.46
2022-10-11T04:00:00+03:00,NO2,0.028
2022-10-11T05:00:00+03:00,CO,0.3
2022-10-11T05:00:00+03:00,NO,0.044
2022-10-11T05:00:00+03:00,OZ,0.0022
2022-10-11T05:00:00+03:00,NO2,0.028
2022-10-11T05:00:00+03:00,CH4,1.49
2022-10-11T06:00:00+03:00,CH4,1.5
2022-10-11T06:00:00+03:00,NO2,0.025
2022-10-11T06:00:00+03:00,CO,0.47
2022-10-11T06:00:00+03:00,OZ,0.0022
2022-10-11T06:00:00+03:00,NO,0.066
2022-10-11T07:00:00+03:00,CO,0.47
2022-10-11T07:00:00+03:00,CH4,1.49
2022-10-11T07:00:00+03:00,NO2,0.027
2022-10-11T07:00:00+03:00,OZ,0.0023
2022-10-11T07:00:00+03:00,NO,0.08
2022-10-11T08:00:00+03:00,CO,0.7
2022-10-11T08:00:00+03:00,CH4,1.51
2022-10-11T08:00:00+03:00,NO2,0.034
2022-10-11T08:00:00+03:00,OZ,0.0025
2022-10-11T08:00:00+03:00,NO,0.134
2022-10-11T09:00:00+03:00,NO,0.162
2022-10-11T09:00:00+03:00,NO2,0.038
2022-10-11T09:00:00+03:00,OZ,0.0029
2022-10-11T09:00:00+03:00,CO,1.03
2022-10-11T09:00:00+03:00,CH4,1.53
2022-10-11T10:00:00+03:00,NO,0.111
2022-10-11T10:00:00+03:00,NO2,0.045
2022-10-11T10:00:00+03:00,CH4,1.51
2022-10-11T10:00:00+03:00,OZ,0.0048
2022-10-11T10:00:00+03:00,CO,0.8
2022-10-11T11:00:00+03:00,OZ,0.0149
2022-10-11T11:00:00+03:00,CO,0.4
2022-10-11T11:00:00+03:00,NO,0.032
2022-10-11T11:00:00+03:00,NO2,0.04
2022-10-11T11:00:00+03:00,CH4,1.5
2022-10-11T12:00:00+03:00,CH4,1.45
2022-10-11T12:00:00+03:00,NO,0.026
2022-10-11T12:00:00+03:00,OZ,0.0253
2022-10-11T12:00:00+03:00,CO,0.43
2022-10-11T12:00:00+03:00,NO2,0.031
2022-10-11T13:00:00+03:00,CO,0.3
2022-10-11T13:00:00+03:00,CH4,1.43
2022-10-11T13:00:00+03:00,NO,0.021
2022-10-11T13:00:00+03:00,NO2,0.027
2022-10-11T13:00:00+03:00,OZ,0.0346
2022-10-11T14:00:00+03:00,CO,0.3
2022-10-11T14:00:00+03:00,NO2,0.028
2022-10-11T14:00:00+03:00,CH4,1.45
2022-10-11T14:00:00+03:00,OZ,0.0343
2022-10-11T14:00:00+03:00,NO,0.019
2022-10-11T15:00:00+03:00,CO,0.3
2022-10-11T15:00:00+03:00,CH4,1.44
2022-10-11T15:00:00+03:00,OZ,0.0346
2022-10-11T15:00:00+03:00,NO2,0.026
2022-10-11T15:00:00+03:00,NO,0.021
2022-10-11T16:00:00+03:00,CH4,1.43
2022-10-11T16:00:00+03:00,CO,0.23
2022-10-11T16:00:00+03:00,NO,0.015
2022-10-11T16:00:00+03:00,OZ,0.0375
2022-10-11T16:00:00+03:00,NO2,0.026
2022-10-11T17:00:00+03:00,OZ,0.0266
2022-10-11T17:00:00+03:00,CH4,1.44
2022-10-11T17:00:00+03:00,CO,0.37
2022-10-11T17:00:00+03:00,NO,0.02
2022-10-11T17:00:00+03:00,NO2,0.034
2022-10-11T18:00:00+03:00,CH4,1.44
2022-10-11T18:00:00+03:00,NO2,0.053
2022-10-11T18:00:00+03:00,OZ,0.0034
2022-10-11T18:00:00+03:00,CO,0.67
2022-10-11T18:00:00+03:00,NO,0.054
2022-10-11T19:00:00+03:00,CO,0.77
2022-10-11T19:00:00+03:00,NO2,0.047
2022-10-11T19:00:00+03:00,CH4,1.46
2022-10-11T19:00:00+03:00,OZ,0.0029
2022-10-11T19:00:00+03:00,NO,0.082
2022-10-11T20:00:00+03:00,NO,0.078
2022-10-11T20:00:00+03:00,NO2,0.043
2022-10-11T20:00:00+03:00,CH4,1.47
2022-10-11T20:00:00+03:00,CO,0.77
2022-10-11T20:00:00+03:00,OZ,0.0026
2022-10-11T21:00:00+03:00,NO,0.165
2022-10-11T21:00:00+03:00,NO2,0.045
2022-10-11T21:00:00+03:00,OZ,0.0028
2022-10-11T21:00:00+03:00,CH4,1.5
2022-10-11T21:00:00+03:00,CO,2.8
2022-10-11T22:00:00+03:00,OZ,0.0028
2022-10-11T22:00:00+03:00,NO2,0.046
2022-10-11T22:00:00+03:00,CO,1.5
2022-10-11T22:00:00+03:00,CH4,1.5
2022-10-11T22:00:00+03:00,NO,0.228
2022-10-11T23:00:00+03:00,CO,1.77
2022-10-11T23:00:00+03:00,NO,0.32
2022-10-11T23:00:00+03:00,OZ,0.0028
2022-10-11T23:00:00+03:00,CH4,1.53
2022-10-11T23:00:00+03:00,NO2,0.048
2022-10-12T00:00:00+03:00,CH4,1.58
2022-10-12T00:00:00+03:00,NO,0.364
2022-10-12T00:00:00+03:00,CO,1.97
2022-10-12T00:00:00+03:00,NO2,0.046
2022-10-12T00:00:00+03:00,OZ,0.0027
2022-10-12T01:00:00+03:00,OZ,0.0026
2022-10-12T01:00:00+03:00,CO,2
2022-10-12T01:00:00+03:00,NO2,0.046
2022-10-12T01:00:00+03:00,NO,0.427
2022-10-12T01:00:00+03:00,CH4,1.63
2022-10-12T02:00:00+03:00,CO,1.93
2022-10-12T02:00:00+03:00,NO2,0.046
2022-10-12T02:00:00+03:00,CH4,1.69
2022-10-12T02:00:00+03:00,OZ,0.0025
2022-10-12T02:00:00+03:00,NO,0.448
2022-10-12T03:00:00+03:00,OZ,0.0023
2022-10-12T03:00:00+03:00,NO,0.395
2022-10-12T03:00:00+03:00,NO2,0.04
2022-10-12T03:00:00+03:00,CO,1.57
2022-10-12T03:00:00+03:00,CH4,1.72
2022-10-12T04:00:00+03:00,OZ,0.0025
2022-10-12T04:00:00+03:00,CH4,1.7
2022-10-12T04:00:00+03:00,NO2,0.041
2022-10-12T04:00:00+03:00,NO,0.349
2022-10-12T04:00:00+03:00,CO,1.23
2022-10-12T05:00:00+03:00,OZ,0.0023
2022-10-12T05:00:00+03:00,CO,1.17
2022-10-12T05:00:00+03:00,CH4,1.7
2022-10-12T05:00:00+03:00,NO,0.333
2022-10-12T05:00:00+03:00,NO2,0.037
2022-10-12T06:00:00+03:00,NO,0.344
2022-10-12T06:00:00+03:00,NO2,0.038
2022-10-12T06:00:00+03:00,CH4,1.71
2022-10-12T06:00:00+03:00,CO,1.27
2022-10-12T06:00:00+03:00,OZ,0.0025
2022-10-12T07:00:00+03:00,CH4,1.73
2022-10-12T07:00:00+03:00,OZ,0.0024
2022-10-12T07:00:00+03:00,NO,0.367
2022-10-12T07:00:00+03:00,CO,1.5
2022-10-12T07:00:00+03:00,NO2,0.04
2022-10-12T08:00:00+03:00,CH4,1.77
2022-10-12T08:00:00+03:00,NO2,0.035
2022-10-12T08:00:00+03:00,CO,2.83
2022-10-12T08:00:00+03:00,NO,0.367
2022-10-12T08:00:00+03:00,OZ,0.0024
2022-10-12T09:00:00+03:00,NO,0.331
2022-10-12T09:00:00+03:00,OZ,0.0023
2022-10-12T09:00:00+03:00,CO,2
2022-10-12T09:00:00+03:00,NO2,0.046
2022-10-12T09:00:00+03:00,CH4,1.84
2022-10-12T10:00:00+03:00,CH4,1.63
2022-10-12T10:00:00+03:00,OZ,0.0025
2022-10-12T10:00:00+03:00,NO2,0.062
2022-10-12T10:00:00+03:00,CO,1
2022-10-12T10:00:00+03:00,NO,0.186
2022-10-12T11:00:00+03:00,OZ,0.0037
2022-10-12T11:00:00+03:00,CO,0.63
2022-10-12T11:00:00+03:00,CH4,1.55
2022-10-12T11:00:00+03:00,NO,0.102
2022-10-12T11:00:00+03:00,NO2,0.068
2022-10-12T12:00:00+03:00,NO2,0.06
2022-10-12T12:00:00+03:00,OZ,0.0032
2022-10-12T12:00:00+03:00,CH4,1.52
2022-10-12T12:00:00+03:00,NO,0.08
2022-10-12T12:00:00+03:00,CO,0.7
2022-10-12T13:00:00+03:00,OZ,0.0039
2022-10-12T13:00:00+03:00,CH4,1.61
2022-10-12T13:00:00+03:00,NO2,0.051
2022-10-12T13:00:00+03:00,CO,0.6
2022-10-12T13:00:00+03:00,NO,0.073
2022-10-12T14:00:00+03:00,CH4,1.57
2022-10-12T14:00:00+03:00,NO,0.061
2022-10-12T14:00:00+03:00,OZ,0.0047
2022-10-12T14:00:00+03:00,CO,0.57
2022-10-12T14:00:00+03:00,NO2,0.049
2022-10-12T15:00:00+03:00,NO2,0.035
2022-10-12T15:00:00+03:00,NO,0.024
2022-10-12T15:00:00+03:00,CH4,1.48
2022-10-12T15:00:00+03:00,CO,0.4
2022-10-12T15:00:00+03:00,OZ,0.0122
2022-10-12T16:00:00+03:00,NO,0.013
2022-10-12T16:00:00+03:00,NO2,0.027
2022-10-12T16:00:00+03:00,CH4,1.47
2022-10-12T16:00:00+03:00,CO,0.33
2022-10-12T16:00:00+03:00,OZ,0.0143
2022-10-12T17:00:00+03:00,NO2,0.031
2022-10-12T17:00:00+03:00,CH4,1.46
2022-10-12T17:00:00+03:00,NO,0.017
2022-10-12T17:00:00+03:00,CO,0.3
2022-10-12T17:00:00+03:00,OZ,0.0071
2022-10-12T18:00:00+03:00,NO2,0.033
2022-10-12T18:00:00+03:00,OZ,0.0047
2022-10-12T18:00:00+03:00,CH4,1.45
2022-10-12T18:00:00+03:00,NO,0.027
2022-10-12T18:00:00+03:00,CO,0.5
2022-10-12T19:00:00+03:00,CH4,1.47
2022-10-12T19:00:00+03:00,NO2,0.036
2022-10-12T19:00:00+03:00,CO,0.83
2022-10-12T19:00:00+03:00,NO,0.053
2022-10-12T19:00:00+03:00,OZ,0.0022
2022-10-12T20:00:00+03:00,CO,0.67
2022-10-12T20:00:00+03:00,CH4,1.5
2022-10-12T20:00:00+03:00,NO2,0.038
2022-10-12T20:00:00+03:00,NO,0.055
2022-10-12T20:00:00+03:00,OZ,0.0023
2022-10-12T21:00:00+03:00,CH4,1.51
2022-10-12T21:00:00+03:00,NO,0.161
2022-10-12T21:00:00+03:00,NO2,0.039
2022-10-12T21:00:00+03:00,OZ,0.0024
2022-10-12T21:00:00+03:00,CO,1.4
2022-10-12T22:00:00+03:00,NO2,0.042
2022-10-12T22:00:00+03:00,NO,0.224
2022-10-12T22:00:00+03:00,CO,1.6
2022-10-12T22:00:00+03:00,CH4,1.47
2022-10-12T22:00:00+03:00,OZ,0.0022
2022-10-12T23:00:00+03:00,NO2,0.039
2022-10-12T23:00:00+03:00,NO,0.092
2022-10-12T23:00:00+03:00,CH4,1.48
2022-10-12T23:00:00+03:00,CO,0.97
2022-10-12T23:00:00+03:00,OZ,0.0024
2022-10-13T00:00:00+03:00,CO,0.33
2022-10-13T00:00:00+03:00,CH4,1.44
2022-10-13T00:00:00+03:00,NO,0.021
2022-10-13T00:00:00+03:00,NO2,0.04
2022-10-13T00:00:00+03:00,OZ,0.0024
2022-10-13T01:00:00+03:00,CH4,1.45
2022-10-13T01:00:00+03:00,NO,0.014
2022-10-13T01:00:00+03:00,NO2,0.037
2022-10-13T01:00:00+03:00,OZ,0.004
2022-10-13T01:00:00+03:00,CO,0.27
2022-10-13T02:00:00+03:00,CH4,1.46
2022-10-13T02:00:00+03:00,CO,0.2
2022-10-13T02:00:00+03:00,NO,0.006
2022-10-13T02:00:00+03:00,OZ,0.0092
2022-10-13T02:00:00+03:00,NO2,0.03
2022-10-13T03:00:00+03:00,CO,0.1
2022-10-13T03:00:00+03:00,CH4,1.45
2022-10-13T03:00:00+03:00,NO,0.004
2022-10-13T03:00:00+03:00,NO2,0.02
2022-10-13T03:00:00+03:00,OZ,0.0162
2022-10-13T04:00:00+03:00,CO,0.2
2022-10-13T04:00:00+03:00,NO,0.003
2022-10-13T04:00:00+03:00,NO2,0.017
2022-10-13T04:00:00+03:00,CH4,1.44
2022-10-13T04:00:00+03:00,OZ,0.0166
2022-10-13T05:00:00+03:00,CH4,1.44
2022-10-13T05:00:00+03:00,NO2,0.025
2022-10-13T05:00:00+03:00,NO,0.004
2022-10-13T05:00:00+03:00,CO,0.2
2022-10-13T05:00:00+03:00,OZ,0.0081
2022-10-13T06:00:00+03:00,NO,0.005
2022-10-13T06:00:00+03:00,CH4,1.44
2022-10-13T06:00:00+03:00,OZ,0.0062
2022-10-13T06:00:00+03:00,NO2,0.025
2022-10-13T06:00:00+03:00,CO,0.2
2022-10-13T07:00:00+03:00,NO,0.039
2022-10-13T07:00:00+03:00,NO2,0.027
2022-10-13T07:00:00+03:00,OZ,0.003
2022-10-13T07:00:00+03:00,CH4,1.5
2022-10-13T07:00:00+03:00,CO,0.37
2022-10-13T08:00:00+03:00,NO2,0.027
2022-10-13T08:00:00+03:00,CH4,1.53
2022-10-13T08:00:00+03:00,NO,0.04
2022-10-13T08:00:00+03:00,OZ,0.0027
2022-10-13T08:00:00+03:00,CO,0.37
2022-10-13T09:00:00+03:00,OZ,0.0037
2022-10-13T09:00:00+03:00,NO,0.056
2022-10-13T09:00:00+03:00,CH4,1.47
2022-10-13T09:00:00+03:00,CO,0.57
2022-10-13T09:00:00+03:00,NO2,0.031
2022-10-13T10:00:00+03:00,CH4,1.48
2022-10-13T10:00:00+03:00,NO,0.043
2022-10-13T10:00:00+03:00,NO2,0.029
2022-10-13T10:00:00+03:00,CO,0.47
2022-10-13T10:00:00+03:00,OZ,0.0063
2022-10-13T11:00:00+03:00,CH4,1.48
2022-10-13T11:00:00+03:00,NO2,0.03
2022-10-13T11:00:00+03:00,NO,0.05
2022-10-13T11:00:00+03:00,CO,0.4
2022-10-13T11:00:00+03:00,OZ,0.0065
2022-10-13T12:00:00+03:00,OZ,0.0111
2022-10-13T12:00:00+03:00,NO,0.032
2022-10-13T12:00:00+03:00,CO,0.37
2022-10-13T12:00:00+03:00,CH4,1.44
2022-10-13T12:00:00+03:00,NO2,0.025
2022-10-13T13:00:00+03:00,CH4,1.43
2022-10-13T13:00:00+03:00,OZ,0.0161
2022-10-13T13:00:00+03:00,NO,0.022
2022-10-13T13:00:00+03:00,NO2,0.022
2022-10-13T13:00:00+03:00,CO,0.27
2022-10-13T14:00:00+03:00,NO,0.02
2022-10-13T14:00:00+03:00,OZ,0.0199
2022-10-13T14:00:00+03:00,CH4,1.42
2022-10-13T14:00:00+03:00,CO,0.27
2022-10-13T14:00:00+03:00,NO2,0.021
2022-10-13T15:00:00+03:00,NO,0.016
2022-10-13T15:00:00+03:00,CH4,1.42
2022-10-13T15:00:00+03:00,CO,0.3
2022-10-13T15:00:00+03:00,OZ,0.0241
2022-10-13T15:00:00+03:00,NO2,0.02
2022-10-13T16:00:00+03:00,NO,0.016
2022-10-13T16:00:00+03:00,CH4,1.42
2022-10-13T16:00:00+03:00,CO,0.3
2022-10-13T16:00:00+03:00,OZ,0.0221
2022-10-13T16:00:00+03:00,NO2,0.024
2022-10-13T17:00:00+03:00,CO,0.3
2022-10-13T17:00:00+03:00,NO,0.017
2022-10-13T17:00:00+03:00,OZ,0.0244
2022-10-13T17:00:00+03:00,NO2,0.025
2022-10-13T17:00:00+03:00,CH4,1.43
2022-10-13T18:00:00+03:00,NO2,0.029
2022-10-13T18:00:00+03:00,OZ,0.0149
2022-10-13T18:00:00+03:00,CH4,1.44
2022-10-13T18:00:00+03:00,CO,0.33
2022-10-13T18:00:00+03:00,NO,0.018
2022-10-13T19:00:00+03:00,NO,0.022
2022-10-13T19:00:00+03:00,CO,0.37
2022-10-13T19:00:00+03:00,OZ,0.0052
2022-10-13T19:00:00+03:00,CH4,1.44
2022-10-13T19:00:00+03:00,NO2,0.036
2022-10-13T20:00:00+03:00,CH4,1.45
2022-10-13T20:00:00+03:00,NO2,0.04
2022-10-13T20:00:00+03:00,OZ,0.0026
2022-10-13T20:00:00+03:00,NO,0.041
2022-10-13T20:00:00+03:00,CO,0.7
2022-10-13T21:00:00+03:00,NO2,0.041
2022-10-13T21:00:00+03:00,CO,0.63
2022-10-13T21:00:00+03:00,NO,0.081
2022-10-13T21:00:00+03:00,CH4,1.46
2022-10-13T21:00:00+03:00,OZ,0.0025
2022-10-13T22:00:00+03:00,NO2,0.042
2022-10-13T22:00:00+03:00,OZ,0.0023
2022-10-13T22:00:00+03:00,CH4,1.47
2022-10-13T22:00:00+03:00,CO,0.6
2022-10-13T22:00:00+03:00,NO,0.064
2022-10-13T23:00:00+03:00,CH4,1.46
2022-10-13T23:00:00+03:00,CO,0.27
2022-10-13T23:00:00+03:00,NO,0.036
2022-10-13T23:00:00+03:00,OZ,0.0021
2022-10-13T23:00:00+03:00,NO2,0.04
2022-10-14T00:00:00+03:00,CO,0.17
2022-10-14T00:00:00+03:00,NO,0.035
2022-10-14T00:00:00+03:00,CH4,1.45
2022-10-14T00:00:00+03:00,NO2,0.04
2022-10-14T00:00:00+03:00,OZ,0.002
2022-10-14T01:00:00+03:00,NO2,0.038
2022-10-14T01:00:00+03:00,OZ,0.0021
2022-10-14T01:00:00+03:00,CH4,1.47
2022-10-14T01:00:00+03:00,CO,0.1
2022-10-14T01:00:00+03:00,NO,0.028
2022-10-14T02:00:00+03:00,OZ,0.0022
2022-10-14T02:00:00+03:00,NO,0.034
2022-10-14T02:00:00+03:00,NO2,0.036
2022-10-14T02:00:00+03:00,CH4,1.54
2022-10-14T02:00:00+03:00,CO,0.1
2022-10-14T03:00:00+03:00,CH4,1.54
2022-10-14T03:00:00+03:00,NO,0.023
2022-10-14T03:00:00+03:00,CO,0.1
2022-10-14T03:00:00+03:00,OZ,0.002
2022-10-14T03:00:00+03:00,NO2,0.035
2022-10-14T04:00:00+03:00,NO2,0.035
2022-10-14T04:00:00+03:00,OZ,0.0021
2022-10-14T04:00:00+03:00,CO,0.03
2022-10-14T04:00:00+03:00,NO,0.027
2022-10-14T04:00:00+03:00,CH4,1.51
2022-10-14T05:00:00+03:00,OZ,0.0022
2022-10-14T05:00:00+03:00,CH4,1.49
2022-10-14T05:00:00+03:00,NO,0.021
2022-10-14T05:00:00+03:00,NO2,0.035
2022-10-14T05:00:00+03:00,CO,0.03
2022-10-14T06:00:00+03:00,CH4,1.48
2022-10-14T06:00:00+03:00,NO2,0.034
2022-10-14T06:00:00+03:00,CO,0.1
2022-10-14T06:00:00+03:00,NO,0.048
2022-10-14T06:00:00+03:00,OZ,0.0022
2022-10-14T07:00:00+03:00,CH4,1.53
2022-10-14T07:00:00+03:00,OZ,0.0022
2022-10-14T07:00:00+03:00,CO,0.53
2022-10-14T07:00:00+03:00,NO2,0.041
2022-10-14T07:00:00+03:00,NO,0.117
2022-10-14T08:00:00+03:00,OZ,0.0025
2022-10-14T08:00:00+03:00,CO,0.93
2022-10-14T08:00:00+03:00,CH4,1.63
2022-10-14T08:00:00+03:00,NO,0.171
2022-10-14T08:00:00+03:00,NO2,0.046
2022-10-14T09:00:00+03:00,OZ,0.0025
2022-10-14T09:00:00+03:00,NO2,0.048
2022-10-14T09:00:00+03:00,CO,1.27
2022-10-14T09:00:00+03:00,NO,0.258
2022-10-14T09:00:00+03:00,CH4,1.62
2022-10-14T10:00:00+03:00,NO,0.106
2022-10-14T10:00:00+03:00,OZ,0.0043
2022-10-14T10:00:00+03:00,NO2,0.049
2022-10-14T10:00:00+03:00,CH4,1.53
2022-10-14T10:00:00+03:00,CO,0.5
2022-10-14T11:00:00+03:00,CO,0.3
2022-10-14T11:00:00+03:00,CH4,1.43
2022-10-14T11:00:00+03:00,NO2,0.049
2022-10-14T11:00:00+03:00,NO,0.044
2022-10-14T11:00:00+03:00,OZ,0.0143
2022-10-14T12:00:00+03:00,OZ,0.0286
2022-10-14T12:00:00+03:00,NO,0.021
2022-10-14T12:00:00+03:00,CH4,1.41
2022-10-14T12:00:00+03:00,CO,0.5
2022-10-14T12:00:00+03:00,NO2,0.034
2022-10-14T13:00:00+03:00,OZ,0.0404
2022-10-14T13:00:00+03:00,CO,0.4
2022-10-14T13:00:00+03:00,NO,0.013
2022-10-14T13:00:00+03:00,NO2,0.022
2022-10-14T13:00:00+03:00,CH4,1.4
2022-10-14T14:00:00+03:00,CH4,1.42
2022-10-14T14:00:00+03:00,NO2,0.03
2022-10-14T14:00:00+03:00,NO,0.025
2022-10-14T14:00:00+03:00,CO,0.43
2022-10-14T14:00:00+03:00,OZ,0.025
2022-10-14T15:00:00+03:00,CO,0.53
2022-10-14T15:00:00+03:00,NO,0.027
2022-10-14T15:00:00+03:00,CH4,1.44
2022-10-14T15:00:00+03:00,NO2,0.032
2022-10-14T15:00:00+03:00,OZ,0.0169
2022-10-14T16:00:00+03:00,CO,0.67
2022-10-14T16:00:00+03:00,NO,0.039
2022-10-14T16:00:00+03:00,OZ,0.0082
2022-10-14T16:00:00+03:00,NO2,0.037
2022-10-14T16:00:00+03:00,CH4,1.45
2022-10-14T17:00:00+03:00,NO2,0.042
2022-10-14T17:00:00+03:00,OZ,0.0034
2022-10-14T17:00:00+03:00,CO,0.8
2022-10-14T17:00:00+03:00,CH4,1.45
2022-10-14T17:00:00+03:00,NO,0.063
2022-10-14T18:00:00+03:00,NO,0.065
2022-10-14T18:00:00+03:00,NO2,0.042
2022-10-14T18:00:00+03:00,CH4,1.45
2022-10-14T18:00:00+03:00,CO,0.8
2022-10-14T18:00:00+03:00,OZ,0.0022
2022-10-14T19:00:00+03:00,CO,0.93
2022-10-14T19:00:00+03:00,NO,0.088
2022-10-14T19:00:00+03:00,CH4,1.46
2022-10-14T19:00:00+03:00,NO2,0.037
2022-10-14T19:00:00+03:00,OZ,0.0021
2022-10-14T20:00:00+03:00,OZ,0.0021
2022-10-14T20:00:00+03:00,CH4,1.46
2022-10-14T20:00:00+03:00,NO2,0.037
2022-10-14T20:00:00+03:00,NO,0.097
2022-10-14T20:00:00+03:00,CO,1
2022-10-14T21:00:00+03:00,NO,0.071
2022-10-14T21:00:00+03:00,NO2,0.038
2022-10-14T21:00:00+03:00,OZ,0.0023
2022-10-14T21:00:00+03:00,CO,0.87
2022-10-14T21:00:00+03:00,CH4,1.46
2022-10-14T22:00:00+03:00,NO,0.06
2022-10-14T22:00:00+03:00,CO,0.83
2022-10-14T22:00:00+03:00,OZ,0.002
2022-10-14T22:00:00+03:00,CH4,1.46
2022-10-14T22:00:00+03:00,NO2,0.039
2022-10-14T23:00:00+03:00,CO,0.53
2022-10-14T23:00:00+03:00,NO,0.027
2022-10-14T23:00:00+03:00,NO2,0.038
2022-10-14T23:00:00+03:00,CH4,1.49
2022-10-14T23:00:00+03:00,OZ,0.0021
2022-10-15T00:00:00+03:00,CH4,1.49
2022-10-15T00:00:00+03:00,OZ,0.0021
2022-10-15T00:00:00+03:00,NO,0.022
2022-10-15T00:00:00+03:00,NO2,0.038
2022-10-15T00:00:00+03:00,CO,0.4
2022-10-15T01:00:00+03:00,CH4,1.48
2022-10-15T01:00:00+03:00,NO2,0.038
2022-10-15T01:00:00+03:00,NO,0.03
2022-10-15T01:00:00+03:00,CO,0.43
2022-10-15T01:00:00+03:00,OZ,0.0018
2022-10-15T02:00:00+03:00,CO,0.3
2022-10-15T02:00:00+03:00,OZ,0.0025
2022-10-15T02:00:00+03:00,CH4,1.46
2022-10-15T02:00:00+03:00,NO2,0.038
2022-10-15T02:00:00+03:00,NO,0.015
2022-10-15T03:00:00+03:00,NO,0.009
2022-10-15T03:00:00+03:00,CH4,1.45
2022-10-15T03:00:00+03:00,NO2,0.037
2022-10-15T03:00:00+03:00,CO,0.23
2022-10-15T03:00:00+03:00,OZ,0.0047
2022-10-15T04:00:00+03:00,OZ,0.002
2022-10-15T04:00:00+03:00,CO,0.37
2022-10-15T04:00:00+03:00,CH4,1.47
2022-10-15T04:00:00+03:00,NO2,0.039
2022-10-15T04:00:00+03:00,NO,0.014
2022-10-15T05:00:00+03:00,OZ,0.0022
2022-10-15T05:00:00+03:00,NO,0.014
2022-10-15T05:00:00+03:00,NO2,0.038
2022-10-15T05:00:00+03:00,CH4,1.48
2022-10-15T05:00:00+03:00,CO,0.3
2022-10-15T06:00:00+03:00,NO,0.018
2022-10-15T06:00:00+03:00,NO2,0.038
2022-10-15T06:00:00+03:00,CH4,1.49
2022-10-15T06:00:00+03:00,OZ,0.0022
2022-10-15T06:00:00+03:00,CO,0.3
2022-10-15T07:00:00+03:00,CO,0.4
2022-10-15T07:00:00+03:00,OZ,0.0018
2022-10-15T07:00:00+03:00,NO2,0.042
2022-10-15T07:00:00+03:00,NO,0.027
2022-10-15T07:00:00+03:00,CH4,1.5
2022-10-15T08:00:00+03:00,CH4,1.5
2022-10-15T08:00:00+03:00,CO,0.37
2022-10-15T08:00:00+03:00,NO2,0.038
2022-10-15T08:00:00+03:00,NO,0.032
2022-10-15T08:00:00+03:00,OZ,0.0024
2022-10-15T09:00:00+03:00,CO,0.4
2022-10-15T09:00:00+03:00,NO2,0.039
2022-10-15T09:00:00+03:00,OZ,0.003
2022-10-15T09:00:00+03:00,NO,0.036
2022-10-15T09:00:00+03:00,CH4,1.49
2022-10-15T10:00:00+03:00,CH4,1.48
2022-10-15T10:00:00+03:00,CO,0.67
2022-10-15T10:00:00+03:00,NO,0.045
2022-10-15T10:00:00+03:00,OZ,0.0037
2022-10-15T10:00:00+03:00,NO2,0.043
2022-10-15T11:00:00+03:00,NO,0.036
2022-10-15T11:00:00+03:00,NO2,0.046
2022-10-15T11:00:00+03:00,OZ,0.0076
2022-10-15T11:00:00+03:00,CH4,1.46
2022-10-15T11:00:00+03:00,CO,0.5
2022-10-15T12:00:00+03:00,CH4,1.45
2022-10-15T12:00:00+03:00,OZ,0.0057
2022-10-15T12:00:00+03:00,NO2,0.05
2022-10-15T12:00:00+03:00,NO,0.049
2022-10-15T12:00:00+03:00,CO,0.43
2022-10-15T13:00:00+03:00,CH4,1.45
2022-10-15T13:00:00+03:00,CO,0.43
2022-10-15T13:00:00+03:00,NO2,0.054
2022-10-15T13:00:00+03:00,NO,0.052
2022-10-15T13:00:00+03:00,OZ,0.0058
2022-10-15T14:00:00+03:00,NO,0.055
2022-10-15T14:00:00+03:00,OZ,0.0052
2022-10-15T14:00:00+03:00,NO2,0.058
2022-10-15T14:00:00+03:00,CH4,1.45
2022-10-15T14:00:00+03:00,CO,0.43
2022-10-15T15:00:00+03:00,OZ,0.0059
2022-10-15T15:00:00+03:00,CH4,1.47
2022-10-15T15:00:00+03:00,CO,0.5
2022-10-15T15:00:00+03:00,NO,0.061
2022-10-15T15:00:00+03:00,NO2,0.055
2022-10-15T16:00:00+03:00,NO,0.025
2022-10-15T16:00:00+03:00,CO,0.33
2022-10-15T16:00:00+03:00,NO2,0.043
2022-10-15T16:00:00+03:00,OZ,0.0163
2022-10-15T16:00:00+03:00,CH4,1.44
2022-10-15T17:00:00+03:00,NO2,0.044
2022-10-15T17:00:00+03:00,CH4,1.44
2022-10-15T17:00:00+03:00,OZ,0.0183
2022-10-15T17:00:00+03:00,CO,0.33
2022-10-15T17:00:00+03:00,NO,0.031
2022-10-15T18:00:00+03:00,NO,0.027
2022-10-15T18:00:00+03:00,OZ,0.0138
2022-10-15T18:00:00+03:00,NO2,0.046
2022-10-15T18:00:00+03:00,CH4,1.43
2022-10-15T18:00:00+03:00,CO,0.37
2022-10-15T19:00:00+03:00,OZ,0.0031
2022-10-15T19:00:00+03:00,CH4,1.44
2022-10-15T19:00:00+03:00,NO2,0.052
2022-10-15T19:00:00+03:00,NO,0.043
2022-10-15T19:00:00+03:00,CO,0.47
2022-10-15T20:00:00+03:00,OZ,0.0016
2022-10-15T20:00:00+03:00,CO,0.67
2022-10-15T20:00:00+03:00,CH4,1.46
2022-10-15T20:00:00+03:00,NO,0.053
2022-10-15T20:00:00+03:00,NO2,0.05
2022-10-15T21:00:00+03:00,NO2,0.049
2022-10-15T21:00:00+03:00,NO,0.078
2022-10-15T21:00:00+03:00,CO,0.67
2022-10-15T21:00:00+03:00,OZ,0.002
2022-10-15T21:00:00+03:00,CH4,1.48
2022-10-15T22:00:00+03:00,OZ,0.0021
2022-10-15T22:00:00+03:00,NO2,0.053
2022-10-15T22:00:00+03:00,CO,0.8
2022-10-15T22:00:00+03:00,NO,0.106
2022-10-15T22:00:00+03:00,CH4,1.48
2022-10-15T23:00:00+03:00,NO2,0.053
2022-10-15T23:00:00+03:00,NO,0.04
2022-10-15T23:00:00+03:00,OZ,0.002
2022-10-15T23:00:00+03:00,CH4,1.47
2022-10-15T23:00:00+03:00,CO,0.43
2022-10-16T00:00:00+03:00,CH4,1.46
2022-10-16T00:00:00+03:00,OZ,0.0019
2022-10-16T00:00:00+03:00,NO2,0.052
2022-10-16T00:00:00+03:00,CO,0.53
2022-10-16T00:00:00+03:00,NO,0.035
2022-10-16T01:00:00+03:00,CO,0.33
2022-10-16T01:00:00+03:00,CH4,1.44
2022-10-16T01:00:00+03:00,NO,0.034
2022-10-16T01:00:00+03:00,NO2,0.051
2022-10-16T01:00:00+03:00,OZ,0.0021
2022-10-16T02:00:00+03:00,CH4,1.43
2022-10-16T02:00:00+03:00,NO,0.029
2022-10-16T02:00:00+03:00,OZ,0.0021
2022-10-16T02:00:00+03:00,NO2,0.051
2022-10-16T02:00:00+03:00,CO,0.33
2022-10-16T03:00:00+03:00,NO2,0.049
2022-10-16T03:00:00+03:00,NO,0.042
2022-10-16T03:00:00+03:00,CH4,1.43
2022-10-16T03:00:00+03:00,CO,0.4
2022-10-16T03:00:00+03:00,OZ,0.002
2022-10-16T04:00:00+03:00,NO,0.036
2022-10-16T04:00:00+03:00,OZ,0.0019
2022-10-16T04:00:00+03:00,CO,0.53
2022-10-16T04:00:00+03:00,NO2,0.049
2022-10-16T04:00:00+03:00,CH4,1.44
2022-10-16T05:00:00+03:00,NO,0.025
2022-10-16T05:00:00+03:00,CO,0.33
2022-10-16T05:00:00+03:00,CH4,1.45
2022-10-16T05:00:00+03:00,NO2,0.048
2022-10-16T05:00:00+03:00,OZ,0.0022
2022-10-16T06:00:00+03:00,CH4,1.45
2022-10-16T06:00:00+03:00,OZ,0.0033
2022-10-16T06:00:00+03:00,NO,0.011
2022-10-16T06:00:00+03:00,NO2,0.043
2022-10-16T06:00:00+03:00,CO,0.2
2022-10-16T07:00:00+03:00,CH4,1.45
2022-10-16T07:00:00+03:00,NO2,0.046
2022-10-16T07:00:00+03:00,NO,0.047
2022-10-16T07:00:00+03:00,CO,0.33
2022-10-16T07:00:00+03:00,OZ,0.0021
2022-10-16T08:00:00+03:00,NO,0.06
2022-10-16T08:00:00+03:00,OZ,0.0028
2022-10-16T08:00:00+03:00,CO,0.5
2022-10-16T08:00:00+03:00,CH4,1.47
2022-10-16T08:00:00+03:00,NO2,0.046
2022-10-16T09:00:00+03:00,CH4,1.48
2022-10-16T09:00:00+03:00,CO,0.37
2022-10-16T09:00:00+03:00,NO,0.04
2022-10-16T09:00:00+03:00,NO2,0.045
2022-10-16T09:00:00+03:00,OZ,0.006
2022-10-16T10:00:00+03:00,NO,0.044
2022-10-16T10:00:00+03:00,CO,0.4
2022-10-16T10:00:00+03:00,CH4,1.47
2022-10-16T10:00:00+03:00,OZ,0.0086
2022-10-16T10:00:00+03:00,NO2,0.047
2022-10-16T11:00:00+03:00,NO,0.047
2022-10-16T11:00:00+03:00,NO2,0.05
2022-10-16T11:00:00+03:00,CO,0.33
2022-10-16T11:00:00+03:00,CH4,1.47
2022-10-16T11:00:00+03:00,OZ,0.0099
2022-10-16T12:00:00+03:00,CH4,1.46
2022-10-16T12:00:00+03:00,NO,0.032
2022-10-16T12:00:00+03:00,OZ,0.0194
2022-10-16T12:00:00+03:00,NO2,0.044
2022-10-16T12:00:00+03:00,CO,0.33
2022-10-16T13:00:00+03:00,OZ,0.0359
2022-10-16T13:00:00+03:00,CH4,1.43
2022-10-16T13:00:00+03:00,NO2,0.031
2022-10-16T13:00:00+03:00,NO,0.017
2022-10-16T13:00:00+03:00,CO,0.3
2022-10-16T14:00:00+03:00,NO2,0.021
2022-10-16T14:00:00+03:00,CO,0.2
2022-10-16T14:00:00+03:00,OZ,0.0538
2022-10-16T14:00:00+03:00,CH4,1.42
2022-10-16T14:00:00+03:00,NO,0.014
2022-10-16T15:00:00+03:00,NO,0.009
2022-10-16T15:00:00+03:00,OZ,0.0567
2022-10-16T15:00:00+03:00,NO2,0.018
2022-10-16T15:00:00+03:00,CO,0.2
2022-10-16T15:00:00+03:00,CH4,1.42
2022-10-16T16:00:00+03:00,OZ,0.0463
2022-10-16T16:00:00+03:00,CO,0.3
2022-10-16T16:00:00+03:00,CH4,1.42
2022-10-16T16:00:00+03:00,NO2,0.027
2022-10-16T16:00:00+03:00,NO,0.014
2022-10-16T17:00:00+03:00,NO2,0.034
2022-10-16T17:00:00+03:00,CH4,1.42
2022-10-16T17:00:00+03:00,NO,0.019
2022-10-16T17:00:00+03:00,OZ,0.0417
2022-10-16T17:00:00+03:00,CO,0.3
2022-10-16T18:00:00+03:00,NO2,0.049
2022-10-16T18:00:00+03:00,NO,0.025
2022-10-16T18:00:00+03:00,OZ,0.0234
2022-10-16T18:00:00+03:00,CH4,1.42
2022-10-16T18:00:00+03:00,CO,0.5
2022-10-16T19:00:00+03:00,CH4,1.44
2022-10-16T19:00:00+03:00,OZ,0.0149
2022-10-16T19:00:00+03:00,NO2,0.055
2022-10-16T19:00:00+03:00,CO,0.5
2022-10-16T19:00:00+03:00,NO,0.027
2022-10-16T20:00:00+03:00,CO,0.37
2022-10-16T20:00:00+03:00,OZ,0.0148
2022-10-16T20:00:00+03:00,NO2,0.054
2022-10-16T20:00:00+03:00,CH4,1.44
2022-10-16T20:00:00+03:00,NO,0.023
2022-10-16T21:00:00+03:00,OZ,0.0176
2022-10-16T21:00:00+03:00,CO,0.4
2022-10-16T21:00:00+03:00,CH4,1.44
2022-10-16T21:00:00+03:00,NO,0.021
2022-10-16T21:00:00+03:00,NO2,0.05
2022-10-16T22:00:00+03:00,CH4,1.45
2022-10-16T22:00:00+03:00,NO2,0.039
2022-10-16T22:00:00+03:00,CO,0.27
2022-10-16T22:00:00+03:00,OZ,0.0294
2022-10-16T22:00:00+03:00,NO,0.012
2022-10-16T23:00:00+03:00,NO,0.008
2022-10-16T23:00:00+03:00,OZ,0.0365
2022-10-16T23:00:00+03:00,CH4,1.43
2022-10-16T23:00:00+03:00,CO,0.3
2022-10-16T23:00:00+03:00,NO2,0.031
2022-10-17T00:00:00+03:00,OZ,0.0404
2022-10-17T00:00:00+03:00,CO,0.4
2022-10-17T00:00:00+03:00,NO2,0.026
2022-10-17T00:00:00+03:00,NO,0.005
2022-10-17T00:00:00+03:00,CH4,1.44
2022-10-17T01:00:00+03:00,NO2,0.023
2022-10-17T01:00:00+03:00,OZ,0.0427
2022-10-17T01:00:00+03:00,CO,0.3
2022-10-17T01:00:00+03:00,CH4,1.44
2022-10-17T01:00:00+03:00,NO,0.003
2022-10-17T02:00:00+03:00,NO,0.003
2022-10-17T02:00:00+03:00,CO,0.3
2022-10-17T02:00:00+03:00,OZ,0.0462
2022-10-17T02:00:00+03:00,CH4,1.42
2022-10-17T02:00:00+03:00,NO2,0.02
2022-10-17T03:00:00+03:00,NO2,0.016
2022-10-17T03:00:00+03:00,CO,0.3
2022-10-17T03:00:00+03:00,NO,0.002
2022-10-17T03:00:00+03:00,CH4,1.43
2022-10-17T03:00:00+03:00,OZ,0.0509
2022-10-17T04:00:00+03:00,OZ,0.0524
2022-10-17T04:00:00+03:00,NO2,0.013
2022-10-17T04:00:00+03:00,CO,0.23
2022-10-17T04:00:00+03:00,NO,0.002
2022-10-17T04:00:00+03:00,CH4,1.43
2022-10-17T05:00:00+03:00,CH4,1.43
2022-10-17T05:00:00+03:00,OZ,0.0489
2022-10-17T05:00:00+03:00,NO,0.004
2022-10-17T05:00:00+03:00,CO,0.23
2022-10-17T05:00:00+03:00,NO2,0.016
2022-10-17T06:00:00+03:00,NO2,0.016
2022-10-17T06:00:00+03:00,NO,0.005
2022-10-17T06:00:00+03:00,CO,0.33
2022-10-17T06:00:00+03:00,OZ,0.0484
2022-10-17T06:00:00+03:00,CH4,1.44
2022-10-17T07:00:00+03:00,CH4,1.44
2022-10-17T07:00:00+03:00,NO,0.008
2022-10-17T07:00:00+03:00,CO,0.37
2022-10-17T07:00:00+03:00,NO2,0.025
2022-10-17T07:00:00+03:00,OZ,0.0368
2022-10-17T08:00:00+03:00,NO2,0.039
2022-10-17T08:00:00+03:00,CH4,1.45
2022-10-17T08:00:00+03:00,NO,0.023
2022-10-17T08:00:00+03:00,OZ,0.0248
2022-10-17T08:00:00+03:00,CO,0.47
2022-10-17T09:00:00+03:00,OZ,0.0188
2022-10-17T09:00:00+03:00,CO,0.5
2022-10-17T09:00:00+03:00,NO,0.024
2022-10-17T09:00:00+03:00,NO2,0.044
2022-10-17T09:00:00+03:00,CH4,1.45
2022-10-17T10:00:00+03:00,NO2,0.04
2022-10-17T10:00:00+03:00,NO,0.026
2022-10-17T10:00:00+03:00,CH4,1.44
2022-10-17T10:00:00+03:00,OZ,0.0219
2022-10-17T10:00:00+03:00,CO,0.53
2022-10-17T11:00:00+03:00,NO,0.017
2022-10-17T11:00:00+03:00,CO,0.33
2022-10-17T11:00:00+03:00,OZ,0.0268
2022-10-17T11:00:00+03:00,CH4,1.44
2022-10-17T11:00:00+03:00,NO2,0.033
2022-10-17T12:00:00+03:00,CO,0.1
2022-10-17T12:00:00+03:00,NO2,0.039
2022-10-17T12:00:00+03:00,NO,0.021
2022-10-17T12:00:00+03:00,OZ,0.0188
2022-10-17T12:00:00+03:00,CH4,1.44
2022-10-17T13:00:00+03:00,CO,0.1
2022-10-17T13:00:00+03:00,NO2,0.034
2022-10-17T13:00:00+03:00,CH4,1.44
2022-10-17T13:00:00+03:00,NO,0.017
2022-10-17T13:00:00+03:00,OZ,0.0239
2022-10-17T14:00:00+03:00,NO,0.015
2022-10-17T14:00:00+03:00,CO,0
2022-10-17T14:00:00+03:00,NO2,0.031
2022-10-17T14:00:00+03:00,OZ,0.024
2022-10-17T14:00:00+03:00,CH4,1.45
2022-10-17T15:00:00+03:00,OZ,0.0264
2022-10-17T15:00:00+03:00,NO,0.015
2022-10-17T15:00:00+03:00,NO2,0.026
2022-10-17T15:00:00+03:00,CH4,1.44
2022-10-17T15:00:00+03:00,CO,0
2022-10-17T16:00:00+03:00,NO2,0.025
2022-10-17T16:00:00+03:00,CH4,1.43
2022-10-17T16:00:00+03:00,CO,0.13
2022-10-17T16:00:00+03:00,NO,0.012
2022-10-17T16:00:00+03:00,OZ,0.0257
2022-10-17T17:00:00+03:00,CH4,1.54
2022-10-17T17:00:00+03:00,OZ,0.0173
2022-10-17T17:00:00+03:00,NO2,0.031
2022-10-17T17:00:00+03:00,CO,0.1
2022-10-17T17:00:00+03:00,NO,0.017
2022-10-17T18:00:00+03:00,CO,0.07
2022-10-17T18:00:00+03:00,NO,0.011
2022-10-17T18:00:00+03:00,OZ,0.0189
2022-10-17T18:00:00+03:00,CH4,1.86
2022-10-17T18:00:00+03:00,NO2,0.028
2022-10-17T19:00:00+03:00,CH4,1.41
2022-10-17T19:00:00+03:00,NO,0.02
2022-10-17T19:00:00+03:00,CO,0.1
2022-10-17T19:00:00+03:00,OZ,0.0171
2022-10-17T19:00:00+03:00,NO2,0.028
2022-10-17T20:00:00+03:00,CH4,1.43
2022-10-17T20:00:00+03:00,CO,0.13
2022-10-17T20:00:00+03:00,NO,0.02
2022-10-17T20:00:00+03:00,NO2,0.027
2022-10-17T20:00:00+03:00,OZ,0.0181
2022-10-17T21:00:00+03:00,NO,0.015
2022-10-17T21:00:00+03:00,CH4,1.43
2022-10-17T21:00:00+03:00,CO,0.03
2022-10-17T21:00:00+03:00,NO2,0.023
2022-10-17T21:00:00+03:00,OZ,0.0197
2022-10-17T22:00:00+03:00,CO,0.13
2022-10-17T22:00:00+03:00,OZ,0.016
2022-10-17T22:00:00+03:00,CH4,1.43
2022-10-17T22:00:00+03:00,NO,0.014
2022-10-17T22:00:00+03:00,NO2,0.027
2022-10-17T23:00:00+03:00,CH4,1.43
2022-10-17T23:00:00+03:00,NO2,0.022
2022-10-17T23:00:00+03:00,NO,0.011
2022-10-17T23:00:00+03:00,OZ,0.0188
2022-10-17T23:00:00+03:00,CO,0.07
2022-10-18T00:00:00+03:00,CH4,1.43
2022-10-18T00:00:00+03:00,NO2,0.022
2022-10-18T00:00:00+03:00,OZ,0.0159
2022-10-18T00:00:00+03:00,NO,0.007
2022-10-18T00:00:00+03:00,CO,0.17
2022-10-18T01:00:00+03:00,NO2,0.02
2022-10-18T01:00:00+03:00,NO,0.007
2022-10-18T01:00:00+03:00,CO,0.17
2022-10-18T01:00:00+03:00,CH4,1.43
2022-10-18T01:00:00+03:00,OZ,0.0151
2022-10-18T02:00:00+03:00,CH4,1.43
2022-10-18T02:00:00+03:00,CO,0.1
2022-10-18T02:00:00+03:00,NO,0.008
2022-10-18T02:00:00+03:00,OZ,0.0197
2022-10-18T02:00:00+03:00,NO2,0.017
2022-10-18T03:00:00+03:00,CH4,1.42
2022-10-18T03:00:00+03:00,NO,0.006
2022-10-18T03:00:00+03:00,CO,0.03
2022-10-18T03:00:00+03:00,OZ,0.0222
2022-10-18T03:00:00+03:00,NO2,0.016
2022-10-18T04:00:00+03:00,NO,0.007
2022-10-18T04:00:00+03:00,CH4,1.43
2022-10-18T04:00:00+03:00,NO2,0.017
2022-10-18T04:00:00+03:00,OZ,0.0209
2022-10-18T04:00:00+03:00,CO,0.1
2022-10-18T05:00:00+03:00,OZ,0.0211
2022-10-18T05:00:00+03:00,NO,0.006
2022-10-18T05:00:00+03:00,CH4,1.43
2022-10-18T05:00:00+03:00,NO2,0.017
2022-10-18T05:00:00+03:00,CO,0
2022-10-18T06:00:00+03:00,NO2,0.015
2022-10-18T06:00:00+03:00,OZ,0.0209
2022-10-18T06:00:00+03:00,CH4,1.43
2022-10-18T06:00:00+03:00,NO,0.006
2022-10-18T06:00:00+03:00,CO,0.07
2022-10-18T07:00:00+03:00,NO,0.008
2022-10-18T07:00:00+03:00,OZ,0.0183
2022-10-18T07:00:00+03:00,CH4,1.44
2022-10-18T07:00:00+03:00,NO2,0.017
2022-10-18T07:00:00+03:00,CO,0.13
2022-10-18T08:00:00+03:00,NO,0.015
2022-10-18T08:00:00+03:00,CH4,1.44
2022-10-18T08:00:00+03:00,NO2,0.026
2022-10-18T08:00:00+03:00,CO,0.17
2022-10-18T08:00:00+03:00,OZ,0.0073
2022-10-18T09:00:00+03:00,CH4,1.43
2022-10-18T09:00:00+03:00,NO2,0.032
2022-10-18T09:00:00+03:00,CO,0.4
2022-10-18T09:00:00+03:00,NO,0.037
2022-10-18T09:00:00+03:00,OZ,0.0054
2022-10-18T10:00:00+03:00,OZ,0.0037
2022-10-18T10:00:00+03:00,CH4,1.44
2022-10-18T10:00:00+03:00,NO2,0.035
2022-10-18T10:00:00+03:00,CO,0.43
2022-10-18T10:00:00+03:00,NO,0.046
2022-10-18T11:00:00+03:00,NO2,0.034
2022-10-18T11:00:00+03:00,CH4,1.44
2022-10-18T11:00:00+03:00,NO,0.045
2022-10-18T11:00:00+03:00,OZ,0.0031
2022-10-18T11:00:00+03:00,CO,0.23
2022-10-18T12:00:00+03:00,NO2,0.038
2022-10-18T12:00:00+03:00,NO,0.046
2022-10-18T12:00:00+03:00,CH4,1.46
2022-10-18T12:00:00+03:00,OZ,0.0028
2022-10-18T12:00:00+03:00,CO,0.1
2022-10-18T13:00:00+03:00,CH4,1.48
2022-10-18T13:00:00+03:00,CO,0.17
2022-10-18T13:00:00+03:00,NO2,0.04
2022-10-18T13:00:00+03:00,OZ,0.0025
2022-10-18T13:00:00+03:00,NO,0.071
2022-10-18T14:00:00+03:00,NO2,0.04
2022-10-18T14:00:00+03:00,OZ,0.003
2022-10-18T14:00:00+03:00,NO,0.077
2022-10-18T14:00:00+03:00,CH4,1.49
2022-10-18T14:00:00+03:00,CO,0.23
2022-10-18T15:00:00+03:00,OZ,0.0033
2022-10-18T15:00:00+03:00,CH4,1.48
2022-10-18T15:00:00+03:00,NO,0.083
2022-10-18T15:00:00+03:00,NO2,0.037
2022-10-18T15:00:00+03:00,CO,0.33
2022-10-18T16:00:00+03:00,CH4,1.44
2022-10-18T16:00:00+03:00,NO,0.034
2022-10-18T16:00:00+03:00,OZ,0.0067
2022-10-18T16:00:00+03:00,CO,0.07
2022-10-18T16:00:00+03:00,NO2,0.03
2022-10-18T17:00:00+03:00,CH4,1.43
2022-10-18T17:00:00+03:00,CO,0
2022-10-18T17:00:00+03:00,NO,0.013
2022-10-18T17:00:00+03:00,OZ,0.0205
2022-10-18T17:00:00+03:00,NO2,0.024
2022-10-18T18:00:00+03:00,CO,0
2022-10-18T18:00:00+03:00,OZ,0.0272
2022-10-18T18:00:00+03:00,NO,0.009
2022-10-18T18:00:00+03:00,CH4,1.42
2022-10-18T18:00:00+03:00,NO2,0.019
2022-10-18T19:00:00+03:00,NO,0.01
2022-10-18T19:00:00+03:00,OZ,0.0269
2022-10-18T19:00:00+03:00,CH4,1.4
2022-10-18T19:00:00+03:00,CO,0
2022-10-18T19:00:00+03:00,NO2,0.016
2022-10-18T20:00:00+03:00,NO2,0.024
2022-10-18T20:00:00+03:00,CO,0.07
2022-10-18T20:00:00+03:00,NO,0.014
2022-10-18T20:00:00+03:00,OZ,0.0279
2022-10-18T20:00:00+03:00,CH4,1.39
2022-10-18T21:00:00+03:00,CH4,1.41
2022-10-18T21:00:00+03:00,NO,0.014
2022-10-18T21:00:00+03:00,CO,0.03
2022-10-18T21:00:00+03:00,OZ,0.0316
2022-10-18T21:00:00+03:00,NO2,0.015
2022-10-18T22:00:00+03:00,OZ,0.0214
2022-10-18T22:00:00+03:00,CH4,1.4
2022-10-18T22:00:00+03:00,NO2,0.025
2022-10-18T22:00:00+03:00,CO,0
2022-10-18T22:00:00+03:00,NO,0.01
2022-10-18T23:00:00+03:00,CO,0.23
2022-10-18T23:00:00+03:00,NO2,0.032
2022-10-18T23:00:00+03:00,NO,0.014
2022-10-18T23:00:00+03:00,OZ,0.0117
2022-10-18T23:00:00+03:00,CH4,1.41
2022-10-19T00:00:00+03:00,NO2,0.034
2022-10-19T00:00:00+03:00,CO,0.43
2022-10-19T00:00:00+03:00,CH4,1.4
2022-10-19T00:00:00+03:00,OZ,0.0071
2022-10-19T00:00:00+03:00,NO,0.022
2022-10-19T01:00:00+03:00,CO,0.47
2022-10-19T01:00:00+03:00,NO2,0.037
2022-10-19T01:00:00+03:00,OZ,0.0034
2022-10-19T01:00:00+03:00,CH4,1.4
2022-10-19T01:00:00+03:00,NO,0.03
2022-10-19T02:00:00+03:00,CO,0.67
2022-10-19T02:00:00+03:00,CH4,1.43
2022-10-19T02:00:00+03:00,NO,0.056
2022-10-19T02:00:00+03:00,OZ,0.0023
2022-10-19T02:00:00+03:00,NO2,0.036
2022-10-19T03:00:00+03:00,NO,0.016
2022-10-19T03:00:00+03:00,NO2,0.034
2022-10-19T03:00:00+03:00,OZ,0.0075
2022-10-19T03:00:00+03:00,CO,0.4
2022-10-19T03:00:00+03:00,CH4,1.43
2022-10-19T04:00:00+03:00,CO,0.43
2022-10-19T04:00:00+03:00,NO,0.022
2022-10-19T04:00:00+03:00,CH4,1.45
2022-10-19T04:00:00+03:00,NO2,0.036
2022-10-19T04:00:00+03:00,OZ,0.005
2022-10-19T05:00:00+03:00,NO2,0.039
2022-10-19T05:00:00+03:00,CO,0.47
2022-10-19T05:00:00+03:00,OZ,0.0022
2022-10-19T05:00:00+03:00,NO,0.045
2022-10-19T05:00:00+03:00,CH4,1.46
2022-10-19T06:00:00+03:00,NO2,0.038
2022-10-19T06:00:00+03:00,OZ,0.0024
2022-10-19T06:00:00+03:00,CH4,1.47
2022-10-19T06:00:00+03:00,NO,0.049
2022-10-19T06:00:00+03:00,CO,0.47
2022-10-19T07:00:00+03:00,NO,0.024
2022-10-19T07:00:00+03:00,OZ,0.0039
2022-10-19T07:00:00+03:00,NO2,0.036
2022-10-19T07:00:00+03:00,CO,0.47
2022-10-19T07:00:00+03:00,CH4,1.49
2022-10-19T08:00:00+03:00,OZ,0.0044
2022-10-19T08:00:00+03:00,CO,0.43
2022-10-19T08:00:00+03:00,NO,0.018
2022-10-19T08:00:00+03:00,CH4,1.46
2022-10-19T08:00:00+03:00,NO2,0.041
2022-10-19T09:00:00+03:00,CH4,1.47
2022-10-19T09:00:00+03:00,NO,0.022
2022-10-19T09:00:00+03:00,NO2,0.037
2022-10-19T09:00:00+03:00,CO,0.5
2022-10-19T09:00:00+03:00,OZ,0.0046
2022-10-19T10:00:00+03:00,CH4,1.6
2022-10-19T10:00:00+03:00,NO2,0.036
2022-10-19T10:00:00+03:00,CO,0.63
2022-10-19T10:00:00+03:00,OZ,0.003
2022-10-19T10:00:00+03:00,NO,0.041
2022-10-19T11:00:00+03:00,OZ,0.0052
2022-10-19T11:00:00+03:00,CH4,1.49
2022-10-19T11:00:00+03:00,CO,0.47
2022-10-19T11:00:00+03:00,NO2,0.036
2022-10-19T11:00:00+03:00,NO,0.022
2022-10-19T12:00:00+03:00,CO,0.5
2022-10-19T12:00:00+03:00,NO,0.013
2022-10-19T12:00:00+03:00,OZ,0.0125
2022-10-19T12:00:00+03:00,NO2,0.031
2022-10-19T12:00:00+03:00,CH4,1.69
2022-10-19T13:00:00+03:00,NO2,0.027
2022-10-19T13:00:00+03:00,CH4,1.55
2022-10-19T13:00:00+03:00,CO,0.37
2022-10-19T13:00:00+03:00,OZ,0.0201
2022-10-19T13:00:00+03:00,NO,0.008
2022-10-19T14:00:00+03:00,CO,0.4
2022-10-19T14:00:00+03:00,NO,0.012
2022-10-19T14:00:00+03:00,CH4,1.46
2022-10-19T14:00:00+03:00,OZ,0.014
2022-10-19T14:00:00+03:00,NO2,0.034
2022-10-19T15:00:00+03:00,NO2,0.032
2022-10-19T15:00:00+03:00,OZ,0.012
2022-10-19T15:00:00+03:00,CO,0.43
2022-10-19T15:00:00+03:00,CH4,1.44
2022-10-19T15:00:00+03:00,NO,0.01
2022-10-19T16:00:00+03:00,NO2,0.038
2022-10-19T16:00:00+03:00,CO,0.4
2022-10-19T16:00:00+03:00,NO,0.014
2022-10-19T16:00:00+03:00,OZ,0.0045
2022-10-19T16:00:00+03:00,CH4,1.43
2022-10-19T17:00:00+03:00,CO,0.43
2022-10-19T17:00:00+03:00,NO2,0.042
2022-10-19T17:00:00+03:00,CH4,1.42
2022-10-19T17:00:00+03:00,OZ,0.0039
2022-10-19T17:00:00+03:00,NO,0.019
2022-10-19T18:00:00+03:00,NO,0.019
2022-10-19T18:00:00+03:00,CO,0.5
2022-10-19T18:00:00+03:00,NO2,0.046
2022-10-19T18:00:00+03:00,CH4,1.48
2022-10-19T18:00:00+03:00,OZ,0.0027
2022-10-19T19:00:00+03:00,OZ,0.0028
2022-10-19T19:00:00+03:00,CO,0.5
2022-10-19T19:00:00+03:00,CH4,1.44
2022-10-19T19:00:00+03:00,NO,0.019
2022-10-19T19:00:00+03:00,NO2,0.045
2022-10-19T20:00:00+03:00,CO,0.43
2022-10-19T20:00:00+03:00,OZ,0.0048
2022-10-19T20:00:00+03:00,NO2,0.043
2022-10-19T20:00:00+03:00,NO,0.015
2022-10-19T20:00:00+03:00,CH4,1.4
2022-10-19T21:00:00+03:00,CH4,1.41
2022-10-19T21:00:00+03:00,CO,0.47
2022-10-19T21:00:00+03:00,NO2,0.037
2022-10-19T21:00:00+03:00,NO,0.009
2022-10-19T21:00:00+03:00,OZ,0.0089
2022-10-19T22:00:00+03:00,OZ,0.0111
2022-10-19T22:00:00+03:00,NO,0.006
2022-10-19T22:00:00+03:00,CH4,1.42
2022-10-19T22:00:00+03:00,NO2,0.034
2022-10-19T22:00:00+03:00,CO,0.4
2022-10-19T23:00:00+03:00,NO,0.005
2022-10-19T23:00:00+03:00,CH4,1.41
2022-10-19T23:00:00+03:00,CO,0.23
2022-10-19T23:00:00+03:00,NO2,0.035
2022-10-19T23:00:00+03:00,OZ,0.0179
2022-10-20T00:00:00+03:00,NO2,0.028
2022-10-20T00:00:00+03:00,CO,0.2
2022-10-20T00:00:00+03:00,NO,0.003
2022-10-20T00:00:00+03:00,OZ,0.028
2022-10-20T00:00:00+03:00,CH4,1.41
2022-10-20T01:00:00+03:00,NO2,0.03
2022-10-20T01:00:00+03:00,NO,0.009
2022-10-20T01:00:00+03:00,CO,0.17
2022-10-20T01:00:00+03:00,CH4,1.42
2022-10-20T01:00:00+03:00,OZ,0.0212
2022-10-20T02:00:00+03:00,CO,0.13
2022-10-20T02:00:00+03:00,NO2,0.03
2022-10-20T02:00:00+03:00,NO,0.005
2022-10-20T02:00:00+03:00,OZ,0.0194
2022-10-20T02:00:00+03:00,CH4,1.47
2022-10-20T03:00:00+03:00,CO,0.03
2022-10-20T03:00:00+03:00,NO,0.001
2022-10-20T03:00:00+03:00,OZ,0.0272
2022-10-20T03:00:00+03:00,NO2,0.017
2022-10-20T03:00:00+03:00,CH4,1.42
2022-10-20T04:00:00+03:00,CO,0.17
2022-10-20T04:00:00+03:00,CH4,1.43
2022-10-20T04:00:00+03:00,NO,0.002
2022-10-20T04:00:00+03:00,OZ,0.0219
2022-10-20T04:00:00+03:00,NO2,0.017
2022-10-20T05:00:00+03:00,NO,0.003
2022-10-20T05:00:00+03:00,OZ,0.0175
2022-10-20T05:00:00+03:00,NO2,0.019
2022-10-20T05:00:00+03:00,CH4,1.44
2022-10-20T05:00:00+03:00,CO,0.1
2022-10-20T06:00:00+03:00,CH4,1.42
2022-10-20T06:00:00+03:00,OZ,0.0152
2022-10-20T06:00:00+03:00,CO,0.07
2022-10-20T06:00:00+03:00,NO2,0.018
2022-10-20T06:00:00+03:00,NO,0.004
2022-10-20T07:00:00+03:00,OZ,0.0144
2022-10-20T07:00:00+03:00,NO,0.004
2022-10-20T07:00:00+03:00,CO,0.13
2022-10-20T07:00:00+03:00,NO2,0.015
2022-10-20T07:00:00+03:00,CH4,1.4
2022-10-20T08:00:00+03:00,NO2,0.016
2022-10-20T08:00:00+03:00,CO,0.13
2022-10-20T08:00:00+03:00,OZ,0.0084
2022-10-20T08:00:00+03:00,CH4,1.43
2022-10-20T08:00:00+03:00,NO,0.011
2022-10-20T09:00:00+03:00,CH4,1.42
2022-10-20T09:00:00+03:00,NO2,0.018
2022-10-20T09:00:00+03:00,NO,0.012
2022-10-20T09:00:00+03:00,OZ,0.0138
2022-10-20T09:00:00+03:00,CO,0.27
2022-10-20T10:00:00+03:00,NO2,0.018
2022-10-20T10:00:00+03:00,CH4,1.41
2022-10-20T10:00:00+03:00,CO,0.2
2022-10-20T10:00:00+03:00,NO,0.015
2022-10-20T10:00:00+03:00,OZ,0.0273
2022-10-20T11:00:00+03:00,NO2,0.016
2022-10-20T11:00:00+03:00,OZ,0.0346
2022-10-20T11:00:00+03:00,CH4,1.4
2022-10-20T11:00:00+03:00,CO,0.2
2022-10-20T11:00:00+03:00,NO,0.012
2022-10-20T12:00:00+03:00,CO,0.3
2022-10-20T12:00:00+03:00,NO,0.012
2022-10-20T12:00:00+03:00,OZ,0.0365
2022-10-20T12:00:00+03:00,NO2,0.013
2022-10-20T12:00:00+03:00,CH4,1.39
2022-10-20T13:00:00+03:00,CO,0.37
2022-10-20T13:00:00+03:00,CH4,1.4
2022-10-20T13:00:00+03:00,NO,0.019
2022-10-20T13:00:00+03:00,OZ,0.0286
2022-10-20T13:00:00+03:00,NO2,0.02
2022-10-20T14:00:00+03:00,CH4,1.4
2022-10-20T14:00:00+03:00,NO2,0.017
2022-10-20T14:00:00+03:00,CO,0.3
2022-10-20T14:00:00+03:00,NO,0.014
2022-10-20T14:00:00+03:00,OZ,0.0314
2022-10-20T15:00:00+03:00,NO,0.013
2022-10-20T15:00:00+03:00,NO2,0.021
2022-10-20T15:00:00+03:00,CH4,1.4
2022-10-20T15:00:00+03:00,CO,0.3
2022-10-20T15:00:00+03:00,OZ,0.0275
2022-10-20T16:00:00+03:00,NO2,0.023
2022-10-20T16:00:00+03:00,CO,0.47
2022-10-20T16:00:00+03:00,OZ,0.0246
2022-10-20T16:00:00+03:00,NO,0.016
2022-10-20T16:00:00+03:00,CH4,1.41
2022-10-20T17:00:00+03:00,NO,0.027
2022-10-20T17:00:00+03:00,NO2,0.033
2022-10-20T17:00:00+03:00,OZ,0.0133
2022-10-20T17:00:00+03:00,CO,0.37
2022-10-20T17:00:00+03:00,CH4,1.4
2022-10-20T18:00:00+03:00,NO2,0.036
2022-10-20T18:00:00+03:00,NO,0.027
2022-10-20T18:00:00+03:00,CO,0.4
2022-10-20T18:00:00+03:00,OZ,0.0078
2022-10-20T18:00:00+03:00,CH4,1.41
2022-10-20T19:00:00+03:00,NO2,0.032
2022-10-20T19:00:00+03:00,CH4,1.41
2022-10-20T19:00:00+03:00,CO,0.33
2022-10-20T19:00:00+03:00,OZ,0.013
2022-10-20T19:00:00+03:00,NO,0.015
2022-10-20T20:00:00+03:00,CH4,1.41
2022-10-20T20:00:00+03:00,OZ,0.0181
2022-10-20T20:00:00+03:00,NO,0.015
2022-10-20T20:00:00+03:00,CO,0.3
2022-10-20T20:00:00+03:00,NO2,0.027
2022-10-20T21:00:00+03:00,OZ,0.0192
2022-10-20T21:00:00+03:00,NO2,0.024
2022-10-20T21:00:00+03:00,CH4,1.41
2022-10-20T21:00:00+03:00,CO,0.23
2022-10-20T21:00:00+03:00,NO,0.011
2022-10-20T22:00:00+03:00,NO,0.01
2022-10-20T22:00:00+03:00,CO,0.2
2022-10-20T22:00:00+03:00,NO2,0.017
2022-10-20T22:00:00+03:00,CH4,1.4
2022-10-20T22:00:00+03:00,OZ,0.0348
2022-10-20T23:00:00+03:00,CH4,1.41
2022-10-20T23:00:00+03:00,NO,0.006
2022-10-20T23:00:00+03:00,NO2,0.013
2022-10-20T23:00:00+03:00,OZ,0.0364
2022-10-20T23:00:00+03:00,CO,0.1
2022-10-21T00:00:00+03:00,NO2,0.012
2022-10-21T00:00:00+03:00,CO,0
2022-10-21T00:00:00+03:00,NO,0.006
2022-10-21T00:00:00+03:00,OZ,0.0398
2022-10-21T00:00:00+03:00,CH4,1.4
2022-10-21T01:00:00+03:00,CO,0
2022-10-21T01:00:00+03:00,NO2,0.012
2022-10-21T01:00:00+03:00,OZ,0.0394
2022-10-21T01:00:00+03:00,CH4,1.4
2022-10-21T01:00:00+03:00,NO,0.004
2022-10-21T02:00:00+03:00,OZ,0.0291
2022-10-21T02:00:00+03:00,CH4,1.41
2022-10-21T02:00:00+03:00,NO,0.004
2022-10-21T02:00:00+03:00,CO,0
2022-10-21T02:00:00+03:00,NO2,0.02
2022-10-21T03:00:00+03:00,NO,0.002
2022-10-21T03:00:00+03:00,CO,0
2022-10-21T03:00:00+03:00,OZ,0.0266
2022-10-21T03:00:00+03:00,CH4,1.43
2022-10-21T03:00:00+03:00,NO2,0.02
2022-10-21T04:00:00+03:00,CH4,1.46
2022-10-21T04:00:00+03:00,CO,0
2022-10-21T04:00:00+03:00,NO,0.004
2022-10-21T04:00:00+03:00,NO2,0.02
2022-10-21T04:00:00+03:00,OZ,0.0276
2022-10-21T05:00:00+03:00,NO2,0.023
2022-10-21T05:00:00+03:00,NO,0.006
2022-10-21T05:00:00+03:00,OZ,0.0193
2022-10-21T05:00:00+03:00,CO,0
2022-10-21T05:00:00+03:00,CH4,1.43
2022-10-21T06:00:00+03:00,NO,0.007
2022-10-21T06:00:00+03:00,CH4,1.43
2022-10-21T06:00:00+03:00,NO2,0.025
2022-10-21T06:00:00+03:00,CO,0
2022-10-21T06:00:00+03:00,OZ,0.0135
2022-10-21T07:00:00+03:00,NO2,0.028
2022-10-21T07:00:00+03:00,NO,0.009
2022-10-21T07:00:00+03:00,OZ,0.0081
2022-10-21T07:00:00+03:00,CH4,1.43
2022-10-21T07:00:00+03:00,CO,0
2022-10-21T08:00:00+03:00,NO,0.018
2022-10-21T08:00:00+03:00,NO2,0.03
2022-10-21T08:00:00+03:00,CH4,1.47
2022-10-21T08:00:00+03:00,OZ,0.0053
2022-10-21T08:00:00+03:00,CO,0.1
2022-10-21T09:00:00+03:00,NO,0.027
2022-10-21T09:00:00+03:00,OZ,0.0058
2022-10-21T09:00:00+03:00,NO2,0.028
2022-10-21T09:00:00+03:00,CH4,1.48
2022-10-21T09:00:00+03:00,CO,0.17
2022-10-21T10:00:00+03:00,CO,0.2
2022-10-21T10:00:00+03:00,NO2,0.028
2022-10-21T10:00:00+03:00,NO,0.039
2022-10-21T10:00:00+03:00,OZ,0.0058
2022-10-21T10:00:00+03:00,CH4,1.46
2022-10-21T11:00:00+03:00,OZ,0.0076
2022-10-21T11:00:00+03:00,CO,0.23
2022-10-21T11:00:00+03:00,NO2,0.03
2022-10-21T11:00:00+03:00,CH4,1.45
2022-10-21T11:00:00+03:00,NO,0.036
2022-10-21T12:00:00+03:00,NO2,0.028
2022-10-21T12:00:00+03:00,OZ,0.0133
2022-10-21T12:00:00+03:00,NO,0.027
2022-10-21T12:00:00+03:00,CH4,1.43
2022-10-21T12:00:00+03:00,CO,0.23
2022-10-21T13:00:00+03:00,CO,0.33
2022-10-21T13:00:00+03:00,NO,0.029
2022-10-21T13:00:00+03:00,NO2,0.032
2022-10-21T13:00:00+03:00,CH4,1.42
2022-10-21T13:00:00+03:00,OZ,0.0167
2022-10-21T14:00:00+03:00,NO,0.027
2022-10-21T14:00:00+03:00,OZ,0.0162
2022-10-21T14:00:00+03:00,CO,0.3
2022-10-21T14:00:00+03:00,NO2,0.033
2022-10-21T14:00:00+03:00,CH4,1.43
2022-10-21T15:00:00+03:00,CH4,1.42
2022-10-21T15:00:00+03:00,NO2,0.032
2022-10-21T15:00:00+03:00,OZ,0.0104
2022-10-21T15:00:00+03:00,NO,0.03
2022-10-21T15:00:00+03:00,CO,0.27
2022-10-21T16:00:00+03:00,NO,0.019
2022-10-21T16:00:00+03:00,CH4,1.41
2022-10-21T16:00:00+03:00,OZ,0.0141
2022-10-21T16:00:00+03:00,CO,0.3
2022-10-21T16:00:00+03:00,NO2,0.029
2022-10-21T17:00:00+03:00,OZ,0.0049
2022-10-21T17:00:00+03:00,CO,0.4
2022-10-21T17:00:00+03:00,NO,0.038
2022-10-21T17:00:00+03:00,NO2,0.036
2022-10-21T17:00:00+03:00,CH4,1.41
2022-10-21T18:00:00+03:00,CH4,1.42
2022-10-21T18:00:00+03:00,OZ,0.0026
2022-10-21T18:00:00+03:00,CO,0.63
2022-10-21T18:00:00+03:00,NO,0.055
2022-10-21T18:00:00+03:00,NO2,0.041
2022-10-21T19:00:00+03:00,NO2,0.042
2022-10-21T19:00:00+03:00,CO,0.4
2022-10-21T19:00:00+03:00,CH4,1.41
2022-10-21T19:00:00+03:00,OZ,0.0032
2022-10-21T19:00:00+03:00,NO,0.034
2022-10-21T20:00:00+03:00,OZ,0.0025
2022-10-21T20:00:00+03:00,CH4,1.43
2022-10-21T20:00:00+03:00,NO,0.064
2022-10-21T20:00:00+03:00,NO2,0.041
2022-10-21T20:00:00+03:00,CO,0.57
2022-10-21T21:00:00+03:00,OZ,0.0027
2022-10-21T21:00:00+03:00,NO,0.054
2022-10-21T21:00:00+03:00,CH4,1.43
2022-10-21T21:00:00+03:00,CO,0.63
2022-10-21T21:00:00+03:00,NO2,0.044
2022-10-21T22:00:00+03:00,NO,0.029
2022-10-21T22:00:00+03:00,CH4,1.42
2022-10-21T22:00:00+03:00,OZ,0.004
2022-10-21T22:00:00+03:00,CO,0.33
2022-10-21T22:00:00+03:00,NO2,0.042
2022-10-21T23:00:00+03:00,NO,0.019
2022-10-21T23:00:00+03:00,NO2,0.041
2022-10-21T23:00:00+03:00,OZ,0.0036
2022-10-21T23:00:00+03:00,CO,0.3
2022-10-21T23:00:00+03:00,CH4,1.47
2022-10-22T00:00:00+03:00,CO,0.4
2022-10-22T00:00:00+03:00,NO2,0.039
2022-10-22T00:00:00+03:00,NO,0.025
2022-10-22T00:00:00+03:00,OZ,0.0028
2022-10-22T00:00:00+03:00,CH4,1.44
2022-10-22T01:00:00+03:00,CO,0.3
2022-10-22T01:00:00+03:00,CH4,1.44
2022-10-22T01:00:00+03:00,NO2,0.037
2022-10-22T01:00:00+03:00,NO,0.012
2022-10-22T01:00:00+03:00,OZ,0.0027
2022-10-22T02:00:00+03:00,NO2,0.039
2022-10-22T02:00:00+03:00,OZ,0.0022
2022-10-22T02:00:00+03:00,CH4,1.46
2022-10-22T02:00:00+03:00,CO,0.3
2022-10-22T02:00:00+03:00,NO,0.021
2022-10-22T03:00:00+03:00,NO,0.013
2022-10-22T03:00:00+03:00,OZ,0.0026
2022-10-22T03:00:00+03:00,CO,0.3
2022-10-22T03:00:00+03:00,CH4,1.47
2022-10-22T03:00:00+03:00,NO2,0.036
2022-10-22T04:00:00+03:00,NO,0.023
2022-10-22T04:00:00+03:00,NO2,0.036
2022-10-22T04:00:00+03:00,OZ,0.0023
2022-10-22T04:00:00+03:00,CH4,1.45
2022-10-22T04:00:00+03:00,CO,0.47
2022-10-22T05:00:00+03:00,OZ,0.0033
2022-10-22T05:00:00+03:00,CH4,1.43
2022-10-22T05:00:00+03:00,CO,0.33
2022-10-22T05:00:00+03:00,NO,0.019
2022-10-22T05:00:00+03:00,NO2,0.037
2022-10-22T06:00:00+03:00,NO2,0.034
2022-10-22T06:00:00+03:00,OZ,0.0054
2022-10-22T06:00:00+03:00,CO,0.33
2022-10-22T06:00:00+03:00,NO,0.011
2022-10-22T06:00:00+03:00,CH4,1.42
2022-10-22T07:00:00+03:00,CH4,1.42
2022-10-22T07:00:00+03:00,CO,0.33
2022-10-22T07:00:00+03:00,NO,0.016
2022-10-22T07:00:00+03:00,OZ,0.0031
2022-10-22T07:00:00+03:00,NO2,0.029
2022-10-22T08:00:00+03:00,NO,0.047
2022-10-22T08:00:00+03:00,CO,0.9
2022-10-22T08:00:00+03:00,NO2,0.024
2022-10-22T08:00:00+03:00,CH4,1.43
2022-10-22T08:00:00+03:00,OZ,0.0036
2022-10-22T09:00:00+03:00,NO2,0.03
2022-10-22T09:00:00+03:00,CH4,1.43
2022-10-22T09:00:00+03:00,NO,0.066
2022-10-22T09:00:00+03:00,OZ,0.0023
2022-10-22T09:00:00+03:00,CO,0.63
2022-10-22T10:00:00+03:00,CH4,1.42
2022-10-22T10:00:00+03:00,OZ,0.0067
2022-10-22T10:00:00+03:00,NO2,0.032
2022-10-22T10:00:00+03:00,CO,0.47
2022-10-22T10:00:00+03:00,NO,0.033
2022-10-22T11:00:00+03:00,NO2,0.035
2022-10-22T11:00:00+03:00,CH4,1.41
2022-10-22T11:00:00+03:00,OZ,0.0114
2022-10-22T11:00:00+03:00,CO,0.27
2022-10-22T11:00:00+03:00,NO,0.03
2022-10-22T12:00:00+03:00,CO,0.27
2022-10-22T12:00:00+03:00,OZ,0.0138
2022-10-22T12:00:00+03:00,CH4,1.4
2022-10-22T12:00:00+03:00,NO,0.033
2022-10-22T12:00:00+03:00,NO2,0.041
2022-10-22T13:00:00+03:00,OZ,0.0162
2022-10-22T13:00:00+03:00,CO,0.27
2022-10-22T13:00:00+03:00,NO2,0.042
2022-10-22T13:00:00+03:00,CH4,1.42
2022-10-22T13:00:00+03:00,NO,0.027
2022-10-22T14:00:00+03:00,CO,0.23
2022-10-22T14:00:00+03:00,NO,0.025
2022-10-22T14:00:00+03:00,NO2,0.037
2022-10-22T14:00:00+03:00,CH4,1.42
2022-10-22T14:00:00+03:00,OZ,0.0167
2022-10-22T15:00:00+03:00,NO2,0.037
2022-10-22T15:00:00+03:00,CO,0.23
2022-10-22T15:00:00+03:00,OZ,0.0144
2022-10-22T15:00:00+03:00,CH4,1.42
2022-10-22T15:00:00+03:00,NO,0.02
2022-10-22T16:00:00+03:00,CH4,1.42
2022-10-22T16:00:00+03:00,CO,0.3
2022-10-22T16:00:00+03:00,NO2,0.037
2022-10-22T16:00:00+03:00,NO,0.024
2022-10-22T16:00:00+03:00,OZ,0.0134
2022-10-22T17:00:00+03:00,NO,0.031
2022-10-22T17:00:00+03:00,CO,0.3
2022-10-22T17:00:00+03:00,CH4,1.41
2022-10-22T17:00:00+03:00,NO2,0.042
2022-10-22T17:00:00+03:00,OZ,0.0078
2022-10-22T18:00:00+03:00,CH4,1.42
2022-10-22T18:00:00+03:00,OZ,0.0065
2022-10-22T18:00:00+03:00,NO,0.032
2022-10-22T18:00:00+03:00,CO,0.37
2022-10-22T18:00:00+03:00,NO2,0.048
2022-10-22T19:00:00+03:00,OZ,0.0026
2022-10-22T19:00:00+03:00,NO2,0.049
2022-10-22T19:00:00+03:00,NO,0.053
2022-10-22T19:00:00+03:00,CO,0.47
2022-10-22T19:00:00+03:00,CH4,1.43
2022-10-22T20:00:00+03:00,CH4,1.44
2022-10-22T20:00:00+03:00,CO,0.47
2022-10-22T20:00:00+03:00,OZ,0.002
2022-10-22T20:00:00+03:00,NO2,0.044
2022-10-22T20:00:00+03:00,NO,0.061
2022-10-22T21:00:00+03:00,OZ,0.0025
2022-10-22T21:00:00+03:00,CH4,1.43
2022-10-22T21:00:00+03:00,NO2,0.041
2022-10-22T21:00:00+03:00,NO,0.04
2022-10-22T21:00:00+03:00,CO,0.37
2022-10-22T22:00:00+03:00,NO,0.054
2022-10-22T22:00:00+03:00,OZ,0.0023
2022-10-22T22:00:00+03:00,CO,0.37
2022-10-22T22:00:00+03:00,CH4,1.45
2022-10-22T22:00:00+03:00,NO2,0.043
2022-10-22T23:00:00+03:00,CO,0.1
2022-10-22T23:00:00+03:00,CH4,1.43
2022-10-22T23:00:00+03:00,NO2,0.038
2022-10-22T23:00:00+03:00,OZ,0.0069
2022-10-22T23:00:00+03:00,NO,0.022
2022-10-23T00:00:00+03:00,CO,0.1
2022-10-23T00:00:00+03:00,CH4,1.43
2022-10-23T00:00:00+03:00,NO2,0.038
2022-10-23T00:00:00+03:00,OZ,0.0084
2022-10-23T00:00:00+03:00,NO,0.018
2022-10-23T01:00:00+03:00,CH4,1.44
2022-10-23T01:00:00+03:00,OZ,0.0077
2022-10-23T01:00:00+03:00,CO,0.07
2022-10-23T01:00:00+03:00,NO,0.009
2022-10-23T01:00:00+03:00,NO2,0.034
2022-10-23T02:00:00+03:00,CH4,1.44
2022-10-23T02:00:00+03:00,NO2,0.031
2022-10-23T02:00:00+03:00,NO,0.006
2022-10-23T02:00:00+03:00,OZ,0.0124
2022-10-23T02:00:00+03:00,CO,0
2022-10-23T03:00:00+03:00,NO2,0.026
2022-10-23T03:00:00+03:00,CH4,1.43
2022-10-23T03:00:00+03:00,CO,0
2022-10-23T03:00:00+03:00,OZ,0.0196
2022-10-23T03:00:00+03:00,NO,0.005
2022-10-23T04:00:00+03:00,NO2,0.024
2022-10-23T04:00:00+03:00,OZ,0.0214
2022-10-23T04:00:00+03:00,CO,0
2022-10-23T04:00:00+03:00,CH4,1.43
2022-10-23T04:00:00+03:00,NO,0.004
2022-10-23T05:00:00+03:00,NO,0.005
2022-10-23T05:00:00+03:00,CH4,1.48
2022-10-23T05:00:00+03:00,OZ,0.0058
2022-10-23T05:00:00+03:00,NO2,0.035
2022-10-23T05:00:00+03:00,CO,0
2022-10-23T06:00:00+03:00,CH4,1.48
2022-10-23T06:00:00+03:00,NO2,0.03
2022-10-23T06:00:00+03:00,CO,0
2022-10-23T06:00:00+03:00,NO,0.004
2022-10-23T06:00:00+03:00,OZ,0.0074
2022-10-23T07:00:00+03:00,NO,0.003
2022-10-23T07:00:00+03:00,OZ,0.0097
2022-10-23T07:00:00+03:00,CO,0
2022-10-23T07:00:00+03:00,NO2,0.028
2022-10-23T07:00:00+03:00,CH4,1.47
2022-10-23T08:00:00+03:00,CO,0.1
2022-10-23T08:00:00+03:00,OZ,0.0057
2022-10-23T08:00:00+03:00,CH4,1.47
2022-10-23T08:00:00+03:00,NO,0.014
2022-10-23T08:00:00+03:00,NO2,0.033
2022-10-23T09:00:00+03:00,CH4,1.47
2022-10-23T09:00:00+03:00,NO,0.022
2022-10-23T09:00:00+03:00,NO2,0.03
2022-10-23T09:00:00+03:00,CO,0
2022-10-23T09:00:00+03:00,OZ,0.0049
2022-10-23T10:00:00+03:00,CH4,1.48
2022-10-23T10:00:00+03:00,CO,0.1
2022-10-23T10:00:00+03:00,OZ,0.0052
2022-10-23T10:00:00+03:00,NO,0.035
2022-10-23T10:00:00+03:00,NO2,0.031
2022-10-23T11:00:00+03:00,CO,0.27
2022-10-23T11:00:00+03:00,NO,0.056
2022-10-23T11:00:00+03:00,OZ,0.0047
2022-10-23T11:00:00+03:00,CH4,1.49
2022-10-23T11:00:00+03:00,NO2,0.033
2022-10-23T12:00:00+03:00,NO2,0.035
2022-10-23T12:00:00+03:00,OZ,0.0038
2022-10-23T12:00:00+03:00,NO,0.053
2022-10-23T12:00:00+03:00,CO,0.37
2022-10-23T12:00:00+03:00,CH4,1.5
2022-10-23T13:00:00+03:00,CO,0.27
2022-10-23T13:00:00+03:00,OZ,0.0045
2022-10-23T13:00:00+03:00,NO,0.045
2022-10-23T13:00:00+03:00,NO2,0.031
2022-10-23T13:00:00+03:00,CH4,1.49
2022-10-23T14:00:00+03:00,NO2,0.029
2022-10-23T14:00:00+03:00,NO,0.05
2022-10-23T14:00:00+03:00,OZ,0.0031
2022-10-23T14:00:00+03:00,CO,0.3
2022-10-23T14:00:00+03:00,CH4,1.49
2022-10-23T15:00:00+03:00,CO,0.47
2022-10-23T15:00:00+03:00,NO2,0.031
2022-10-23T15:00:00+03:00,NO,0.045
2022-10-23T15:00:00+03:00,CH4,1.48
2022-10-23T15:00:00+03:00,OZ,0.0032
2022-10-23T16:00:00+03:00,CH4,1.48
2022-10-23T16:00:00+03:00,NO2,0.03
2022-10-23T16:00:00+03:00,NO,0.039
2022-10-23T16:00:00+03:00,OZ,0.0024
2022-10-23T16:00:00+03:00,CO,0.3
2022-10-23T17:00:00+03:00,CH4,1.47
2022-10-23T17:00:00+03:00,NO,0.053
2022-10-23T17:00:00+03:00,NO2,0.027
2022-10-23T17:00:00+03:00,OZ,0.0022
2022-10-23T17:00:00+03:00,CO,0.3
2022-10-23T18:00:00+03:00,NO,0.048
2022-10-23T18:00:00+03:00,CO,0.5
2022-10-23T18:00:00+03:00,OZ,0.0018
2022-10-23T18:00:00+03:00,CH4,1.48
2022-10-23T18:00:00+03:00,NO2,0.028
2022-10-23T19:00:00+03:00,NO,0.052
2022-10-23T19:00:00+03:00,NO2,0.027
2022-10-23T19:00:00+03:00,OZ,0.0012
2022-10-23T19:00:00+03:00,CH4,1.48
2022-10-23T19:00:00+03:00,CO,0.37
2022-10-23T20:00:00+03:00,NO2,0.026
2022-10-23T20:00:00+03:00,CO,0.43
2022-10-23T20:00:00+03:00,NO,0.065
2022-10-23T20:00:00+03:00,CH4,1.47
2022-10-23T20:00:00+03:00,OZ,0.0019
2022-10-23T21:00:00+03:00,NO,0.076
2022-10-23T21:00:00+03:00,CH4,1.48
2022-10-23T21:00:00+03:00,NO2,0.026
2022-10-23T21:00:00+03:00,OZ,0.0023
2022-10-23T21:00:00+03:00,CO,0.53
2022-10-23T22:00:00+03:00,CH4,1.48
2022-10-23T22:00:00+03:00,CO,0.43
2022-10-23T22:00:00+03:00,NO,0.056
2022-10-23T22:00:00+03:00,OZ,0.0022
2022-10-23T22:00:00+03:00,NO2,0.024
2022-10-23T23:00:00+03:00,CH4,1.47
2022-10-23T23:00:00+03:00,NO2,0.022
2022-10-23T23:00:00+03:00,OZ,0.0025
2022-10-23T23:00:00+03:00,NO,0.031
2022-10-23T23:00:00+03:00,CO,0.23
2022-10-24T00:00:00+03:00,CO,0.23
2022-10-24T00:00:00+03:00,OZ,0.0024
2022-10-24T00:00:00+03:00,NO,0.018
2022-10-24T00:00:00+03:00,NO2,0.02
2022-10-24T00:00:00+03:00,CH4,1.45
2022-10-24T01:00:00+03:00,CO,0.2
2022-10-24T01:00:00+03:00,NO2,0.016
2022-10-24T01:00:00+03:00,CH4,1.49
2022-10-24T01:00:00+03:00,NO,0.006
2022-10-24T01:00:00+03:00,OZ,0.0047
2022-10-24T02:00:00+03:00,OZ,0.0066
2022-10-24T02:00:00+03:00,NO2,0.013
2022-10-24T02:00:00+03:00,CH4,1.47
2022-10-24T02:00:00+03:00,NO,0.006
2022-10-24T02:00:00+03:00,CO,0.13
2022-10-24T03:00:00+03:00,NO2,0.011
2022-10-24T03:00:00+03:00,NO,0.003
2022-10-24T03:00:00+03:00,CO,0.07
2022-10-24T03:00:00+03:00,CH4,1.46
2022-10-24T03:00:00+03:00,OZ,0.0163
2022-10-24T04:00:00+03:00,NO2,0.014
2022-10-24T04:00:00+03:00,NO,0.002
2022-10-24T04:00:00+03:00,CH4,1.47
2022-10-24T04:00:00+03:00,OZ,0.0305
2022-10-24T04:00:00+03:00,CO,0
2022-10-24T05:00:00+03:00,CH4,1.47
2022-10-24T05:00:00+03:00,OZ,0.024
2022-10-24T05:00:00+03:00,NO2,0.017
2022-10-24T05:00:00+03:00,NO,0.002
2022-10-24T05:00:00+03:00,CO,0
2022-10-24T06:00:00+03:00,NO,0.003
2022-10-24T06:00:00+03:00,NO2,0.008
2022-10-24T06:00:00+03:00,OZ,0.0303
2022-10-24T06:00:00+03:00,CH4,1.44
2022-10-24T06:00:00+03:00,CO,0
2022-10-24T07:00:00+03:00,CH4,1.42
2022-10-24T07:00:00+03:00,OZ,0.0204
2022-10-24T07:00:00+03:00,NO2,0.012
2022-10-24T07:00:00+03:00,CO,0.07
2022-10-24T07:00:00+03:00,NO,0.005
2022-10-24T08:00:00+03:00,OZ,0.0075
2022-10-24T08:00:00+03:00,NO,0.013
2022-10-24T08:00:00+03:00,CH4,1.42
2022-10-24T08:00:00+03:00,CO,0.2
2022-10-24T08:00:00+03:00,NO2,0.019
2022-10-24T09:00:00+03:00,CH4,1.44
2022-10-24T09:00:00+03:00,NO,0.025
2022-10-24T09:00:00+03:00,OZ,0.0064
2022-10-24T09:00:00+03:00,CO,0.33
2022-10-24T09:00:00+03:00,NO2,0.024
2022-10-24T10:00:00+03:00,CH4,1.44
2022-10-24T10:00:00+03:00,CO,0.2
2022-10-24T10:00:00+03:00,NO2,0.025
2022-10-24T10:00:00+03:00,OZ,0.0126
2022-10-24T10:00:00+03:00,NO,0.023
2022-10-24T11:00:00+03:00,NO2,0.022
2022-10-24T11:00:00+03:00,CO,0.2
2022-10-24T11:00:00+03:00,NO,0.019
2022-10-24T11:00:00+03:00,CH4,1.44
2022-10-24T11:00:00+03:00,OZ,0.0195
2022-10-24T12:00:00+03:00,NO2,0.029
2022-10-24T12:00:00+03:00,CH4,1.41
2022-10-24T12:00:00+03:00,NO,0.017
2022-10-24T12:00:00+03:00,OZ,0.0196
2022-10-24T12:00:00+03:00,CO,0.2
2022-10-24T13:00:00+03:00,NO2,0.023
2022-10-24T13:00:00+03:00,CO,0.17
2022-10-24T13:00:00+03:00,OZ,0.0311
2022-10-24T13:00:00+03:00,NO,0.016
2022-10-24T13:00:00+03:00,CH4,1.42
2022-10-24T14:00:00+03:00,NO2,0.016
2022-10-24T14:00:00+03:00,NO,0.012
2022-10-24T14:00:00+03:00,CH4,1.41
2022-10-24T14:00:00+03:00,OZ,0.0441
2022-10-24T14:00:00+03:00,CO,0.07
2022-10-24T15:00:00+03:00,OZ,0.0487
2022-10-24T15:00:00+03:00,NO2,0.015
2022-10-24T15:00:00+03:00,CO,0.13
2022-10-24T15:00:00+03:00,NO,0.011
2022-10-24T15:00:00+03:00,CH4,1.4
2022-10-24T16:00:00+03:00,CO,0.1
2022-10-24T16:00:00+03:00,OZ,0.0418
2022-10-24T16:00:00+03:00,NO,0.012
2022-10-24T16:00:00+03:00,NO2,0.021
2022-10-24T16:00:00+03:00,CH4,1.42
2022-10-24T17:00:00+03:00,CO,0.1
2022-10-24T17:00:00+03:00,NO2,0.028
2022-10-24T17:00:00+03:00,OZ,0.032
2022-10-24T17:00:00+03:00,NO,0.013
2022-10-24T17:00:00+03:00,CH4,1.41
2022-10-24T18:00:00+03:00,CO,0.37
2022-10-24T18:00:00+03:00,CH4,1.41
2022-10-24T18:00:00+03:00,OZ,0.0133
2022-10-24T18:00:00+03:00,NO,0.023
2022-10-24T18:00:00+03:00,NO2,0.046
2022-10-24T19:00:00+03:00,NO,0.062
2022-10-24T19:00:00+03:00,CO,0.53
2022-10-24T19:00:00+03:00,OZ,0.0039
2022-10-24T19:00:00+03:00,NO2,0.055
2022-10-24T19:00:00+03:00,CH4,1.43
2022-10-24T20:00:00+03:00,CH4,1.46
2022-10-24T20:00:00+03:00,NO2,0.054
2022-10-24T20:00:00+03:00,OZ,0.0031
2022-10-24T20:00:00+03:00,NO,0.044
2022-10-24T20:00:00+03:00,CO,0.37
2022-10-24T21:00:00+03:00,CO,0.3
2022-10-24T21:00:00+03:00,CH4,1.46
2022-10-24T21:00:00+03:00,NO,0.026
2022-10-24T21:00:00+03:00,NO2,0.052
2022-10-24T21:00:00+03:00,OZ,0.003
2022-10-24T22:00:00+03:00,OZ,0.0028
2022-10-24T22:00:00+03:00,CH4,1.46
2022-10-24T22:00:00+03:00,NO2,0.05
2022-10-24T22:00:00+03:00,NO,0.028
2022-10-24T22:00:00+03:00,CO,0.33
2022-10-24T23:00:00+03:00,OZ,0.003
2022-10-24T23:00:00+03:00,NO2,0.048
2022-10-24T23:00:00+03:00,NO,0.027
2022-10-24T23:00:00+03:00,CH4,1.46
2022-10-24T23:00:00+03:00,CO,0.27
2022-10-25T00:00:00+03:00,NO,0.024
2022-10-25T00:00:00+03:00,CO,0.43
2022-10-25T00:00:00+03:00,NO2,0.046
2022-10-25T00:00:00+03:00,OZ,0.0027
2022-10-25T00:00:00+03:00,CH4,1.47
2022-10-25T01:00:00+03:00,NO2,0.047
2022-10-25T01:00:00+03:00,NO,0.057
2022-10-25T01:00:00+03:00,OZ,0.0018
2022-10-25T01:00:00+03:00,CO,0.37
2022-10-25T01:00:00+03:00,CH4,1.47
2022-10-25T02:00:00+03:00,NO2,0.046
2022-10-25T02:00:00+03:00,OZ,0.0018
2022-10-25T02:00:00+03:00,CO,0.33
2022-10-25T02:00:00+03:00,CH4,1.48
2022-10-25T02:00:00+03:00,NO,0.077
2022-10-25T03:00:00+03:00,CO,0.37
2022-10-25T03:00:00+03:00,CH4,1.52
2022-10-25T03:00:00+03:00,NO2,0.045
2022-10-25T03:00:00+03:00,NO,0.077
2022-10-25T03:00:00+03:00,OZ,0.0023
2022-10-25T04:00:00+03:00,NO2,0.045
2022-10-25T04:00:00+03:00,OZ,0.0025
2022-10-25T04:00:00+03:00,CO,0.27
2022-10-25T04:00:00+03:00,NO,0.059
2022-10-25T04:00:00+03:00,CH4,1.56
2022-10-25T05:00:00+03:00,NO2,0.044
2022-10-25T05:00:00+03:00,CO,0.4
2022-10-25T05:00:00+03:00,OZ,0.0023
2022-10-25T05:00:00+03:00,NO,0.075
2022-10-25T05:00:00+03:00,CH4,1.67
2022-10-25T06:00:00+03:00,CO,0.5
2022-10-25T06:00:00+03:00,CH4,1.65
2022-10-25T06:00:00+03:00,NO,0.106
2022-10-25T06:00:00+03:00,OZ,0.0021
2022-10-25T06:00:00+03:00,NO2,0.043
2022-10-25T07:00:00+03:00,NO,0.08
2022-10-25T07:00:00+03:00,CH4,1.64
2022-10-25T07:00:00+03:00,CO,0.4
2022-10-25T07:00:00+03:00,NO2,0.041
2022-10-25T07:00:00+03:00,OZ,0.0024
2022-10-25T08:00:00+03:00,OZ,0.0029
2022-10-25T08:00:00+03:00,NO,0.114
2022-10-25T08:00:00+03:00,CH4,1.62
2022-10-25T08:00:00+03:00,NO2,0.045
2022-10-25T08:00:00+03:00,CO,1.1
2022-10-25T09:00:00+03:00,CH4,1.55
2022-10-25T09:00:00+03:00,OZ,0.0034
2022-10-25T09:00:00+03:00,NO,0.14
2022-10-25T09:00:00+03:00,CO,0.83
2022-10-25T09:00:00+03:00,NO2,0.048
2022-10-25T10:00:00+03:00,CH4,1.55
2022-10-25T10:00:00+03:00,NO,0.117
2022-10-25T10:00:00+03:00,CO,0.7
2022-10-25T10:00:00+03:00,OZ,0.0034
2022-10-25T10:00:00+03:00,NO2,0.05
2022-10-25T11:00:00+03:00,OZ,0.0048
2022-10-25T11:00:00+03:00,CH4,1.54
2022-10-25T11:00:00+03:00,NO,0.084
2022-10-25T11:00:00+03:00,CO,0.43
2022-10-25T11:00:00+03:00,NO2,0.05
2022-10-25T12:00:00+03:00,OZ,0.0123
2022-10-25T12:00:00+03:00,CH4,1.49
2022-10-25T12:00:00+03:00,NO2,0.048
2022-10-25T12:00:00+03:00,NO,0.043
2022-10-25T12:00:00+03:00,CO,0.13
2022-10-25T13:00:00+03:00,OZ,0.0123
2022-10-25T13:00:00+03:00,NO2,0.048
2022-10-25T13:00:00+03:00,CO,0.1
2022-10-25T13:00:00+03:00,CH4,1.5
2022-10-25T13:00:00+03:00,NO,0.045
2022-10-25T14:00:00+03:00,NO2,0.053
2022-10-25T14:00:00+03:00,CO,0.07
2022-10-25T14:00:00+03:00,CH4,1.48
2022-10-25T14:00:00+03:00,NO,0.034
2022-10-25T14:00:00+03:00,OZ,0.0089
2022-10-25T15:00:00+03:00,NO,0.037
2022-10-25T15:00:00+03:00,NO2,0.049
2022-10-25T15:00:00+03:00,OZ,0.0109
2022-10-25T15:00:00+03:00,CH4,1.46
2022-10-25T15:00:00+03:00,CO,0.17
2022-10-25T16:00:00+03:00,NO,0.031
2022-10-25T16:00:00+03:00,OZ,0.0083
2022-10-25T16:00:00+03:00,NO2,0.048
2022-10-25T16:00:00+03:00,CH4,1.46
2022-10-25T16:00:00+03:00,CO,0.13
2022-10-25T17:00:00+03:00,CO,0.13
2022-10-25T17:00:00+03:00,NO,0.028
2022-10-25T17:00:00+03:00,NO2,0.05
2022-10-25T17:00:00+03:00,CH4,1.47
2022-10-25T17:00:00+03:00,OZ,0.0043
2022-10-25T18:00:00+03:00,CH4,1.46
2022-10-25T18:00:00+03:00,NO2,0.048
2022-10-25T18:00:00+03:00,OZ,0.0031
2022-10-25T18:00:00+03:00,CO,0.1
2022-10-25T18:00:00+03:00,NO,0.018
2022-10-25T19:00:00+03:00,CH4,1.46
2022-10-25T19:00:00+03:00,NO,0.028
2022-10-25T19:00:00+03:00,OZ,0.0024
2022-10-25T19:00:00+03:00,NO2,0.047
2022-10-25T19:00:00+03:00,CO,0.2
2022-10-25T20:00:00+03:00,NO2,0.045
2022-10-25T20:00:00+03:00,NO,0.031
2022-10-25T20:00:00+03:00,CH4,1.45
2022-10-25T20:00:00+03:00,OZ,0.0023
2022-10-25T20:00:00+03:00,CO,0.2
2022-10-25T21:00:00+03:00,NO,0.046
2022-10-25T21:00:00+03:00,CH4,1.5
2022-10-25T21:00:00+03:00,NO2,0.043
2022-10-25T21:00:00+03:00,OZ,0.0023
2022-10-25T21:00:00+03:00,CO,0.2
2022-10-25T22:00:00+03:00,NO,0.042
2022-10-25T22:00:00+03:00,CH4,1.62
2022-10-25T22:00:00+03:00,NO2,0.042
2022-10-25T22:00:00+03:00,OZ,0.002
2022-10-25T22:00:00+03:00,CO,0.17
2022-10-25T23:00:00+03:00,CO,0.2
2022-10-25T23:00:00+03:00,NO,0.038
2022-10-25T23:00:00+03:00,NO2,0.041
2022-10-25T23:00:00+03:00,CH4,1.66
2022-10-25T23:00:00+03:00,OZ,0.002
2022-10-26T00:00:00+03:00,CO,0.3
2022-10-26T00:00:00+03:00,NO,0.043
2022-10-26T00:00:00+03:00,CH4,1.66
2022-10-26T00:00:00+03:00,NO2,0.039
2022-10-26T00:00:00+03:00,OZ,0.0021
2022-10-26T01:00:00+03:00,NO2,0.037
2022-10-26T01:00:00+03:00,NO,0.041
2022-10-26T01:00:00+03:00,CO,0.3
2022-10-26T01:00:00+03:00,CH4,1.59
2022-10-26T01:00:00+03:00,OZ,0.0024
2022-10-26T02:00:00+03:00,OZ,0.0021
2022-10-26T02:00:00+03:00,NO2,0.035
2022-10-26T02:00:00+03:00,CH4,1.56
2022-10-26T02:00:00+03:00,CO,0.23
2022-10-26T02:00:00+03:00,NO,0.037
2022-10-26T03:00:00+03:00,CH4,1.55
2022-10-26T03:00:00+03:00,NO2,0.034
2022-10-26T03:00:00+03:00,OZ,0.002
2022-10-26T03:00:00+03:00,CO,0.17
2022-10-26T03:00:00+03:00,NO,0.029
2022-10-26T04:00:00+03:00,OZ,0.0022
2022-10-26T04:00:00+03:00,CH4,1.53
2022-10-26T04:00:00+03:00,NO,0.021
2022-10-26T04:00:00+03:00,CO,0.1
2022-10-26T04:00:00+03:00,NO2,0.033
2022-10-26T05:00:00+03:00,CO,0.1
2022-10-26T05:00:00+03:00,NO2,0.033
2022-10-26T05:00:00+03:00,NO,0.01
2022-10-26T05:00:00+03:00,CH4,1.55
2022-10-26T05:00:00+03:00,OZ,0.003
2022-10-26T06:00:00+03:00,CO,0.1
2022-10-26T06:00:00+03:00,NO2,0.033
2022-10-26T06:00:00+03:00,NO,0.008
2022-10-26T06:00:00+03:00,OZ,0.0046
2022-10-26T06:00:00+03:00,CH4,1.52
2022-10-26T07:00:00+03:00,CH4,1.53
2022-10-26T07:00:00+03:00,NO2,0.035
2022-10-26T07:00:00+03:00,CO,0.1
2022-10-26T07:00:00+03:00,OZ,0.0025
2022-10-26T07:00:00+03:00,NO,0.012
2022-10-26T08:00:00+03:00,NO,0.023
2022-10-26T08:00:00+03:00,NO2,0.036
2022-10-26T08:00:00+03:00,OZ,0.0028
2022-10-26T08:00:00+03:00,CH4,1.53
2022-10-26T08:00:00+03:00,CO,0.27
2022-10-26T09:00:00+03:00,CH4,1.52
2022-10-26T09:00:00+03:00,OZ,0.0039
2022-10-26T09:00:00+03:00,NO2,0.038
2022-10-26T09:00:00+03:00,NO,0.035
2022-10-26T09:00:00+03:00,CO,0.3
2022-10-26T10:00:00+03:00,OZ,0.0055
2022-10-26T10:00:00+03:00,CH4,1.55
2022-10-26T10:00:00+03:00,NO,0.042
2022-10-26T10:00:00+03:00,CO,0.27
2022-10-26T10:00:00+03:00,NO2,0.039
2022-10-26T11:00:00+03:00,CH4,1.5
2022-10-26T11:00:00+03:00,CO,0.23
2022-10-26T11:00:00+03:00,NO2,0.041
2022-10-26T11:00:00+03:00,OZ,0.0081
2022-10-26T11:00:00+03:00,NO,0.035
2022-10-26T12:00:00+03:00,NO,0.037
2022-10-26T12:00:00+03:00,CH4,1.48
2022-10-26T12:00:00+03:00,CO,0.23
2022-10-26T12:00:00+03:00,OZ,0.009
2022-10-26T12:00:00+03:00,NO2,0.042
2022-10-26T13:00:00+03:00,CH4,1.48
2022-10-26T13:00:00+03:00,OZ,0.0115
2022-10-26T13:00:00+03:00,NO2,0.038
2022-10-26T13:00:00+03:00,CO,0.2
2022-10-26T13:00:00+03:00,NO,0.028
2022-10-26T14:00:00+03:00,CH4,1.47
2022-10-26T14:00:00+03:00,CO,0.2
2022-10-26T14:00:00+03:00,OZ,0.0133
2022-10-26T14:00:00+03:00,NO2,0.037
2022-10-26T14:00:00+03:00,NO,0.022
2022-10-26T15:00:00+03:00,CH4,1.45
2022-10-26T15:00:00+03:00,NO,0.018
2022-10-26T15:00:00+03:00,NO2,0.037
2022-10-26T15:00:00+03:00,CO,0.2
2022-10-26T15:00:00+03:00,OZ,0.0128
2022-10-26T16:00:00+03:00,NO2,0.037
2022-10-26T16:00:00+03:00,OZ,0.0129
2022-10-26T16:00:00+03:00,CO,0.27
2022-10-26T16:00:00+03:00,NO,0.016
2022-10-26T16:00:00+03:00,CH4,1.47
2022-10-26T17:00:00+03:00,CO,0.3
2022-10-26T17:00:00+03:00,OZ,0.0114
2022-10-26T17:00:00+03:00,NO,0.012
2022-10-26T17:00:00+03:00,NO2,0.038
2022-10-26T17:00:00+03:00,CH4,1.49
2022-10-26T18:00:00+03:00,CO,0.27
2022-10-26T18:00:00+03:00,CH4,1.47
2022-10-26T18:00:00+03:00,OZ,0.0067
2022-10-26T18:00:00+03:00,NO,0.013
2022-10-26T18:00:00+03:00,NO2,0.042
2022-10-26T19:00:00+03:00,NO,0.011
2022-10-26T19:00:00+03:00,NO2,0.038
2022-10-26T19:00:00+03:00,CH4,1.46
2022-10-26T19:00:00+03:00,CO,0.2
2022-10-26T19:00:00+03:00,OZ,0.0069
2022-10-26T20:00:00+03:00,CO,0.27
2022-10-26T20:00:00+03:00,OZ,0.0093
2022-10-26T20:00:00+03:00,CH4,1.44
2022-10-26T20:00:00+03:00,NO,0.015
2022-10-26T20:00:00+03:00,NO2,0.038
2022-10-26T21:00:00+03:00,CO,0.2
2022-10-26T21:00:00+03:00,NO2,0.031
2022-10-26T21:00:00+03:00,OZ,0.0144
2022-10-26T21:00:00+03:00,NO,0.008
2022-10-26T21:00:00+03:00,CH4,1.43
2022-10-26T22:00:00+03:00,CH4,1.44
2022-10-26T22:00:00+03:00,CO,0.27
2022-10-26T22:00:00+03:00,OZ,0.0107
2022-10-26T22:00:00+03:00,NO,0.01
2022-10-26T22:00:00+03:00,NO2,0.032
2022-10-26T23:00:00+03:00,NO,0.007
2022-10-26T23:00:00+03:00,CH4,1.44
2022-10-26T23:00:00+03:00,CO,0.3
2022-10-26T23:00:00+03:00,OZ,0.0148
2022-10-26T23:00:00+03:00,NO2,0.03
2022-10-27T00:00:00+03:00,OZ,0.0103
2022-10-27T00:00:00+03:00,NO2,0.033
2022-10-27T00:00:00+03:00,NO,0.006
2022-10-27T00:00:00+03:00,CH4,1.44
2022-10-27T00:00:00+03:00,CO,0.3
2022-10-27T01:00:00+03:00,CO,0.3
2022-10-27T01:00:00+03:00,NO,0.006
2022-10-27T01:00:00+03:00,OZ,0.0045
2022-10-27T01:00:00+03:00,NO2,0.038
2022-10-27T01:00:00+03:00,CH4,1.45
2022-10-27T02:00:00+03:00,NO2,0.039
2022-10-27T02:00:00+03:00,CH4,1.49
2022-10-27T02:00:00+03:00,CO,0.3
2022-10-27T02:00:00+03:00,OZ,0.0026
2022-10-27T02:00:00+03:00,NO,0.007
2022-10-27T03:00:00+03:00,CO,0.3
2022-10-27T03:00:00+03:00,CH4,1.48
2022-10-27T03:00:00+03:00,NO2,0.035
2022-10-27T03:00:00+03:00,OZ,0.0029
2022-10-27T03:00:00+03:00,NO,0.005
2022-10-27T04:00:00+03:00,OZ,0.0035
2022-10-27T04:00:00+03:00,CH4,1.48
2022-10-27T04:00:00+03:00,CO,0.3
2022-10-27T04:00:00+03:00,NO,0.006
2022-10-27T04:00:00+03:00,NO2,0.035
2022-10-27T05:00:00+03:00,OZ,0.0034
2022-10-27T05:00:00+03:00,NO,0.005
2022-10-27T05:00:00+03:00,CO,0.3
2022-10-27T05:00:00+03:00,NO2,0.035
2022-10-27T05:00:00+03:00,CH4,1.5
2022-10-27T06:00:00+03:00,OZ,0.0022
2022-10-27T06:00:00+03:00,NO,0.013
2022-10-27T06:00:00+03:00,NO2,0.034
2022-10-27T06:00:00+03:00,CO,0.33
2022-10-27T06:00:00+03:00,CH4,1.52
2022-10-27T07:00:00+03:00,CH4,1.52
2022-10-27T07:00:00+03:00,NO2,0.034
2022-10-27T07:00:00+03:00,OZ,0.002
2022-10-27T07:00:00+03:00,CO,0.37
2022-10-27T07:00:00+03:00,NO,0.016
2022-10-27T08:00:00+03:00,NO2,0.037
2022-10-27T08:00:00+03:00,OZ,0.0024
2022-10-27T08:00:00+03:00,CO,0.47
2022-10-27T08:00:00+03:00,CH4,1.53
2022-10-27T08:00:00+03:00,NO,0.032
2022-10-27T09:00:00+03:00,CH4,1.53
2022-10-27T09:00:00+03:00,CO,0.5
2022-10-27T09:00:00+03:00,NO,0.04
2022-10-27T09:00:00+03:00,NO2,0.037
2022-10-27T09:00:00+03:00,OZ,0.003
2022-10-27T10:00:00+03:00,OZ,0.004
2022-10-27T10:00:00+03:00,CO,0.63
2022-10-27T10:00:00+03:00,NO2,0.039
2022-10-27T10:00:00+03:00,NO,0.065
2022-10-27T10:00:00+03:00,CH4,1.53
2022-10-27T11:00:00+03:00,CH4,1.54
2022-10-27T11:00:00+03:00,NO2,0.041
2022-10-27T11:00:00+03:00,CO,0.57
2022-10-27T11:00:00+03:00,OZ,0.0042
2022-10-27T11:00:00+03:00,NO,0.076
2022-10-27T12:00:00+03:00,NO,0.07
2022-10-27T12:00:00+03:00,NO2,0.041
2022-10-27T12:00:00+03:00,CH4,1.52
2022-10-27T12:00:00+03:00,OZ,0.0047
2022-10-27T12:00:00+03:00,CO,0.5
2022-10-27T13:00:00+03:00,CO,0.5
2022-10-27T13:00:00+03:00,CH4,1.52
2022-10-27T13:00:00+03:00,NO2,0.039
2022-10-27T13:00:00+03:00,NO,0.062
2022-10-27T13:00:00+03:00,OZ,0.0061
2022-10-27T14:00:00+03:00,NO2,0.038
2022-10-27T14:00:00+03:00,CH4,1.5
2022-10-27T14:00:00+03:00,OZ,0.0074
2022-10-27T14:00:00+03:00,CO,0.6
2022-10-27T14:00:00+03:00,NO,0.047
2022-10-27T15:00:00+03:00,NO,0.075
2022-10-27T15:00:00+03:00,NO2,0.046
2022-10-27T15:00:00+03:00,CO,0.7
2022-10-27T15:00:00+03:00,CH4,1.51
2022-10-27T15:00:00+03:00,OZ,0.0047
2022-10-27T16:00:00+03:00,CO,0.53
2022-10-27T16:00:00+03:00,NO,0.047
2022-10-27T16:00:00+03:00,CH4,1.48
2022-10-27T16:00:00+03:00,OZ,0.0049
2022-10-27T16:00:00+03:00,NO2,0.04
2022-10-27T17:00:00+03:00,NO2,0.037
2022-10-27T17:00:00+03:00,CO,0.57
2022-10-27T17:00:00+03:00,CH4,1.48
2022-10-27T17:00:00+03:00,OZ,0.0028
2022-10-27T17:00:00+03:00,NO,0.035
2022-10-27T18:00:00+03:00,NO2,0.035
2022-10-27T18:00:00+03:00,CO,0.53
2022-10-27T18:00:00+03:00,NO,0.047
2022-10-27T18:00:00+03:00,OZ,0.0021
2022-10-27T18:00:00+03:00,CH4,1.48
2022-10-27T19:00:00+03:00,CO,0.67
2022-10-27T19:00:00+03:00,NO2,0.037
2022-10-27T19:00:00+03:00,OZ,0.0021
2022-10-27T19:00:00+03:00,CH4,1.51
2022-10-27T19:00:00+03:00,NO,0.073
2022-10-27T20:00:00+03:00,OZ,0.0021
2022-10-27T20:00:00+03:00,CH4,1.51
2022-10-27T20:00:00+03:00,NO2,0.037
2022-10-27T20:00:00+03:00,NO,0.087
2022-10-27T20:00:00+03:00,CO,0.7
2022-10-27T21:00:00+03:00,NO2,0.038
2022-10-27T21:00:00+03:00,NO,0.121
2022-10-27T21:00:00+03:00,CO,0.83
2022-10-27T21:00:00+03:00,CH4,1.52
2022-10-27T21:00:00+03:00,OZ,0.0021
2022-10-27T22:00:00+03:00,CH4,1.54
2022-10-27T22:00:00+03:00,OZ,0.002
2022-10-27T22:00:00+03:00,NO,0.097
2022-10-27T22:00:00+03:00,CO,0.67
2022-10-27T22:00:00+03:00,NO2,0.035
2022-10-27T23:00:00+03:00,NO2,0.035
2022-10-27T23:00:00+03:00,CO,0.63
2022-10-27T23:00:00+03:00,CH4,1.55
2022-10-27T23:00:00+03:00,NO,0.108
2022-10-27T23:00:00+03:00,OZ,0.0023
2022-10-28T00:00:00+03:00,OZ,0.002
2022-10-28T00:00:00+03:00,NO,0.143
2022-10-28T00:00:00+03:00,NO2,0.039
2022-10-28T00:00:00+03:00,CO,0.47
2022-10-28T00:00:00+03:00,CH4,1.55
2022-10-28T01:00:00+03:00,CO,0.5
2022-10-28T01:00:00+03:00,CH4,1.53
2022-10-28T01:00:00+03:00,OZ,0.002
2022-10-28T01:00:00+03:00,NO2,0.036
2022-10-28T01:00:00+03:00,NO,0.129
2022-10-28T02:00:00+03:00,CO,0.63
2022-10-28T02:00:00+03:00,OZ,0.002
2022-10-28T02:00:00+03:00,NO,0.134
2022-10-28T02:00:00+03:00,CH4,1.5
2022-10-28T02:00:00+03:00,NO2,0.033
2022-10-28T03:00:00+03:00,NO2,0.032
2022-10-28T03:00:00+03:00,OZ,0.0019
2022-10-28T03:00:00+03:00,CH4,1.53
2022-10-28T03:00:00+03:00,NO,0.096
2022-10-28T03:00:00+03:00,CO,0.4
2022-10-28T04:00:00+03:00,CH4,1.54
2022-10-28T04:00:00+03:00,OZ,0.0019
2022-10-28T04:00:00+03:00,NO2,0.032
2022-10-28T04:00:00+03:00,NO,0.074
2022-10-28T04:00:00+03:00,CO,0.33
2022-10-28T05:00:00+03:00,NO2,0.029
2022-10-28T05:00:00+03:00,NO,0.049
2022-10-28T05:00:00+03:00,OZ,0.0021
2022-10-28T05:00:00+03:00,CH4,1.54
2022-10-28T05:00:00+03:00,CO,0.2
2022-10-28T06:00:00+03:00,NO,0.046
2022-10-28T06:00:00+03:00,CO,0.2
2022-10-28T06:00:00+03:00,CH4,1.53
2022-10-28T06:00:00+03:00,NO2,0.028
2022-10-28T06:00:00+03:00,OZ,0.0022
2022-10-28T07:00:00+03:00,OZ,0.002
2022-10-28T07:00:00+03:00,CH4,1.52
2022-10-28T07:00:00+03:00,CO,0.27
2022-10-28T07:00:00+03:00,NO,0.056
2022-10-28T07:00:00+03:00,NO2,0.028
2022-10-28T08:00:00+03:00,CO,0.57
2022-10-28T08:00:00+03:00,CH4,1.53
2022-10-28T08:00:00+03:00,NO,0.086
2022-10-28T08:00:00+03:00,NO2,0.028
2022-10-28T08:00:00+03:00,OZ,0.0022
2022-10-28T09:00:00+03:00,NO,0.097
2022-10-28T09:00:00+03:00,CH4,1.52
2022-10-28T09:00:00+03:00,NO2,0.028
2022-10-28T09:00:00+03:00,OZ,0.0022
2022-10-28T09:00:00+03:00,CO,0.63
2022-10-28T10:00:00+03:00,NO,0.099
2022-10-28T10:00:00+03:00,CO,0.63
2022-10-28T10:00:00+03:00,OZ,0.0021
2022-10-28T10:00:00+03:00,NO2,0.027
2022-10-28T10:00:00+03:00,CH4,1.53
2022-10-28T11:00:00+03:00,OZ,0.0027
2022-10-28T11:00:00+03:00,NO,0.087
2022-10-28T11:00:00+03:00,CO,0.57
2022-10-28T11:00:00+03:00,CH4,1.51
2022-10-28T11:00:00+03:00,NO2,0.022
2022-10-28T12:00:00+03:00,CH4,1.48
2022-10-28T12:00:00+03:00,OZ,0.0032
2022-10-28T12:00:00+03:00,NO2,0.025
2022-10-28T12:00:00+03:00,CO,0.4
2022-10-28T12:00:00+03:00,NO,0.083
2022-10-28T13:00:00+03:00,NO2,0.028
2022-10-28T13:00:00+03:00,CH4,1.48
2022-10-28T13:00:00+03:00,OZ,0.0041
2022-10-28T13:00:00+03:00,CO,0.33
2022-10-28T13:00:00+03:00,NO,0.071
2022-10-28T14:00:00+03:00,CH4,1.47
2022-10-28T14:00:00+03:00,NO2,0.03
2022-10-28T14:00:00+03:00,NO,0.057
2022-10-28T14:00:00+03:00,OZ,0.0039
2022-10-28T14:00:00+03:00,CO,0.33
2022-10-28T15:00:00+03:00,NO,0.058
2022-10-28T15:00:00+03:00,NO2,0.034
2022-10-28T15:00:00+03:00,CO,0.4
2022-10-28T15:00:00+03:00,OZ,0.0033
2022-10-28T15:00:00+03:00,CH4,1.46
2022-10-28T16:00:00+03:00,CO,0.43
2022-10-28T16:00:00+03:00,NO2,0.036
2022-10-28T16:00:00+03:00,CH4,1.47
2022-10-28T16:00:00+03:00,NO,0.077
2022-10-28T16:00:00+03:00,OZ,0.0026
2022-10-28T17:00:00+03:00,CO,0.43
2022-10-28T17:00:00+03:00,NO,0.074
2022-10-28T17:00:00+03:00,OZ,0.0023
2022-10-28T17:00:00+03:00,NO2,0.037
2022-10-28T17:00:00+03:00,CH4,1.45
2022-10-28T18:00:00+03:00,NO,0.074
2022-10-28T18:00:00+03:00,CH4,1.44
2022-10-28T18:00:00+03:00,NO2,0.039
2022-10-28T18:00:00+03:00,OZ,0.0018
2022-10-28T18:00:00+03:00,CO,0.47
2022-10-28T19:00:00+03:00,OZ,0.002
2022-10-28T19:00:00+03:00,CH4,1.44
2022-10-28T19:00:00+03:00,CO,0.43
2022-10-28T19:00:00+03:00,NO2,0.036
2022-10-28T19:00:00+03:00,NO,0.063
2022-10-28T20:00:00+03:00,NO,0.045
2022-10-28T20:00:00+03:00,OZ,0.0019
2022-10-28T20:00:00+03:00,CO,0.4
2022-10-28T20:00:00+03:00,NO2,0.034
2022-10-28T20:00:00+03:00,CH4,1.43
2022-10-28T21:00:00+03:00,NO2,0.032
2022-10-28T21:00:00+03:00,CH4,1.44
2022-10-28T21:00:00+03:00,OZ,0.0019
2022-10-28T21:00:00+03:00,NO,0.066
2022-10-28T21:00:00+03:00,CO,0.5
2022-10-28T22:00:00+03:00,NO,0.05
2022-10-28T22:00:00+03:00,OZ,0.0023
2022-10-28T22:00:00+03:00,NO2,0.034
2022-10-28T22:00:00+03:00,CO,0.4
2022-10-28T22:00:00+03:00,CH4,1.43
2022-10-28T23:00:00+03:00,NO,0.033
2022-10-28T23:00:00+03:00,NO2,0.034
2022-10-28T23:00:00+03:00,CH4,1.43
2022-10-28T23:00:00+03:00,OZ,0.0026
2022-10-28T23:00:00+03:00,CO,0.33
2022-10-29T00:00:00+03:00,CH4,1.43
2022-10-29T00:00:00+03:00,CO,0.33
2022-10-29T00:00:00+03:00,NO2,0.029
2022-10-29T00:00:00+03:00,NO,0.026
2022-10-29T00:00:00+03:00,OZ,0.0022
2022-10-29T01:00:00+03:00,CO,0.2
2022-10-29T01:00:00+03:00,OZ,0.0038
2022-10-29T01:00:00+03:00,NO,0.011
2022-10-29T01:00:00+03:00,NO2,0.026
2022-10-29T01:00:00+03:00,CH4,1.42
2022-10-29T02:00:00+03:00,CH4,1.43
2022-10-29T02:00:00+03:00,CO,0.27
2022-10-29T02:00:00+03:00,NO,0.011
2022-10-29T02:00:00+03:00,NO2,0.022
2022-10-29T02:00:00+03:00,OZ,0.0054
2022-10-29T03:00:00+03:00,CH4,1.42
2022-10-29T03:00:00+03:00,CO,0.1
2022-10-29T03:00:00+03:00,OZ,0.0088
2022-10-29T03:00:00+03:00,NO2,0.017
2022-10-29T03:00:00+03:00,NO,0.008
2022-10-29T04:00:00+03:00,CO,0.2
2022-10-29T04:00:00+03:00,NO2,0.019
2022-10-29T04:00:00+03:00,CH4,1.43
2022-10-29T04:00:00+03:00,NO,0.007
2022-10-29T04:00:00+03:00,OZ,0.0058
2022-10-29T05:00:00+03:00,CO,0.13
2022-10-29T05:00:00+03:00,OZ,0.0067
2022-10-29T05:00:00+03:00,NO2,0.02
2022-10-29T05:00:00+03:00,NO,0.008
2022-10-29T05:00:00+03:00,CH4,1.43
2022-10-29T06:00:00+03:00,CO,0.13
2022-10-29T06:00:00+03:00,CH4,1.42
2022-10-29T06:00:00+03:00,NO2,0.015
2022-10-29T06:00:00+03:00,NO,0.007
2022-10-29T06:00:00+03:00,OZ,0.0098
2022-10-29T07:00:00+03:00,CO,0.2
2022-10-29T07:00:00+03:00,CH4,1.42
2022-10-29T07:00:00+03:00,NO,0.008
2022-10-29T07:00:00+03:00,NO2,0.016
2022-10-29T07:00:00+03:00,OZ,0.0122
2022-10-29T08:00:00+03:00,NO2,0.023
2022-10-29T08:00:00+03:00,CH4,1.43
2022-10-29T08:00:00+03:00,CO,0.73
2022-10-29T08:00:00+03:00,OZ,0.0073
2022-10-29T08:00:00+03:00,NO,0.017
2022-10-29T09:00:00+03:00,NO2,0.027
2022-10-29T09:00:00+03:00,CH4,1.43
2022-10-29T09:00:00+03:00,OZ,0.0044
2022-10-29T09:00:00+03:00,CO,0.43
2022-10-29T09:00:00+03:00,NO,0.028
2022-10-29T10:00:00+03:00,NO2,0.03
2022-10-29T10:00:00+03:00,CH4,1.42
2022-10-29T10:00:00+03:00,OZ,0.0071
2022-10-29T10:00:00+03:00,NO,0.023
2022-10-29T10:00:00+03:00,CO,0.3
2022-10-29T11:00:00+03:00,NO2,0.022
2022-10-29T11:00:00+03:00,OZ,0.0201
2022-10-29T11:00:00+03:00,NO,0.013
2022-10-29T11:00:00+03:00,CO,0.27
2022-10-29T11:00:00+03:00,CH4,1.4
2022-10-29T12:00:00+03:00,NO2,0.03
2022-10-29T12:00:00+03:00,CO,0.53
2022-10-29T12:00:00+03:00,CH4,1.4
2022-10-29T12:00:00+03:00,OZ,0.0162
2022-10-29T12:00:00+03:00,NO,0.021
2022-10-29T13:00:00+03:00,CO,0.63
2022-10-29T13:00:00+03:00,CH4,1.41
2022-10-29T13:00:00+03:00,NO,0.025
2022-10-29T13:00:00+03:00,NO2,0.032
2022-10-29T13:00:00+03:00,OZ,0.0138
2022-10-29T14:00:00+03:00,CO,0.5
2022-10-29T14:00:00+03:00,CH4,1.4
2022-10-29T14:00:00+03:00,NO2,0.028
2022-10-29T14:00:00+03:00,NO,0.017
2022-10-29T14:00:00+03:00,OZ,0.0167
2022-10-29T15:00:00+03:00,OZ,0.0185
2022-10-29T15:00:00+03:00,NO,0.014
2022-10-29T15:00:00+03:00,NO2,0.024
2022-10-29T15:00:00+03:00,CH4,1.4
2022-10-29T15:00:00+03:00,CO,0.5
2022-10-29T16:00:00+03:00,NO,0.017
2022-10-29T16:00:00+03:00,CH4,1.42
2022-10-29T16:00:00+03:00,CO,0.53
2022-10-29T16:00:00+03:00,NO2,0.026
2022-10-29T16:00:00+03:00,OZ,0.0142
2022-10-29T17:00:00+03:00,NO2,0.025
2022-10-29T17:00:00+03:00,CH4,1.41
2022-10-29T17:00:00+03:00,CO,0.5
2022-10-29T17:00:00+03:00,OZ,0.0185
2022-10-29T17:00:00+03:00,NO,0.019
2022-10-29T18:00:00+03:00,OZ,0.0155
2022-10-29T18:00:00+03:00,CO,0.6
2022-10-29T18:00:00+03:00,NO,0.016
2022-10-29T18:00:00+03:00,CH4,1.41
2022-10-29T18:00:00+03:00,NO2,0.024
2022-10-29T19:00:00+03:00,CH4,1.42
2022-10-29T19:00:00+03:00,CO,0.67
2022-10-29T19:00:00+03:00,NO,0.017
2022-10-29T19:00:00+03:00,NO2,0.028
2022-10-29T19:00:00+03:00,OZ,0.0087
2022-10-29T20:00:00+03:00,CO,0.5
2022-10-29T20:00:00+03:00,NO,0.017
2022-10-29T20:00:00+03:00,OZ,0.0091
2022-10-29T20:00:00+03:00,NO2,0.027
2022-10-29T20:00:00+03:00,CH4,1.41
2022-10-29T21:00:00+03:00,CO,0.57
2022-10-29T21:00:00+03:00,NO2,0.021
2022-10-29T21:00:00+03:00,NO,0.013
2022-10-29T21:00:00+03:00,OZ,0.0095
2022-10-29T21:00:00+03:00,CH4,1.42
2022-10-29T22:00:00+03:00,OZ,0.0088
2022-10-29T22:00:00+03:00,CO,0.57
2022-10-29T22:00:00+03:00,CH4,1.43
2022-10-29T22:00:00+03:00,NO,0.015
2022-10-29T22:00:00+03:00,NO2,0.019
2022-10-29T23:00:00+03:00,CO,0.4
2022-10-29T23:00:00+03:00,OZ,0.0102
2022-10-29T23:00:00+03:00,CH4,1.43
2022-10-29T23:00:00+03:00,NO,0.01
2022-10-29T23:00:00+03:00,NO2,0.018
2022-10-30T00:00:00+03:00,NO2,0.015
2022-10-30T00:00:00+03:00,CH4,1.43
2022-10-30T00:00:00+03:00,OZ,0.0122
2022-10-30T00:00:00+03:00,CO,0.3
2022-10-30T00:00:00+03:00,NO,0.008
2022-10-30T01:00:00+03:00,OZ,0.0123
2022-10-30T01:00:00+03:00,CH4,1.44
2022-10-30T01:00:00+03:00,NO2,0.016
2022-10-30T01:00:00+03:00,NO,0.005
2022-10-30T01:00:00+03:00,CO,0.2
2022-10-30T02:00:00+03:00,NO2,0.013
2022-10-30T02:00:00+03:00,NO,0.007
2022-10-30T02:00:00+03:00,CO,0.2
2022-10-30T02:00:00+03:00,OZ,0.0127
2022-10-30T02:00:00+03:00,CH4,1.44
2022-10-30T03:00:00+03:00,NO,0.004
2022-10-30T03:00:00+03:00,CH4,1.45
2022-10-30T03:00:00+03:00,NO2,0.009
2022-10-30T03:00:00+03:00,CO,0.2
2022-10-30T03:00:00+03:00,OZ,0.019
2022-10-30T04:00:00+03:00,CH4,1.44
2022-10-30T04:00:00+03:00,OZ,0.0253
2022-10-30T04:00:00+03:00,CO,0.2
2022-10-30T04:00:00+03:00,NO2,0.005
2022-10-30T04:00:00+03:00,NO,0.003
2022-10-30T05:00:00+03:00,CH4,1.43
2022-10-30T05:00:00+03:00,OZ,0.0286
2022-10-30T05:00:00+03:00,CO,0.13
2022-10-30T05:00:00+03:00,NO,0.003
2022-10-30T05:00:00+03:00,NO2,0.005
2022-10-30T06:00:00+03:00,NO2,0.016
2022-10-30T06:00:00+03:00,CH4,1.43
2022-10-30T06:00:00+03:00,CO,0.2
2022-10-30T06:00:00+03:00,OZ,0.0238
2022-10-30T06:00:00+03:00,NO,0.003
2022-10-30T07:00:00+03:00,NO2,0.015
2022-10-30T07:00:00+03:00,CO,0.13
2022-10-30T07:00:00+03:00,OZ,0.035
2022-10-30T07:00:00+03:00,CH4,1.41
2022-10-30T07:00:00+03:00,NO,0.005
2022-10-30T08:00:00+03:00,OZ,0.0505
2022-10-30T08:00:00+03:00,CO,0.1
2022-10-30T08:00:00+03:00,CH4,1.38
2022-10-30T08:00:00+03:00,NO2,0.009
2022-10-30T08:00:00+03:00,NO,0.004
2022-10-30T09:00:00+03:00,OZ,0.0481
2022-10-30T09:00:00+03:00,NO,0.004
2022-10-30T09:00:00+03:00,CH4,1.38
2022-10-30T09:00:00+03:00,CO,0.17
2022-10-30T09:00:00+03:00,NO2,0.01
2022-10-30T10:00:00+03:00,NO2,0.01
2022-10-30T10:00:00+03:00,OZ,0.055
2022-10-30T10:00:00+03:00,NO,0.007
2022-10-30T10:00:00+03:00,CO,0.1
2022-10-30T10:00:00+03:00,CH4,1.39
2022-10-30T11:00:00+03:00,CO,0.13
2022-10-30T11:00:00+03:00,NO,0.005
2022-10-30T11:00:00+03:00,OZ,0.0641
2022-10-30T11:00:00+03:00,CH4,1.37
2022-10-30T11:00:00+03:00,NO2,0.007
2022-10-30T12:00:00+03:00,OZ,0.0615
2022-10-30T12:00:00+03:00,NO2,0.008
2022-10-30T12:00:00+03:00,CO,0.2
2022-10-30T12:00:00+03:00,NO,0.006
2022-10-30T12:00:00+03:00,CH4,1.36
2022-10-30T13:00:00+03:00,CO,0.2
2022-10-30T13:00:00+03:00,CH4,1.38
2022-10-30T13:00:00+03:00,NO,0.005
2022-10-30T13:00:00+03:00,OZ,0.0588
2022-10-30T13:00:00+03:00,NO2,0.009
2022-10-30T14:00:00+03:00,NO2,0.021
2022-10-30T14:00:00+03:00,CO,0.27
2022-10-30T14:00:00+03:00,OZ,0.0434
2022-10-30T14:00:00+03:00,NO,0.012
2022-10-30T14:00:00+03:00,CH4,1.4
2022-10-30T15:00:00+03:00,CO,0.13
2022-10-30T15:00:00+03:00,OZ,0.0533
2022-10-30T15:00:00+03:00,NO,0.009
2022-10-30T15:00:00+03:00,NO2,0.017
2022-10-30T15:00:00+03:00,CH4,1.38
2022-10-30T16:00:00+03:00,NO2,0.013
2022-10-30T16:00:00+03:00,CO,0.2
2022-10-30T16:00:00+03:00,NO,0.006
2022-10-30T16:00:00+03:00,OZ,0.0605
2022-10-30T16:00:00+03:00,CH4,1.39
2022-10-30T17:00:00+03:00,NO,0.006
2022-10-30T17:00:00+03:00,CO,0.2
2022-10-30T17:00:00+03:00,OZ,0.0544
2022-10-30T17:00:00+03:00,CH4,1.39
2022-10-30T17:00:00+03:00,NO2,0.014
2022-10-30T18:00:00+03:00,NO,0.008
2022-10-30T18:00:00+03:00,NO2,0.02
2022-10-30T18:00:00+03:00,CH4,1.4
2022-10-30T18:00:00+03:00,OZ,0.0503
2022-10-30T18:00:00+03:00,CO,0.17
2022-10-30T19:00:00+03:00,OZ,0.0485
2022-10-30T19:00:00+03:00,NO,0.008
2022-10-30T19:00:00+03:00,CO,0.23
2022-10-30T19:00:00+03:00,CH4,1.4
2022-10-30T19:00:00+03:00,NO2,0.017
2022-10-30T20:00:00+03:00,NO2,0.022
2022-10-30T20:00:00+03:00,NO,0.007
2022-10-30T20:00:00+03:00,OZ,0.0431
2022-10-30T20:00:00+03:00,CH4,1.42
2022-10-30T20:00:00+03:00,CO,0.1
2022-10-30T21:00:00+03:00,CO,0.1
2022-10-30T21:00:00+03:00,NO2,0.02
2022-10-30T21:00:00+03:00,CH4,1.43
2022-10-30T21:00:00+03:00,NO,0.005
2022-10-30T21:00:00+03:00,OZ,0.0456
2022-10-30T22:00:00+03:00,CH4,1.44
2022-10-30T22:00:00+03:00,CO,0.1
2022-10-30T22:00:00+03:00,NO,0.005
2022-10-30T22:00:00+03:00,OZ,0.0473
2022-10-30T22:00:00+03:00,NO2,0.015
2022-10-30T23:00:00+03:00,NO2,0.014
2022-10-30T23:00:00+03:00,CO,0.13
2022-10-30T23:00:00+03:00,CH4,1.42
2022-10-30T23:00:00+03:00,OZ,0.0477
2022-10-30T23:00:00+03:00,NO,0.005
2022-10-31T00:00:00+03:00,NO2,0.012
2022-10-31T00:00:00+03:00,CH4,1.43
2022-10-31T00:00:00+03:00,CO,0.1
2022-10-31T00:00:00+03:00,NO,0.004
2022-10-31T00:00:00+03:00,OZ,0.0508
2022-10-31T01:00:00+03:00,OZ,0.0554
2022-10-31T01:00:00+03:00,NO,0.003
2022-10-31T01:00:00+03:00,NO2,0.009
2022-10-31T01:00:00+03:00,CH4,1.45
2022-10-31T01:00:00+03:00,CO,0.1
2022-10-31T02:00:00+03:00,CH4,1.43
2022-10-31T02:00:00+03:00,CO,0.1
2022-10-31T02:00:00+03:00,OZ,0.0455
2022-10-31T02:00:00+03:00,NO2,0.017
2022-10-31T02:00:00+03:00,NO,0.003
