datetime,pollutant,concentration
2022-06-09T16:00:00+03:00,CO,0.21
2022-06-09T16:00:00+03:00,NO2,0.031
2022-06-09T16:00:00+03:00,PM2.5,0.011
2022-06-09T16:00:00+03:00,NO,0.009
2022-06-09T16:00:00+03:00,PM10,0.011
2022-06-09T17:00:00+03:00,PM10,0.024
2022-06-09T17:00:00+03:00,NO,0.007
2022-06-09T17:00:00+03:00,NO2,0.037
2022-06-09T17:00:00+03:00,PM2.5,0.026
2022-06-09T17:00:00+03:00,CO,0.22
2022-06-09T18:00:00+03:00,PM2.5,0.013
2022-06-09T18:00:00+03:00,NO,0.01
2022-06-09T18:00:00+03:00,CO,0.28
2022-06-09T18:00:00+03:00,NO2,0.037
2022-06-09T18:00:00+03:00,PM10,0.013
2022-06-09T19:00:00+03:00,PM10,0.015
2022-06-09T19:00:00+03:00,NO2,0.05
2022-06-09T19:00:00+03:00,CO,0.28
2022-06-09T19:00:00+03:00,NO,0.019
2022-06-09T19:00:00+03:00,PM2.5,0.016
2022-06-09T20:00:00+03:00,PM2.5,0.017
2022-06-09T20:00:00+03:00,CO,0.4
2022-06-09T20:00:00+03:00,NO,0.021
2022-06-09T20:00:00+03:00,NO2,0.056
2022-06-09T20:00:00+03:00,PM10,0.017
2022-06-09T21:00:00+03:00,CO,0.3
2022-06-09T21:00:00+03:00,NO,0.008
2022-06-09T21:00:00+03:00,PM2.5,0.017
2022-06-09T21:00:00+03:00,PM10,0.016
2022-06-09T21:00:00+03:00,NO2,0.051
2022-06-09T22:00:00+03:00,PM10,0.018
2022-06-09T22:00:00+03:00,CO,0.39
2022-06-09T22:00:00+03:00,NO2,0.063
2022-06-09T22:00:00+03:00,NO,0.002
2022-06-09T22:00:00+03:00,PM2.5,0.018
2022-06-09T23:00:00+03:00,PM10,0.022
2022-06-09T23:00:00+03:00,CO,0.63
2022-06-09T23:00:00+03:00,NO2,0.082
2022-06-09T23:00:00+03:00,NO,0.054
2022-06-09T23:00:00+03:00,PM2.5,0.023
2022-06-10T00:00:00+03:00,NO2,0.097
2022-06-10T00:00:00+03:00,CO,0.82
2022-06-10T00:00:00+03:00,PM10,0.038
2022-06-10T00:00:00+03:00,PM2.5,0.041
2022-06-10T00:00:00+03:00,NO,0.115
2022-06-10T01:00:00+03:00,CO,0.67
2022-06-10T01:00:00+03:00,NO,0.082
2022-06-10T01:00:00+03:00,PM10,0.027
2022-06-10T01:00:00+03:00,PM2.5,0.029
2022-06-10T01:00:00+03:00,NO2,0.088
2022-06-10T02:00:00+03:00,PM2.5,0.037
2022-06-10T02:00:00+03:00,CO,0.76
2022-06-10T02:00:00+03:00,NO,0.14
2022-06-10T02:00:00+03:00,NO2,0.088
2022-06-10T02:00:00+03:00,PM10,0.034
2022-06-10T03:00:00+03:00,NO2,0.075
2022-06-10T03:00:00+03:00,NO,0.123
2022-06-10T03:00:00+03:00,PM10,0.029
2022-06-10T03:00:00+03:00,CO,0.76
2022-06-10T03:00:00+03:00,PM2.5,0.031
2022-06-10T04:00:00+03:00,PM10,0.026
2022-06-10T04:00:00+03:00,PM2.5,0.028
2022-06-10T04:00:00+03:00,NO,0.072
2022-06-10T04:00:00+03:00,NO2,0.073
2022-06-10T04:00:00+03:00,CO,0.57
2022-06-10T05:00:00+03:00,CO,0.62
2022-06-10T05:00:00+03:00,NO,0.107
2022-06-10T05:00:00+03:00,PM2.5,0.026
2022-06-10T05:00:00+03:00,PM10,0.025
2022-06-10T05:00:00+03:00,NO2,0.076
2022-06-10T06:00:00+03:00,NO2,0.068
2022-06-10T06:00:00+03:00,NO,0.023
2022-06-10T06:00:00+03:00,PM2.5,0.015
2022-06-10T06:00:00+03:00,CO,0.35
2022-06-10T06:00:00+03:00,PM10,0.014
2022-06-10T07:00:00+03:00,NO2,0.048
2022-06-10T07:00:00+03:00,NO,0.016
2022-06-10T07:00:00+03:00,PM2.5,0.007
2022-06-10T07:00:00+03:00,PM10,0.007
2022-06-10T07:00:00+03:00,CO,0.32
2022-06-10T08:00:00+03:00,NO2,0.055
2022-06-10T08:00:00+03:00,NO,0.027
2022-06-10T08:00:00+03:00,CO,0.4
2022-06-10T08:00:00+03:00,PM10,0.011
2022-06-10T08:00:00+03:00,PM2.5,0.011
2022-06-10T09:00:00+03:00,PM10,0.008
2022-06-10T09:00:00+03:00,PM2.5,0.007
2022-06-10T09:00:00+03:00,NO,0.02
2022-06-10T09:00:00+03:00,NO2,0.042
2022-06-10T09:00:00+03:00,CO,0.36
2022-06-10T10:00:00+03:00,PM2.5,0.01
2022-06-10T10:00:00+03:00,NO2,0.043
2022-06-10T10:00:00+03:00,CO,0.3
2022-06-10T10:00:00+03:00,NO,0.025
2022-06-10T10:00:00+03:00,PM10,0.01
2022-06-10T11:00:00+03:00,NO2,0.042
2022-06-10T11:00:00+03:00,NO,0.019
2022-06-10T11:00:00+03:00,PM10,0.012
2022-06-10T11:00:00+03:00,CO,0.3
2022-06-10T11:00:00+03:00,PM2.5,0.013
2022-06-10T12:00:00+03:00,NO,0.014
2022-06-10T12:00:00+03:00,NO2,0.029
2022-06-10T12:00:00+03:00,CO,0.27
2022-06-10T12:00:00+03:00,PM10,0.013
2022-06-10T12:00:00+03:00,PM2.5,0.015
2022-06-10T13:00:00+03:00,PM10,0.009
2022-06-10T13:00:00+03:00,NO,0.011
2022-06-10T13:00:00+03:00,PM2.5,0.009
2022-06-10T13:00:00+03:00,NO2,0.028
2022-06-10T13:00:00+03:00,CO,0.23
2022-06-10T14:00:00+03:00,NO2,0.027
2022-06-10T14:00:00+03:00,PM10,0.006
2022-06-10T14:00:00+03:00,CO,0.21
2022-06-10T14:00:00+03:00,NO,0.014
2022-06-10T14:00:00+03:00,PM2.5,0.006
2022-06-10T15:00:00+03:00,NO2,0.033
2022-06-10T15:00:00+03:00,PM2.5,0.006
2022-06-10T15:00:00+03:00,PM10,0.006
2022-06-10T15:00:00+03:00,NO,0.017
2022-06-10T15:00:00+03:00,CO,0.23
2022-06-10T16:00:00+03:00,NO,0.013
2022-06-10T16:00:00+03:00,CO,0.2
2022-06-10T16:00:00+03:00,NO2,0.028
2022-06-10T16:00:00+03:00,PM2.5,0.009
2022-06-10T16:00:00+03:00,PM10,0.009
2022-06-10T17:00:00+03:00,NO,0.015
2022-06-10T17:00:00+03:00,NO2,0.029
2022-06-10T17:00:00+03:00,PM2.5,0.019
2022-06-10T17:00:00+03:00,CO,0.21
2022-06-10T17:00:00+03:00,PM10,0.018
2022-06-10T18:00:00+03:00,PM10,0.012
2022-06-10T18:00:00+03:00,NO,0.024
2022-06-10T18:00:00+03:00,PM2.5,0.012
2022-06-10T18:00:00+03:00,CO,0.24
2022-06-10T18:00:00+03:00,NO2,0.041
2022-06-10T19:00:00+03:00,PM10,0.012
2022-06-10T19:00:00+03:00,CO,0.32
2022-06-10T19:00:00+03:00,NO,0.027
2022-06-10T19:00:00+03:00,PM2.5,0.012
2022-06-10T19:00:00+03:00,NO2,0.046
2022-06-10T20:00:00+03:00,PM10,0.011
2022-06-10T20:00:00+03:00,PM2.5,0.011
2022-06-10T20:00:00+03:00,NO2,0.05
2022-06-10T20:00:00+03:00,NO,0.02
2022-06-10T20:00:00+03:00,CO,0.31
2022-06-10T21:00:00+03:00,PM2.5,0.013
2022-06-10T21:00:00+03:00,NO,0.027
2022-06-10T21:00:00+03:00,NO2,0.063
2022-06-10T21:00:00+03:00,PM10,0.012
2022-06-10T21:00:00+03:00,CO,0.4
2022-06-10T22:00:00+03:00,NO,0.114
2022-06-10T22:00:00+03:00,CO,0.96
2022-06-10T22:00:00+03:00,PM10,0.027
2022-06-10T22:00:00+03:00,NO2,0.097
2022-06-10T22:00:00+03:00,PM2.5,0.029
2022-06-10T23:00:00+03:00,PM10,0.032
2022-06-10T23:00:00+03:00,NO,0.203
2022-06-10T23:00:00+03:00,CO,1.4
2022-06-10T23:00:00+03:00,PM2.5,0.034
2022-06-10T23:00:00+03:00,NO2,0.092
2022-06-11T00:00:00+03:00,PM2.5,0.031
2022-06-11T00:00:00+03:00,CO,0.87
2022-06-11T00:00:00+03:00,NO,0.111
2022-06-11T00:00:00+03:00,NO2,0.079
2022-06-11T00:00:00+03:00,PM10,0.029
2022-06-11T01:00:00+03:00,NO2,0.077
2022-06-11T01:00:00+03:00,PM10,0.03
2022-06-11T01:00:00+03:00,NO,0.114
2022-06-11T01:00:00+03:00,PM2.5,0.032
2022-06-11T01:00:00+03:00,CO,0.87
2022-06-11T02:00:00+03:00,PM10,0.029
2022-06-11T02:00:00+03:00,PM2.5,0.031
2022-06-11T02:00:00+03:00,NO2,0.085
2022-06-11T02:00:00+03:00,NO,0.269
2022-06-11T02:00:00+03:00,CO,1.22
2022-06-11T03:00:00+03:00,PM10,0.025
2022-06-11T03:00:00+03:00,NO2,0.082
2022-06-11T03:00:00+03:00,CO,1.24
2022-06-11T03:00:00+03:00,NO,0.242
2022-06-11T03:00:00+03:00,PM2.5,0.026
2022-06-11T04:00:00+03:00,PM10,0.017
2022-06-11T04:00:00+03:00,PM2.5,0.018
2022-06-11T04:00:00+03:00,CO,0.93
2022-06-11T04:00:00+03:00,NO2,0.073
2022-06-11T04:00:00+03:00,NO,0.149
2022-06-11T05:00:00+03:00,NO2,0.07
2022-06-11T05:00:00+03:00,CO,0.86
2022-06-11T05:00:00+03:00,NO,0.142
2022-06-11T05:00:00+03:00,PM10,0.016
2022-06-11T05:00:00+03:00,PM2.5,0.017
2022-06-11T06:00:00+03:00,NO,0.237
2022-06-11T06:00:00+03:00,PM10,0.022
2022-06-11T06:00:00+03:00,NO2,0.075
2022-06-11T06:00:00+03:00,PM2.5,0.024
2022-06-11T06:00:00+03:00,CO,1.18
2022-06-11T07:00:00+03:00,PM10,0.023
2022-06-11T07:00:00+03:00,PM2.5,0.025
2022-06-11T07:00:00+03:00,CO,0.91
2022-06-11T07:00:00+03:00,NO2,0.082
2022-06-11T07:00:00+03:00,NO,0.186
2022-06-11T08:00:00+03:00,PM2.5,0.01
2022-06-11T08:00:00+03:00,NO2,0.077
2022-06-11T08:00:00+03:00,NO,0.038
2022-06-11T08:00:00+03:00,CO,0.4
2022-06-11T08:00:00+03:00,PM10,0.01
2022-06-11T09:00:00+03:00,PM2.5,0.009
2022-06-11T09:00:00+03:00,PM10,0.009
2022-06-11T09:00:00+03:00,NO,0.017
2022-06-11T09:00:00+03:00,NO2,0.063
2022-06-11T09:00:00+03:00,CO,0.29
2022-06-11T10:00:00+03:00,CO,0.32
2022-06-11T10:00:00+03:00,NO,0.018
2022-06-11T10:00:00+03:00,NO2,0.057
2022-06-11T10:00:00+03:00,PM2.5,0.018
2022-06-11T10:00:00+03:00,PM10,0.017
2022-06-11T11:00:00+03:00,PM10,0.011
2022-06-11T11:00:00+03:00,CO,0.29
2022-06-11T11:00:00+03:00,NO,0.014
2022-06-11T11:00:00+03:00,NO2,0.048
2022-06-11T11:00:00+03:00,PM2.5,0.012
2022-06-11T12:00:00+03:00,NO,0.023
2022-06-11T12:00:00+03:00,CO,0.69
2022-06-11T12:00:00+03:00,PM2.5,0.016
2022-06-11T12:00:00+03:00,PM10,0.015
2022-06-11T12:00:00+03:00,NO2,0.055
2022-06-11T13:00:00+03:00,NO2,0.049
2022-06-11T13:00:00+03:00,PM10,0.008
2022-06-11T13:00:00+03:00,CO,0.28
2022-06-11T13:00:00+03:00,NO,0.021
2022-06-11T13:00:00+03:00,PM2.5,0.008
2022-06-11T14:00:00+03:00,PM10,0.004
2022-06-11T14:00:00+03:00,NO,0.01
2022-06-11T14:00:00+03:00,PM2.5,0.004
2022-06-11T14:00:00+03:00,CO,0.25
2022-06-11T14:00:00+03:00,NO2,0.037
2022-06-11T15:00:00+03:00,PM2.5,0.025
2022-06-11T15:00:00+03:00,CO,0.28
2022-06-11T15:00:00+03:00,NO,0.011
2022-06-11T15:00:00+03:00,NO2,0.054
2022-06-11T15:00:00+03:00,PM10,0.023
2022-06-11T16:00:00+03:00,PM10,0.015
2022-06-11T16:00:00+03:00,PM2.5,0.015
2022-06-11T16:00:00+03:00,NO,0.01
2022-06-11T16:00:00+03:00,CO,0.3
2022-06-11T16:00:00+03:00,NO2,0.053
2022-06-11T17:00:00+03:00,NO,0.008
2022-06-11T17:00:00+03:00,PM10,0.021
2022-06-11T17:00:00+03:00,NO2,0.056
2022-06-11T17:00:00+03:00,PM2.5,0.022
2022-06-11T17:00:00+03:00,CO,0.31
2022-06-11T18:00:00+03:00,NO2,0.05
2022-06-11T18:00:00+03:00,PM10,0.014
2022-06-11T18:00:00+03:00,CO,0.3
2022-06-11T18:00:00+03:00,PM2.5,0.014
2022-06-11T18:00:00+03:00,NO,0.007
2022-06-11T19:00:00+03:00,NO,0.004
2022-06-11T19:00:00+03:00,PM2.5,0.015
2022-06-11T19:00:00+03:00,NO2,0.054
2022-06-11T19:00:00+03:00,CO,0.29
2022-06-11T19:00:00+03:00,PM10,0.014
2022-06-11T20:00:00+03:00,NO,0.007
2022-06-11T20:00:00+03:00,CO,0.36
2022-06-11T20:00:00+03:00,PM10,0.016
2022-06-11T20:00:00+03:00,NO2,0.071
2022-06-11T20:00:00+03:00,PM2.5,0.016
2022-06-11T21:00:00+03:00,CO,0.44
2022-06-11T21:00:00+03:00,PM10,0.018
2022-06-11T21:00:00+03:00,NO,0.007
2022-06-11T21:00:00+03:00,PM2.5,0.019
2022-06-11T21:00:00+03:00,NO2,0.076
2022-06-11T22:00:00+03:00,PM2.5,0.021
2022-06-11T22:00:00+03:00,PM10,0.02
2022-06-11T22:00:00+03:00,NO,0.011
2022-06-11T22:00:00+03:00,CO,0.45
2022-06-11T22:00:00+03:00,NO2,0.071
2022-06-11T23:00:00+03:00,PM2.5,0.021
2022-06-11T23:00:00+03:00,CO,0.54
2022-06-11T23:00:00+03:00,PM10,0.02
2022-06-11T23:00:00+03:00,NO,0.018
2022-06-11T23:00:00+03:00,NO2,0.077
2022-06-12T00:00:00+03:00,PM2.5,0.014
2022-06-12T00:00:00+03:00,CO,0.4
2022-06-12T00:00:00+03:00,NO,0.008
2022-06-12T00:00:00+03:00,PM10,0.014
2022-06-12T00:00:00+03:00,NO2,0.063
2022-06-12T01:00:00+03:00,CO,0.41
2022-06-12T01:00:00+03:00,PM10,0.012
2022-06-12T01:00:00+03:00,PM2.5,0.012
2022-06-12T01:00:00+03:00,NO,0.015
2022-06-12T01:00:00+03:00,NO2,0.071
2022-06-12T02:00:00+03:00,PM2.5,0.013
2022-06-12T02:00:00+03:00,CO,0.44
2022-06-12T02:00:00+03:00,NO2,0.07
2022-06-12T02:00:00+03:00,PM10,0.013
2022-06-12T02:00:00+03:00,NO,0.026
2022-06-12T03:00:00+03:00,NO2,0.066
2022-06-12T03:00:00+03:00,PM2.5,0.013
2022-06-12T03:00:00+03:00,CO,0.48
2022-06-12T03:00:00+03:00,PM10,0.013
2022-06-12T03:00:00+03:00,NO,0.044
2022-06-12T04:00:00+03:00,CO,0.37
2022-06-12T04:00:00+03:00,PM2.5,0.012
2022-06-12T04:00:00+03:00,NO,0.03
2022-06-12T04:00:00+03:00,PM10,0.012
2022-06-12T04:00:00+03:00,NO2,0.066
2022-06-12T05:00:00+03:00,PM2.5,0.009
2022-06-12T05:00:00+03:00,CO,0.35
2022-06-12T05:00:00+03:00,NO2,0.053
2022-06-12T05:00:00+03:00,PM10,0.009
2022-06-12T05:00:00+03:00,NO,0.031
2022-06-12T06:00:00+03:00,NO,0.022
2022-06-12T06:00:00+03:00,PM10,0.008
2022-06-12T06:00:00+03:00,PM2.5,0.008
2022-06-12T06:00:00+03:00,NO2,0.051
2022-06-12T06:00:00+03:00,CO,0.31
2022-06-12T07:00:00+03:00,NO2,0.057
2022-06-12T07:00:00+03:00,NO,0.026
2022-06-12T07:00:00+03:00,PM10,0.008
2022-06-12T07:00:00+03:00,CO,0.32
2022-06-12T07:00:00+03:00,PM2.5,0.008
2022-06-12T08:00:00+03:00,NO2,0.05
2022-06-12T08:00:00+03:00,PM2.5,0.01
2022-06-12T08:00:00+03:00,CO,0.4
2022-06-12T08:00:00+03:00,NO,0.036
2022-06-12T08:00:00+03:00,PM10,0.011
2022-06-12T09:00:00+03:00,NO,0.016
2022-06-12T09:00:00+03:00,PM2.5,0.008
2022-06-12T09:00:00+03:00,NO2,0.05
2022-06-12T09:00:00+03:00,PM10,0.008
2022-06-12T09:00:00+03:00,CO,0.43
2022-06-12T10:00:00+03:00,NO,0.01
2022-06-12T10:00:00+03:00,PM10,0.007
2022-06-12T10:00:00+03:00,NO2,0.039
2022-06-12T10:00:00+03:00,PM2.5,0.008
2022-06-12T10:00:00+03:00,CO,0.28
2022-06-12T11:00:00+03:00,CO,0.2
2022-06-12T11:00:00+03:00,PM10,0.006
2022-06-12T11:00:00+03:00,NO,0.007
2022-06-12T11:00:00+03:00,PM2.5,0.005
2022-06-12T11:00:00+03:00,NO2,0.024
2022-06-12T12:00:00+03:00,NO,0.004
2022-06-12T12:00:00+03:00,PM10,0.004
2022-06-12T12:00:00+03:00,PM2.5,0.004
2022-06-12T12:00:00+03:00,NO2,0.017
2022-06-12T12:00:00+03:00,CO,0.16
2022-06-12T13:00:00+03:00,NO2,0.019
2022-06-12T13:00:00+03:00,CO,0.17
2022-06-12T13:00:00+03:00,NO,0.003
2022-06-12T13:00:00+03:00,PM10,0.023
2022-06-12T13:00:00+03:00,PM2.5,0.025
2022-06-12T14:00:00+03:00,NO2,0.031
2022-06-12T14:00:00+03:00,PM10,0.006
2022-06-12T14:00:00+03:00,NO,0.003
2022-06-12T14:00:00+03:00,CO,0.2
2022-06-12T14:00:00+03:00,PM2.5,0.007
2022-06-12T15:00:00+03:00,NO,0.003
2022-06-12T15:00:00+03:00,CO,0.23
2022-06-12T15:00:00+03:00,NO2,0.017
2022-06-12T15:00:00+03:00,PM2.5,0.004
2022-06-12T15:00:00+03:00,PM10,0.003
2022-06-12T16:00:00+03:00,NO2,0.02
2022-06-12T16:00:00+03:00,NO,0.003
2022-06-12T16:00:00+03:00,CO,0.15
2022-06-12T16:00:00+03:00,PM10,0.023
2022-06-12T16:00:00+03:00,PM2.5,0.025
2022-06-12T17:00:00+03:00,NO2,0.017
2022-06-12T17:00:00+03:00,NO,0.002
2022-06-12T17:00:00+03:00,PM10,0.008
2022-06-12T17:00:00+03:00,PM2.5,0.008
2022-06-12T17:00:00+03:00,CO,0.15
2022-06-12T18:00:00+03:00,PM2.5,0.018
2022-06-12T18:00:00+03:00,CO,0.16
2022-06-12T18:00:00+03:00,NO,0.001
2022-06-12T18:00:00+03:00,NO2,0.02
2022-06-12T18:00:00+03:00,PM10,0.017
2022-06-12T19:00:00+03:00,PM2.5,0.009
2022-06-12T19:00:00+03:00,PM10,0.01
2022-06-12T19:00:00+03:00,NO2,0.025
2022-06-12T19:00:00+03:00,NO,0.002
2022-06-12T19:00:00+03:00,CO,0.17
2022-06-12T20:00:00+03:00,PM2.5,0.012
2022-06-12T20:00:00+03:00,CO,0.24
2022-06-12T20:00:00+03:00,NO2,0.043
2022-06-12T20:00:00+03:00,NO,0.003
2022-06-12T20:00:00+03:00,PM10,0.011
2022-06-12T21:00:00+03:00,CO,0.36
2022-06-12T21:00:00+03:00,NO2,0.068
2022-06-12T21:00:00+03:00,NO,0.008
2022-06-12T21:00:00+03:00,PM2.5,0.017
2022-06-12T21:00:00+03:00,PM10,0.016
2022-06-12T22:00:00+03:00,NO,0.065
2022-06-12T22:00:00+03:00,PM2.5,0.022
2022-06-12T22:00:00+03:00,PM10,0.021
2022-06-12T22:00:00+03:00,CO,0.66
2022-06-12T22:00:00+03:00,NO2,0.077
2022-06-12T23:00:00+03:00,PM2.5,0.023
2022-06-12T23:00:00+03:00,NO,0.041
2022-06-12T23:00:00+03:00,NO2,0.072
2022-06-12T23:00:00+03:00,PM10,0.021
2022-06-12T23:00:00+03:00,CO,0.58
2022-06-13T00:00:00+03:00,NO,0.005
2022-06-13T00:00:00+03:00,PM10,0.012
2022-06-13T00:00:00+03:00,NO2,0.05
2022-06-13T00:00:00+03:00,PM2.5,0.013
2022-06-13T00:00:00+03:00,CO,0.28
2022-06-13T01:00:00+03:00,CO,0.23
2022-06-13T01:00:00+03:00,NO2,0.044
2022-06-13T01:00:00+03:00,PM2.5,0.01
2022-06-13T01:00:00+03:00,PM10,0.009
2022-06-13T01:00:00+03:00,NO,0.003
2022-06-13T02:00:00+03:00,CO,0.25
2022-06-13T02:00:00+03:00,PM2.5,0.011
2022-06-13T02:00:00+03:00,NO2,0.053
2022-06-13T02:00:00+03:00,NO,0.008
2022-06-13T02:00:00+03:00,PM10,0.01
2022-06-13T03:00:00+03:00,PM2.5,0.011
2022-06-13T03:00:00+03:00,NO2,0.049
2022-06-13T03:00:00+03:00,PM10,0.01
2022-06-13T03:00:00+03:00,NO,0.005
2022-06-13T03:00:00+03:00,CO,0.21
2022-06-13T04:00:00+03:00,NO2,0.048
2022-06-13T04:00:00+03:00,PM2.5,0.009
2022-06-13T04:00:00+03:00,NO,0.01
2022-06-13T04:00:00+03:00,PM10,0.009
2022-06-13T04:00:00+03:00,CO,0.23
2022-06-13T05:00:00+03:00,NO,0.004
2022-06-13T05:00:00+03:00,NO2,0.037
2022-06-13T05:00:00+03:00,PM10,0.008
2022-06-13T05:00:00+03:00,CO,0.17
2022-06-13T05:00:00+03:00,PM2.5,0.009
2022-06-13T06:00:00+03:00,PM10,0.008
2022-06-13T06:00:00+03:00,NO,0.004
2022-06-13T06:00:00+03:00,PM2.5,0.008
2022-06-13T06:00:00+03:00,CO,0.18
2022-06-13T06:00:00+03:00,NO2,0.035
2022-06-13T07:00:00+03:00,CO,0.22
2022-06-13T07:00:00+03:00,PM2.5,0.008
2022-06-13T07:00:00+03:00,NO2,0.038
2022-06-13T07:00:00+03:00,PM10,0.007
2022-06-13T07:00:00+03:00,NO,0.009
2022-06-13T08:00:00+03:00,NO,0.012
2022-06-13T08:00:00+03:00,NO2,0.032
2022-06-13T08:00:00+03:00,CO,0.18
2022-06-13T08:00:00+03:00,PM10,0.009
2022-06-13T08:00:00+03:00,PM2.5,0.008
2022-06-13T09:00:00+03:00,PM2.5,0.007
2022-06-13T09:00:00+03:00,NO2,0.028
2022-06-13T09:00:00+03:00,PM10,0.007
2022-06-13T09:00:00+03:00,CO,0.17
2022-06-13T09:00:00+03:00,NO,0.009
2022-06-13T10:00:00+03:00,CO,0.18
2022-06-13T10:00:00+03:00,PM2.5,0.015
2022-06-13T10:00:00+03:00,PM10,0.014
2022-06-13T10:00:00+03:00,NO2,0.022
2022-06-13T10:00:00+03:00,NO,0.006
2022-06-13T11:00:00+03:00,CO,0.17
2022-06-13T11:00:00+03:00,PM10,0.006
2022-06-13T11:00:00+03:00,NO,0.003
2022-06-13T11:00:00+03:00,PM2.5,0.006
2022-06-13T11:00:00+03:00,NO2,0.02
2022-06-13T12:00:00+03:00,PM2.5,0.012
2022-06-13T12:00:00+03:00,CO,0.16
2022-06-13T12:00:00+03:00,PM10,0.011
2022-06-13T12:00:00+03:00,NO,0.003
2022-06-13T12:00:00+03:00,NO2,0.018
2022-06-13T13:00:00+03:00,PM2.5,0.023
2022-06-13T13:00:00+03:00,CO,0.18
2022-06-13T13:00:00+03:00,NO,0.003
2022-06-13T13:00:00+03:00,PM10,0.021
2022-06-13T13:00:00+03:00,NO2,0.026
2022-06-13T14:00:00+03:00,PM10,0.012
2022-06-13T14:00:00+03:00,CO,0.15
2022-06-13T14:00:00+03:00,NO2,0.021
2022-06-13T14:00:00+03:00,PM2.5,0.013
2022-06-13T14:00:00+03:00,NO,0.003
2022-06-13T15:00:00+03:00,PM10,0.021
2022-06-13T15:00:00+03:00,NO,0.002
2022-06-13T15:00:00+03:00,NO2,0.018
2022-06-13T15:00:00+03:00,PM2.5,0.022
2022-06-13T15:00:00+03:00,CO,0.16
2022-06-13T16:00:00+03:00,NO2,0.025
2022-06-13T16:00:00+03:00,CO,0.2
2022-06-13T16:00:00+03:00,PM10,0.01
2022-06-13T16:00:00+03:00,PM2.5,0.009
2022-06-13T16:00:00+03:00,NO,0.001
2022-06-13T17:00:00+03:00,NO2,0.027
2022-06-13T17:00:00+03:00,PM10,0.006
2022-06-13T17:00:00+03:00,PM2.5,0.006
2022-06-13T17:00:00+03:00,NO,0.009
2022-06-13T17:00:00+03:00,CO,0.26
2022-06-13T18:00:00+03:00,PM10,0.003
2022-06-13T18:00:00+03:00,CO,0.19
2022-06-13T18:00:00+03:00,NO2,0.027
2022-06-13T18:00:00+03:00,PM2.5,0.003
2022-06-13T18:00:00+03:00,NO,0.006
2022-06-13T19:00:00+03:00,NO2,0.03
2022-06-13T19:00:00+03:00,PM10,0.009
2022-06-13T19:00:00+03:00,CO,0.22
2022-06-13T19:00:00+03:00,PM2.5,0.009
2022-06-13T19:00:00+03:00,NO,0.005
2022-06-13T20:00:00+03:00,NO,0.006
2022-06-13T20:00:00+03:00,NO2,0.023
2022-06-13T20:00:00+03:00,PM10,0.007
2022-06-13T20:00:00+03:00,PM2.5,0.007
2022-06-13T20:00:00+03:00,CO,0.19
2022-06-13T21:00:00+03:00,PM10,0.014
2022-06-13T21:00:00+03:00,NO2,0.059
2022-06-13T21:00:00+03:00,PM2.5,0.015
2022-06-13T21:00:00+03:00,NO,0.092
2022-06-13T21:00:00+03:00,CO,0.79
2022-06-13T22:00:00+03:00,PM10,0.019
2022-06-13T22:00:00+03:00,PM2.5,0.021
2022-06-13T22:00:00+03:00,NO,0.146
2022-06-13T22:00:00+03:00,CO,1.08
2022-06-13T22:00:00+03:00,NO2,0.078
2022-06-13T23:00:00+03:00,PM10,0.013
2022-06-13T23:00:00+03:00,NO,0.007
2022-06-13T23:00:00+03:00,NO2,0.051
2022-06-13T23:00:00+03:00,CO,0.33
2022-06-13T23:00:00+03:00,PM2.5,0.013
2022-06-14T00:00:00+03:00,PM10,0.011
2022-06-14T00:00:00+03:00,NO,0.005
2022-06-14T00:00:00+03:00,NO2,0.035
2022-06-14T00:00:00+03:00,PM2.5,0.011
2022-06-14T00:00:00+03:00,CO,0.24
2022-06-14T01:00:00+03:00,CO,0.22
2022-06-14T01:00:00+03:00,NO,0.005
2022-06-14T01:00:00+03:00,PM2.5,0.012
2022-06-14T01:00:00+03:00,PM10,0.012
2022-06-14T01:00:00+03:00,NO2,0.033
2022-06-14T02:00:00+03:00,CO,0.23
2022-06-14T02:00:00+03:00,NO,0.011
2022-06-14T02:00:00+03:00,PM10,0.011
2022-06-14T02:00:00+03:00,PM2.5,0.011
2022-06-14T02:00:00+03:00,NO2,0.037
2022-06-14T03:00:00+03:00,NO,0.027
2022-06-14T03:00:00+03:00,PM10,0.011
2022-06-14T03:00:00+03:00,NO2,0.034
2022-06-14T03:00:00+03:00,CO,0.24
2022-06-14T03:00:00+03:00,PM2.5,0.011
2022-06-14T04:00:00+03:00,PM2.5,0.011
2022-06-14T04:00:00+03:00,NO,0.102
2022-06-14T04:00:00+03:00,PM10,0.011
2022-06-14T04:00:00+03:00,CO,0.39
2022-06-14T04:00:00+03:00,NO2,0.033
2022-06-14T05:00:00+03:00,PM10,0.016
2022-06-14T05:00:00+03:00,NO,0.112
2022-06-14T05:00:00+03:00,PM2.5,0.016
2022-06-14T05:00:00+03:00,NO2,0.031
2022-06-14T05:00:00+03:00,CO,0.44
2022-06-14T06:00:00+03:00,NO2,0.034
2022-06-14T06:00:00+03:00,CO,0.62
2022-06-14T06:00:00+03:00,PM10,0.013
2022-06-14T06:00:00+03:00,NO,0.161
2022-06-14T06:00:00+03:00,PM2.5,0.014
2022-06-14T07:00:00+03:00,CO,0.55
2022-06-14T07:00:00+03:00,NO,0.114
2022-06-14T07:00:00+03:00,NO2,0.043
2022-06-14T07:00:00+03:00,PM10,0.016
2022-06-14T07:00:00+03:00,PM2.5,0.017
2022-06-14T08:00:00+03:00,PM2.5,0.014
2022-06-14T08:00:00+03:00,PM10,0.012
2022-06-14T08:00:00+03:00,NO2,0.043
2022-06-14T08:00:00+03:00,NO,0.05
2022-06-14T08:00:00+03:00,CO,0.42
2022-06-14T09:00:00+03:00,NO,0.015
2022-06-14T09:00:00+03:00,PM10,0.005
2022-06-14T09:00:00+03:00,CO,0.27
2022-06-14T09:00:00+03:00,NO2,0.032
2022-06-14T09:00:00+03:00,PM2.5,0.005
2022-06-14T10:00:00+03:00,PM10,0.007
2022-06-14T10:00:00+03:00,NO,0.008
2022-06-14T10:00:00+03:00,CO,0.19
2022-06-14T10:00:00+03:00,NO2,0.027
2022-06-14T10:00:00+03:00,PM2.5,0.007
2022-06-14T11:00:00+03:00,PM10,0.007
2022-06-14T11:00:00+03:00,PM2.5,0.007
2022-06-14T11:00:00+03:00,CO,0.13
2022-06-14T11:00:00+03:00,NO2,0.023
2022-06-14T11:00:00+03:00,NO,0.006
2022-06-14T12:00:00+03:00,NO,0.004
2022-06-14T12:00:00+03:00,NO2,0.016
2022-06-14T12:00:00+03:00,CO,0.11
2022-06-14T12:00:00+03:00,PM2.5,0.005
2022-06-14T12:00:00+03:00,PM10,0.004
2022-06-14T13:00:00+03:00,PM10,0.005
2022-06-14T13:00:00+03:00,CO,0.11
2022-06-14T13:00:00+03:00,NO,0.005
2022-06-14T13:00:00+03:00,PM2.5,0.006
2022-06-14T13:00:00+03:00,NO2,0.02
2022-06-14T14:00:00+03:00,CO,0.11
2022-06-14T14:00:00+03:00,PM10,0.008
2022-06-14T14:00:00+03:00,PM2.5,0.009
2022-06-14T14:00:00+03:00,NO,0.004
2022-06-14T14:00:00+03:00,NO2,0.02
2022-06-14T15:00:00+03:00,CO,0.11
2022-06-14T15:00:00+03:00,PM2.5,0.017
2022-06-14T15:00:00+03:00,NO,0.003
2022-06-14T15:00:00+03:00,NO2,0.019
2022-06-14T15:00:00+03:00,PM10,0.016
2022-06-14T16:00:00+03:00,CO,0.12
2022-06-14T16:00:00+03:00,PM10,0.007
2022-06-14T16:00:00+03:00,NO,0.003
2022-06-14T16:00:00+03:00,PM2.5,0.008
2022-06-14T16:00:00+03:00,NO2,0.026
2022-06-14T17:00:00+03:00,CO,0.13
2022-06-14T17:00:00+03:00,NO2,0.024
2022-06-14T17:00:00+03:00,PM10,0.018
2022-06-14T17:00:00+03:00,NO,0.003
2022-06-14T17:00:00+03:00,PM2.5,0.019
2022-06-14T18:00:00+03:00,NO2,0.025
2022-06-14T18:00:00+03:00,PM2.5,0.016
2022-06-14T18:00:00+03:00,CO,0.14
2022-06-14T18:00:00+03:00,PM10,0.015
2022-06-14T18:00:00+03:00,NO,0.004
2022-06-14T19:00:00+03:00,PM10,0.016
2022-06-14T19:00:00+03:00,NO2,0.028
2022-06-14T19:00:00+03:00,PM2.5,0.016
2022-06-14T19:00:00+03:00,NO,0.013
2022-06-14T19:00:00+03:00,CO,0.22
2022-06-14T20:00:00+03:00,NO2,0.031
2022-06-14T20:00:00+03:00,PM10,0.004
2022-06-14T20:00:00+03:00,PM2.5,0.003
2022-06-14T20:00:00+03:00,NO,0.013
2022-06-14T20:00:00+03:00,CO,0.21
2022-06-14T21:00:00+03:00,NO,0.008
2022-06-14T21:00:00+03:00,PM10,0.005
2022-06-14T21:00:00+03:00,CO,0.21
2022-06-14T21:00:00+03:00,PM2.5,0.005
2022-06-14T21:00:00+03:00,NO2,0.03
2022-06-14T22:00:00+03:00,PM2.5,0.005
2022-06-14T22:00:00+03:00,NO2,0.027
2022-06-14T22:00:00+03:00,PM10,0.006
2022-06-14T22:00:00+03:00,CO,0.15
2022-06-14T22:00:00+03:00,NO,0.005
2022-06-14T23:00:00+03:00,NO,0.004
2022-06-14T23:00:00+03:00,PM10,0.005
2022-06-14T23:00:00+03:00,NO2,0.02
2022-06-14T23:00:00+03:00,CO,0.14
2022-06-14T23:00:00+03:00,PM2.5,0.004
2022-06-15T00:00:00+03:00,NO,0.003
2022-06-15T00:00:00+03:00,PM10,0.005
2022-06-15T00:00:00+03:00,CO,0.1
2022-06-15T00:00:00+03:00,PM2.5,0.005
2022-06-15T00:00:00+03:00,NO2,0.015
2022-06-15T01:00:00+03:00,PM2.5,0.001
2022-06-15T01:00:00+03:00,NO,0.005
2022-06-15T01:00:00+03:00,PM10,0.002
2022-06-15T01:00:00+03:00,CO,0.08
2022-06-15T01:00:00+03:00,NO2,0.015
2022-06-15T02:00:00+03:00,PM2.5,0.001
2022-06-15T02:00:00+03:00,NO,0.004
2022-06-15T02:00:00+03:00,PM10,0.002
2022-06-15T02:00:00+03:00,NO2,0.015
2022-06-15T02:00:00+03:00,CO,0.06
2022-06-15T03:00:00+03:00,CO,0.05
2022-06-15T03:00:00+03:00,NO,0.001
2022-06-15T03:00:00+03:00,PM2.5,0
2022-06-15T03:00:00+03:00,NO2,0.012
2022-06-15T03:00:00+03:00,PM10,0.002
2022-06-15T04:00:00+03:00,NO2,0.013
2022-06-15T04:00:00+03:00,PM10,0.002
2022-06-15T04:00:00+03:00,NO,0.002
2022-06-15T04:00:00+03:00,PM2.5,0.001
2022-06-15T04:00:00+03:00,CO,0.03
2022-06-15T05:00:00+03:00,CO,0.02
2022-06-15T05:00:00+03:00,PM10,0.001
2022-06-15T05:00:00+03:00,NO,0.002
2022-06-15T05:00:00+03:00,PM2.5,0
2022-06-15T05:00:00+03:00,NO2,0.014
2022-06-15T06:00:00+03:00,PM2.5,0
2022-06-15T06:00:00+03:00,NO,0.003
2022-06-15T06:00:00+03:00,NO2,0.011
2022-06-15T06:00:00+03:00,CO,0.02
2022-06-15T06:00:00+03:00,PM10,0
2022-06-15T07:00:00+03:00,PM10,0.003
2022-06-15T07:00:00+03:00,NO,0.003
2022-06-15T07:00:00+03:00,PM2.5,0.002
2022-06-15T07:00:00+03:00,NO2,0.009
2022-06-15T07:00:00+03:00,CO,0.03
2022-06-15T08:00:00+03:00,NO2,0.008
2022-06-15T08:00:00+03:00,PM10,0.004
2022-06-15T08:00:00+03:00,CO,0.04
2022-06-15T08:00:00+03:00,NO,0.004
2022-06-15T08:00:00+03:00,PM2.5,0.003
2022-06-15T09:00:00+03:00,PM10,0.006
2022-06-15T09:00:00+03:00,CO,0.05
2022-06-15T09:00:00+03:00,NO2,0.011
2022-06-15T09:00:00+03:00,NO,0.007
2022-06-15T09:00:00+03:00,PM2.5,0.005
2022-06-15T10:00:00+03:00,PM2.5,0.003
2022-06-15T10:00:00+03:00,CO,0.04
2022-06-15T10:00:00+03:00,NO,0.007
2022-06-15T10:00:00+03:00,PM10,0.003
2022-06-15T10:00:00+03:00,NO2,0.012
2022-06-15T11:00:00+03:00,CO,0.03
2022-06-15T11:00:00+03:00,NO2,0.011
2022-06-15T11:00:00+03:00,PM10,0.005
2022-06-15T11:00:00+03:00,NO,0.007
2022-06-15T11:00:00+03:00,PM2.5,0.005
2022-06-15T12:00:00+03:00,NO2,0.011
2022-06-15T12:00:00+03:00,NO,0.006
2022-06-15T12:00:00+03:00,PM2.5,0.01
2022-06-15T12:00:00+03:00,PM10,0.01
2022-06-15T12:00:00+03:00,CO,0.03
2022-06-15T13:00:00+03:00,CO,0.06
2022-06-15T13:00:00+03:00,NO2,0.01
2022-06-15T13:00:00+03:00,PM10,0.015
2022-06-15T13:00:00+03:00,NO,0.005
2022-06-15T13:00:00+03:00,PM2.5,0.016
2022-06-15T14:00:00+03:00,NO2,0.01
2022-06-15T14:00:00+03:00,CO,0.04
2022-06-15T14:00:00+03:00,NO,0.004
2022-06-15T14:00:00+03:00,PM2.5,0.008
2022-06-15T14:00:00+03:00,PM10,0.008
2022-06-15T15:00:00+03:00,CO,0.03
2022-06-15T15:00:00+03:00,NO2,0.01
2022-06-15T15:00:00+03:00,PM2.5,0.015
2022-06-15T15:00:00+03:00,NO,0.003
2022-06-15T15:00:00+03:00,PM10,0.014
2022-06-15T16:00:00+03:00,PM2.5,0.013
2022-06-15T16:00:00+03:00,NO2,0.01
2022-06-15T16:00:00+03:00,PM10,0.012
2022-06-15T16:00:00+03:00,NO,0.006
2022-06-15T16:00:00+03:00,CO,0.05
2022-06-15T17:00:00+03:00,PM10,0.01
2022-06-15T17:00:00+03:00,CO,0.06
2022-06-15T17:00:00+03:00,NO,0.007
2022-06-15T17:00:00+03:00,PM2.5,0.011
2022-06-15T17:00:00+03:00,NO2,0.013
2022-06-15T18:00:00+03:00,NO2,0.011
2022-06-15T18:00:00+03:00,PM2.5,0.006
2022-06-15T18:00:00+03:00,PM10,0.006
2022-06-15T18:00:00+03:00,CO,0.05
2022-06-15T18:00:00+03:00,NO,0.006
2022-06-15T19:00:00+03:00,PM10,0.008
2022-06-15T19:00:00+03:00,PM2.5,0.008
2022-06-15T19:00:00+03:00,NO,0.006
2022-06-15T19:00:00+03:00,NO2,0.011
2022-06-15T19:00:00+03:00,CO,0.09
2022-06-15T20:00:00+03:00,PM10,0.008
2022-06-15T20:00:00+03:00,NO2,0.015
2022-06-15T20:00:00+03:00,CO,0.09
2022-06-15T20:00:00+03:00,PM2.5,0.008
2022-06-15T20:00:00+03:00,NO,0.006
2022-06-15T21:00:00+03:00,PM2.5,0.008
2022-06-15T21:00:00+03:00,CO,0.13
2022-06-15T21:00:00+03:00,PM10,0.008
2022-06-15T21:00:00+03:00,NO,0.007
2022-06-15T21:00:00+03:00,NO2,0.019
2022-06-15T22:00:00+03:00,NO,0.006
2022-06-15T22:00:00+03:00,PM10,0.007
2022-06-15T22:00:00+03:00,PM2.5,0.007
2022-06-15T22:00:00+03:00,NO2,0.021
2022-06-15T22:00:00+03:00,CO,0.1
2022-06-15T23:00:00+03:00,PM10,0.007
2022-06-15T23:00:00+03:00,NO2,0.022
2022-06-15T23:00:00+03:00,PM2.5,0.007
2022-06-15T23:00:00+03:00,CO,0.08
2022-06-15T23:00:00+03:00,NO,0.005
2022-06-16T00:00:00+03:00,PM2.5,0.007
2022-06-16T00:00:00+03:00,NO2,0.018
2022-06-16T00:00:00+03:00,CO,0.08
2022-06-16T00:00:00+03:00,PM10,0.007
2022-06-16T00:00:00+03:00,NO,0.002
2022-06-16T01:00:00+03:00,CO,0.07
2022-06-16T01:00:00+03:00,NO,0.002
2022-06-16T01:00:00+03:00,PM2.5,0.005
2022-06-16T01:00:00+03:00,PM10,0.005
2022-06-16T01:00:00+03:00,NO2,0.014
2022-06-16T02:00:00+03:00,PM10,0.004
2022-06-16T02:00:00+03:00,NO2,0.011
2022-06-16T02:00:00+03:00,PM2.5,0.004
2022-06-16T02:00:00+03:00,CO,0.06
2022-06-16T02:00:00+03:00,NO,0.003
2022-06-16T03:00:00+03:00,NO,0.002
2022-06-16T03:00:00+03:00,NO2,0.008
2022-06-16T03:00:00+03:00,CO,0.06
2022-06-16T03:00:00+03:00,PM10,0.003
2022-06-16T03:00:00+03:00,PM2.5,0.003
2022-06-16T04:00:00+03:00,PM2.5,0.003
2022-06-16T04:00:00+03:00,NO2,0.015
2022-06-16T04:00:00+03:00,NO,0.006
2022-06-16T04:00:00+03:00,CO,0.05
2022-06-16T04:00:00+03:00,PM10,0.003
2022-06-16T05:00:00+03:00,CO,0.04
2022-06-16T05:00:00+03:00,PM2.5,0.003
2022-06-16T05:00:00+03:00,PM10,0.003
2022-06-16T05:00:00+03:00,NO,0.003
2022-06-16T05:00:00+03:00,NO2,0.011
2022-06-16T06:00:00+03:00,CO,0.07
2022-06-16T06:00:00+03:00,PM10,0.004
2022-06-16T06:00:00+03:00,NO2,0.014
2022-06-16T06:00:00+03:00,NO,0.01
2022-06-16T06:00:00+03:00,PM2.5,0.003
2022-06-16T07:00:00+03:00,PM10,0.004
2022-06-16T07:00:00+03:00,CO,0.08
2022-06-16T07:00:00+03:00,PM2.5,0.003
2022-06-16T07:00:00+03:00,NO2,0.013
2022-06-16T07:00:00+03:00,NO,0.012
2022-06-16T08:00:00+03:00,PM10,0.006
2022-06-16T08:00:00+03:00,PM2.5,0.005
2022-06-16T08:00:00+03:00,CO,0.14
2022-06-16T08:00:00+03:00,NO2,0.013
2022-06-16T08:00:00+03:00,NO,0.016
2022-06-16T09:00:00+03:00,PM10,0.004
2022-06-16T09:00:00+03:00,CO,0.11
2022-06-16T09:00:00+03:00,PM2.5,0.004
2022-06-16T09:00:00+03:00,NO,0.013
2022-06-16T09:00:00+03:00,NO2,0.012
2022-06-16T10:00:00+03:00,NO,0.011
2022-06-16T10:00:00+03:00,NO2,0.015
2022-06-16T10:00:00+03:00,PM10,0.005
2022-06-16T10:00:00+03:00,CO,0.09
2022-06-16T10:00:00+03:00,PM2.5,0.004
2022-06-16T11:00:00+03:00,NO,0.006
2022-06-16T11:00:00+03:00,PM2.5,0.011
2022-06-16T11:00:00+03:00,NO2,0.012
2022-06-16T11:00:00+03:00,PM10,0.011
2022-06-16T11:00:00+03:00,CO,0.06
2022-06-16T12:00:00+03:00,NO,0.006
2022-06-16T12:00:00+03:00,NO2,0.01
2022-06-16T12:00:00+03:00,CO,0.04
2022-06-16T12:00:00+03:00,PM10,0.003
2022-06-16T12:00:00+03:00,PM2.5,0.003
2022-06-16T13:00:00+03:00,CO,0.11
2022-06-16T13:00:00+03:00,NO2,0.023
2022-06-16T13:00:00+03:00,PM2.5,0.024
2022-06-16T13:00:00+03:00,PM10,0.022
2022-06-16T13:00:00+03:00,NO,0.018
2022-06-16T14:00:00+03:00,PM2.5,0.002
2022-06-16T14:00:00+03:00,CO,0.06
2022-06-16T14:00:00+03:00,NO,0.009
2022-06-16T14:00:00+03:00,PM10,0.002
2022-06-16T14:00:00+03:00,NO2,0.012
2022-06-16T15:00:00+03:00,NO,0.009
2022-06-16T15:00:00+03:00,CO,0.07
2022-06-16T15:00:00+03:00,NO2,0.014
2022-06-16T15:00:00+03:00,PM10,0.021
2022-06-16T15:00:00+03:00,PM2.5,0.023
2022-06-16T16:00:00+03:00,PM2.5,0.007
2022-06-16T16:00:00+03:00,PM10,0.007
2022-06-16T16:00:00+03:00,NO2,0.013
2022-06-16T16:00:00+03:00,NO,0.009
2022-06-16T16:00:00+03:00,CO,0.07
2022-06-16T17:00:00+03:00,PM10,0.015
2022-06-16T17:00:00+03:00,CO,0.07
2022-06-16T17:00:00+03:00,NO2,0.013
2022-06-16T17:00:00+03:00,PM2.5,0.015
2022-06-16T17:00:00+03:00,NO,0.01
2022-06-16T18:00:00+03:00,PM2.5,0.006
2022-06-16T18:00:00+03:00,CO,0.1
2022-06-16T18:00:00+03:00,NO,0.016
2022-06-16T18:00:00+03:00,PM10,0.006
2022-06-16T18:00:00+03:00,NO2,0.016
2022-06-16T19:00:00+03:00,NO2,0.019
2022-06-16T19:00:00+03:00,PM10,0.007
2022-06-16T19:00:00+03:00,PM2.5,0.007
2022-06-16T19:00:00+03:00,NO,0.011
2022-06-16T19:00:00+03:00,CO,0.12
2022-06-16T20:00:00+03:00,CO,0.11
2022-06-16T20:00:00+03:00,PM2.5,0.006
2022-06-16T20:00:00+03:00,NO,0.01
2022-06-16T20:00:00+03:00,NO2,0.02
2022-06-16T20:00:00+03:00,PM10,0.006
2022-06-16T21:00:00+03:00,CO,0.12
2022-06-16T21:00:00+03:00,NO2,0.027
2022-06-16T21:00:00+03:00,PM10,0.007
2022-06-16T21:00:00+03:00,PM2.5,0.007
2022-06-16T21:00:00+03:00,NO,0.011
2022-06-16T22:00:00+03:00,PM10,0.01
2022-06-16T22:00:00+03:00,PM2.5,0.01
2022-06-16T22:00:00+03:00,NO2,0.047
2022-06-16T22:00:00+03:00,CO,0.34
2022-06-16T22:00:00+03:00,NO,0.027
2022-06-16T23:00:00+03:00,NO2,0.056
2022-06-16T23:00:00+03:00,PM10,0.015
2022-06-16T23:00:00+03:00,CO,0.29
2022-06-16T23:00:00+03:00,PM2.5,0.016
2022-06-16T23:00:00+03:00,NO,0.056
2022-06-17T00:00:00+03:00,PM10,0.014
2022-06-17T00:00:00+03:00,PM2.5,0.015
2022-06-17T00:00:00+03:00,NO2,0.051
2022-06-17T00:00:00+03:00,NO,0.044
2022-06-17T00:00:00+03:00,CO,0.26
2022-06-17T01:00:00+03:00,NO2,0.052
2022-06-17T01:00:00+03:00,CO,0.27
2022-06-17T01:00:00+03:00,PM2.5,0.02
2022-06-17T01:00:00+03:00,NO,0.056
2022-06-17T01:00:00+03:00,PM10,0.019
2022-06-17T02:00:00+03:00,PM10,0.018
2022-06-17T02:00:00+03:00,NO,0.066
2022-06-17T02:00:00+03:00,NO2,0.054
2022-06-17T02:00:00+03:00,CO,0.33
2022-06-17T02:00:00+03:00,PM2.5,0.019
2022-06-17T03:00:00+03:00,PM10,0.018
2022-06-17T03:00:00+03:00,PM2.5,0.02
2022-06-17T03:00:00+03:00,NO,0.083
2022-06-17T03:00:00+03:00,NO2,0.055
2022-06-17T03:00:00+03:00,CO,0.31
2022-06-17T04:00:00+03:00,PM2.5,0.016
2022-06-17T04:00:00+03:00,NO,0.063
2022-06-17T04:00:00+03:00,CO,0.23
2022-06-17T04:00:00+03:00,PM10,0.016
2022-06-17T04:00:00+03:00,NO2,0.049
2022-06-17T05:00:00+03:00,PM2.5,0.017
2022-06-17T05:00:00+03:00,PM10,0.016
2022-06-17T05:00:00+03:00,NO,0.09
2022-06-17T05:00:00+03:00,NO2,0.049
2022-06-17T05:00:00+03:00,CO,0.27
2022-06-17T06:00:00+03:00,CO,0.15
2022-06-17T06:00:00+03:00,NO,0.024
2022-06-17T06:00:00+03:00,NO2,0.03
2022-06-17T06:00:00+03:00,PM10,0.008
2022-06-17T06:00:00+03:00,PM2.5,0.007
2022-06-17T07:00:00+03:00,PM2.5,0.006
2022-06-17T07:00:00+03:00,NO,0.02
2022-06-17T07:00:00+03:00,CO,0.13
2022-06-17T07:00:00+03:00,NO2,0.024
2022-06-17T07:00:00+03:00,PM10,0.006
2022-06-17T08:00:00+03:00,NO,0.023
2022-06-17T08:00:00+03:00,PM10,0.007
2022-06-17T08:00:00+03:00,CO,0.18
2022-06-17T08:00:00+03:00,PM2.5,0.006
2022-06-17T08:00:00+03:00,NO2,0.026
2022-06-17T09:00:00+03:00,CO,0.15
2022-06-17T09:00:00+03:00,PM10,0.003
2022-06-17T09:00:00+03:00,PM2.5,0.002
2022-06-17T09:00:00+03:00,NO,0.018
2022-06-17T09:00:00+03:00,NO2,0.019
2022-06-17T10:00:00+03:00,NO,0.016
2022-06-17T10:00:00+03:00,NO2,0.018
2022-06-17T10:00:00+03:00,PM2.5,0.005
2022-06-17T10:00:00+03:00,PM10,0.005
2022-06-17T10:00:00+03:00,CO,0.12
2022-06-17T11:00:00+03:00,PM10,0.008
2022-06-17T11:00:00+03:00,NO,0.014
2022-06-17T11:00:00+03:00,PM2.5,0.008
2022-06-17T11:00:00+03:00,CO,0.13
2022-06-17T11:00:00+03:00,NO2,0.019
2022-06-17T12:00:00+03:00,PM2.5,0.013
2022-06-17T12:00:00+03:00,NO2,0.02
2022-06-17T12:00:00+03:00,PM10,0.012
2022-06-17T12:00:00+03:00,NO,0.012
2022-06-17T12:00:00+03:00,CO,0.13
2022-06-17T13:00:00+03:00,CO,0.09
2022-06-17T13:00:00+03:00,PM10,0.006
2022-06-17T13:00:00+03:00,NO,0.006
2022-06-17T13:00:00+03:00,NO2,0.018
2022-06-17T13:00:00+03:00,PM2.5,0.006
2022-06-17T14:00:00+03:00,PM10,0.004
2022-06-17T14:00:00+03:00,PM2.5,0.004
2022-06-17T14:00:00+03:00,NO2,0.016
2022-06-17T14:00:00+03:00,NO,0.006
2022-06-17T14:00:00+03:00,CO,0.07
2022-06-17T15:00:00+03:00,PM10,0.017
2022-06-17T15:00:00+03:00,NO,0.004
2022-06-17T15:00:00+03:00,NO2,0.013
2022-06-17T15:00:00+03:00,PM2.5,0.019
2022-06-17T15:00:00+03:00,CO,0.06
2022-06-17T16:00:00+03:00,NO,0.01
2022-06-17T16:00:00+03:00,CO,0.12
2022-06-17T16:00:00+03:00,PM10,0.019
2022-06-17T16:00:00+03:00,NO2,0.019
2022-06-17T16:00:00+03:00,PM2.5,0.019
2022-06-17T17:00:00+03:00,NO2,0.039
2022-06-17T17:00:00+03:00,CO,0.22
2022-06-17T17:00:00+03:00,PM10,0.01
2022-06-17T17:00:00+03:00,PM2.5,0.01
2022-06-17T17:00:00+03:00,NO,0.014
2022-06-17T18:00:00+03:00,PM2.5,0.007
2022-06-17T18:00:00+03:00,CO,0.26
2022-06-17T18:00:00+03:00,NO,0.016
2022-06-17T18:00:00+03:00,NO2,0.05
2022-06-17T18:00:00+03:00,PM10,0.007
2022-06-17T19:00:00+03:00,CO,0.11
2022-06-17T19:00:00+03:00,NO,0.008
2022-06-17T19:00:00+03:00,NO2,0.028
2022-06-17T19:00:00+03:00,PM10,0.004
2022-06-17T19:00:00+03:00,PM2.5,0.004
2022-06-17T20:00:00+03:00,PM10,0.007
2022-06-17T20:00:00+03:00,CO,0.1
2022-06-17T20:00:00+03:00,NO2,0.025
2022-06-17T20:00:00+03:00,PM2.5,0.007
2022-06-17T20:00:00+03:00,NO,0.01
2022-06-17T21:00:00+03:00,NO,0.013
2022-06-17T21:00:00+03:00,PM10,0.006
2022-06-17T21:00:00+03:00,PM2.5,0.006
2022-06-17T21:00:00+03:00,CO,0.17
2022-06-17T21:00:00+03:00,NO2,0.034
2022-06-17T22:00:00+03:00,PM2.5,0.007
2022-06-17T22:00:00+03:00,NO,0.023
2022-06-17T22:00:00+03:00,CO,0.24
2022-06-17T22:00:00+03:00,PM10,0.007
2022-06-17T22:00:00+03:00,NO2,0.039
2022-06-17T23:00:00+03:00,PM10,0.006
2022-06-17T23:00:00+03:00,PM2.5,0.005
2022-06-17T23:00:00+03:00,CO,0.17
2022-06-17T23:00:00+03:00,NO,0.006
2022-06-17T23:00:00+03:00,NO2,0.031
2022-06-18T00:00:00+03:00,NO,0.045
2022-06-18T00:00:00+03:00,PM10,0.008
2022-06-18T00:00:00+03:00,NO2,0.047
2022-06-18T00:00:00+03:00,CO,0.29
2022-06-18T00:00:00+03:00,PM2.5,0.008
2022-06-18T01:00:00+03:00,NO,0.018
2022-06-18T01:00:00+03:00,NO2,0.045
2022-06-18T01:00:00+03:00,PM10,0.007
2022-06-18T01:00:00+03:00,CO,0.18
2022-06-18T01:00:00+03:00,PM2.5,0.006
2022-06-18T02:00:00+03:00,NO2,0.033
2022-06-18T02:00:00+03:00,NO,0.019
2022-06-18T02:00:00+03:00,PM2.5,0.006
2022-06-18T02:00:00+03:00,PM10,0.006
2022-06-18T02:00:00+03:00,CO,0.18
2022-06-18T03:00:00+03:00,NO,0.009
2022-06-18T03:00:00+03:00,PM2.5,0.006
2022-06-18T03:00:00+03:00,NO2,0.031
2022-06-18T03:00:00+03:00,CO,0.15
2022-06-18T03:00:00+03:00,PM10,0.006
2022-06-18T04:00:00+03:00,NO,0.039
2022-06-18T04:00:00+03:00,NO2,0.036
2022-06-18T04:00:00+03:00,CO,0.21
2022-06-18T04:00:00+03:00,PM10,0.007
2022-06-18T04:00:00+03:00,PM2.5,0.006
2022-06-18T05:00:00+03:00,NO,0.058
2022-06-18T05:00:00+03:00,NO2,0.037
2022-06-18T05:00:00+03:00,PM10,0.007
2022-06-18T05:00:00+03:00,PM2.5,0.007
2022-06-18T05:00:00+03:00,CO,0.25
2022-06-18T06:00:00+03:00,CO,0.16
2022-06-18T06:00:00+03:00,NO,0.032
2022-06-18T06:00:00+03:00,PM10,0.006
2022-06-18T06:00:00+03:00,PM2.5,0.005
2022-06-18T06:00:00+03:00,NO2,0.029
2022-06-18T07:00:00+03:00,CO,0.14
2022-06-18T07:00:00+03:00,NO2,0.027
2022-06-18T07:00:00+03:00,PM2.5,0.004
2022-06-18T07:00:00+03:00,NO,0.018
2022-06-18T07:00:00+03:00,PM10,0.004
2022-06-18T08:00:00+03:00,PM2.5,0.005
2022-06-18T08:00:00+03:00,NO2,0.029
2022-06-18T08:00:00+03:00,CO,0.16
2022-06-18T08:00:00+03:00,NO,0.02
2022-06-18T08:00:00+03:00,PM10,0.005
2022-06-18T09:00:00+03:00,PM2.5,0.004
2022-06-18T09:00:00+03:00,PM10,0.005
2022-06-18T09:00:00+03:00,CO,0.16
2022-06-18T09:00:00+03:00,NO2,0.035
2022-06-18T09:00:00+03:00,NO,0.028
2022-06-18T10:00:00+03:00,PM2.5,0.004
2022-06-18T10:00:00+03:00,NO,0.013
2022-06-18T10:00:00+03:00,NO2,0.021
2022-06-18T10:00:00+03:00,CO,0.1
2022-06-18T10:00:00+03:00,PM10,0.004
2022-06-18T11:00:00+03:00,NO,0.007
2022-06-18T11:00:00+03:00,CO,0.05
2022-06-18T11:00:00+03:00,PM10,0.003
2022-06-18T11:00:00+03:00,NO2,0.014
2022-06-18T11:00:00+03:00,PM2.5,0.003
2022-06-18T12:00:00+03:00,NO2,0.014
2022-06-18T12:00:00+03:00,NO,0.009
2022-06-18T12:00:00+03:00,CO,0.07
2022-06-18T12:00:00+03:00,PM10,0.014
2022-06-18T12:00:00+03:00,PM2.5,0.015
2022-06-18T13:00:00+03:00,NO2,0.017
2022-06-18T13:00:00+03:00,PM2.5,0.011
2022-06-18T13:00:00+03:00,NO,0.008
2022-06-18T13:00:00+03:00,CO,0.06
2022-06-18T13:00:00+03:00,PM10,0.01
2022-06-18T14:00:00+03:00,NO,0.007
2022-06-18T14:00:00+03:00,CO,0.05
2022-06-18T14:00:00+03:00,NO2,0.013
2022-06-18T14:00:00+03:00,PM10,0.015
2022-06-18T14:00:00+03:00,PM2.5,0.016
2022-06-18T15:00:00+03:00,PM10,0.007
2022-06-18T15:00:00+03:00,NO2,0.015
2022-06-18T15:00:00+03:00,PM2.5,0.007
2022-06-18T15:00:00+03:00,NO,0.011
2022-06-18T15:00:00+03:00,CO,0.06
2022-06-18T16:00:00+03:00,CO,0.05
2022-06-18T16:00:00+03:00,PM10,0.012
2022-06-18T16:00:00+03:00,NO,0.008
2022-06-18T16:00:00+03:00,PM2.5,0.012
2022-06-18T16:00:00+03:00,NO2,0.017
2022-06-18T17:00:00+03:00,NO2,0.023
2022-06-18T17:00:00+03:00,PM10,0.015
2022-06-18T17:00:00+03:00,CO,0.1
2022-06-18T17:00:00+03:00,NO,0.012
2022-06-18T17:00:00+03:00,PM2.5,0.016
2022-06-18T18:00:00+03:00,NO2,0.032
2022-06-18T18:00:00+03:00,CO,0.2
2022-06-18T18:00:00+03:00,PM2.5,0.009
2022-06-18T18:00:00+03:00,NO,0.023
2022-06-18T18:00:00+03:00,PM10,0.009
2022-06-18T19:00:00+03:00,PM2.5,0.01
2022-06-18T19:00:00+03:00,NO2,0.037
2022-06-18T19:00:00+03:00,CO,0.16
2022-06-18T19:00:00+03:00,NO,0.021
2022-06-18T19:00:00+03:00,PM10,0.01
2022-06-18T20:00:00+03:00,CO,0.25
2022-06-18T20:00:00+03:00,PM2.5,0.011
2022-06-18T20:00:00+03:00,NO,0.017
2022-06-18T20:00:00+03:00,NO2,0.037
2022-06-18T20:00:00+03:00,PM10,0.01
2022-06-18T21:00:00+03:00,NO,0.012
2022-06-18T21:00:00+03:00,CO,0.14
2022-06-18T21:00:00+03:00,PM10,0.014
2022-06-18T21:00:00+03:00,NO2,0.037
2022-06-18T21:00:00+03:00,PM2.5,0.014
2022-06-18T22:00:00+03:00,PM2.5,0.016
2022-06-18T22:00:00+03:00,CO,0.2
2022-06-18T22:00:00+03:00,NO2,0.04
2022-06-18T22:00:00+03:00,NO,0.001
2022-06-18T22:00:00+03:00,PM10,0.015
2022-06-18T23:00:00+03:00,PM2.5,0.017
2022-06-18T23:00:00+03:00,PM10,0.016
2022-06-18T23:00:00+03:00,NO2,0.045
2022-06-18T23:00:00+03:00,CO,0.25
2022-06-18T23:00:00+03:00,NO,0.001
2022-06-19T00:00:00+03:00,PM2.5,0.016
2022-06-19T00:00:00+03:00,PM10,0.015
2022-06-19T00:00:00+03:00,NO,0.009
2022-06-19T00:00:00+03:00,CO,0.25
2022-06-19T00:00:00+03:00,NO2,0.041
2022-06-19T01:00:00+03:00,NO2,0.042
2022-06-19T01:00:00+03:00,NO,0.019
2022-06-19T01:00:00+03:00,CO,0.26
2022-06-19T01:00:00+03:00,PM10,0.015
2022-06-19T01:00:00+03:00,PM2.5,0.016
2022-06-19T02:00:00+03:00,PM2.5,0.013
2022-06-19T02:00:00+03:00,NO2,0.038
2022-06-19T02:00:00+03:00,NO,0.006
2022-06-19T02:00:00+03:00,PM10,0.012
2022-06-19T02:00:00+03:00,CO,0.2
2022-06-19T03:00:00+03:00,PM10,0.009
2022-06-19T03:00:00+03:00,NO2,0.024
2022-06-19T03:00:00+03:00,CO,0.13
2022-06-19T03:00:00+03:00,PM2.5,0.009
2022-06-19T03:00:00+03:00,NO,0.001
2022-06-19T04:00:00+03:00,PM10,0.008
2022-06-19T04:00:00+03:00,NO,0.003
2022-06-19T04:00:00+03:00,PM2.5,0.008
2022-06-19T04:00:00+03:00,NO2,0.025
2022-06-19T04:00:00+03:00,CO,0.12
2022-06-19T05:00:00+03:00,PM2.5,0.009
2022-06-19T05:00:00+03:00,NO2,0.02
2022-06-19T05:00:00+03:00,PM10,0.009
2022-06-19T05:00:00+03:00,NO,0.002
2022-06-19T05:00:00+03:00,CO,0.1
2022-06-19T06:00:00+03:00,NO,0.002
2022-06-19T06:00:00+03:00,CO,0.08
2022-06-19T06:00:00+03:00,PM10,0.008
2022-06-19T06:00:00+03:00,PM2.5,0.008
2022-06-19T06:00:00+03:00,NO2,0.016
2022-06-19T07:00:00+03:00,NO,0.004
2022-06-19T07:00:00+03:00,NO2,0.017
2022-06-19T07:00:00+03:00,PM10,0.007
2022-06-19T07:00:00+03:00,PM2.5,0.006
2022-06-19T07:00:00+03:00,CO,0.07
2022-06-19T08:00:00+03:00,CO,0.05
2022-06-19T08:00:00+03:00,PM10,0.007
2022-06-19T08:00:00+03:00,NO2,0.013
2022-06-19T08:00:00+03:00,NO,0.003
2022-06-19T08:00:00+03:00,PM2.5,0.007
2022-06-19T09:00:00+03:00,NO2,0.009
2022-06-19T09:00:00+03:00,PM10,0.007
2022-06-19T09:00:00+03:00,NO,0.003
2022-06-19T09:00:00+03:00,PM2.5,0.007
2022-06-19T09:00:00+03:00,CO,0.05
2022-06-19T10:00:00+03:00,PM2.5,0.008
2022-06-19T10:00:00+03:00,NO2,0.009
2022-06-19T10:00:00+03:00,CO,0.05
2022-06-19T10:00:00+03:00,PM10,0.008
2022-06-19T10:00:00+03:00,NO,0.002
2022-06-19T11:00:00+03:00,NO,0.002
2022-06-19T11:00:00+03:00,NO2,0.008
2022-06-19T11:00:00+03:00,PM10,0.006
2022-06-19T11:00:00+03:00,PM2.5,0.006
2022-06-19T11:00:00+03:00,CO,0.05
2022-06-19T12:00:00+03:00,CO,0.04
2022-06-19T12:00:00+03:00,NO,0.003
2022-06-19T12:00:00+03:00,NO2,0.008
2022-06-19T12:00:00+03:00,PM10,0.004
2022-06-19T12:00:00+03:00,PM2.5,0.004
2022-06-19T13:00:00+03:00,CO,0.04
2022-06-19T13:00:00+03:00,NO2,0.007
2022-06-19T13:00:00+03:00,NO,0.001
2022-06-19T13:00:00+03:00,PM10,0.014
2022-06-19T13:00:00+03:00,PM2.5,0.014
2022-06-19T14:00:00+03:00,PM10,0.009
2022-06-19T14:00:00+03:00,CO,0.05
2022-06-19T14:00:00+03:00,PM2.5,0.01
2022-06-19T14:00:00+03:00,NO,0.002
2022-06-19T14:00:00+03:00,NO2,0.008
2022-06-19T15:00:00+03:00,PM10,0.021
2022-06-19T15:00:00+03:00,NO2,0.008
2022-06-19T15:00:00+03:00,NO,0.001
2022-06-19T15:00:00+03:00,CO,0.04
2022-06-19T15:00:00+03:00,PM2.5,0.022
2022-06-19T16:00:00+03:00,NO2,0.008
2022-06-19T16:00:00+03:00,PM10,0.011
2022-06-19T16:00:00+03:00,PM2.5,0.011
2022-06-19T16:00:00+03:00,CO,0.05
2022-06-19T16:00:00+03:00,NO,0.002
2022-06-19T17:00:00+03:00,NO,0.001
2022-06-19T17:00:00+03:00,PM2.5,0.016
2022-06-19T17:00:00+03:00,NO2,0.008
2022-06-19T17:00:00+03:00,CO,0.06
2022-06-19T17:00:00+03:00,PM10,0.016
2022-06-19T18:00:00+03:00,NO2,0.013
2022-06-19T18:00:00+03:00,PM10,0.015
2022-06-19T18:00:00+03:00,NO,0.003
2022-06-19T18:00:00+03:00,PM2.5,0.015
2022-06-19T18:00:00+03:00,CO,0.07
2022-06-19T19:00:00+03:00,PM2.5,0.013
2022-06-19T19:00:00+03:00,NO2,0.014
2022-06-19T19:00:00+03:00,NO,0.006
2022-06-19T19:00:00+03:00,PM10,0.012
2022-06-19T19:00:00+03:00,CO,0.08
2022-06-19T20:00:00+03:00,PM2.5,0.014
2022-06-19T20:00:00+03:00,CO,0.08
2022-06-19T20:00:00+03:00,NO,0.003
2022-06-19T20:00:00+03:00,PM10,0.014
2022-06-19T20:00:00+03:00,NO2,0.015
2022-06-19T21:00:00+03:00,NO2,0.018
2022-06-19T21:00:00+03:00,PM2.5,0.009
2022-06-19T21:00:00+03:00,CO,0.11
2022-06-19T21:00:00+03:00,NO,0.005
2022-06-19T21:00:00+03:00,PM10,0.01
2022-06-19T22:00:00+03:00,NO2,0.016
2022-06-19T22:00:00+03:00,PM10,0.009
2022-06-19T22:00:00+03:00,CO,0.07
2022-06-19T22:00:00+03:00,NO,0.004
2022-06-19T22:00:00+03:00,PM2.5,0.008
2022-06-19T23:00:00+03:00,CO,0.08
2022-06-19T23:00:00+03:00,NO2,0.016
2022-06-19T23:00:00+03:00,PM2.5,0.01
2022-06-19T23:00:00+03:00,NO,0.004
2022-06-19T23:00:00+03:00,PM10,0.01
2022-06-20T00:00:00+03:00,CO,0.05
2022-06-20T00:00:00+03:00,NO,0.002
2022-06-20T00:00:00+03:00,NO2,0.012
2022-06-20T00:00:00+03:00,PM2.5,0.005
2022-06-20T00:00:00+03:00,PM10,0.005
2022-06-20T01:00:00+03:00,PM10,0.004
2022-06-20T01:00:00+03:00,PM2.5,0.003
2022-06-20T01:00:00+03:00,CO,0.03
2022-06-20T01:00:00+03:00,NO2,0.01
2022-06-20T01:00:00+03:00,NO,0.001
2022-06-20T02:00:00+03:00,PM2.5,0.008
2022-06-20T02:00:00+03:00,NO2,0.01
2022-06-20T02:00:00+03:00,NO,0.002
2022-06-20T02:00:00+03:00,CO,0.02
2022-06-20T02:00:00+03:00,PM10,0.008
2022-06-20T03:00:00+03:00,PM10,0.005
2022-06-20T03:00:00+03:00,PM2.5,0.004
2022-06-20T03:00:00+03:00,NO2,0.012
2022-06-20T03:00:00+03:00,CO,0.03
2022-06-20T03:00:00+03:00,NO,0.002
2022-06-20T04:00:00+03:00,PM2.5,0.002
2022-06-20T04:00:00+03:00,NO,0.001
2022-06-20T04:00:00+03:00,CO,0.02
2022-06-20T04:00:00+03:00,PM10,0.003
2022-06-20T04:00:00+03:00,NO2,0.009
2022-06-20T05:00:00+03:00,CO,0.01
2022-06-20T05:00:00+03:00,NO2,0.007
2022-06-20T05:00:00+03:00,PM10,0.003
2022-06-20T05:00:00+03:00,NO,0.001
2022-06-20T05:00:00+03:00,PM2.5,0.002
2022-06-20T06:00:00+03:00,CO,0.02
2022-06-20T06:00:00+03:00,PM10,0.002
2022-06-20T06:00:00+03:00,NO,0.002
2022-06-20T06:00:00+03:00,NO2,0.01
2022-06-20T06:00:00+03:00,PM2.5,0.002
2022-06-20T07:00:00+03:00,PM2.5,0.002
2022-06-20T07:00:00+03:00,CO,0.06
2022-06-20T07:00:00+03:00,NO2,0.02
2022-06-20T07:00:00+03:00,PM10,0.003
2022-06-20T07:00:00+03:00,NO,0.012
2022-06-20T08:00:00+03:00,NO,0.018
2022-06-20T08:00:00+03:00,NO2,0.023
2022-06-20T08:00:00+03:00,CO,0.1
2022-06-20T08:00:00+03:00,PM10,0.003
2022-06-20T08:00:00+03:00,PM2.5,0.002
2022-06-20T09:00:00+03:00,PM10,0.005
2022-06-20T09:00:00+03:00,PM2.5,0.004
2022-06-20T09:00:00+03:00,NO,0.026
2022-06-20T09:00:00+03:00,CO,0.16
2022-06-20T09:00:00+03:00,NO2,0.026
2022-06-20T10:00:00+03:00,PM10,0.003
2022-06-20T10:00:00+03:00,CO,0.12
2022-06-20T10:00:00+03:00,PM2.5,0.002
2022-06-20T10:00:00+03:00,NO,0.021
2022-06-20T10:00:00+03:00,NO2,0.026
2022-06-20T11:00:00+03:00,NO2,0.023
2022-06-20T11:00:00+03:00,CO,0.11
2022-06-20T11:00:00+03:00,PM10,0.008
2022-06-20T11:00:00+03:00,PM2.5,0.007
2022-06-20T11:00:00+03:00,NO,0.02
2022-06-20T12:00:00+03:00,NO,0.015
2022-06-20T12:00:00+03:00,PM10,0.007
2022-06-20T12:00:00+03:00,PM2.5,0.008
2022-06-20T12:00:00+03:00,NO2,0.018
2022-06-20T12:00:00+03:00,CO,0.11
2022-06-20T13:00:00+03:00,PM2.5,0.012
2022-06-20T13:00:00+03:00,PM10,0.011
2022-06-20T13:00:00+03:00,NO2,0.018
2022-06-20T13:00:00+03:00,NO,0.013
2022-06-20T13:00:00+03:00,CO,0.07
2022-06-20T14:00:00+03:00,PM2.5,0.016
2022-06-20T14:00:00+03:00,CO,0.11
2022-06-20T14:00:00+03:00,NO,0.014
2022-06-20T14:00:00+03:00,NO2,0.02
2022-06-20T14:00:00+03:00,PM10,0.016
2022-06-20T15:00:00+03:00,CO,0.09
2022-06-20T15:00:00+03:00,PM2.5,0.008
2022-06-20T15:00:00+03:00,NO,0.009
2022-06-20T15:00:00+03:00,NO2,0.016
2022-06-20T15:00:00+03:00,PM10,0.009
2022-06-20T16:00:00+03:00,CO,0.08
2022-06-20T16:00:00+03:00,PM10,0.009
2022-06-20T16:00:00+03:00,NO2,0.018
2022-06-20T16:00:00+03:00,NO,0.016
2022-06-20T16:00:00+03:00,PM2.5,0.008
2022-06-20T17:00:00+03:00,PM10,0.006
2022-06-20T17:00:00+03:00,CO,0.13
2022-06-20T17:00:00+03:00,PM2.5,0.006
2022-06-20T17:00:00+03:00,NO,0.018
2022-06-20T17:00:00+03:00,NO2,0.018
2022-06-20T18:00:00+03:00,NO,0.016
2022-06-20T18:00:00+03:00,CO,0.09
2022-06-20T18:00:00+03:00,PM10,0.007
2022-06-20T18:00:00+03:00,NO2,0.018
2022-06-20T18:00:00+03:00,PM2.5,0.006
2022-06-20T19:00:00+03:00,CO,0.12
2022-06-20T19:00:00+03:00,NO,0.019
2022-06-20T19:00:00+03:00,NO2,0.019
2022-06-20T19:00:00+03:00,PM10,0.007
2022-06-20T19:00:00+03:00,PM2.5,0.007
2022-06-20T20:00:00+03:00,CO,0.09
2022-06-20T20:00:00+03:00,NO,0.014
2022-06-20T20:00:00+03:00,PM10,0.006
2022-06-20T20:00:00+03:00,NO2,0.022
2022-06-20T20:00:00+03:00,PM2.5,0.005
2022-06-20T21:00:00+03:00,NO,0.027
2022-06-20T21:00:00+03:00,PM10,0.011
2022-06-20T21:00:00+03:00,CO,0.21
2022-06-20T21:00:00+03:00,PM2.5,0.011
2022-06-20T21:00:00+03:00,NO2,0.033
2022-06-20T22:00:00+03:00,CO,0.36
2022-06-20T22:00:00+03:00,PM2.5,0.013
2022-06-20T22:00:00+03:00,NO,0.075
2022-06-20T22:00:00+03:00,NO2,0.048
2022-06-20T22:00:00+03:00,PM10,0.013
2022-06-20T23:00:00+03:00,PM10,0.012
2022-06-20T23:00:00+03:00,NO2,0.044
2022-06-20T23:00:00+03:00,PM2.5,0.012
2022-06-20T23:00:00+03:00,NO,0.07
2022-06-20T23:00:00+03:00,CO,0.26
2022-06-21T00:00:00+03:00,NO2,0.046
2022-06-21T00:00:00+03:00,PM10,0.011
2022-06-21T00:00:00+03:00,NO,0.112
2022-06-21T00:00:00+03:00,PM2.5,0.011
2022-06-21T00:00:00+03:00,CO,0.47
2022-06-21T01:00:00+03:00,NO,0.112
2022-06-21T01:00:00+03:00,PM10,0.012
2022-06-21T01:00:00+03:00,CO,0.42
2022-06-21T01:00:00+03:00,NO2,0.048
2022-06-21T01:00:00+03:00,PM2.5,0.012
2022-06-21T02:00:00+03:00,PM2.5,0.012
2022-06-21T02:00:00+03:00,NO,0.058
2022-06-21T02:00:00+03:00,CO,0.3
2022-06-21T02:00:00+03:00,PM10,0.012
2022-06-21T02:00:00+03:00,NO2,0.044
2022-06-21T03:00:00+03:00,PM10,0.009
2022-06-21T03:00:00+03:00,NO,0.038
2022-06-21T03:00:00+03:00,PM2.5,0.009
2022-06-21T03:00:00+03:00,CO,0.22
2022-06-21T03:00:00+03:00,NO2,0.039
2022-06-21T04:00:00+03:00,PM2.5,0.008
2022-06-21T04:00:00+03:00,CO,0.23
2022-06-21T04:00:00+03:00,NO,0.029
2022-06-21T04:00:00+03:00,PM10,0.008
2022-06-21T04:00:00+03:00,NO2,0.035
2022-06-21T05:00:00+03:00,NO2,0.031
2022-06-21T05:00:00+03:00,CO,0.16
2022-06-21T05:00:00+03:00,NO,0.03
2022-06-21T05:00:00+03:00,PM10,0.006
2022-06-21T05:00:00+03:00,PM2.5,0.005
2022-06-21T06:00:00+03:00,PM2.5,0.009
2022-06-21T06:00:00+03:00,NO,0.032
2022-06-21T06:00:00+03:00,PM10,0.009
2022-06-21T06:00:00+03:00,NO2,0.026
2022-06-21T06:00:00+03:00,CO,0.22
2022-06-21T07:00:00+03:00,PM10,0.008
2022-06-21T07:00:00+03:00,PM2.5,0.008
2022-06-21T07:00:00+03:00,NO2,0.026
2022-06-21T07:00:00+03:00,NO,0.084
2022-06-21T07:00:00+03:00,CO,0.37
2022-06-21T08:00:00+03:00,NO,0.129
2022-06-21T08:00:00+03:00,PM10,0.01
2022-06-21T08:00:00+03:00,CO,0.5
2022-06-21T08:00:00+03:00,NO2,0.041
2022-06-21T08:00:00+03:00,PM2.5,0.01
2022-06-21T09:00:00+03:00,PM2.5,0.008
2022-06-21T09:00:00+03:00,NO2,0.044
2022-06-21T09:00:00+03:00,CO,0.34
2022-06-21T09:00:00+03:00,NO,0.051
2022-06-21T09:00:00+03:00,PM10,0.008
2022-06-21T10:00:00+03:00,CO,0.23
2022-06-21T10:00:00+03:00,NO2,0.042
2022-06-21T10:00:00+03:00,PM2.5,0.011
2022-06-21T10:00:00+03:00,NO,0.027
2022-06-21T10:00:00+03:00,PM10,0.011
2022-06-21T11:00:00+03:00,CO,0.21
2022-06-21T11:00:00+03:00,PM10,0.008
2022-06-21T11:00:00+03:00,NO,0.02
2022-06-21T11:00:00+03:00,NO2,0.044
2022-06-21T11:00:00+03:00,PM2.5,0.008
2022-06-21T12:00:00+03:00,CO,0.22
2022-06-21T12:00:00+03:00,PM10,0.01
2022-06-21T12:00:00+03:00,NO,0.021
2022-06-21T12:00:00+03:00,PM2.5,0.01
2022-06-21T12:00:00+03:00,NO2,0.045
2022-06-21T13:00:00+03:00,NO2,0.052
2022-06-21T13:00:00+03:00,CO,0.21
2022-06-21T13:00:00+03:00,NO,0.016
2022-06-21T13:00:00+03:00,PM2.5,0.01
2022-06-21T13:00:00+03:00,PM10,0.01
2022-06-21T14:00:00+03:00,NO2,0.056
2022-06-21T14:00:00+03:00,CO,0.23
2022-06-21T14:00:00+03:00,PM10,0.008
2022-06-21T14:00:00+03:00,PM2.5,0.007
2022-06-21T14:00:00+03:00,NO,0.028
2022-06-21T15:00:00+03:00,PM2.5,0.01
2022-06-21T15:00:00+03:00,NO,0.05
2022-06-21T15:00:00+03:00,CO,0.34
2022-06-21T15:00:00+03:00,PM10,0.01
2022-06-21T15:00:00+03:00,NO2,0.071
2022-06-21T16:00:00+03:00,NO,0.039
2022-06-21T16:00:00+03:00,NO2,0.066
2022-06-21T16:00:00+03:00,CO,0.3
2022-06-21T16:00:00+03:00,PM2.5,0.01
2022-06-21T16:00:00+03:00,PM10,0.01
2022-06-21T17:00:00+03:00,NO2,0.053
2022-06-21T17:00:00+03:00,PM10,0.009
2022-06-21T17:00:00+03:00,NO,0.014
2022-06-21T17:00:00+03:00,CO,0.19
2022-06-21T17:00:00+03:00,PM2.5,0.009
2022-06-21T18:00:00+03:00,NO2,0.05
2022-06-21T18:00:00+03:00,PM10,0.011
2022-06-21T18:00:00+03:00,NO,0.011
2022-06-21T18:00:00+03:00,PM2.5,0.01
2022-06-21T18:00:00+03:00,CO,0.2
2022-06-21T19:00:00+03:00,CO,0.23
2022-06-21T19:00:00+03:00,PM2.5,0.013
2022-06-21T19:00:00+03:00,NO2,0.054
2022-06-21T19:00:00+03:00,PM10,0.013
2022-06-21T19:00:00+03:00,NO,0.013
2022-06-21T20:00:00+03:00,PM2.5,0.009
2022-06-21T20:00:00+03:00,NO,0.01
2022-06-21T20:00:00+03:00,CO,0.19
2022-06-21T20:00:00+03:00,NO2,0.052
2022-06-21T20:00:00+03:00,PM10,0.009
2022-06-21T21:00:00+03:00,NO2,0.071
2022-06-21T21:00:00+03:00,PM2.5,0.012
2022-06-21T21:00:00+03:00,NO,0.032
2022-06-21T21:00:00+03:00,CO,0.31
2022-06-21T21:00:00+03:00,PM10,0.012
2022-06-21T22:00:00+03:00,PM10,0.012
2022-06-21T22:00:00+03:00,CO,0.4
2022-06-21T22:00:00+03:00,PM2.5,0.012
2022-06-21T22:00:00+03:00,NO2,0.075
2022-06-21T22:00:00+03:00,NO,0.045
2022-06-21T23:00:00+03:00,CO,0.47
2022-06-21T23:00:00+03:00,PM10,0.013
2022-06-21T23:00:00+03:00,NO,0.054
2022-06-21T23:00:00+03:00,PM2.5,0.012
2022-06-21T23:00:00+03:00,NO2,0.074
2022-06-22T00:00:00+03:00,NO,0.086
2022-06-22T00:00:00+03:00,PM2.5,0.015
2022-06-22T00:00:00+03:00,NO2,0.074
2022-06-22T00:00:00+03:00,CO,0.56
2022-06-22T00:00:00+03:00,PM10,0.016
2022-06-22T01:00:00+03:00,PM2.5,0.015
2022-06-22T01:00:00+03:00,PM10,0.016
2022-06-22T01:00:00+03:00,CO,0.62
2022-06-22T01:00:00+03:00,NO,0.12
2022-06-22T01:00:00+03:00,NO2,0.065
2022-06-22T02:00:00+03:00,NO,0.049
2022-06-22T02:00:00+03:00,NO2,0.059
2022-06-22T02:00:00+03:00,CO,0.39
2022-06-22T02:00:00+03:00,PM2.5,0.013
2022-06-22T02:00:00+03:00,PM10,0.014
2022-06-22T03:00:00+03:00,PM10,0.012
2022-06-22T03:00:00+03:00,PM2.5,0.01
2022-06-22T03:00:00+03:00,NO,0.028
2022-06-22T03:00:00+03:00,CO,0.25
2022-06-22T03:00:00+03:00,NO2,0.059
2022-06-22T04:00:00+03:00,NO,0.035
2022-06-22T04:00:00+03:00,PM10,0.012
2022-06-22T04:00:00+03:00,PM2.5,0.01
2022-06-22T04:00:00+03:00,CO,0.23
2022-06-22T04:00:00+03:00,NO2,0.055
2022-06-22T05:00:00+03:00,NO,0.062
2022-06-22T05:00:00+03:00,CO,0.25
2022-06-22T05:00:00+03:00,NO2,0.053
2022-06-22T05:00:00+03:00,PM2.5,0.011
2022-06-22T05:00:00+03:00,PM10,0.013
2022-06-22T06:00:00+03:00,NO2,0.049
2022-06-22T06:00:00+03:00,PM10,0.013
2022-06-22T06:00:00+03:00,PM2.5,0.01
2022-06-22T06:00:00+03:00,CO,0.31
2022-06-22T06:00:00+03:00,NO,0.07
2022-06-22T07:00:00+03:00,CO,0.12
2022-06-22T07:00:00+03:00,NO2,0.041
2022-06-22T07:00:00+03:00,PM2.5,0.007
2022-06-22T07:00:00+03:00,NO,0.019
2022-06-22T07:00:00+03:00,PM10,0.01
2022-06-22T08:00:00+03:00,PM2.5,0.007
2022-06-22T08:00:00+03:00,PM10,0.01
2022-06-22T08:00:00+03:00,NO2,0.041
2022-06-22T08:00:00+03:00,CO,0.18
2022-06-22T08:00:00+03:00,NO,0.029
2022-06-22T09:00:00+03:00,CO,0.15
2022-06-22T09:00:00+03:00,NO2,0.036
2022-06-22T09:00:00+03:00,NO,0.018
2022-06-22T09:00:00+03:00,PM10,0.009
2022-06-22T09:00:00+03:00,PM2.5,0.006
2022-06-22T10:00:00+03:00,NO2,0.038
2022-06-22T10:00:00+03:00,CO,0.15
2022-06-22T10:00:00+03:00,PM10,0.01
2022-06-22T10:00:00+03:00,PM2.5,0.007
2022-06-22T10:00:00+03:00,NO,0.021
2022-06-22T11:00:00+03:00,NO2,0.033
2022-06-22T11:00:00+03:00,PM2.5,0.008
2022-06-22T11:00:00+03:00,PM10,0.011
2022-06-22T11:00:00+03:00,CO,0.11
2022-06-22T11:00:00+03:00,NO,0.016
2022-06-22T12:00:00+03:00,PM10,0.008
2022-06-22T12:00:00+03:00,PM2.5,0.006
2022-06-22T12:00:00+03:00,CO,0.1
2022-06-22T12:00:00+03:00,NO2,0.035
2022-06-22T12:00:00+03:00,NO,0.017
2022-06-22T13:00:00+03:00,PM10,0.009
2022-06-22T13:00:00+03:00,NO2,0.027
2022-06-22T13:00:00+03:00,CO,0.06
2022-06-22T13:00:00+03:00,NO,0.011
2022-06-22T13:00:00+03:00,PM2.5,0.008
2022-06-22T14:00:00+03:00,NO2,0.028
2022-06-22T14:00:00+03:00,PM10,0.011
2022-06-22T14:00:00+03:00,NO,0.006
2022-06-22T14:00:00+03:00,CO,0.03
2022-06-22T14:00:00+03:00,PM2.5,0.01
2022-06-22T15:00:00+03:00,PM10,0.008
2022-06-22T15:00:00+03:00,NO,0.007
2022-06-22T15:00:00+03:00,NO2,0.025
2022-06-22T15:00:00+03:00,CO,0.29
2022-06-22T15:00:00+03:00,PM2.5,0.007
2022-06-22T16:00:00+03:00,PM2.5,0.01
2022-06-22T16:00:00+03:00,NO2,0.029
2022-06-22T16:00:00+03:00,PM10,0.011
2022-06-22T16:00:00+03:00,NO,0.008
2022-06-22T16:00:00+03:00,CO,0.12
2022-06-22T17:00:00+03:00,NO,0.007
2022-06-22T17:00:00+03:00,CO,0.04
2022-06-22T17:00:00+03:00,NO2,0.025
2022-06-22T17:00:00+03:00,PM2.5,0.006
2022-06-22T17:00:00+03:00,PM10,0.006
2022-06-22T18:00:00+03:00,CO,0.06
2022-06-22T18:00:00+03:00,PM10,0.009
2022-06-22T18:00:00+03:00,PM2.5,0.007
2022-06-22T18:00:00+03:00,NO,0.006
2022-06-22T18:00:00+03:00,NO2,0.033
2022-06-22T19:00:00+03:00,PM2.5,0.006
2022-06-22T19:00:00+03:00,NO,0.009
2022-06-22T19:00:00+03:00,PM10,0.008
2022-06-22T19:00:00+03:00,NO2,0.035
2022-06-22T19:00:00+03:00,CO,0.07
2022-06-22T20:00:00+03:00,NO,0.007
2022-06-22T20:00:00+03:00,PM2.5,0.005
2022-06-22T20:00:00+03:00,NO2,0.033
2022-06-22T20:00:00+03:00,PM10,0.006
2022-06-22T20:00:00+03:00,CO,0.06
2022-06-22T21:00:00+03:00,PM10,0.007
2022-06-22T21:00:00+03:00,PM2.5,0.006
2022-06-22T21:00:00+03:00,NO,0.002
2022-06-22T21:00:00+03:00,NO2,0.027
2022-06-22T21:00:00+03:00,CO,0.03
2022-06-22T22:00:00+03:00,CO,0.07
2022-06-22T22:00:00+03:00,PM10,0.009
2022-06-22T22:00:00+03:00,NO,0.003
2022-06-22T22:00:00+03:00,NO2,0.035
2022-06-22T22:00:00+03:00,PM2.5,0.008
2022-06-22T23:00:00+03:00,PM10,0.008
2022-06-22T23:00:00+03:00,NO,0.003
2022-06-22T23:00:00+03:00,PM2.5,0.006
2022-06-22T23:00:00+03:00,CO,0.04
2022-06-22T23:00:00+03:00,NO2,0.029
2022-06-23T00:00:00+03:00,PM10,0.008
2022-06-23T00:00:00+03:00,NO2,0.041
2022-06-23T00:00:00+03:00,CO,0.06
2022-06-23T00:00:00+03:00,NO,0.006
2022-06-23T00:00:00+03:00,PM2.5,0.006
2022-06-23T01:00:00+03:00,CO,0.13
2022-06-23T01:00:00+03:00,PM10,0.011
2022-06-23T01:00:00+03:00,NO,0.012
2022-06-23T01:00:00+03:00,NO2,0.053
2022-06-23T01:00:00+03:00,PM2.5,0.01
2022-06-23T02:00:00+03:00,NO2,0.047
2022-06-23T02:00:00+03:00,CO,0.09
2022-06-23T02:00:00+03:00,PM2.5,0.008
2022-06-23T02:00:00+03:00,NO,0.008
2022-06-23T02:00:00+03:00,PM10,0.009
2022-06-23T03:00:00+03:00,NO2,0.045
2022-06-23T03:00:00+03:00,PM10,0.008
2022-06-23T03:00:00+03:00,PM2.5,0.007
2022-06-23T03:00:00+03:00,NO,0.012
2022-06-23T03:00:00+03:00,CO,0.03
2022-06-23T04:00:00+03:00,PM2.5,0.01
2022-06-23T04:00:00+03:00,NO,0.026
2022-06-23T04:00:00+03:00,NO2,0.054
2022-06-23T04:00:00+03:00,PM10,0.011
2022-06-23T04:00:00+03:00,CO,0.09
2022-06-23T05:00:00+03:00,PM2.5,0.008
2022-06-23T05:00:00+03:00,NO,0.016
2022-06-23T05:00:00+03:00,PM10,0.009
2022-06-23T05:00:00+03:00,NO2,0.045
2022-06-23T05:00:00+03:00,CO,0.02
2022-06-23T06:00:00+03:00,CO,0.05
2022-06-23T06:00:00+03:00,PM10,0.009
2022-06-23T06:00:00+03:00,NO2,0.043
2022-06-23T06:00:00+03:00,PM2.5,0.008
2022-06-23T06:00:00+03:00,NO,0.023
2022-06-23T07:00:00+03:00,CO,0.07
2022-06-23T07:00:00+03:00,NO,0.026
2022-06-23T07:00:00+03:00,PM2.5,0.007
2022-06-23T07:00:00+03:00,PM10,0.009
2022-06-23T07:00:00+03:00,NO2,0.043
2022-06-23T08:00:00+03:00,CO,0.15
2022-06-23T08:00:00+03:00,NO,0.03
2022-06-23T08:00:00+03:00,PM10,0.008
2022-06-23T08:00:00+03:00,PM2.5,0.005
2022-06-23T08:00:00+03:00,NO2,0.041
2022-06-23T09:00:00+03:00,NO,0.021
2022-06-23T09:00:00+03:00,PM10,0.007
2022-06-23T09:00:00+03:00,PM2.5,0.004
2022-06-23T09:00:00+03:00,NO2,0.034
2022-06-23T09:00:00+03:00,CO,0.11
2022-06-23T10:00:00+03:00,CO,0.03
2022-06-23T10:00:00+03:00,NO2,0.025
2022-06-23T10:00:00+03:00,PM2.5,0.003
2022-06-23T10:00:00+03:00,PM10,0.005
2022-06-23T10:00:00+03:00,NO,0.012
2022-06-23T11:00:00+03:00,NO,0.01
2022-06-23T11:00:00+03:00,NO2,0.026
2022-06-23T11:00:00+03:00,PM2.5,0.003
2022-06-23T11:00:00+03:00,CO,0.03
2022-06-23T11:00:00+03:00,PM10,0.004
2022-06-23T12:00:00+03:00,CO,0.03
2022-06-23T12:00:00+03:00,PM2.5,0.004
2022-06-23T12:00:00+03:00,NO2,0.028
2022-06-23T12:00:00+03:00,PM10,0.006
2022-06-23T12:00:00+03:00,NO,0.009
2022-06-23T13:00:00+03:00,CO,0.05
2022-06-23T13:00:00+03:00,PM10,0.008
2022-06-23T13:00:00+03:00,NO2,0.024
2022-06-23T13:00:00+03:00,NO,0.008
2022-06-23T13:00:00+03:00,PM2.5,0.006
2022-06-23T14:00:00+03:00,PM10,0.011
2022-06-23T14:00:00+03:00,CO,0.04
2022-06-23T14:00:00+03:00,PM2.5,0.009
2022-06-23T14:00:00+03:00,NO,0.01
2022-06-23T14:00:00+03:00,NO2,0.026
2022-06-23T15:00:00+03:00,NO2,0.022
2022-06-23T15:00:00+03:00,NO,0.005
2022-06-23T15:00:00+03:00,PM2.5,0.005
2022-06-23T15:00:00+03:00,PM10,0.008
2022-06-23T15:00:00+03:00,CO,0.01
2022-06-23T16:00:00+03:00,NO,0.005
2022-06-23T16:00:00+03:00,NO2,0.026
2022-06-23T16:00:00+03:00,CO,0.01
2022-06-23T16:00:00+03:00,PM2.5,0.007
2022-06-23T16:00:00+03:00,PM10,0.01
2022-06-23T17:00:00+03:00,PM10,0.022
2022-06-23T17:00:00+03:00,PM2.5,0.021
2022-06-23T17:00:00+03:00,CO,0.02
2022-06-23T17:00:00+03:00,NO,0.005
2022-06-23T17:00:00+03:00,NO2,0.027
2022-06-23T18:00:00+03:00,PM2.5,0.014
2022-06-23T18:00:00+03:00,NO2,0.026
2022-06-23T18:00:00+03:00,NO,0.004
2022-06-23T18:00:00+03:00,CO,0.03
2022-06-23T18:00:00+03:00,PM10,0.016
2022-06-23T19:00:00+03:00,PM10,0.014
2022-06-23T19:00:00+03:00,NO,0.005
2022-06-23T19:00:00+03:00,NO2,0.035
2022-06-23T19:00:00+03:00,CO,0.06
2022-06-23T19:00:00+03:00,PM2.5,0.012
2022-06-23T20:00:00+03:00,NO2,0.056
2022-06-23T20:00:00+03:00,CO,0.1
2022-06-23T20:00:00+03:00,NO,0.006
2022-06-23T20:00:00+03:00,PM10,0.013
2022-06-23T20:00:00+03:00,PM2.5,0.011
2022-06-23T21:00:00+03:00,PM10,0.016
2022-06-23T21:00:00+03:00,CO,0.24
2022-06-23T21:00:00+03:00,NO2,0.069
2022-06-23T21:00:00+03:00,PM2.5,0.015
2022-06-23T21:00:00+03:00,NO,0.033
2022-06-23T22:00:00+03:00,NO2,0.069
2022-06-23T22:00:00+03:00,CO,0.4
2022-06-23T22:00:00+03:00,PM2.5,0.014
2022-06-23T22:00:00+03:00,NO,0.052
2022-06-23T22:00:00+03:00,PM10,0.015
2022-06-23T23:00:00+03:00,NO2,0.068
2022-06-23T23:00:00+03:00,PM2.5,0.014
2022-06-23T23:00:00+03:00,CO,0.36
2022-06-23T23:00:00+03:00,NO,0.065
2022-06-23T23:00:00+03:00,PM10,0.015
2022-06-24T00:00:00+03:00,NO,0.119
2022-06-24T00:00:00+03:00,CO,0.57
2022-06-24T00:00:00+03:00,PM10,0.02
2022-06-24T00:00:00+03:00,NO2,0.071
2022-06-24T00:00:00+03:00,PM2.5,0.02
2022-06-24T01:00:00+03:00,NO2,0.07
2022-06-24T01:00:00+03:00,PM2.5,0.015
2022-06-24T01:00:00+03:00,NO,0.069
2022-06-24T01:00:00+03:00,PM10,0.016
2022-06-24T01:00:00+03:00,CO,0.32
2022-06-24T02:00:00+03:00,PM2.5,0.019
2022-06-24T02:00:00+03:00,CO,0.34
2022-06-24T02:00:00+03:00,PM10,0.019
2022-06-24T02:00:00+03:00,NO,0.098
2022-06-24T02:00:00+03:00,NO2,0.066
2022-06-24T03:00:00+03:00,NO2,0.066
2022-06-24T03:00:00+03:00,CO,0.48
2022-06-24T03:00:00+03:00,PM10,0.016
2022-06-24T03:00:00+03:00,NO,0.151
2022-06-24T03:00:00+03:00,PM2.5,0.015
2022-06-24T04:00:00+03:00,PM10,0.012
2022-06-24T04:00:00+03:00,NO2,0.068
2022-06-24T04:00:00+03:00,CO,0.25
2022-06-24T04:00:00+03:00,PM2.5,0.011
2022-06-24T04:00:00+03:00,NO,0.104
2022-06-24T05:00:00+03:00,NO,0.141
2022-06-24T05:00:00+03:00,NO2,0.068
2022-06-24T05:00:00+03:00,PM10,0.016
2022-06-24T05:00:00+03:00,CO,0.33
2022-06-24T05:00:00+03:00,PM2.5,0.016
2022-06-24T06:00:00+03:00,NO2,0.067
2022-06-24T06:00:00+03:00,PM2.5,0.01
2022-06-24T06:00:00+03:00,CO,0.29
2022-06-24T06:00:00+03:00,NO,0.091
2022-06-24T06:00:00+03:00,PM10,0.011
2022-06-24T07:00:00+03:00,NO2,0.066
2022-06-24T07:00:00+03:00,CO,0.27
2022-06-24T07:00:00+03:00,PM10,0.012
2022-06-24T07:00:00+03:00,PM2.5,0.011
2022-06-24T07:00:00+03:00,NO,0.07
2022-06-24T08:00:00+03:00,PM10,0.014
2022-06-24T08:00:00+03:00,CO,0.37
2022-06-24T08:00:00+03:00,NO2,0.069
2022-06-24T08:00:00+03:00,PM2.5,0.012
2022-06-24T08:00:00+03:00,NO,0.07
2022-06-24T09:00:00+03:00,PM10,0.007
2022-06-24T09:00:00+03:00,CO,0.13
2022-06-24T09:00:00+03:00,NO2,0.045
2022-06-24T09:00:00+03:00,PM2.5,0.006
2022-06-24T09:00:00+03:00,NO,0.017
2022-06-24T10:00:00+03:00,PM10,0.009
2022-06-24T10:00:00+03:00,NO2,0.042
2022-06-24T10:00:00+03:00,CO,0.13
2022-06-24T10:00:00+03:00,PM2.5,0.007
2022-06-24T10:00:00+03:00,NO,0.017
2022-06-24T11:00:00+03:00,NO2,0.037
2022-06-24T11:00:00+03:00,NO,0.016
2022-06-24T11:00:00+03:00,PM10,0.006
2022-06-24T11:00:00+03:00,CO,0.1
2022-06-24T11:00:00+03:00,PM2.5,0.005
2022-06-24T12:00:00+03:00,PM2.5,0.006
2022-06-24T12:00:00+03:00,NO,0.009
2022-06-24T12:00:00+03:00,PM10,0.007
2022-06-24T12:00:00+03:00,CO,0.08
2022-06-24T12:00:00+03:00,NO2,0.032
2022-06-24T13:00:00+03:00,NO2,0.03
2022-06-24T13:00:00+03:00,PM2.5,0.008
2022-06-24T13:00:00+03:00,PM10,0.009
2022-06-24T13:00:00+03:00,NO,0.008
2022-06-24T13:00:00+03:00,CO,0.06
2022-06-24T14:00:00+03:00,NO,0.005
2022-06-24T14:00:00+03:00,NO2,0.026
2022-06-24T14:00:00+03:00,CO,0.05
2022-06-24T14:00:00+03:00,PM10,0.012
2022-06-24T14:00:00+03:00,PM2.5,0.011
2022-06-24T15:00:00+03:00,PM10,0.01
2022-06-24T15:00:00+03:00,CO,0.06
2022-06-24T15:00:00+03:00,PM2.5,0.008
2022-06-24T15:00:00+03:00,NO,0.005
2022-06-24T15:00:00+03:00,NO2,0.03
2022-06-24T16:00:00+03:00,NO,0.007
2022-06-24T16:00:00+03:00,PM2.5,0.011
2022-06-24T16:00:00+03:00,CO,0.08
2022-06-24T16:00:00+03:00,NO2,0.034
2022-06-24T16:00:00+03:00,PM10,0.012
2022-06-24T17:00:00+03:00,CO,0.11
2022-06-24T17:00:00+03:00,NO,0.012
2022-06-24T17:00:00+03:00,PM2.5,0.022
2022-06-24T17:00:00+03:00,NO2,0.038
2022-06-24T17:00:00+03:00,PM10,0.022
2022-06-24T18:00:00+03:00,CO,0.09
2022-06-24T18:00:00+03:00,NO2,0.035
2022-06-24T18:00:00+03:00,PM2.5,0.021
2022-06-24T18:00:00+03:00,NO,0.01
2022-06-24T18:00:00+03:00,PM10,0.021
2022-06-24T19:00:00+03:00,CO,0.17
2022-06-24T19:00:00+03:00,PM10,0.016
2022-06-24T19:00:00+03:00,PM2.5,0.015
2022-06-24T19:00:00+03:00,NO2,0.043
2022-06-24T19:00:00+03:00,NO,0.019
2022-06-24T20:00:00+03:00,NO2,0.046
2022-06-24T20:00:00+03:00,PM10,0.014
2022-06-24T20:00:00+03:00,CO,0.13
2022-06-24T20:00:00+03:00,PM2.5,0.013
2022-06-24T20:00:00+03:00,NO,0.013
2022-06-24T21:00:00+03:00,NO,0.008
2022-06-24T21:00:00+03:00,CO,0.15
2022-06-24T21:00:00+03:00,PM10,0.012
2022-06-24T21:00:00+03:00,NO2,0.05
2022-06-24T21:00:00+03:00,PM2.5,0.011
2022-06-24T22:00:00+03:00,NO2,0.065
2022-06-24T22:00:00+03:00,NO,0.013
2022-06-24T22:00:00+03:00,PM10,0.014
2022-06-24T22:00:00+03:00,PM2.5,0.014
2022-06-24T22:00:00+03:00,CO,0.22
2022-06-24T23:00:00+03:00,PM10,0.018
2022-06-24T23:00:00+03:00,PM2.5,0.018
2022-06-24T23:00:00+03:00,NO2,0.071
2022-06-24T23:00:00+03:00,CO,0.39
2022-06-24T23:00:00+03:00,NO,0.048
2022-06-25T00:00:00+03:00,PM2.5,0.019
2022-06-25T00:00:00+03:00,NO,0.054
2022-06-25T00:00:00+03:00,CO,0.44
2022-06-25T00:00:00+03:00,NO2,0.073
2022-06-25T00:00:00+03:00,PM10,0.02
2022-06-25T01:00:00+03:00,PM2.5,0.024
2022-06-25T01:00:00+03:00,NO2,0.076
2022-06-25T01:00:00+03:00,NO,0.145
2022-06-25T01:00:00+03:00,CO,0.75
2022-06-25T01:00:00+03:00,PM10,0.023
2022-06-25T02:00:00+03:00,NO,0.204
2022-06-25T02:00:00+03:00,PM10,0.025
2022-06-25T02:00:00+03:00,NO2,0.078
2022-06-25T02:00:00+03:00,PM2.5,0.026
2022-06-25T02:00:00+03:00,CO,0.92
2022-06-25T03:00:00+03:00,PM2.5,0.023
2022-06-25T03:00:00+03:00,PM10,0.023
2022-06-25T03:00:00+03:00,NO2,0.078
2022-06-25T03:00:00+03:00,CO,0.66
2022-06-25T03:00:00+03:00,NO,0.17
2022-06-25T04:00:00+03:00,NO2,0.076
2022-06-25T04:00:00+03:00,PM2.5,0.022
2022-06-25T04:00:00+03:00,PM10,0.022
2022-06-25T04:00:00+03:00,NO,0.169
2022-06-25T04:00:00+03:00,CO,0.61
2022-06-25T05:00:00+03:00,PM10,0.021
2022-06-25T05:00:00+03:00,NO,0.144
2022-06-25T05:00:00+03:00,CO,0.58
2022-06-25T05:00:00+03:00,NO2,0.076
2022-06-25T05:00:00+03:00,PM2.5,0.02
2022-06-25T06:00:00+03:00,PM10,0.02
2022-06-25T06:00:00+03:00,CO,0.4
2022-06-25T06:00:00+03:00,NO2,0.077
2022-06-25T06:00:00+03:00,NO,0.082
2022-06-25T06:00:00+03:00,PM2.5,0.019
2022-06-25T07:00:00+03:00,NO,0.05
2022-06-25T07:00:00+03:00,NO2,0.076
2022-06-25T07:00:00+03:00,CO,0.29
2022-06-25T07:00:00+03:00,PM2.5,0.018
2022-06-25T07:00:00+03:00,PM10,0.019
2022-06-25T08:00:00+03:00,NO2,0.065
2022-06-25T08:00:00+03:00,CO,0.19
2022-06-25T08:00:00+03:00,NO,0.027
2022-06-25T08:00:00+03:00,PM10,0.018
2022-06-25T08:00:00+03:00,PM2.5,0.017
2022-06-25T09:00:00+03:00,NO2,0.057
2022-06-25T09:00:00+03:00,PM2.5,0.006
2022-06-25T09:00:00+03:00,NO,0.018
2022-06-25T09:00:00+03:00,PM10,0.008
2022-06-25T09:00:00+03:00,CO,0.14
2022-06-25T10:00:00+03:00,PM2.5,0.011
2022-06-25T10:00:00+03:00,CO,0.09
2022-06-25T10:00:00+03:00,NO2,0.037
2022-06-25T10:00:00+03:00,PM10,0.013
2022-06-25T10:00:00+03:00,NO,0.009
2022-06-25T11:00:00+03:00,PM10,0.005
2022-06-25T11:00:00+03:00,NO2,0.023
2022-06-25T11:00:00+03:00,NO,0.004
2022-06-25T11:00:00+03:00,PM2.5,0.003
2022-06-25T11:00:00+03:00,CO,0.05
2022-06-25T12:00:00+03:00,NO2,0.022
2022-06-25T12:00:00+03:00,CO,0.05
2022-06-25T12:00:00+03:00,NO,0.003
2022-06-25T12:00:00+03:00,PM2.5,0.009
2022-06-25T12:00:00+03:00,PM10,0.01
2022-06-25T13:00:00+03:00,PM2.5,0.011
2022-06-25T13:00:00+03:00,NO2,0.02
2022-06-25T13:00:00+03:00,PM10,0.012
2022-06-25T13:00:00+03:00,NO,0.002
2022-06-25T13:00:00+03:00,CO,0.05
2022-06-25T14:00:00+03:00,CO,0.03
2022-06-25T14:00:00+03:00,PM2.5,0.014
2022-06-25T14:00:00+03:00,NO2,0.02
2022-06-25T14:00:00+03:00,NO,0.002
2022-06-25T14:00:00+03:00,PM10,0.015
2022-06-25T15:00:00+03:00,CO,0.03
2022-06-25T15:00:00+03:00,PM10,0.011
2022-06-25T15:00:00+03:00,PM2.5,0.01
2022-06-25T15:00:00+03:00,NO2,0.022
2022-06-25T15:00:00+03:00,NO,0.002
2022-06-25T16:00:00+03:00,NO,0.002
2022-06-25T16:00:00+03:00,CO,0.04
2022-06-25T16:00:00+03:00,NO2,0.025
2022-06-25T16:00:00+03:00,PM10,0.012
2022-06-25T16:00:00+03:00,PM2.5,0.011
2022-06-25T17:00:00+03:00,PM2.5,0.022
2022-06-25T17:00:00+03:00,NO,0.002
2022-06-25T17:00:00+03:00,CO,0.04
2022-06-25T17:00:00+03:00,PM10,0.022
2022-06-25T17:00:00+03:00,NO2,0.025
2022-06-25T18:00:00+03:00,NO2,0.031
2022-06-25T18:00:00+03:00,PM10,0.018
2022-06-25T18:00:00+03:00,PM2.5,0.018
2022-06-25T18:00:00+03:00,NO,0.002
2022-06-25T18:00:00+03:00,CO,0.06
2022-06-25T19:00:00+03:00,NO2,0.043
2022-06-25T19:00:00+03:00,NO,0.003
2022-06-25T19:00:00+03:00,PM2.5,0.018
2022-06-25T19:00:00+03:00,PM10,0.018
2022-06-25T19:00:00+03:00,CO,0.07
2022-06-25T20:00:00+03:00,NO,0.002
2022-06-25T20:00:00+03:00,PM10,0.015
2022-06-25T20:00:00+03:00,NO2,0.044
2022-06-25T20:00:00+03:00,PM2.5,0.014
2022-06-25T20:00:00+03:00,CO,0.11
2022-06-25T21:00:00+03:00,NO,0.007
2022-06-25T21:00:00+03:00,NO2,0.068
2022-06-25T21:00:00+03:00,PM2.5,0.016
2022-06-25T21:00:00+03:00,PM10,0.017
2022-06-25T21:00:00+03:00,CO,0.21
2022-06-25T22:00:00+03:00,NO,0.065
2022-06-25T22:00:00+03:00,CO,0.56
2022-06-25T22:00:00+03:00,PM2.5,0.023
2022-06-25T22:00:00+03:00,PM10,0.022
2022-06-25T22:00:00+03:00,NO2,0.074
2022-06-25T23:00:00+03:00,NO,0.169
2022-06-25T23:00:00+03:00,PM10,0.029
2022-06-25T23:00:00+03:00,PM2.5,0.03
2022-06-25T23:00:00+03:00,CO,1.02
2022-06-25T23:00:00+03:00,NO2,0.084
2022-06-26T00:00:00+03:00,PM2.5,0.028
2022-06-26T00:00:00+03:00,NO,0.138
2022-06-26T00:00:00+03:00,NO2,0.077
2022-06-26T00:00:00+03:00,PM10,0.027
2022-06-26T00:00:00+03:00,CO,0.87
2022-06-26T01:00:00+03:00,PM10,0.03
2022-06-26T01:00:00+03:00,CO,1.3
2022-06-26T01:00:00+03:00,NO2,0.08
2022-06-26T01:00:00+03:00,PM2.5,0.03
2022-06-26T01:00:00+03:00,NO,0.245
2022-06-26T02:00:00+03:00,NO2,0.074
2022-06-26T02:00:00+03:00,PM10,0.025
2022-06-26T02:00:00+03:00,PM2.5,0.025
2022-06-26T02:00:00+03:00,NO,0.222
2022-06-26T02:00:00+03:00,CO,1.3
2022-06-26T03:00:00+03:00,PM2.5,0.024
2022-06-26T03:00:00+03:00,NO2,0.07
2022-06-26T03:00:00+03:00,NO,0.179
2022-06-26T03:00:00+03:00,CO,1.01
2022-06-26T03:00:00+03:00,PM10,0.024
2022-06-26T04:00:00+03:00,CO,0.68
2022-06-26T04:00:00+03:00,PM10,0.02
2022-06-26T04:00:00+03:00,NO,0.119
2022-06-26T04:00:00+03:00,PM2.5,0.02
2022-06-26T04:00:00+03:00,NO2,0.059
2022-06-26T05:00:00+03:00,PM10,0.023
2022-06-26T05:00:00+03:00,NO2,0.063
2022-06-26T05:00:00+03:00,PM2.5,0.023
2022-06-26T05:00:00+03:00,NO,0.178
2022-06-26T05:00:00+03:00,CO,0.78
2022-06-26T06:00:00+03:00,NO2,0.062
2022-06-26T06:00:00+03:00,PM2.5,0.02
2022-06-26T06:00:00+03:00,NO,0.109
2022-06-26T06:00:00+03:00,PM10,0.021
2022-06-26T06:00:00+03:00,CO,0.59
2022-06-26T07:00:00+03:00,PM2.5,0.029
2022-06-26T07:00:00+03:00,CO,0.86
2022-06-26T07:00:00+03:00,NO2,0.071
2022-06-26T07:00:00+03:00,PM10,0.028
2022-06-26T07:00:00+03:00,NO,0.199
2022-06-26T08:00:00+03:00,NO,0.032
2022-06-26T08:00:00+03:00,CO,0.28
2022-06-26T08:00:00+03:00,PM2.5,0.006
2022-06-26T08:00:00+03:00,NO2,0.076
2022-06-26T08:00:00+03:00,PM10,0.008
2022-06-26T09:00:00+03:00,NO,0.013
2022-06-26T09:00:00+03:00,CO,0.13
2022-06-26T09:00:00+03:00,PM10,0.011
2022-06-26T09:00:00+03:00,PM2.5,0.009
2022-06-26T09:00:00+03:00,NO2,0.052
2022-06-26T10:00:00+03:00,NO2,0.055
2022-06-26T10:00:00+03:00,CO,0.17
2022-06-26T10:00:00+03:00,PM2.5,0.009
2022-06-26T10:00:00+03:00,NO,0.016
2022-06-26T10:00:00+03:00,PM10,0.012
2022-06-26T11:00:00+03:00,NO2,0.039
2022-06-26T11:00:00+03:00,PM10,0.008
2022-06-26T11:00:00+03:00,NO,0.008
2022-06-26T11:00:00+03:00,PM2.5,0.006
2022-06-26T11:00:00+03:00,CO,0.06
2022-06-26T12:00:00+03:00,NO2,0.028
2022-06-26T12:00:00+03:00,PM2.5,0.004
2022-06-26T12:00:00+03:00,PM10,0.005
2022-06-26T12:00:00+03:00,NO,0.005
2022-06-26T12:00:00+03:00,CO,0.03
2022-06-26T13:00:00+03:00,PM10,0.014
2022-06-26T13:00:00+03:00,PM2.5,0.013
2022-06-26T13:00:00+03:00,NO2,0.034
2022-06-26T13:00:00+03:00,CO,0.09
2022-06-26T13:00:00+03:00,NO,0.006
2022-06-26T14:00:00+03:00,NO,0.007
2022-06-26T14:00:00+03:00,PM2.5,0.013
2022-06-26T14:00:00+03:00,CO,0.1
2022-06-26T14:00:00+03:00,NO2,0.04
2022-06-26T14:00:00+03:00,PM10,0.014
2022-06-26T15:00:00+03:00,CO,0.09
2022-06-26T15:00:00+03:00,PM2.5,0.014
2022-06-26T15:00:00+03:00,PM10,0.015
2022-06-26T15:00:00+03:00,NO2,0.032
2022-06-26T15:00:00+03:00,NO,0.004
2022-06-26T16:00:00+03:00,NO,0.004
2022-06-26T16:00:00+03:00,CO,0.08
2022-06-26T16:00:00+03:00,NO2,0.033
2022-06-26T16:00:00+03:00,PM10,0.01
2022-06-26T16:00:00+03:00,PM2.5,0.009
2022-06-26T17:00:00+03:00,NO2,0.041
2022-06-26T17:00:00+03:00,CO,0.14
2022-06-26T17:00:00+03:00,PM10,0.016
2022-06-26T17:00:00+03:00,PM2.5,0.015
2022-06-26T17:00:00+03:00,NO,0.006
2022-06-26T18:00:00+03:00,PM2.5,0.024
2022-06-26T18:00:00+03:00,CO,0.11
2022-06-26T18:00:00+03:00,NO,0.005
2022-06-26T18:00:00+03:00,PM10,0.024
2022-06-26T18:00:00+03:00,NO2,0.038
2022-06-26T19:00:00+03:00,CO,0.16
2022-06-26T19:00:00+03:00,PM2.5,0.022
2022-06-26T19:00:00+03:00,NO,0.009
2022-06-26T19:00:00+03:00,PM10,0.022
2022-06-26T19:00:00+03:00,NO2,0.064
2022-06-26T20:00:00+03:00,CO,0.51
2022-06-26T20:00:00+03:00,NO2,0.119
2022-06-26T20:00:00+03:00,NO,0.035
2022-06-26T20:00:00+03:00,PM2.5,0.027
2022-06-26T20:00:00+03:00,PM10,0.027
2022-06-26T21:00:00+03:00,PM10,0.03
2022-06-26T21:00:00+03:00,PM2.5,0.031
2022-06-26T21:00:00+03:00,NO,0.054
2022-06-26T21:00:00+03:00,NO2,0.114
2022-06-26T21:00:00+03:00,CO,0.68
2022-06-26T22:00:00+03:00,NO2,0.108
2022-06-26T22:00:00+03:00,CO,0.9
2022-06-26T22:00:00+03:00,PM10,0.027
2022-06-26T22:00:00+03:00,NO,0.076
2022-06-26T22:00:00+03:00,PM2.5,0.027
2022-06-26T23:00:00+03:00,NO,0.187
2022-06-26T23:00:00+03:00,PM2.5,0.031
2022-06-26T23:00:00+03:00,PM10,0.03
2022-06-26T23:00:00+03:00,NO2,0.1
2022-06-26T23:00:00+03:00,CO,1.28
2022-06-27T00:00:00+03:00,CO,0.95
2022-06-27T00:00:00+03:00,PM10,0.028
2022-06-27T00:00:00+03:00,NO2,0.091
2022-06-27T00:00:00+03:00,NO,0.155
2022-06-27T00:00:00+03:00,PM2.5,0.028
2022-06-27T01:00:00+03:00,PM10,0.028
2022-06-27T01:00:00+03:00,NO2,0.085
2022-06-27T01:00:00+03:00,PM2.5,0.028
2022-06-27T01:00:00+03:00,CO,0.77
2022-06-27T01:00:00+03:00,NO,0.131
2022-06-27T02:00:00+03:00,PM10,0.024
2022-06-27T02:00:00+03:00,PM2.5,0.025
2022-06-27T02:00:00+03:00,NO2,0.081
2022-06-27T02:00:00+03:00,NO,0.062
2022-06-27T02:00:00+03:00,CO,0.61
2022-06-27T03:00:00+03:00,PM10,0.028
2022-06-27T03:00:00+03:00,NO,0.09
2022-06-27T03:00:00+03:00,NO2,0.072
2022-06-27T03:00:00+03:00,PM2.5,0.028
2022-06-27T03:00:00+03:00,CO,0.73
2022-06-27T04:00:00+03:00,NO2,0.064
2022-06-27T04:00:00+03:00,PM10,0.026
2022-06-27T04:00:00+03:00,PM2.5,0.026
2022-06-27T04:00:00+03:00,NO,0.091
2022-06-27T04:00:00+03:00,CO,0.6
2022-06-27T05:00:00+03:00,PM2.5,0.025
2022-06-27T05:00:00+03:00,PM10,0.025
2022-06-27T05:00:00+03:00,NO2,0.059
2022-06-27T05:00:00+03:00,CO,0.51
2022-06-27T05:00:00+03:00,NO,0.063
2022-06-27T06:00:00+03:00,PM2.5,0.024
2022-06-27T06:00:00+03:00,CO,0.45
2022-06-27T06:00:00+03:00,PM10,0.024
2022-06-27T06:00:00+03:00,NO,0.07
2022-06-27T06:00:00+03:00,NO2,0.059
2022-06-27T07:00:00+03:00,PM10,0.024
2022-06-27T07:00:00+03:00,NO,0.056
2022-06-27T07:00:00+03:00,CO,0.43
2022-06-27T07:00:00+03:00,NO2,0.06
2022-06-27T07:00:00+03:00,PM2.5,0.024
2022-06-27T08:00:00+03:00,NO2,0.06
2022-06-27T08:00:00+03:00,NO,0.044
2022-06-27T08:00:00+03:00,PM2.5,0.013
2022-06-27T08:00:00+03:00,CO,0.37
2022-06-27T08:00:00+03:00,PM10,0.014
2022-06-27T09:00:00+03:00,NO,0.027
2022-06-27T09:00:00+03:00,PM10,0.017
2022-06-27T09:00:00+03:00,CO,0.25
2022-06-27T09:00:00+03:00,NO2,0.05
2022-06-27T09:00:00+03:00,PM2.5,0.015
2022-06-27T10:00:00+03:00,PM10,0.016
2022-06-27T10:00:00+03:00,NO2,0.037
2022-06-27T10:00:00+03:00,PM2.5,0.014
2022-06-27T10:00:00+03:00,NO,0.015
2022-06-27T10:00:00+03:00,CO,0.18
2022-06-27T11:00:00+03:00,NO,0.009
2022-06-27T11:00:00+03:00,CO,0.11
2022-06-27T11:00:00+03:00,PM10,0.013
2022-06-27T11:00:00+03:00,NO2,0.03
2022-06-27T11:00:00+03:00,PM2.5,0.011
2022-06-27T12:00:00+03:00,PM2.5,0.014
2022-06-27T12:00:00+03:00,PM10,0.015
2022-06-27T12:00:00+03:00,NO,0.011
2022-06-27T12:00:00+03:00,NO2,0.029
2022-06-27T12:00:00+03:00,CO,0.1
2022-06-27T13:00:00+03:00,PM2.5,0.018
2022-06-27T13:00:00+03:00,NO,0.016
2022-06-27T13:00:00+03:00,CO,0.15
2022-06-27T13:00:00+03:00,PM10,0.019
2022-06-27T13:00:00+03:00,NO2,0.037
2022-06-27T14:00:00+03:00,NO2,0.029
2022-06-27T14:00:00+03:00,PM2.5,0.012
2022-06-27T14:00:00+03:00,PM10,0.013
2022-06-27T14:00:00+03:00,NO,0.011
2022-06-27T14:00:00+03:00,CO,0.06
2022-06-27T15:00:00+03:00,CO,0.06
2022-06-27T15:00:00+03:00,NO2,0.025
2022-06-27T15:00:00+03:00,NO,0.013
2022-06-27T15:00:00+03:00,PM2.5,0.013
2022-06-27T15:00:00+03:00,PM10,0.014
2022-06-27T16:00:00+03:00,PM10,0.016
2022-06-27T16:00:00+03:00,NO,0.018
2022-06-27T16:00:00+03:00,CO,0.09
2022-06-27T16:00:00+03:00,PM2.5,0.015
2022-06-27T16:00:00+03:00,NO2,0.033
2022-06-27T17:00:00+03:00,CO,0.14
2022-06-27T17:00:00+03:00,PM2.5,0.016
2022-06-27T17:00:00+03:00,NO2,0.036
2022-06-27T17:00:00+03:00,NO,0.021
2022-06-27T17:00:00+03:00,PM10,0.017
2022-06-27T18:00:00+03:00,NO,0.02
2022-06-27T18:00:00+03:00,PM2.5,0.02
2022-06-27T18:00:00+03:00,NO2,0.036
2022-06-27T18:00:00+03:00,CO,0.11
2022-06-27T18:00:00+03:00,PM10,0.02
2022-06-27T19:00:00+03:00,PM2.5,0.021
2022-06-27T19:00:00+03:00,NO,0.019
2022-06-27T19:00:00+03:00,PM10,0.021
2022-06-27T19:00:00+03:00,NO2,0.035
2022-06-27T19:00:00+03:00,CO,0.16
2022-06-27T20:00:00+03:00,NO,0.03
2022-06-27T20:00:00+03:00,NO2,0.05
2022-06-27T20:00:00+03:00,PM10,0.023
2022-06-27T20:00:00+03:00,PM2.5,0.024
2022-06-27T20:00:00+03:00,CO,0.21
2022-06-27T21:00:00+03:00,PM2.5,0.021
2022-06-27T21:00:00+03:00,NO2,0.062
2022-06-27T21:00:00+03:00,PM10,0.021
2022-06-27T21:00:00+03:00,NO,0.021
2022-06-27T21:00:00+03:00,CO,0.18
2022-06-27T22:00:00+03:00,PM2.5,0.011
2022-06-27T22:00:00+03:00,CO,0.18
2022-06-27T22:00:00+03:00,NO2,0.068
2022-06-27T22:00:00+03:00,NO,0.019
2022-06-27T22:00:00+03:00,PM10,0.012
2022-06-27T23:00:00+03:00,PM10,0.023
2022-06-27T23:00:00+03:00,NO,0.102
2022-06-27T23:00:00+03:00,CO,0.59
2022-06-27T23:00:00+03:00,NO2,0.091
2022-06-27T23:00:00+03:00,PM2.5,0.023
2022-06-28T00:00:00+03:00,NO,0.066
2022-06-28T00:00:00+03:00,NO2,0.083
2022-06-28T00:00:00+03:00,PM10,0.026
2022-06-28T00:00:00+03:00,PM2.5,0.026
2022-06-28T00:00:00+03:00,CO,0.55
2022-06-28T01:00:00+03:00,PM10,0.023
2022-06-28T01:00:00+03:00,NO,0.081
2022-06-28T01:00:00+03:00,PM2.5,0.023
2022-06-28T01:00:00+03:00,CO,0.42
2022-06-28T01:00:00+03:00,NO2,0.079
2022-06-28T02:00:00+03:00,PM2.5,0.023
2022-06-28T02:00:00+03:00,PM10,0.023
2022-06-28T02:00:00+03:00,NO2,0.076
2022-06-28T02:00:00+03:00,CO,0.41
2022-06-28T02:00:00+03:00,NO,0.073
2022-06-28T03:00:00+03:00,CO,0.53
2022-06-28T03:00:00+03:00,NO2,0.08
2022-06-28T03:00:00+03:00,PM2.5,0.025
2022-06-28T03:00:00+03:00,NO,0.126
2022-06-28T03:00:00+03:00,PM10,0.024
2022-06-28T04:00:00+03:00,CO,0.45
2022-06-28T04:00:00+03:00,PM2.5,0.034
2022-06-28T04:00:00+03:00,NO2,0.081
2022-06-28T04:00:00+03:00,NO,0.14
2022-06-28T04:00:00+03:00,PM10,0.033
2022-06-28T05:00:00+03:00,PM2.5,0.032
2022-06-28T05:00:00+03:00,CO,0.58
2022-06-28T05:00:00+03:00,NO,0.157
2022-06-28T05:00:00+03:00,PM10,0.031
2022-06-28T05:00:00+03:00,NO2,0.076
2022-06-28T06:00:00+03:00,NO,0.017
2022-06-28T06:00:00+03:00,NO2,0.059
2022-06-28T06:00:00+03:00,CO,0.13
2022-06-28T06:00:00+03:00,PM2.5,0.014
2022-06-28T06:00:00+03:00,PM10,0.015
2022-06-28T07:00:00+03:00,PM10,0.015
2022-06-28T07:00:00+03:00,PM2.5,0.015
2022-06-28T07:00:00+03:00,NO2,0.061
2022-06-28T07:00:00+03:00,CO,0.19
2022-06-28T07:00:00+03:00,NO,0.029
2022-06-28T08:00:00+03:00,PM10,0.017
2022-06-28T08:00:00+03:00,PM2.5,0.017
2022-06-28T08:00:00+03:00,NO,0.02
2022-06-28T08:00:00+03:00,CO,0.13
2022-06-28T08:00:00+03:00,NO2,0.049
2022-06-28T09:00:00+03:00,CO,0.14
2022-06-28T09:00:00+03:00,NO2,0.052
2022-06-28T09:00:00+03:00,PM10,0.011
2022-06-28T09:00:00+03:00,PM2.5,0.011
2022-06-28T09:00:00+03:00,NO,0.022
2022-06-28T10:00:00+03:00,NO,0.008
2022-06-28T10:00:00+03:00,PM10,0.012
2022-06-28T10:00:00+03:00,PM2.5,0.01
2022-06-28T10:00:00+03:00,CO,0.03
2022-06-28T10:00:00+03:00,NO2,0.031
2022-06-28T11:00:00+03:00,CO,0.02
2022-06-28T11:00:00+03:00,PM2.5,0.005
2022-06-28T11:00:00+03:00,NO2,0.033
2022-06-28T11:00:00+03:00,PM10,0.006
2022-06-28T11:00:00+03:00,NO,0.009
2022-06-28T12:00:00+03:00,PM2.5,0.007
2022-06-28T12:00:00+03:00,PM10,0.008
2022-06-28T12:00:00+03:00,CO,0.01
2022-06-28T12:00:00+03:00,NO2,0.031
2022-06-28T12:00:00+03:00,NO,0.008
2022-06-28T13:00:00+03:00,PM10,0.005
2022-06-28T13:00:00+03:00,PM2.5,0.004
2022-06-28T13:00:00+03:00,CO,0
2022-06-28T13:00:00+03:00,NO2,0.027
2022-06-28T13:00:00+03:00,NO,0.005
2022-06-28T14:00:00+03:00,PM10,0.005
2022-06-28T14:00:00+03:00,NO2,0.033
2022-06-28T14:00:00+03:00,NO,0.008
2022-06-28T14:00:00+03:00,CO,0
2022-06-28T14:00:00+03:00,PM2.5,0.004
2022-06-28T15:00:00+03:00,PM2.5,0.005
2022-06-28T15:00:00+03:00,PM10,0.006
2022-06-28T15:00:00+03:00,CO,0
2022-06-28T15:00:00+03:00,NO,0.004
2022-06-28T15:00:00+03:00,NO2,0.028
2022-06-28T16:00:00+03:00,PM2.5,0.005
2022-06-28T16:00:00+03:00,PM10,0.006
2022-06-28T16:00:00+03:00,CO,0
2022-06-28T16:00:00+03:00,NO,0.005
2022-06-28T16:00:00+03:00,NO2,0.032
2022-06-28T17:00:00+03:00,CO,0
2022-06-28T17:00:00+03:00,NO,0.004
2022-06-28T17:00:00+03:00,PM10,0.017
2022-06-28T17:00:00+03:00,PM2.5,0.017
2022-06-28T17:00:00+03:00,NO2,0.034
2022-06-28T18:00:00+03:00,NO2,0.032
2022-06-28T18:00:00+03:00,PM2.5,0.012
2022-06-28T18:00:00+03:00,PM10,0.013
2022-06-28T18:00:00+03:00,NO,0.003
2022-06-28T18:00:00+03:00,CO,0
2022-06-28T19:00:00+03:00,CO,0
2022-06-28T19:00:00+03:00,PM2.5,0.007
2022-06-28T19:00:00+03:00,NO,0.004
2022-06-28T19:00:00+03:00,PM10,0.008
2022-06-28T19:00:00+03:00,NO2,0.037
2022-06-28T20:00:00+03:00,NO,0.003
2022-06-28T20:00:00+03:00,PM2.5,0.006
2022-06-28T20:00:00+03:00,CO,0
2022-06-28T20:00:00+03:00,PM10,0.007
2022-06-28T20:00:00+03:00,NO2,0.045
2022-06-28T21:00:00+03:00,NO,0.005
2022-06-28T21:00:00+03:00,NO2,0.06
2022-06-28T21:00:00+03:00,CO,0.03
2022-06-28T21:00:00+03:00,PM10,0.01
2022-06-28T21:00:00+03:00,PM2.5,0.01
2022-06-28T22:00:00+03:00,NO2,0.082
2022-06-28T22:00:00+03:00,CO,0.14
2022-06-28T22:00:00+03:00,PM10,0.014
2022-06-28T22:00:00+03:00,NO,0.014
2022-06-28T22:00:00+03:00,PM2.5,0.013
2022-06-28T23:00:00+03:00,NO,0.003
2022-06-28T23:00:00+03:00,PM10,0.01
2022-06-28T23:00:00+03:00,PM2.5,0.01
2022-06-28T23:00:00+03:00,NO2,0.055
2022-06-28T23:00:00+03:00,CO,0.03
2022-06-29T00:00:00+03:00,NO2,0.06
2022-06-29T00:00:00+03:00,PM2.5,0.012
2022-06-29T00:00:00+03:00,PM10,0.012
2022-06-29T00:00:00+03:00,CO,0.03
2022-06-29T00:00:00+03:00,NO,0.004
2022-06-29T01:00:00+03:00,NO,0.004
2022-06-29T01:00:00+03:00,NO2,0.063
2022-06-29T01:00:00+03:00,PM10,0.012
2022-06-29T01:00:00+03:00,PM2.5,0.012
2022-06-29T01:00:00+03:00,CO,0.03
2022-06-29T02:00:00+03:00,NO2,0.056
2022-06-29T02:00:00+03:00,PM10,0.012
2022-06-29T02:00:00+03:00,CO,0
2022-06-29T02:00:00+03:00,NO,0.002
2022-06-29T02:00:00+03:00,PM2.5,0.011
2022-06-29T03:00:00+03:00,CO,0
2022-06-29T03:00:00+03:00,NO2,0.048
2022-06-29T03:00:00+03:00,PM2.5,0.01
2022-06-29T03:00:00+03:00,PM10,0.011
2022-06-29T03:00:00+03:00,NO,0.002
2022-06-29T04:00:00+03:00,PM2.5,0.01
2022-06-29T04:00:00+03:00,PM10,0.011
2022-06-29T04:00:00+03:00,NO2,0.049
2022-06-29T04:00:00+03:00,NO,0.004
2022-06-29T04:00:00+03:00,CO,0
2022-06-29T05:00:00+03:00,PM2.5,0.007
2022-06-29T05:00:00+03:00,PM10,0.008
2022-06-29T05:00:00+03:00,NO2,0.055
2022-06-29T05:00:00+03:00,NO,0.009
2022-06-29T05:00:00+03:00,CO,0
2022-06-29T06:00:00+03:00,CO,0.09
2022-06-29T06:00:00+03:00,NO2,0.057
2022-06-29T06:00:00+03:00,PM10,0.009
2022-06-29T06:00:00+03:00,PM2.5,0.008
2022-06-29T06:00:00+03:00,NO,0.044
2022-06-29T07:00:00+03:00,NO,0.042
2022-06-29T07:00:00+03:00,PM2.5,0.007
2022-06-29T07:00:00+03:00,PM10,0.008
2022-06-29T07:00:00+03:00,NO2,0.05
2022-06-29T07:00:00+03:00,CO,0.08
2022-06-29T08:00:00+03:00,CO,0.02
2022-06-29T08:00:00+03:00,NO2,0.036
2022-06-29T08:00:00+03:00,NO,0.015
2022-06-29T08:00:00+03:00,PM2.5,0.005
2022-06-29T08:00:00+03:00,PM10,0.006
2022-06-29T09:00:00+03:00,PM2.5,0.002
2022-06-29T09:00:00+03:00,PM10,0.003
2022-06-29T09:00:00+03:00,NO2,0.023
2022-06-29T09:00:00+03:00,NO,0.007
2022-06-29T09:00:00+03:00,CO,0
2022-06-29T10:00:00+03:00,CO,0
2022-06-29T10:00:00+03:00,NO2,0.027
2022-06-29T10:00:00+03:00,NO,0.01
2022-06-29T10:00:00+03:00,PM2.5,0.003
2022-06-29T10:00:00+03:00,PM10,0.004
2022-06-29T11:00:00+03:00,NO2,0.033
2022-06-29T11:00:00+03:00,CO,0
2022-06-29T11:00:00+03:00,NO,0.011
2022-06-29T11:00:00+03:00,PM10,0.003
2022-06-29T11:00:00+03:00,PM2.5,0.002
2022-06-29T12:00:00+03:00,CO,0
2022-06-29T12:00:00+03:00,PM2.5,0.002
2022-06-29T12:00:00+03:00,PM10,0.003
2022-06-29T12:00:00+03:00,NO,0.011
2022-06-29T12:00:00+03:00,NO2,0.034
2022-06-29T13:00:00+03:00,NO,0.01
2022-06-29T13:00:00+03:00,NO2,0.034
2022-06-29T13:00:00+03:00,PM2.5,0.005
2022-06-29T13:00:00+03:00,PM10,0.006
2022-06-29T13:00:00+03:00,CO,0
2022-06-29T14:00:00+03:00,CO,0.04
2022-06-29T14:00:00+03:00,NO,0.009
2022-06-29T14:00:00+03:00,PM2.5,0.01
2022-06-29T14:00:00+03:00,NO2,0.03
2022-06-29T14:00:00+03:00,PM10,0.011
2022-06-29T15:00:00+03:00,NO,0.006
2022-06-29T15:00:00+03:00,NO2,0.032
2022-06-29T15:00:00+03:00,CO,0.04
2022-06-29T15:00:00+03:00,PM2.5,0.005
2022-06-29T15:00:00+03:00,PM10,0.006
2022-06-29T16:00:00+03:00,PM2.5,0.009
2022-06-29T16:00:00+03:00,NO,0.005
2022-06-29T16:00:00+03:00,PM10,0.01
2022-06-29T16:00:00+03:00,NO2,0.033
2022-06-29T16:00:00+03:00,CO,0.02
2022-06-29T17:00:00+03:00,NO2,0.029
2022-06-29T17:00:00+03:00,PM10,0.019
2022-06-29T17:00:00+03:00,NO,0.004
2022-06-29T17:00:00+03:00,PM2.5,0.02
2022-06-29T17:00:00+03:00,CO,0.02
2022-06-29T18:00:00+03:00,PM10,0.014
2022-06-29T18:00:00+03:00,PM2.5,0.014
2022-06-29T18:00:00+03:00,NO,0.004
2022-06-29T18:00:00+03:00,CO,0.04
2022-06-29T18:00:00+03:00,NO2,0.035
2022-06-29T19:00:00+03:00,NO2,0.039
2022-06-29T19:00:00+03:00,CO,0.05
2022-06-29T19:00:00+03:00,PM10,0.013
2022-06-29T19:00:00+03:00,PM2.5,0.013
2022-06-29T19:00:00+03:00,NO,0.002
2022-06-29T20:00:00+03:00,NO2,0.048
2022-06-29T20:00:00+03:00,PM2.5,0.011
2022-06-29T20:00:00+03:00,PM10,0.011
2022-06-29T20:00:00+03:00,NO,0.002
2022-06-29T20:00:00+03:00,CO,0.09
2022-06-29T21:00:00+03:00,PM2.5,0.016
2022-06-29T21:00:00+03:00,NO2,0.091
2022-06-29T21:00:00+03:00,CO,0.27
2022-06-29T21:00:00+03:00,NO,0.02
2022-06-29T21:00:00+03:00,PM10,0.017
2022-06-29T22:00:00+03:00,PM2.5,0.02
2022-06-29T22:00:00+03:00,NO2,0.083
2022-06-29T22:00:00+03:00,NO,0.065
2022-06-29T22:00:00+03:00,PM10,0.019
2022-06-29T22:00:00+03:00,CO,0.5
2022-06-29T23:00:00+03:00,NO,0.068
2022-06-29T23:00:00+03:00,CO,0.41
2022-06-29T23:00:00+03:00,PM2.5,0.016
2022-06-29T23:00:00+03:00,NO2,0.083
2022-06-29T23:00:00+03:00,PM10,0.016
2022-06-30T00:00:00+03:00,CO,0.99
2022-06-30T00:00:00+03:00,NO,0.217
2022-06-30T00:00:00+03:00,PM2.5,0.032
2022-06-30T00:00:00+03:00,NO2,0.089
2022-06-30T00:00:00+03:00,PM10,0.03
2022-06-30T01:00:00+03:00,PM10,0.023
2022-06-30T01:00:00+03:00,NO2,0.085
2022-06-30T01:00:00+03:00,NO,0.18
2022-06-30T01:00:00+03:00,PM2.5,0.024
2022-06-30T01:00:00+03:00,CO,0.64
2022-06-30T02:00:00+03:00,PM2.5,0.023
2022-06-30T02:00:00+03:00,CO,0.63
2022-06-30T02:00:00+03:00,NO,0.203
2022-06-30T02:00:00+03:00,PM10,0.022
2022-06-30T02:00:00+03:00,NO2,0.072
2022-06-30T03:00:00+03:00,NO2,0.067
2022-06-30T03:00:00+03:00,CO,0.67
2022-06-30T03:00:00+03:00,PM10,0.019
2022-06-30T03:00:00+03:00,PM2.5,0.019
2022-06-30T03:00:00+03:00,NO,0.199
2022-06-30T04:00:00+03:00,NO,0.226
2022-06-30T04:00:00+03:00,NO2,0.066
2022-06-30T04:00:00+03:00,PM10,0.019
2022-06-30T04:00:00+03:00,PM2.5,0.018
2022-06-30T04:00:00+03:00,CO,0.67
2022-06-30T05:00:00+03:00,PM10,0.02
2022-06-30T05:00:00+03:00,PM2.5,0.02
2022-06-30T05:00:00+03:00,CO,0.69
2022-06-30T05:00:00+03:00,NO,0.258
2022-06-30T05:00:00+03:00,NO2,0.067
2022-06-30T06:00:00+03:00,NO,0.154
2022-06-30T06:00:00+03:00,NO2,0.065
2022-06-30T06:00:00+03:00,PM10,0.02
2022-06-30T06:00:00+03:00,PM2.5,0.02
2022-06-30T06:00:00+03:00,CO,0.53
2022-06-30T07:00:00+03:00,PM10,0.014
2022-06-30T07:00:00+03:00,NO2,0.062
2022-06-30T07:00:00+03:00,NO,0.08
2022-06-30T07:00:00+03:00,PM2.5,0.014
2022-06-30T07:00:00+03:00,CO,0.43
2022-06-30T08:00:00+03:00,PM10,0.011
2022-06-30T08:00:00+03:00,CO,0.49
2022-06-30T08:00:00+03:00,NO,0.082
2022-06-30T08:00:00+03:00,PM2.5,0.01
2022-06-30T08:00:00+03:00,NO2,0.074
2022-06-30T09:00:00+03:00,CO,0.17
2022-06-30T09:00:00+03:00,PM10,0.003
2022-06-30T09:00:00+03:00,NO2,0.043
2022-06-30T09:00:00+03:00,NO,0.025
2022-06-30T09:00:00+03:00,PM2.5,0.001
2022-06-30T10:00:00+03:00,PM2.5,0.003
2022-06-30T10:00:00+03:00,NO2,0.039
2022-06-30T10:00:00+03:00,NO,0.029
2022-06-30T10:00:00+03:00,PM10,0.004
2022-06-30T10:00:00+03:00,CO,0.11
2022-06-30T11:00:00+03:00,NO,0.027
2022-06-30T11:00:00+03:00,PM10,0.001
2022-06-30T11:00:00+03:00,PM2.5,0.001
2022-06-30T11:00:00+03:00,CO,0.09
2022-06-30T11:00:00+03:00,NO2,0.038
2022-06-30T12:00:00+03:00,NO2,0.039
2022-06-30T12:00:00+03:00,CO,0.07
2022-06-30T12:00:00+03:00,NO,0.019
2022-06-30T12:00:00+03:00,PM2.5,0.003
2022-06-30T12:00:00+03:00,PM10,0.004
2022-06-30T13:00:00+03:00,NO,0.016
2022-06-30T13:00:00+03:00,PM2.5,0.008
2022-06-30T13:00:00+03:00,CO,0.09
2022-06-30T13:00:00+03:00,PM10,0.009
2022-06-30T13:00:00+03:00,NO2,0.035
2022-06-30T14:00:00+03:00,PM2.5,0.012
2022-06-30T14:00:00+03:00,NO2,0.034
2022-06-30T14:00:00+03:00,NO,0.017
2022-06-30T14:00:00+03:00,CO,0.13
2022-06-30T14:00:00+03:00,PM10,0.013
2022-06-30T15:00:00+03:00,NO,0.016
2022-06-30T15:00:00+03:00,PM2.5,0.007
2022-06-30T15:00:00+03:00,PM10,0.009
2022-06-30T15:00:00+03:00,CO,0.1
2022-06-30T15:00:00+03:00,NO2,0.034
2022-06-30T16:00:00+03:00,NO,0.018
2022-06-30T16:00:00+03:00,PM10,0.011
2022-06-30T16:00:00+03:00,PM2.5,0.011
2022-06-30T16:00:00+03:00,NO2,0.031
2022-06-30T16:00:00+03:00,CO,0.1
2022-06-30T17:00:00+03:00,CO,0.08
2022-06-30T17:00:00+03:00,PM2.5,0.02
2022-06-30T17:00:00+03:00,PM10,0.02
2022-06-30T17:00:00+03:00,NO2,0.036
2022-06-30T17:00:00+03:00,NO,0.021
2022-06-30T18:00:00+03:00,PM10,0.019
2022-06-30T18:00:00+03:00,CO,0.12
2022-06-30T18:00:00+03:00,NO2,0.034
2022-06-30T18:00:00+03:00,PM2.5,0.018
2022-06-30T18:00:00+03:00,NO,0.017
2022-06-30T19:00:00+03:00,CO,0.16
2022-06-30T19:00:00+03:00,NO,0.023
2022-06-30T19:00:00+03:00,NO2,0.036
2022-06-30T19:00:00+03:00,PM10,0.013
2022-06-30T19:00:00+03:00,PM2.5,0.013
2022-06-30T20:00:00+03:00,PM10,0.011
2022-06-30T20:00:00+03:00,NO2,0.043
2022-06-30T20:00:00+03:00,NO,0.012
2022-06-30T20:00:00+03:00,PM2.5,0.01
2022-06-30T20:00:00+03:00,CO,0.16
2022-06-30T21:00:00+03:00,CO,0.2
2022-06-30T21:00:00+03:00,PM10,0.013
2022-06-30T21:00:00+03:00,NO2,0.054
2022-06-30T21:00:00+03:00,PM2.5,0.012
2022-06-30T21:00:00+03:00,NO,0.022
2022-06-30T22:00:00+03:00,NO,0.034
2022-06-30T22:00:00+03:00,PM10,0.012
2022-06-30T22:00:00+03:00,NO2,0.061
2022-06-30T22:00:00+03:00,PM2.5,0.011
2022-06-30T22:00:00+03:00,CO,0.17
2022-06-30T23:00:00+03:00,CO,0.36
2022-06-30T23:00:00+03:00,PM10,0.015
2022-06-30T23:00:00+03:00,PM2.5,0.014
2022-06-30T23:00:00+03:00,NO2,0.069
2022-06-30T23:00:00+03:00,NO,0.055
2022-07-01T00:00:00+03:00,PM10,0.017
2022-07-01T00:00:00+03:00,PM2.5,0.017
2022-07-01T00:00:00+03:00,NO2,0.074
2022-07-01T00:00:00+03:00,NO,0.092
2022-07-01T00:00:00+03:00,CO,0.57
2022-07-01T01:00:00+03:00,CO,0.24
2022-07-01T01:00:00+03:00,NO2,0.067
2022-07-01T01:00:00+03:00,PM2.5,0.009
2022-07-01T01:00:00+03:00,NO,0.034
2022-07-01T01:00:00+03:00,PM10,0.01
2022-07-01T02:00:00+03:00,PM10,0.011
2022-07-01T02:00:00+03:00,PM2.5,0.01
2022-07-01T02:00:00+03:00,NO2,0.069
2022-07-01T02:00:00+03:00,CO,0.27
2022-07-01T02:00:00+03:00,NO,0.053
2022-07-01T03:00:00+03:00,NO2,0.071
2022-07-01T03:00:00+03:00,CO,0.36
2022-07-01T03:00:00+03:00,NO,0.092
2022-07-01T03:00:00+03:00,PM10,0.014
2022-07-01T03:00:00+03:00,PM2.5,0.012
2022-07-01T04:00:00+03:00,PM10,0.011
2022-07-01T04:00:00+03:00,NO2,0.074
2022-07-01T04:00:00+03:00,PM2.5,0.01
2022-07-01T04:00:00+03:00,NO,0.069
2022-07-01T04:00:00+03:00,CO,0.27
2022-07-01T05:00:00+03:00,PM10,0.01
2022-07-01T05:00:00+03:00,PM2.5,0.008
2022-07-01T05:00:00+03:00,NO2,0.065
2022-07-01T05:00:00+03:00,CO,0.14
2022-07-01T05:00:00+03:00,NO,0.032
2022-07-01T06:00:00+03:00,NO2,0.051
2022-07-01T06:00:00+03:00,PM2.5,0.006
2022-07-01T06:00:00+03:00,NO,0.017
2022-07-01T06:00:00+03:00,CO,0.08
2022-07-01T06:00:00+03:00,PM10,0.006
2022-07-01T07:00:00+03:00,NO,0.013
2022-07-01T07:00:00+03:00,CO,0.08
2022-07-01T07:00:00+03:00,PM2.5,0.005
2022-07-01T07:00:00+03:00,NO2,0.043
2022-07-01T07:00:00+03:00,PM10,0.006
2022-07-01T08:00:00+03:00,CO,0.05
2022-07-01T08:00:00+03:00,NO,0.014
2022-07-01T08:00:00+03:00,NO2,0.037
2022-07-01T08:00:00+03:00,PM10,0.004
2022-07-01T08:00:00+03:00,PM2.5,0.002
2022-07-01T09:00:00+03:00,PM10,0.003
2022-07-01T09:00:00+03:00,PM2.5,0.001
2022-07-01T09:00:00+03:00,NO,0.013
2022-07-01T09:00:00+03:00,NO2,0.03
2022-07-01T09:00:00+03:00,CO,0.06
2022-07-01T10:00:00+03:00,CO,0.02
2022-07-01T10:00:00+03:00,PM10,0.004
2022-07-01T10:00:00+03:00,NO2,0.025
2022-07-01T10:00:00+03:00,NO,0.01
2022-07-01T10:00:00+03:00,PM2.5,0.003
2022-07-01T11:00:00+03:00,CO,0.01
2022-07-01T11:00:00+03:00,PM2.5,0.003
2022-07-01T11:00:00+03:00,NO2,0.02
2022-07-01T11:00:00+03:00,PM10,0.004
2022-07-01T11:00:00+03:00,NO,0.006
2022-07-01T12:00:00+03:00,PM10,0.002
2022-07-01T12:00:00+03:00,NO,0.005
2022-07-01T12:00:00+03:00,CO,0.23
2022-07-01T12:00:00+03:00,NO2,0.022
2022-07-01T12:00:00+03:00,PM2.5,0.001
2022-07-01T13:00:00+03:00,PM10,0.002
2022-07-01T13:00:00+03:00,PM2.5,0.002
2022-07-01T13:00:00+03:00,NO2,0.02
2022-07-01T13:00:00+03:00,NO,0.005
2022-07-01T13:00:00+03:00,CO,0.24
2022-07-01T14:00:00+03:00,PM2.5,0.006
2022-07-01T14:00:00+03:00,PM10,0.007
2022-07-01T14:00:00+03:00,CO,0.25
2022-07-01T14:00:00+03:00,NO2,0.02
2022-07-01T14:00:00+03:00,NO,0.005
2022-07-01T15:00:00+03:00,PM10,0.006
2022-07-01T15:00:00+03:00,NO,0.004
2022-07-01T15:00:00+03:00,CO,0.24
2022-07-01T15:00:00+03:00,NO2,0.018
2022-07-01T15:00:00+03:00,PM2.5,0.005
2022-07-01T16:00:00+03:00,PM2.5,0.012
2022-07-01T16:00:00+03:00,NO,0.005
2022-07-01T16:00:00+03:00,CO,0.24
2022-07-01T16:00:00+03:00,NO2,0.022
2022-07-01T16:00:00+03:00,PM10,0.012
2022-07-01T17:00:00+03:00,PM2.5,0.015
2022-07-01T17:00:00+03:00,NO2,0.02
2022-07-01T17:00:00+03:00,CO,0.24
2022-07-01T17:00:00+03:00,PM10,0.016
2022-07-01T17:00:00+03:00,NO,0.003
2022-07-01T18:00:00+03:00,NO,0.004
2022-07-01T18:00:00+03:00,NO2,0.023
2022-07-01T18:00:00+03:00,CO,0.27
2022-07-01T18:00:00+03:00,PM10,0.01
2022-07-01T18:00:00+03:00,PM2.5,0.009
2022-07-01T19:00:00+03:00,PM10,0.009
2022-07-01T19:00:00+03:00,PM2.5,0.007
2022-07-01T19:00:00+03:00,CO,0.27
2022-07-01T19:00:00+03:00,NO,0.005
2022-07-01T19:00:00+03:00,NO2,0.028
2022-07-01T20:00:00+03:00,PM10,0.009
2022-07-01T20:00:00+03:00,CO,0.29
2022-07-01T20:00:00+03:00,PM2.5,0.007
2022-07-01T20:00:00+03:00,NO,0.003
2022-07-01T20:00:00+03:00,NO2,0.031
2022-07-01T21:00:00+03:00,CO,0.3
2022-07-01T21:00:00+03:00,PM2.5,0.007
2022-07-01T21:00:00+03:00,PM10,0.009
2022-07-01T21:00:00+03:00,NO,0.003
2022-07-01T21:00:00+03:00,NO2,0.035
2022-07-01T22:00:00+03:00,NO,0.005
2022-07-01T22:00:00+03:00,PM2.5,0.01
2022-07-01T22:00:00+03:00,NO2,0.049
2022-07-01T22:00:00+03:00,PM10,0.011
2022-07-01T22:00:00+03:00,CO,0.38
2022-07-01T23:00:00+03:00,PM2.5,0.012
2022-07-01T23:00:00+03:00,NO,0.017
2022-07-01T23:00:00+03:00,NO2,0.063
2022-07-01T23:00:00+03:00,CO,0.46
2022-07-01T23:00:00+03:00,PM10,0.013
2022-07-02T00:00:00+03:00,PM2.5,0.018
2022-07-02T00:00:00+03:00,CO,0.64
2022-07-02T00:00:00+03:00,NO2,0.072
2022-07-02T00:00:00+03:00,PM10,0.019
2022-07-02T00:00:00+03:00,NO,0.058
2022-07-02T01:00:00+03:00,NO2,0.077
2022-07-02T01:00:00+03:00,PM10,0.022
2022-07-02T01:00:00+03:00,CO,1.13
2022-07-02T01:00:00+03:00,PM2.5,0.022
2022-07-02T01:00:00+03:00,NO,0.196
2022-07-02T02:00:00+03:00,NO,0.192
2022-07-02T02:00:00+03:00,CO,0.97
2022-07-02T02:00:00+03:00,PM10,0.02
2022-07-02T02:00:00+03:00,PM2.5,0.019
2022-07-02T02:00:00+03:00,NO2,0.07
2022-07-02T03:00:00+03:00,NO2,0.068
2022-07-02T03:00:00+03:00,NO,0.23
2022-07-02T03:00:00+03:00,PM2.5,0.017
2022-07-02T03:00:00+03:00,CO,1.08
2022-07-02T03:00:00+03:00,PM10,0.018
2022-07-02T04:00:00+03:00,CO,1.06
2022-07-02T04:00:00+03:00,PM10,0.018
2022-07-02T04:00:00+03:00,NO,0.23
2022-07-02T04:00:00+03:00,PM2.5,0.017
2022-07-02T04:00:00+03:00,NO2,0.065
2022-07-02T05:00:00+03:00,PM10,0.017
2022-07-02T05:00:00+03:00,PM2.5,0.016
2022-07-02T05:00:00+03:00,NO2,0.068
2022-07-02T05:00:00+03:00,NO,0.171
2022-07-02T05:00:00+03:00,CO,0.72
2022-07-02T06:00:00+03:00,CO,0.56
2022-07-02T06:00:00+03:00,PM2.5,0.014
2022-07-02T06:00:00+03:00,NO,0.091
2022-07-02T06:00:00+03:00,NO2,0.06
2022-07-02T06:00:00+03:00,PM10,0.015
2022-07-02T07:00:00+03:00,PM10,0.009
2022-07-02T07:00:00+03:00,PM2.5,0.007
2022-07-02T07:00:00+03:00,CO,0.59
2022-07-02T07:00:00+03:00,NO,0.068
2022-07-02T07:00:00+03:00,NO2,0.055
2022-07-02T08:00:00+03:00,PM2.5,0.003
2022-07-02T08:00:00+03:00,NO,0.029
2022-07-02T08:00:00+03:00,CO,0.39
2022-07-02T08:00:00+03:00,NO2,0.045
2022-07-02T08:00:00+03:00,PM10,0.005
2022-07-02T09:00:00+03:00,NO2,0.035
2022-07-02T09:00:00+03:00,PM10,0.005
2022-07-02T09:00:00+03:00,CO,0.36
2022-07-02T09:00:00+03:00,PM2.5,0.004
2022-07-02T09:00:00+03:00,NO,0.022
2022-07-02T10:00:00+03:00,PM10,0.006
2022-07-02T10:00:00+03:00,NO,0.019
2022-07-02T10:00:00+03:00,NO2,0.032
2022-07-02T10:00:00+03:00,PM2.5,0.005
2022-07-02T10:00:00+03:00,CO,0.34
2022-07-02T11:00:00+03:00,PM2.5,0.001
2022-07-02T11:00:00+03:00,PM10,0.002
2022-07-02T11:00:00+03:00,CO,0.32
2022-07-02T11:00:00+03:00,NO2,0.031
2022-07-02T11:00:00+03:00,NO,0.013
2022-07-02T12:00:00+03:00,NO2,0.029
2022-07-02T12:00:00+03:00,NO,0.016
2022-07-02T12:00:00+03:00,PM10,0.005
2022-07-02T12:00:00+03:00,PM2.5,0.004
2022-07-02T12:00:00+03:00,CO,0.3
2022-07-02T13:00:00+03:00,NO2,0.03
2022-07-02T13:00:00+03:00,CO,0.32
2022-07-02T13:00:00+03:00,PM2.5,0.003
2022-07-02T13:00:00+03:00,PM10,0.004
2022-07-02T13:00:00+03:00,NO,0.015
2022-07-02T14:00:00+03:00,NO2,0.027
2022-07-02T14:00:00+03:00,CO,0.3
2022-07-02T14:00:00+03:00,NO,0.01
2022-07-02T14:00:00+03:00,PM2.5,0.006
2022-07-02T14:00:00+03:00,PM10,0.008
2022-07-02T15:00:00+03:00,CO,0.35
2022-07-02T15:00:00+03:00,NO,0.012
2022-07-02T15:00:00+03:00,PM10,0.006
2022-07-02T15:00:00+03:00,NO2,0.031
2022-07-02T15:00:00+03:00,PM2.5,0.004
2022-07-02T16:00:00+03:00,PM10,0.008
2022-07-02T16:00:00+03:00,PM2.5,0.007
2022-07-02T16:00:00+03:00,CO,0.33
2022-07-02T16:00:00+03:00,NO2,0.033
2022-07-02T16:00:00+03:00,NO,0.01
2022-07-02T17:00:00+03:00,PM2.5,0.016
2022-07-02T17:00:00+03:00,NO2,0.03
2022-07-02T17:00:00+03:00,NO,0.009
2022-07-02T17:00:00+03:00,PM10,0.017
2022-07-02T17:00:00+03:00,CO,0.29
2022-07-02T18:00:00+03:00,NO,0.013
2022-07-02T18:00:00+03:00,PM10,0.013
2022-07-02T18:00:00+03:00,CO,0.32
2022-07-02T18:00:00+03:00,PM2.5,0.012
2022-07-02T18:00:00+03:00,NO2,0.039
2022-07-02T19:00:00+03:00,NO2,0.047
2022-07-02T19:00:00+03:00,CO,0.39
2022-07-02T19:00:00+03:00,PM10,0.012
2022-07-02T19:00:00+03:00,NO,0.016
2022-07-02T19:00:00+03:00,PM2.5,0.011
2022-07-02T20:00:00+03:00,NO2,0.048
2022-07-02T20:00:00+03:00,NO,0.017
2022-07-02T20:00:00+03:00,PM10,0.01
2022-07-02T20:00:00+03:00,PM2.5,0.009
2022-07-02T20:00:00+03:00,CO,0.39
2022-07-02T21:00:00+03:00,NO,0.015
2022-07-02T21:00:00+03:00,PM10,0.011
2022-07-02T21:00:00+03:00,NO2,0.052
2022-07-02T21:00:00+03:00,PM2.5,0.01
2022-07-02T21:00:00+03:00,CO,0.46
2022-07-02T22:00:00+03:00,NO,0.025
2022-07-02T22:00:00+03:00,NO2,0.084
2022-07-02T22:00:00+03:00,PM2.5,0.014
2022-07-02T22:00:00+03:00,CO,0.59
2022-07-02T22:00:00+03:00,PM10,0.014
2022-07-02T23:00:00+03:00,PM10,0.021
2022-07-02T23:00:00+03:00,PM2.5,0.021
2022-07-02T23:00:00+03:00,NO,0.121
2022-07-02T23:00:00+03:00,NO2,0.105
2022-07-02T23:00:00+03:00,CO,1.18
2022-07-03T00:00:00+03:00,NO2,0.099
2022-07-03T00:00:00+03:00,CO,0.83
2022-07-03T00:00:00+03:00,PM2.5,0.022
2022-07-03T00:00:00+03:00,NO,0.067
2022-07-03T00:00:00+03:00,PM10,0.022
2022-07-03T01:00:00+03:00,PM2.5,0.023
2022-07-03T01:00:00+03:00,NO,0.035
2022-07-03T01:00:00+03:00,NO2,0.089
2022-07-03T01:00:00+03:00,CO,0.62
2022-07-03T01:00:00+03:00,PM10,0.023
2022-07-03T02:00:00+03:00,PM10,0.024
2022-07-03T02:00:00+03:00,NO2,0.082
2022-07-03T02:00:00+03:00,PM2.5,0.024
2022-07-03T02:00:00+03:00,NO,0.044
2022-07-03T02:00:00+03:00,CO,0.56
2022-07-03T03:00:00+03:00,PM10,0.023
2022-07-03T03:00:00+03:00,NO2,0.069
2022-07-03T03:00:00+03:00,PM2.5,0.024
2022-07-03T03:00:00+03:00,CO,0.6
2022-07-03T03:00:00+03:00,NO,0.032
2022-07-03T04:00:00+03:00,NO2,0.049
2022-07-03T04:00:00+03:00,PM10,0.007
2022-07-03T04:00:00+03:00,CO,0.42
2022-07-03T04:00:00+03:00,PM2.5,0.007
2022-07-03T04:00:00+03:00,NO,0.014
2022-07-03T05:00:00+03:00,PM10,0.014
2022-07-03T05:00:00+03:00,NO2,0.052
2022-07-03T05:00:00+03:00,PM2.5,0.014
2022-07-03T05:00:00+03:00,CO,0.47
2022-07-03T05:00:00+03:00,NO,0.034
2022-07-03T06:00:00+03:00,CO,0.4
2022-07-03T06:00:00+03:00,PM10,0.006
2022-07-03T06:00:00+03:00,NO2,0.046
2022-07-03T06:00:00+03:00,PM2.5,0.006
2022-07-03T06:00:00+03:00,NO,0.018
2022-07-03T07:00:00+03:00,NO,0.009
2022-07-03T07:00:00+03:00,CO,0.32
2022-07-03T07:00:00+03:00,PM2.5,0.004
2022-07-03T07:00:00+03:00,NO2,0.029
2022-07-03T07:00:00+03:00,PM10,0.006
2022-07-03T08:00:00+03:00,NO2,0.034
2022-07-03T08:00:00+03:00,PM2.5,0.007
2022-07-03T08:00:00+03:00,NO,0.015
2022-07-03T08:00:00+03:00,PM10,0.009
2022-07-03T08:00:00+03:00,CO,0.37
2022-07-03T09:00:00+03:00,NO2,0.035
2022-07-03T09:00:00+03:00,CO,0.39
2022-07-03T09:00:00+03:00,PM2.5,0.006
2022-07-03T09:00:00+03:00,NO,0.014
2022-07-03T09:00:00+03:00,PM10,0.007
2022-07-03T10:00:00+03:00,NO,0.011
2022-07-03T10:00:00+03:00,NO2,0.036
2022-07-03T10:00:00+03:00,CO,0.38
2022-07-03T10:00:00+03:00,PM10,0.01
2022-07-03T10:00:00+03:00,PM2.5,0.007
2022-07-03T11:00:00+03:00,NO2,0.037
2022-07-03T11:00:00+03:00,NO,0.014
2022-07-03T11:00:00+03:00,PM2.5,0.005
2022-07-03T11:00:00+03:00,CO,0.38
2022-07-03T11:00:00+03:00,PM10,0.007
2022-07-03T12:00:00+03:00,PM10,0.011
2022-07-03T12:00:00+03:00,PM2.5,0.01
2022-07-03T12:00:00+03:00,CO,0.39
2022-07-03T12:00:00+03:00,NO2,0.038
2022-07-03T12:00:00+03:00,NO,0.012
2022-07-03T13:00:00+03:00,NO,0.011
2022-07-03T13:00:00+03:00,CO,0.36
2022-07-03T13:00:00+03:00,NO2,0.036
2022-07-03T13:00:00+03:00,PM2.5,0.005
2022-07-03T13:00:00+03:00,PM10,0.007
2022-07-03T14:00:00+03:00,NO,0.012
2022-07-03T14:00:00+03:00,PM10,0.012
2022-07-03T14:00:00+03:00,NO2,0.033
2022-07-03T14:00:00+03:00,CO,0.35
2022-07-03T14:00:00+03:00,PM2.5,0.01
2022-07-03T15:00:00+03:00,PM2.5,0.004
2022-07-03T15:00:00+03:00,PM10,0.005
2022-07-03T15:00:00+03:00,NO2,0.03
2022-07-03T15:00:00+03:00,NO,0.009
2022-07-03T15:00:00+03:00,CO,0.33
2022-07-03T16:00:00+03:00,NO2,0.025
2022-07-03T16:00:00+03:00,PM10,0.01
2022-07-03T16:00:00+03:00,PM2.5,0.009
2022-07-03T16:00:00+03:00,NO,0.006
2022-07-03T16:00:00+03:00,CO,0.32
2022-07-03T17:00:00+03:00,PM10,0.006
2022-07-03T17:00:00+03:00,NO2,0.032
2022-07-03T17:00:00+03:00,CO,0.3
2022-07-03T17:00:00+03:00,PM2.5,0.005
2022-07-03T17:00:00+03:00,NO,0.014
2022-07-03T18:00:00+03:00,NO,0.007
2022-07-03T18:00:00+03:00,PM2.5,0.015
2022-07-03T18:00:00+03:00,PM10,0.015
2022-07-03T18:00:00+03:00,CO,0.28
2022-07-03T18:00:00+03:00,NO2,0.03
2022-07-03T19:00:00+03:00,NO2,0.046
2022-07-03T19:00:00+03:00,PM2.5,0.01
2022-07-03T19:00:00+03:00,CO,0.35
2022-07-03T19:00:00+03:00,PM10,0.012
2022-07-03T19:00:00+03:00,NO,0.018
2022-07-03T20:00:00+03:00,NO2,0.048
2022-07-03T20:00:00+03:00,NO,0.019
2022-07-03T20:00:00+03:00,PM2.5,0.007
2022-07-03T20:00:00+03:00,PM10,0.008
2022-07-03T20:00:00+03:00,CO,0.32
2022-07-03T21:00:00+03:00,NO2,0.073
2022-07-03T21:00:00+03:00,CO,0.45
2022-07-03T21:00:00+03:00,NO,0.026
2022-07-03T21:00:00+03:00,PM10,0.013
2022-07-03T21:00:00+03:00,PM2.5,0.012
2022-07-03T22:00:00+03:00,PM2.5,0.013
2022-07-03T22:00:00+03:00,NO2,0.09
2022-07-03T22:00:00+03:00,NO,0.065
2022-07-03T22:00:00+03:00,CO,0.74
2022-07-03T22:00:00+03:00,PM10,0.013
2022-07-03T23:00:00+03:00,PM10,0.013
2022-07-03T23:00:00+03:00,NO,0.044
2022-07-03T23:00:00+03:00,NO2,0.084
2022-07-03T23:00:00+03:00,CO,0.66
2022-07-03T23:00:00+03:00,PM2.5,0.012
2022-07-04T00:00:00+03:00,NO2,0.081
2022-07-04T00:00:00+03:00,CO,0.74
2022-07-04T00:00:00+03:00,PM10,0.015
2022-07-04T00:00:00+03:00,NO,0.083
2022-07-04T00:00:00+03:00,PM2.5,0.015
2022-07-04T01:00:00+03:00,CO,0.86
2022-07-04T01:00:00+03:00,NO,0.12
2022-07-04T01:00:00+03:00,PM2.5,0.015
2022-07-04T01:00:00+03:00,NO2,0.079
2022-07-04T01:00:00+03:00,PM10,0.016
2022-07-04T02:00:00+03:00,NO,0.11
2022-07-04T02:00:00+03:00,PM2.5,0.012
2022-07-04T02:00:00+03:00,NO2,0.081
2022-07-04T02:00:00+03:00,CO,0.79
2022-07-04T02:00:00+03:00,PM10,0.013
2022-07-04T03:00:00+03:00,NO,0.165
2022-07-04T03:00:00+03:00,PM10,0.016
2022-07-04T03:00:00+03:00,PM2.5,0.015
2022-07-04T03:00:00+03:00,NO2,0.081
2022-07-04T03:00:00+03:00,CO,0.89
2022-07-04T04:00:00+03:00,PM10,0.014
2022-07-04T04:00:00+03:00,CO,0.56
2022-07-04T04:00:00+03:00,PM2.5,0.013
2022-07-04T04:00:00+03:00,NO,0.071
2022-07-04T04:00:00+03:00,NO2,0.077
2022-07-04T05:00:00+03:00,PM2.5,0.019
2022-07-04T05:00:00+03:00,PM10,0.019
2022-07-04T05:00:00+03:00,NO,0.157
2022-07-04T05:00:00+03:00,NO2,0.075
2022-07-04T05:00:00+03:00,CO,0.69
2022-07-04T06:00:00+03:00,PM10,0.017
2022-07-04T06:00:00+03:00,NO2,0.079
2022-07-04T06:00:00+03:00,PM2.5,0.016
2022-07-04T06:00:00+03:00,CO,0.75
2022-07-04T06:00:00+03:00,NO,0.14
2022-07-04T07:00:00+03:00,PM10,0.01
2022-07-04T07:00:00+03:00,CO,0.59
2022-07-04T07:00:00+03:00,NO2,0.076
2022-07-04T07:00:00+03:00,NO,0.05
2022-07-04T07:00:00+03:00,PM2.5,0.01
2022-07-04T08:00:00+03:00,CO,0.7
2022-07-04T08:00:00+03:00,NO2,0.083
2022-07-04T08:00:00+03:00,PM10,0.01
2022-07-04T08:00:00+03:00,PM2.5,0.008
2022-07-04T08:00:00+03:00,NO,0.06
2022-07-04T09:00:00+03:00,PM10,0.013
2022-07-04T09:00:00+03:00,NO,0.033
2022-07-04T09:00:00+03:00,PM2.5,0.011
2022-07-04T09:00:00+03:00,NO2,0.07
2022-07-04T09:00:00+03:00,CO,0.56
2022-07-04T10:00:00+03:00,PM10,0.007
2022-07-04T10:00:00+03:00,NO2,0.036
2022-07-04T10:00:00+03:00,NO,0.007
2022-07-04T10:00:00+03:00,PM2.5,0.006
2022-07-04T10:00:00+03:00,CO,0.33
2022-07-04T11:00:00+03:00,PM2.5,0.006
2022-07-04T11:00:00+03:00,NO2,0.044
2022-07-04T11:00:00+03:00,CO,0.3
2022-07-04T11:00:00+03:00,NO,0.016
2022-07-04T11:00:00+03:00,PM10,0.008
2022-07-04T12:00:00+03:00,CO,0.33
2022-07-04T12:00:00+03:00,NO2,0.038
2022-07-04T12:00:00+03:00,PM10,0.008
2022-07-04T12:00:00+03:00,PM2.5,0.006
2022-07-04T12:00:00+03:00,NO,0.008
2022-07-04T13:00:00+03:00,CO,0.34
2022-07-04T13:00:00+03:00,NO,0.005
2022-07-04T13:00:00+03:00,NO2,0.038
2022-07-04T13:00:00+03:00,PM10,0.014
2022-07-04T13:00:00+03:00,PM2.5,0.013
2022-07-04T14:00:00+03:00,NO2,0.041
2022-07-04T14:00:00+03:00,PM2.5,0.009
2022-07-04T14:00:00+03:00,CO,0.34
2022-07-04T14:00:00+03:00,NO,0.005
2022-07-04T14:00:00+03:00,PM10,0.01
2022-07-04T15:00:00+03:00,PM2.5,0.017
2022-07-04T15:00:00+03:00,NO2,0.039
2022-07-04T15:00:00+03:00,PM10,0.017
2022-07-04T15:00:00+03:00,CO,0.32
2022-07-04T15:00:00+03:00,NO,0.003
2022-07-04T16:00:00+03:00,PM10,0.011
2022-07-04T16:00:00+03:00,CO,0.31
2022-07-04T16:00:00+03:00,NO,0.003
2022-07-04T16:00:00+03:00,NO2,0.034
2022-07-04T16:00:00+03:00,PM2.5,0.011
2022-07-04T17:00:00+03:00,PM2.5,0.023
2022-07-04T17:00:00+03:00,NO,0.002
2022-07-04T17:00:00+03:00,CO,0.31
2022-07-04T17:00:00+03:00,PM10,0.022
2022-07-04T17:00:00+03:00,NO2,0.037
2022-07-04T18:00:00+03:00,PM10,0.017
2022-07-04T18:00:00+03:00,CO,0.31
2022-07-04T18:00:00+03:00,NO2,0.04
2022-07-04T18:00:00+03:00,NO,0.002
2022-07-04T18:00:00+03:00,PM2.5,0.018
2022-07-04T19:00:00+03:00,PM10,0.015
2022-07-04T19:00:00+03:00,CO,0.34
2022-07-04T19:00:00+03:00,NO2,0.046
2022-07-04T19:00:00+03:00,NO,0.002
2022-07-04T19:00:00+03:00,PM2.5,0.015
2022-07-04T20:00:00+03:00,PM10,0.016
2022-07-04T20:00:00+03:00,CO,0.51
2022-07-04T20:00:00+03:00,PM2.5,0.015
2022-07-04T20:00:00+03:00,NO,0.014
2022-07-04T20:00:00+03:00,NO2,0.087
2022-07-04T21:00:00+03:00,NO,0.065
2022-07-04T21:00:00+03:00,NO2,0.097
2022-07-04T21:00:00+03:00,PM2.5,0.021
2022-07-04T21:00:00+03:00,CO,0.79
2022-07-04T21:00:00+03:00,PM10,0.021
2022-07-04T22:00:00+03:00,NO2,0.11
2022-07-04T22:00:00+03:00,PM2.5,0.026
2022-07-04T22:00:00+03:00,NO,0.172
2022-07-04T22:00:00+03:00,PM10,0.025
2022-07-04T22:00:00+03:00,CO,1.26
2022-07-04T23:00:00+03:00,PM10,0.022
2022-07-04T23:00:00+03:00,NO,0.122
2022-07-04T23:00:00+03:00,CO,0.94
2022-07-04T23:00:00+03:00,PM2.5,0.022
2022-07-04T23:00:00+03:00,NO2,0.1
2022-07-05T00:00:00+03:00,NO,0.2
2022-07-05T00:00:00+03:00,PM2.5,0.024
2022-07-05T00:00:00+03:00,PM10,0.024
2022-07-05T00:00:00+03:00,CO,1.26
2022-07-05T00:00:00+03:00,NO2,0.096
2022-07-05T01:00:00+03:00,PM2.5,0.024
2022-07-05T01:00:00+03:00,PM10,0.024
2022-07-05T01:00:00+03:00,NO2,0.088
2022-07-05T01:00:00+03:00,CO,1.14
2022-07-05T01:00:00+03:00,NO,0.194
2022-07-05T02:00:00+03:00,PM10,0.016
2022-07-05T02:00:00+03:00,NO2,0.07
2022-07-05T02:00:00+03:00,PM2.5,0.015
2022-07-05T02:00:00+03:00,CO,0.6
2022-07-05T02:00:00+03:00,NO,0.06
2022-07-05T03:00:00+03:00,CO,0.46
2022-07-05T03:00:00+03:00,PM2.5,0.015
2022-07-05T03:00:00+03:00,NO,0.043
2022-07-05T03:00:00+03:00,NO2,0.066
2022-07-05T03:00:00+03:00,PM10,0.015
2022-07-05T04:00:00+03:00,PM2.5,0.016
2022-07-05T04:00:00+03:00,NO,0.093
2022-07-05T04:00:00+03:00,NO2,0.067
2022-07-05T04:00:00+03:00,CO,0.53
2022-07-05T04:00:00+03:00,PM10,0.016
2022-07-05T05:00:00+03:00,CO,0.56
2022-07-05T05:00:00+03:00,NO,0.111
2022-07-05T05:00:00+03:00,PM10,0.016
2022-07-05T05:00:00+03:00,NO2,0.062
2022-07-05T05:00:00+03:00,PM2.5,0.016
2022-07-05T06:00:00+03:00,CO,0.6
2022-07-05T06:00:00+03:00,PM10,0.018
2022-07-05T06:00:00+03:00,NO2,0.069
2022-07-05T06:00:00+03:00,PM2.5,0.017
2022-07-05T06:00:00+03:00,NO,0.114
2022-07-05T07:00:00+03:00,NO2,0.068
2022-07-05T07:00:00+03:00,PM10,0.01
2022-07-05T07:00:00+03:00,CO,0.48
2022-07-05T07:00:00+03:00,NO,0.044
2022-07-05T07:00:00+03:00,PM2.5,0.009
2022-07-05T08:00:00+03:00,CO,0.46
2022-07-05T08:00:00+03:00,PM10,0.007
2022-07-05T08:00:00+03:00,PM2.5,0.005
2022-07-05T08:00:00+03:00,NO,0.022
2022-07-05T08:00:00+03:00,NO2,0.062
2022-07-05T09:00:00+03:00,PM10,0.013
2022-07-05T09:00:00+03:00,CO,0.45
2022-07-05T09:00:00+03:00,PM2.5,0.012
2022-07-05T09:00:00+03:00,NO,0.02
2022-07-05T09:00:00+03:00,NO2,0.064
2022-07-05T10:00:00+03:00,PM10,0.009
2022-07-05T10:00:00+03:00,NO,0.014
2022-07-05T10:00:00+03:00,CO,0.38
2022-07-05T10:00:00+03:00,PM2.5,0.008
2022-07-05T10:00:00+03:00,NO2,0.053
2022-07-05T11:00:00+03:00,PM10,0.006
2022-07-05T11:00:00+03:00,PM2.5,0.005
2022-07-05T11:00:00+03:00,NO2,0.036
2022-07-05T11:00:00+03:00,CO,0.32
2022-07-05T11:00:00+03:00,NO,0.006
2022-07-05T12:00:00+03:00,PM2.5,0.01
2022-07-05T12:00:00+03:00,CO,0.28
2022-07-05T12:00:00+03:00,NO2,0.026
2022-07-05T12:00:00+03:00,NO,0.004
2022-07-05T12:00:00+03:00,PM10,0.011
2022-07-05T13:00:00+03:00,PM2.5,0.017
2022-07-05T13:00:00+03:00,NO,0.003
2022-07-05T13:00:00+03:00,NO2,0.029
2022-07-05T13:00:00+03:00,PM10,0.017
2022-07-05T13:00:00+03:00,CO,0.3
2022-07-05T14:00:00+03:00,PM10,0.01
2022-07-05T14:00:00+03:00,NO,0.002
2022-07-05T14:00:00+03:00,PM2.5,0.01
2022-07-05T14:00:00+03:00,CO,0.27
2022-07-05T14:00:00+03:00,NO2,0.029
2022-07-05T15:00:00+03:00,PM2.5,0.01
2022-07-05T15:00:00+03:00,CO,0.27
2022-07-05T15:00:00+03:00,NO2,0.025
2022-07-05T15:00:00+03:00,NO,0.004
2022-07-05T15:00:00+03:00,PM10,0.011
2022-07-05T16:00:00+03:00,NO,0.004
2022-07-05T16:00:00+03:00,CO,0.36
2022-07-05T16:00:00+03:00,PM10,0.031
2022-07-05T16:00:00+03:00,NO2,0.052
2022-07-05T16:00:00+03:00,PM2.5,0.033
2022-07-05T17:00:00+03:00,PM2.5,0.04
2022-07-05T17:00:00+03:00,CO,0.47
2022-07-05T17:00:00+03:00,NO2,0.074
2022-07-05T17:00:00+03:00,NO,0.01
2022-07-05T17:00:00+03:00,PM10,0.038
2022-07-05T18:00:00+03:00,NO,0.012
2022-07-05T18:00:00+03:00,NO2,0.079
2022-07-05T18:00:00+03:00,PM10,0.015
2022-07-05T18:00:00+03:00,CO,0.53
2022-07-05T18:00:00+03:00,PM2.5,0.014
2022-07-05T19:00:00+03:00,NO,0.016
2022-07-05T19:00:00+03:00,CO,0.54
2022-07-05T19:00:00+03:00,PM2.5,0.015
2022-07-05T19:00:00+03:00,NO2,0.078
2022-07-05T19:00:00+03:00,PM10,0.017
2022-07-05T20:00:00+03:00,CO,0.46
2022-07-05T20:00:00+03:00,NO2,0.061
2022-07-05T20:00:00+03:00,PM10,0.008
2022-07-05T20:00:00+03:00,NO,0.008
2022-07-05T20:00:00+03:00,PM2.5,0.008
2022-07-05T21:00:00+03:00,NO,0.007
2022-07-05T21:00:00+03:00,CO,0.48
2022-07-05T21:00:00+03:00,PM10,0.012
2022-07-05T21:00:00+03:00,PM2.5,0.011
2022-07-05T21:00:00+03:00,NO2,0.068
2022-07-05T22:00:00+03:00,NO2,0.074
2022-07-05T22:00:00+03:00,PM10,0.008
2022-07-05T22:00:00+03:00,CO,0.51
2022-07-05T22:00:00+03:00,PM2.5,0.007
2022-07-05T22:00:00+03:00,NO,0.013
2022-07-05T23:00:00+03:00,NO2,0.081
2022-07-05T23:00:00+03:00,NO,0.023
2022-07-05T23:00:00+03:00,PM10,0.015
2022-07-05T23:00:00+03:00,PM2.5,0.014
2022-07-05T23:00:00+03:00,CO,0.51
2022-07-06T00:00:00+03:00,PM2.5,0.014
2022-07-06T00:00:00+03:00,NO2,0.063
2022-07-06T00:00:00+03:00,CO,0.47
2022-07-06T00:00:00+03:00,PM10,0.015
2022-07-06T00:00:00+03:00,NO,0.009
2022-07-06T01:00:00+03:00,NO,0.002
2022-07-06T01:00:00+03:00,PM10,0.012
2022-07-06T01:00:00+03:00,NO2,0.045
2022-07-06T01:00:00+03:00,CO,0.37
2022-07-06T01:00:00+03:00,PM2.5,0.012
2022-07-06T02:00:00+03:00,PM2.5,0.013
2022-07-06T02:00:00+03:00,PM10,0.014
2022-07-06T02:00:00+03:00,NO,0.013
2022-07-06T02:00:00+03:00,NO2,0.041
2022-07-06T02:00:00+03:00,CO,0.35
2022-07-06T03:00:00+03:00,PM10,0.017
2022-07-06T03:00:00+03:00,NO,0.052
2022-07-06T03:00:00+03:00,NO2,0.051
2022-07-06T03:00:00+03:00,PM2.5,0.016
2022-07-06T03:00:00+03:00,CO,0.45
2022-07-06T04:00:00+03:00,PM10,0.017
2022-07-06T04:00:00+03:00,PM2.5,0.017
2022-07-06T04:00:00+03:00,NO,0.105
2022-07-06T04:00:00+03:00,NO2,0.064
2022-07-06T04:00:00+03:00,CO,0.53
2022-07-06T05:00:00+03:00,PM2.5,0.017
2022-07-06T05:00:00+03:00,CO,0.52
2022-07-06T05:00:00+03:00,PM10,0.017
2022-07-06T05:00:00+03:00,NO2,0.053
2022-07-06T05:00:00+03:00,NO,0.098
2022-07-06T06:00:00+03:00,NO,0.034
2022-07-06T06:00:00+03:00,PM2.5,0.018
2022-07-06T06:00:00+03:00,CO,0.41
2022-07-06T06:00:00+03:00,NO2,0.047
2022-07-06T06:00:00+03:00,PM10,0.019
2022-07-06T07:00:00+03:00,CO,0.49
2022-07-06T07:00:00+03:00,PM10,0.016
2022-07-06T07:00:00+03:00,NO,0.043
2022-07-06T07:00:00+03:00,NO2,0.047
2022-07-06T07:00:00+03:00,PM2.5,0.015
2022-07-06T08:00:00+03:00,CO,0.46
2022-07-06T08:00:00+03:00,NO,0.021
2022-07-06T08:00:00+03:00,PM10,0.014
2022-07-06T08:00:00+03:00,NO2,0.04
2022-07-06T08:00:00+03:00,PM2.5,0.013
2022-07-06T09:00:00+03:00,PM10,0.014
2022-07-06T09:00:00+03:00,CO,0.56
2022-07-06T09:00:00+03:00,NO2,0.057
2022-07-06T09:00:00+03:00,NO,0.027
2022-07-06T09:00:00+03:00,PM2.5,0.012
2022-07-06T10:00:00+03:00,PM10,0.016
2022-07-06T10:00:00+03:00,NO2,0.062
2022-07-06T10:00:00+03:00,CO,0.54
2022-07-06T10:00:00+03:00,NO,0.024
2022-07-06T10:00:00+03:00,PM2.5,0.015
2022-07-06T11:00:00+03:00,NO2,0.053
2022-07-06T11:00:00+03:00,PM2.5,0.009
2022-07-06T11:00:00+03:00,CO,0.45
2022-07-06T11:00:00+03:00,PM10,0.011
2022-07-06T11:00:00+03:00,NO,0.012
2022-07-06T12:00:00+03:00,CO,0.34
2022-07-06T12:00:00+03:00,PM2.5,0.01
2022-07-06T12:00:00+03:00,PM10,0.01
2022-07-06T12:00:00+03:00,NO,0.009
2022-07-06T12:00:00+03:00,NO2,0.027
2022-07-06T13:00:00+03:00,PM10,0.007
2022-07-06T13:00:00+03:00,CO,0.28
2022-07-06T13:00:00+03:00,NO,0.006
2022-07-06T13:00:00+03:00,NO2,0.017
2022-07-06T13:00:00+03:00,PM2.5,0.006
2022-07-06T14:00:00+03:00,NO,0.008
2022-07-06T14:00:00+03:00,PM2.5,0.037
2022-07-06T14:00:00+03:00,CO,0.34
2022-07-06T14:00:00+03:00,NO2,0.032
2022-07-06T14:00:00+03:00,PM10,0.033
2022-07-06T15:00:00+03:00,PM10,0.01
2022-07-06T15:00:00+03:00,CO,0.29
2022-07-06T15:00:00+03:00,PM2.5,0.01
2022-07-06T15:00:00+03:00,NO2,0.03
2022-07-06T15:00:00+03:00,NO,0.006
2022-07-06T16:00:00+03:00,CO,0.31
2022-07-06T16:00:00+03:00,NO,0.005
2022-07-06T16:00:00+03:00,NO2,0.035
2022-07-06T16:00:00+03:00,PM2.5,0.01
2022-07-06T16:00:00+03:00,PM10,0.011
2022-07-06T17:00:00+03:00,NO2,0.035
2022-07-06T17:00:00+03:00,NO,0.006
2022-07-06T17:00:00+03:00,PM2.5,0.018
2022-07-06T17:00:00+03:00,PM10,0.018
2022-07-06T17:00:00+03:00,CO,0.34
2022-07-06T18:00:00+03:00,CO,0.33
2022-07-06T18:00:00+03:00,NO,0.004
2022-07-06T18:00:00+03:00,PM10,0.019
2022-07-06T18:00:00+03:00,PM2.5,0.019
2022-07-06T18:00:00+03:00,NO2,0.035
2022-07-06T19:00:00+03:00,PM2.5,0.024
2022-07-06T19:00:00+03:00,NO,0.003
2022-07-06T19:00:00+03:00,CO,0.33
2022-07-06T19:00:00+03:00,NO2,0.041
2022-07-06T19:00:00+03:00,PM10,0.023
2022-07-06T20:00:00+03:00,NO,0.012
2022-07-06T20:00:00+03:00,PM10,0.015
2022-07-06T20:00:00+03:00,PM2.5,0.015
2022-07-06T20:00:00+03:00,CO,0.35
2022-07-06T20:00:00+03:00,NO2,0.036
2022-07-06T21:00:00+03:00,NO2,0.029
2022-07-06T21:00:00+03:00,NO,0.011
2022-07-06T21:00:00+03:00,PM10,0.01
2022-07-06T21:00:00+03:00,PM2.5,0.01
2022-07-06T21:00:00+03:00,CO,0.31
2022-07-06T22:00:00+03:00,NO2,0.074
2022-07-06T22:00:00+03:00,PM2.5,0.01
2022-07-06T22:00:00+03:00,PM10,0.011
2022-07-06T22:00:00+03:00,NO,0.11
2022-07-06T22:00:00+03:00,CO,0.89
2022-07-06T23:00:00+03:00,PM2.5,0.008
2022-07-06T23:00:00+03:00,NO,0.121
2022-07-06T23:00:00+03:00,CO,0.88
2022-07-06T23:00:00+03:00,PM10,0.009
2022-07-06T23:00:00+03:00,NO2,0.061
2022-07-07T00:00:00+03:00,CO,0.95
2022-07-07T00:00:00+03:00,PM2.5,0.011
2022-07-07T00:00:00+03:00,NO2,0.062
2022-07-07T00:00:00+03:00,PM10,0.011
2022-07-07T00:00:00+03:00,NO,0.149
2022-07-07T01:00:00+03:00,PM2.5,0.008
2022-07-07T01:00:00+03:00,NO,0.011
2022-07-07T01:00:00+03:00,PM10,0.01
2022-07-07T01:00:00+03:00,CO,0.41
2022-07-07T01:00:00+03:00,NO2,0.058
2022-07-07T02:00:00+03:00,PM2.5,0.011
2022-07-07T02:00:00+03:00,PM10,0.012
2022-07-07T02:00:00+03:00,CO,0.47
2022-07-07T02:00:00+03:00,NO2,0.061
2022-07-07T02:00:00+03:00,NO,0.032
2022-07-07T03:00:00+03:00,NO,0.011
2022-07-07T03:00:00+03:00,PM2.5,0.009
2022-07-07T03:00:00+03:00,PM10,0.01
2022-07-07T03:00:00+03:00,CO,0.37
2022-07-07T03:00:00+03:00,NO2,0.056
2022-07-07T04:00:00+03:00,NO,0.006
2022-07-07T04:00:00+03:00,CO,0.32
2022-07-07T04:00:00+03:00,PM2.5,0.01
2022-07-07T04:00:00+03:00,PM10,0.011
2022-07-07T04:00:00+03:00,NO2,0.051
2022-07-07T05:00:00+03:00,NO2,0.048
2022-07-07T05:00:00+03:00,PM2.5,0.011
2022-07-07T05:00:00+03:00,NO,0.007
2022-07-07T05:00:00+03:00,CO,0.31
2022-07-07T05:00:00+03:00,PM10,0.013
2022-07-07T06:00:00+03:00,NO,0.006
2022-07-07T06:00:00+03:00,PM2.5,0.01
2022-07-07T06:00:00+03:00,NO2,0.044
2022-07-07T06:00:00+03:00,CO,0.31
2022-07-07T06:00:00+03:00,PM10,0.012
2022-07-07T07:00:00+03:00,NO,0.006
2022-07-07T07:00:00+03:00,PM10,0.007
2022-07-07T07:00:00+03:00,CO,0.31
2022-07-07T07:00:00+03:00,NO2,0.035
2022-07-07T07:00:00+03:00,PM2.5,0.005
2022-07-07T08:00:00+03:00,PM2.5,0.01
2022-07-07T08:00:00+03:00,CO,0.36
2022-07-07T08:00:00+03:00,NO2,0.042
2022-07-07T08:00:00+03:00,PM10,0.011
2022-07-07T08:00:00+03:00,NO,0.01
2022-07-07T09:00:00+03:00,NO,0.016
2022-07-07T09:00:00+03:00,CO,0.39
2022-07-07T09:00:00+03:00,NO2,0.047
2022-07-07T09:00:00+03:00,PM10,0.014
2022-07-07T09:00:00+03:00,PM2.5,0.013
2022-07-07T10:00:00+03:00,PM2.5,0.005
2022-07-07T10:00:00+03:00,PM10,0.007
2022-07-07T10:00:00+03:00,NO,0.007
2022-07-07T10:00:00+03:00,NO2,0.034
2022-07-07T10:00:00+03:00,CO,0.32
2022-07-07T11:00:00+03:00,NO,0.005
2022-07-07T11:00:00+03:00,NO2,0.035
2022-07-07T11:00:00+03:00,PM10,0.01
2022-07-07T11:00:00+03:00,PM2.5,0.008
2022-07-07T11:00:00+03:00,CO,0.31
2022-07-07T12:00:00+03:00,PM10,0.013
2022-07-07T12:00:00+03:00,NO,0.004
2022-07-07T12:00:00+03:00,CO,0.29
2022-07-07T12:00:00+03:00,NO2,0.03
2022-07-07T12:00:00+03:00,PM2.5,0.011
2022-07-07T13:00:00+03:00,PM2.5,0.012
2022-07-07T13:00:00+03:00,PM10,0.013
2022-07-07T13:00:00+03:00,NO2,0.025
2022-07-07T13:00:00+03:00,CO,0.25
2022-07-07T13:00:00+03:00,NO,0.003
2022-07-07T14:00:00+03:00,PM2.5,0.014
2022-07-07T14:00:00+03:00,NO,0.003
2022-07-07T14:00:00+03:00,CO,0.24
2022-07-07T14:00:00+03:00,NO2,0.023
2022-07-07T14:00:00+03:00,PM10,0.015
2022-07-07T15:00:00+03:00,PM10,0.009
2022-07-07T15:00:00+03:00,PM2.5,0.007
2022-07-07T15:00:00+03:00,NO,0.003
2022-07-07T15:00:00+03:00,NO2,0.028
2022-07-07T15:00:00+03:00,CO,0.24
2022-07-07T16:00:00+03:00,NO2,0.029
2022-07-07T16:00:00+03:00,PM10,0.011
2022-07-07T16:00:00+03:00,CO,0.22
2022-07-07T16:00:00+03:00,PM2.5,0.01
2022-07-07T16:00:00+03:00,NO,0.003
2022-07-07T17:00:00+03:00,NO2,0.031
2022-07-07T17:00:00+03:00,NO,0.003
2022-07-07T17:00:00+03:00,CO,0.26
2022-07-07T17:00:00+03:00,PM10,0.034
2022-07-07T17:00:00+03:00,PM2.5,0.036
2022-07-07T18:00:00+03:00,CO,0.23
2022-07-07T18:00:00+03:00,PM2.5,0.017
2022-07-07T18:00:00+03:00,NO2,0.02
2022-07-07T18:00:00+03:00,NO,0.004
2022-07-07T18:00:00+03:00,PM10,0.018
2022-07-07T19:00:00+03:00,NO,0.004
2022-07-07T19:00:00+03:00,NO2,0.021
2022-07-07T19:00:00+03:00,PM2.5,0.012
2022-07-07T19:00:00+03:00,CO,0.25
2022-07-07T19:00:00+03:00,PM10,0.014
2022-07-07T20:00:00+03:00,PM10,0.004
2022-07-07T20:00:00+03:00,NO,0.005
2022-07-07T20:00:00+03:00,PM2.5,0.002
2022-07-07T20:00:00+03:00,CO,0.36
2022-07-07T20:00:00+03:00,NO2,0.051
2022-07-07T21:00:00+03:00,NO2,0.054
2022-07-07T21:00:00+03:00,PM2.5,0.004
2022-07-07T21:00:00+03:00,NO,0.02
2022-07-07T21:00:00+03:00,PM10,0.006
2022-07-07T21:00:00+03:00,CO,0.44
2022-07-07T22:00:00+03:00,NO2,0.045
2022-07-07T22:00:00+03:00,PM2.5,0.005
2022-07-07T22:00:00+03:00,CO,0.43
2022-07-07T22:00:00+03:00,NO,0.017
2022-07-07T22:00:00+03:00,PM10,0.007
2022-07-07T23:00:00+03:00,NO2,0.044
2022-07-07T23:00:00+03:00,NO,0.021
2022-07-07T23:00:00+03:00,PM2.5,0.003
2022-07-07T23:00:00+03:00,PM10,0.005
2022-07-07T23:00:00+03:00,CO,0.36
2022-07-08T00:00:00+03:00,PM2.5,0.002
2022-07-08T00:00:00+03:00,NO,0.03
2022-07-08T00:00:00+03:00,CO,0.33
2022-07-08T00:00:00+03:00,PM10,0.004
2022-07-08T00:00:00+03:00,NO2,0.037
2022-07-08T01:00:00+03:00,CO,0.29
2022-07-08T01:00:00+03:00,PM10,0.001
2022-07-08T01:00:00+03:00,PM2.5,0
2022-07-08T01:00:00+03:00,NO,0.012
2022-07-08T01:00:00+03:00,NO2,0.029
2022-07-08T02:00:00+03:00,PM2.5,0
2022-07-08T02:00:00+03:00,CO,0.23
2022-07-08T02:00:00+03:00,PM10,0.002
2022-07-08T02:00:00+03:00,NO2,0.029
2022-07-08T02:00:00+03:00,NO,0.008
2022-07-08T03:00:00+03:00,CO,0.21
2022-07-08T03:00:00+03:00,NO,0.008
2022-07-08T03:00:00+03:00,PM10,0.002
2022-07-08T03:00:00+03:00,NO2,0.026
2022-07-08T03:00:00+03:00,PM2.5,0
2022-07-08T04:00:00+03:00,NO,0.008
2022-07-08T04:00:00+03:00,PM2.5,0
2022-07-08T04:00:00+03:00,CO,0.22
2022-07-08T04:00:00+03:00,NO2,0.036
2022-07-08T04:00:00+03:00,PM10,0.002
2022-07-08T05:00:00+03:00,PM2.5,0.001
2022-07-08T05:00:00+03:00,PM10,0.003
2022-07-08T05:00:00+03:00,CO,0.26
2022-07-08T05:00:00+03:00,NO2,0.041
2022-07-08T05:00:00+03:00,NO,0.022
2022-07-08T06:00:00+03:00,PM2.5,0.001
2022-07-08T06:00:00+03:00,NO2,0.042
2022-07-08T06:00:00+03:00,NO,0.019
2022-07-08T06:00:00+03:00,CO,0.25
2022-07-08T06:00:00+03:00,PM10,0.003
2022-07-08T07:00:00+03:00,PM2.5,0.002
2022-07-08T07:00:00+03:00,PM10,0.004
2022-07-08T07:00:00+03:00,CO,0.33
2022-07-08T07:00:00+03:00,NO2,0.042
2022-07-08T07:00:00+03:00,NO,0.038
2022-07-08T08:00:00+03:00,NO2,0.045
2022-07-08T08:00:00+03:00,NO,0.049
2022-07-08T08:00:00+03:00,CO,0.33
2022-07-08T08:00:00+03:00,PM10,0.006
2022-07-08T08:00:00+03:00,PM2.5,0.004
2022-07-08T09:00:00+03:00,NO2,0.037
2022-07-08T09:00:00+03:00,PM2.5,0.006
2022-07-08T09:00:00+03:00,CO,0.38
2022-07-08T09:00:00+03:00,PM10,0.007
2022-07-08T09:00:00+03:00,NO,0.032
2022-07-08T10:00:00+03:00,NO2,0.045
2022-07-08T10:00:00+03:00,PM10,0.01
2022-07-08T10:00:00+03:00,NO,0.036
2022-07-08T10:00:00+03:00,PM2.5,0.009
2022-07-08T10:00:00+03:00,CO,0.38
2022-07-08T11:00:00+03:00,NO,0.029
2022-07-08T11:00:00+03:00,PM2.5,0.011
2022-07-08T11:00:00+03:00,NO2,0.043
2022-07-08T11:00:00+03:00,PM10,0.011
2022-07-08T11:00:00+03:00,CO,0.37
2022-07-08T12:00:00+03:00,PM10,0.008
2022-07-08T12:00:00+03:00,CO,0.33
2022-07-08T12:00:00+03:00,NO,0.025
2022-07-08T12:00:00+03:00,NO2,0.041
2022-07-08T12:00:00+03:00,PM2.5,0.008
2022-07-08T13:00:00+03:00,PM2.5,0.008
2022-07-08T13:00:00+03:00,NO,0.021
2022-07-08T13:00:00+03:00,NO2,0.042
2022-07-08T13:00:00+03:00,PM10,0.009
2022-07-08T13:00:00+03:00,CO,0.3
2022-07-08T14:00:00+03:00,NO,0.016
2022-07-08T14:00:00+03:00,NO2,0.041
2022-07-08T14:00:00+03:00,PM2.5,0.004
2022-07-08T14:00:00+03:00,PM10,0.005
2022-07-08T14:00:00+03:00,CO,0.3
2022-07-08T15:00:00+03:00,CO,0.27
2022-07-08T15:00:00+03:00,NO2,0.036
2022-07-08T15:00:00+03:00,PM2.5,0.002
2022-07-08T15:00:00+03:00,NO,0.015
2022-07-08T15:00:00+03:00,PM10,0.003
2022-07-08T16:00:00+03:00,NO2,0.044
2022-07-08T16:00:00+03:00,PM10,0.016
2022-07-08T16:00:00+03:00,NO,0.024
2022-07-08T16:00:00+03:00,PM2.5,0.015
2022-07-08T16:00:00+03:00,CO,0.31
2022-07-08T17:00:00+03:00,NO2,0.041
2022-07-08T17:00:00+03:00,PM2.5,0.008
2022-07-08T17:00:00+03:00,CO,0.27
2022-07-08T17:00:00+03:00,PM10,0.009
2022-07-08T17:00:00+03:00,NO,0.018
2022-07-08T18:00:00+03:00,PM10,0.015
2022-07-08T18:00:00+03:00,NO2,0.041
2022-07-08T18:00:00+03:00,CO,0.27
2022-07-08T18:00:00+03:00,PM2.5,0.014
2022-07-08T18:00:00+03:00,NO,0.013
2022-07-08T19:00:00+03:00,NO,0.003
2022-07-08T19:00:00+03:00,NO2,0.053
2022-07-08T19:00:00+03:00,PM10,0.014
2022-07-08T19:00:00+03:00,CO,0.29
2022-07-08T19:00:00+03:00,PM2.5,0.013
2022-07-08T20:00:00+03:00,CO,0.34
2022-07-08T20:00:00+03:00,PM10,0.012
2022-07-08T20:00:00+03:00,NO2,0.06
2022-07-08T20:00:00+03:00,NO,0.004
2022-07-08T20:00:00+03:00,PM2.5,0.01
2022-07-08T21:00:00+03:00,CO,0.44
2022-07-08T21:00:00+03:00,PM2.5,0.012
2022-07-08T21:00:00+03:00,PM10,0.014
2022-07-08T21:00:00+03:00,NO,0.005
2022-07-08T21:00:00+03:00,NO2,0.082
2022-07-08T22:00:00+03:00,NO2,0.1
2022-07-08T22:00:00+03:00,PM2.5,0.016
2022-07-08T22:00:00+03:00,CO,0.74
2022-07-08T22:00:00+03:00,NO,0.061
2022-07-08T22:00:00+03:00,PM10,0.017
2022-07-08T23:00:00+03:00,NO,0.155
2022-07-08T23:00:00+03:00,PM2.5,0.02
2022-07-08T23:00:00+03:00,PM10,0.02
2022-07-08T23:00:00+03:00,CO,1.13
2022-07-08T23:00:00+03:00,NO2,0.102
2022-07-09T00:00:00+03:00,NO2,0.112
2022-07-09T00:00:00+03:00,PM10,0.019
2022-07-09T00:00:00+03:00,CO,1.08
2022-07-09T00:00:00+03:00,NO,0.154
2022-07-09T00:00:00+03:00,PM2.5,0.018
2022-07-09T01:00:00+03:00,NO2,0.096
2022-07-09T01:00:00+03:00,PM10,0.02
2022-07-09T01:00:00+03:00,PM2.5,0.019
2022-07-09T01:00:00+03:00,CO,1.18
2022-07-09T01:00:00+03:00,NO,0.192
2022-07-09T02:00:00+03:00,NO2,0.086
2022-07-09T02:00:00+03:00,CO,0.8
2022-07-09T02:00:00+03:00,PM10,0.018
2022-07-09T02:00:00+03:00,NO,0.084
2022-07-09T02:00:00+03:00,PM2.5,0.017
2022-07-09T03:00:00+03:00,NO,0.074
2022-07-09T03:00:00+03:00,CO,0.73
2022-07-09T03:00:00+03:00,PM2.5,0.013
2022-07-09T03:00:00+03:00,NO2,0.077
2022-07-09T03:00:00+03:00,PM10,0.014
2022-07-09T04:00:00+03:00,CO,0.83
2022-07-09T04:00:00+03:00,PM2.5,0.013
2022-07-09T04:00:00+03:00,NO2,0.074
2022-07-09T04:00:00+03:00,NO,0.155
2022-07-09T04:00:00+03:00,PM10,0.015
2022-07-09T05:00:00+03:00,PM10,0.016
2022-07-09T05:00:00+03:00,NO,0.12
2022-07-09T05:00:00+03:00,PM2.5,0.015
2022-07-09T05:00:00+03:00,NO2,0.083
2022-07-09T05:00:00+03:00,CO,0.83
2022-07-09T06:00:00+03:00,NO,0.092
2022-07-09T06:00:00+03:00,NO2,0.081
2022-07-09T06:00:00+03:00,CO,0.79
2022-07-09T06:00:00+03:00,PM10,0.018
2022-07-09T06:00:00+03:00,PM2.5,0.017
2022-07-09T07:00:00+03:00,PM2.5,0.014
2022-07-09T07:00:00+03:00,NO2,0.076
2022-07-09T07:00:00+03:00,NO,0.067
2022-07-09T07:00:00+03:00,PM10,0.016
2022-07-09T07:00:00+03:00,CO,0.65
2022-07-09T08:00:00+03:00,NO2,0.068
2022-07-09T08:00:00+03:00,NO,0.042
2022-07-09T08:00:00+03:00,PM10,0.014
2022-07-09T08:00:00+03:00,PM2.5,0.011
2022-07-09T08:00:00+03:00,CO,0.62
2022-07-09T09:00:00+03:00,NO2,0.05
2022-07-09T09:00:00+03:00,PM10,0.004
2022-07-09T09:00:00+03:00,NO,0.026
2022-07-09T09:00:00+03:00,PM2.5,0.003
2022-07-09T09:00:00+03:00,CO,0.46
2022-07-09T10:00:00+03:00,NO,0.008
2022-07-09T10:00:00+03:00,CO,0.29
2022-07-09T10:00:00+03:00,PM2.5,0.017
2022-07-09T10:00:00+03:00,NO2,0.034
2022-07-09T10:00:00+03:00,PM10,0.019
2022-07-09T11:00:00+03:00,PM2.5,0.01
2022-07-09T11:00:00+03:00,NO2,0.034
2022-07-09T11:00:00+03:00,NO,0.007
2022-07-09T11:00:00+03:00,PM10,0.012
2022-07-09T11:00:00+03:00,CO,0.29
2022-07-09T12:00:00+03:00,PM10,
2022-07-09T12:00:00+03:00,PM2.5,
2022-07-09T12:00:00+03:00,NO2,
2022-07-09T12:00:00+03:00,NO,
2022-07-09T12:00:00+03:00,CO,
2022-07-09T13:00:00+03:00,NO2,
2022-07-09T13:00:00+03:00,CO,
2022-07-09T13:00:00+03:00,NO,
2022-07-09T13:00:00+03:00,PM10,
2022-07-09T13:00:00+03:00,PM2.5,
2022-07-09T14:00:00+03:00,NO,
2022-07-09T14:00:00+03:00,NO2,
2022-07-09T14:00:00+03:00,CO,
2022-07-09T14:00:00+03:00,PM10,
2022-07-09T14:00:00+03:00,PM2.5,
2022-07-09T15:00:00+03:00,NO2,
2022-07-09T15:00:00+03:00,CO,
2022-07-09T15:00:00+03:00,NO,
2022-07-09T15:00:00+03:00,PM10,
2022-07-09T15:00:00+03:00,PM2.5,
2022-07-09T16:00:00+03:00,NO2,
2022-07-09T16:00:00+03:00,CO,
2022-07-09T16:00:00+03:00,PM10,
2022-07-09T16:00:00+03:00,PM2.5,
2022-07-09T16:00:00+03:00,NO,
2022-07-09T17:00:00+03:00,NO2,
2022-07-09T17:00:00+03:00,CO,
2022-07-09T17:00:00+03:00,PM2.5,
2022-07-09T17:00:00+03:00,NO,
2022-07-09T17:00:00+03:00,PM10,
2022-07-09T18:00:00+03:00,NO,
2022-07-09T18:00:00+03:00,CO,
2022-07-09T18:00:00+03:00,PM2.5,
2022-07-09T18:00:00+03:00,PM10,
2022-07-09T18:00:00+03:00,NO2,
2022-07-09T19:00:00+03:00,NO,
2022-07-09T19:00:00+03:00,CO,
2022-07-09T19:00:00+03:00,PM10,
2022-07-09T19:00:00+03:00,PM2.5,
2022-07-09T19:00:00+03:00,NO2,
2022-07-09T20:00:00+03:00,NO2,
2022-07-09T20:00:00+03:00,CO,
2022-07-09T20:00:00+03:00,NO,
2022-07-09T20:00:00+03:00,PM2.5,
2022-07-09T20:00:00+03:00,PM10,
2022-07-09T21:00:00+03:00,NO2,
2022-07-09T21:00:00+03:00,NO,
2022-07-09T21:00:00+03:00,CO,
2022-07-09T21:00:00+03:00,PM10,
2022-07-09T21:00:00+03:00,PM2.5,
2022-07-09T22:00:00+03:00,NO,
2022-07-09T22:00:00+03:00,CO,
2022-07-09T22:00:00+03:00,PM10,
2022-07-09T22:00:00+03:00,PM2.5,
2022-07-09T22:00:00+03:00,NO2,
2022-07-09T23:00:00+03:00,PM2.5,
2022-07-09T23:00:00+03:00,PM10,
2022-07-09T23:00:00+03:00,NO2,
2022-07-09T23:00:00+03:00,NO,
2022-07-09T23:00:00+03:00,CO,
2022-07-10T00:00:00+03:00,NO2,
2022-07-10T00:00:00+03:00,NO,
2022-07-10T00:00:00+03:00,CO,
2022-07-10T00:00:00+03:00,PM10,
2022-07-10T00:00:00+03:00,PM2.5,
2022-07-10T01:00:00+03:00,NO2,
2022-07-10T01:00:00+03:00,CO,
2022-07-10T01:00:00+03:00,PM2.5,
2022-07-10T01:00:00+03:00,PM10,
2022-07-10T01:00:00+03:00,NO,
2022-07-10T02:00:00+03:00,NO2,
2022-07-10T02:00:00+03:00,NO,
2022-07-10T02:00:00+03:00,PM10,
2022-07-10T02:00:00+03:00,CO,
2022-07-10T02:00:00+03:00,PM2.5,
2022-07-10T03:00:00+03:00,NO,
2022-07-10T03:00:00+03:00,PM10,
2022-07-10T03:00:00+03:00,NO2,
2022-07-10T03:00:00+03:00,CO,
2022-07-10T03:00:00+03:00,PM2.5,
2022-07-10T04:00:00+03:00,CO,
2022-07-10T04:00:00+03:00,NO,
2022-07-10T04:00:00+03:00,PM10,
2022-07-10T04:00:00+03:00,PM2.5,
2022-07-10T04:00:00+03:00,NO2,
2022-07-10T05:00:00+03:00,NO2,
2022-07-10T05:00:00+03:00,PM10,
2022-07-10T05:00:00+03:00,NO,
2022-07-10T05:00:00+03:00,CO,
2022-07-10T05:00:00+03:00,PM2.5,
2022-07-10T06:00:00+03:00,PM10,
2022-07-10T06:00:00+03:00,NO,
2022-07-10T06:00:00+03:00,CO,
2022-07-10T06:00:00+03:00,PM2.5,
2022-07-10T06:00:00+03:00,NO2,
2022-07-10T07:00:00+03:00,PM10,
2022-07-10T07:00:00+03:00,NO2,
2022-07-10T07:00:00+03:00,CO,
2022-07-10T07:00:00+03:00,PM2.5,
2022-07-10T07:00:00+03:00,NO,
2022-07-10T08:00:00+03:00,NO,
2022-07-10T08:00:00+03:00,PM10,
2022-07-10T08:00:00+03:00,CO,
2022-07-10T08:00:00+03:00,PM2.5,
2022-07-10T08:00:00+03:00,NO2,
2022-07-10T09:00:00+03:00,CO,
2022-07-10T09:00:00+03:00,NO,
2022-07-10T09:00:00+03:00,NO2,
2022-07-10T09:00:00+03:00,PM10,
2022-07-10T09:00:00+03:00,PM2.5,
2022-07-10T10:00:00+03:00,CO,
2022-07-10T10:00:00+03:00,PM2.5,
2022-07-10T10:00:00+03:00,NO2,
2022-07-10T10:00:00+03:00,NO,
2022-07-10T10:00:00+03:00,PM10,
2022-07-10T11:00:00+03:00,NO,
2022-07-10T11:00:00+03:00,CO,
2022-07-10T11:00:00+03:00,PM10,
2022-07-10T11:00:00+03:00,PM2.5,
2022-07-10T11:00:00+03:00,NO2,
2022-07-10T12:00:00+03:00,PM2.5,
2022-07-10T12:00:00+03:00,NO,
2022-07-10T12:00:00+03:00,PM10,
2022-07-10T12:00:00+03:00,CO,
2022-07-10T12:00:00+03:00,NO2,
2022-07-10T13:00:00+03:00,PM10,
2022-07-10T13:00:00+03:00,CO,
2022-07-10T13:00:00+03:00,PM2.5,
2022-07-10T13:00:00+03:00,NO,
2022-07-10T13:00:00+03:00,NO2,
2022-07-10T14:00:00+03:00,NO,
2022-07-10T14:00:00+03:00,PM10,
2022-07-10T14:00:00+03:00,NO2,
2022-07-10T14:00:00+03:00,CO,
2022-07-10T14:00:00+03:00,PM2.5,
2022-07-10T15:00:00+03:00,CO,
2022-07-10T15:00:00+03:00,NO,
2022-07-10T15:00:00+03:00,PM10,
2022-07-10T15:00:00+03:00,PM2.5,
2022-07-10T15:00:00+03:00,NO2,
2022-07-10T16:00:00+03:00,PM10,
2022-07-10T16:00:00+03:00,PM2.5,
2022-07-10T16:00:00+03:00,CO,
2022-07-10T16:00:00+03:00,NO2,
2022-07-10T16:00:00+03:00,NO,
2022-07-10T17:00:00+03:00,PM2.5,
2022-07-10T17:00:00+03:00,NO2,
2022-07-10T17:00:00+03:00,CO,
2022-07-10T17:00:00+03:00,NO,
2022-07-10T17:00:00+03:00,PM10,
2022-07-10T18:00:00+03:00,PM2.5,
2022-07-10T18:00:00+03:00,NO2,
2022-07-10T18:00:00+03:00,CO,
2022-07-10T18:00:00+03:00,NO,
2022-07-10T18:00:00+03:00,PM10,
2022-07-10T19:00:00+03:00,CO,
2022-07-10T19:00:00+03:00,PM2.5,
2022-07-10T19:00:00+03:00,NO2,
2022-07-10T19:00:00+03:00,NO,
2022-07-10T19:00:00+03:00,PM10,
2022-07-10T20:00:00+03:00,PM10,
2022-07-10T20:00:00+03:00,PM2.5,
2022-07-10T20:00:00+03:00,NO2,
2022-07-10T20:00:00+03:00,NO,
2022-07-10T20:00:00+03:00,CO,
2022-07-10T21:00:00+03:00,PM2.5,
2022-07-10T21:00:00+03:00,CO,
2022-07-10T21:00:00+03:00,NO2,
2022-07-10T21:00:00+03:00,NO,
2022-07-10T21:00:00+03:00,PM10,
2022-07-10T22:00:00+03:00,NO,
2022-07-10T22:00:00+03:00,PM10,
2022-07-10T22:00:00+03:00,CO,
2022-07-10T22:00:00+03:00,NO2,
2022-07-10T22:00:00+03:00,PM2.5,
2022-07-10T23:00:00+03:00,CO,
2022-07-10T23:00:00+03:00,PM2.5,
2022-07-10T23:00:00+03:00,NO2,
2022-07-10T23:00:00+03:00,NO,
2022-07-10T23:00:00+03:00,PM10,
2022-07-11T00:00:00+03:00,CO,
2022-07-11T00:00:00+03:00,NO,
2022-07-11T00:00:00+03:00,PM10,
2022-07-11T00:00:00+03:00,PM2.5,
2022-07-11T00:00:00+03:00,NO2,
2022-07-11T01:00:00+03:00,NO2,
2022-07-11T01:00:00+03:00,CO,
2022-07-11T01:00:00+03:00,PM2.5,
2022-07-11T01:00:00+03:00,NO,
2022-07-11T01:00:00+03:00,PM10,
2022-07-11T02:00:00+03:00,PM10,
2022-07-11T02:00:00+03:00,NO2,
2022-07-11T02:00:00+03:00,PM2.5,
2022-07-11T02:00:00+03:00,NO,
2022-07-11T02:00:00+03:00,CO,
2022-07-11T03:00:00+03:00,NO2,
2022-07-11T03:00:00+03:00,PM10,
2022-07-11T03:00:00+03:00,NO,
2022-07-11T03:00:00+03:00,PM2.5,
2022-07-11T03:00:00+03:00,CO,
2022-07-11T04:00:00+03:00,PM2.5,
2022-07-11T04:00:00+03:00,NO2,
2022-07-11T04:00:00+03:00,CO,
2022-07-11T04:00:00+03:00,PM10,
2022-07-11T04:00:00+03:00,NO,
2022-07-11T05:00:00+03:00,PM10,
2022-07-11T05:00:00+03:00,NO,
2022-07-11T05:00:00+03:00,PM2.5,
2022-07-11T05:00:00+03:00,CO,
2022-07-11T05:00:00+03:00,NO2,
2022-07-11T06:00:00+03:00,PM2.5,
2022-07-11T06:00:00+03:00,NO2,
2022-07-11T06:00:00+03:00,CO,
2022-07-11T06:00:00+03:00,PM10,
2022-07-11T06:00:00+03:00,NO,
2022-07-11T07:00:00+03:00,CO,
2022-07-11T07:00:00+03:00,PM10,
2022-07-11T07:00:00+03:00,NO2,
2022-07-11T07:00:00+03:00,NO,
2022-07-11T07:00:00+03:00,PM2.5,
2022-07-11T08:00:00+03:00,NO2,
2022-07-11T08:00:00+03:00,NO,
2022-07-11T08:00:00+03:00,PM10,
2022-07-11T08:00:00+03:00,PM2.5,
2022-07-11T08:00:00+03:00,CO,
2022-07-11T09:00:00+03:00,PM2.5,
2022-07-11T09:00:00+03:00,CO,
2022-07-11T09:00:00+03:00,PM10,
2022-07-11T09:00:00+03:00,NO2,
2022-07-11T09:00:00+03:00,NO,
2022-07-11T10:00:00+03:00,NO2,
2022-07-11T10:00:00+03:00,CO,
2022-07-11T10:00:00+03:00,PM10,
2022-07-11T10:00:00+03:00,NO,
2022-07-11T10:00:00+03:00,PM2.5,
2022-07-11T11:00:00+03:00,NO2,
2022-07-11T11:00:00+03:00,PM10,
2022-07-11T11:00:00+03:00,NO,
2022-07-11T11:00:00+03:00,PM2.5,
2022-07-11T11:00:00+03:00,CO,
2022-07-11T12:00:00+03:00,CO,
2022-07-11T12:00:00+03:00,NO2,
2022-07-11T12:00:00+03:00,PM10,
2022-07-11T12:00:00+03:00,NO,
2022-07-11T12:00:00+03:00,PM2.5,
2022-07-11T13:00:00+03:00,NO2,
2022-07-11T13:00:00+03:00,NO,
2022-07-11T13:00:00+03:00,PM2.5,
2022-07-11T13:00:00+03:00,CO,
2022-07-11T13:00:00+03:00,PM10,
2022-07-11T14:00:00+03:00,CO,
2022-07-11T14:00:00+03:00,NO,
2022-07-11T14:00:00+03:00,NO2,
2022-07-11T14:00:00+03:00,PM10,
2022-07-11T14:00:00+03:00,PM2.5,
2022-07-11T15:00:00+03:00,NO,
2022-07-11T15:00:00+03:00,PM2.5,
2022-07-11T15:00:00+03:00,CO,
2022-07-11T15:00:00+03:00,PM10,
2022-07-11T15:00:00+03:00,NO2,
2022-07-11T16:00:00+03:00,PM10,
2022-07-11T16:00:00+03:00,NO,
2022-07-11T16:00:00+03:00,PM2.5,
2022-07-11T16:00:00+03:00,CO,
2022-07-11T16:00:00+03:00,NO2,
2022-07-11T17:00:00+03:00,NO,
2022-07-11T17:00:00+03:00,NO2,
2022-07-11T17:00:00+03:00,PM10,
2022-07-11T17:00:00+03:00,PM2.5,
2022-07-11T17:00:00+03:00,CO,
2022-07-11T18:00:00+03:00,PM10,
2022-07-11T18:00:00+03:00,NO,
2022-07-11T18:00:00+03:00,NO2,
2022-07-11T18:00:00+03:00,PM2.5,
2022-07-11T18:00:00+03:00,CO,
2022-07-11T19:00:00+03:00,NO,
2022-07-11T19:00:00+03:00,PM2.5,
2022-07-11T19:00:00+03:00,CO,
2022-07-11T19:00:00+03:00,PM10,
2022-07-11T19:00:00+03:00,NO2,
2022-07-11T20:00:00+03:00,CO,
2022-07-11T20:00:00+03:00,NO2,
2022-07-11T20:00:00+03:00,PM10,
2022-07-11T20:00:00+03:00,NO,
2022-07-11T20:00:00+03:00,PM2.5,
2022-07-11T21:00:00+03:00,NO2,
2022-07-11T21:00:00+03:00,PM10,
2022-07-11T21:00:00+03:00,NO,
2022-07-11T21:00:00+03:00,PM2.5,
2022-07-11T21:00:00+03:00,CO,
2022-07-11T22:00:00+03:00,CO,
2022-07-11T22:00:00+03:00,PM10,
2022-07-11T22:00:00+03:00,NO,
2022-07-11T22:00:00+03:00,PM2.5,
2022-07-11T22:00:00+03:00,NO2,
2022-07-11T23:00:00+03:00,NO2,
2022-07-11T23:00:00+03:00,PM10,
2022-07-11T23:00:00+03:00,NO,
2022-07-11T23:00:00+03:00,PM2.5,
2022-07-11T23:00:00+03:00,CO,
2022-07-12T00:00:00+03:00,PM10,
2022-07-12T00:00:00+03:00,NO2,
2022-07-12T00:00:00+03:00,NO,
2022-07-12T00:00:00+03:00,PM2.5,
2022-07-12T00:00:00+03:00,CO,
2022-07-12T01:00:00+03:00,PM2.5,
2022-07-12T01:00:00+03:00,NO2,
2022-07-12T01:00:00+03:00,NO,
2022-07-12T01:00:00+03:00,CO,
2022-07-12T01:00:00+03:00,PM10,
2022-07-12T02:00:00+03:00,CO,
2022-07-12T02:00:00+03:00,NO2,
2022-07-12T02:00:00+03:00,PM2.5,
2022-07-12T02:00:00+03:00,NO,
2022-07-12T02:00:00+03:00,PM10,
2022-07-12T03:00:00+03:00,CO,
2022-07-12T03:00:00+03:00,PM2.5,
2022-07-12T03:00:00+03:00,NO2,
2022-07-12T03:00:00+03:00,PM10,
2022-07-12T03:00:00+03:00,NO,
2022-07-12T04:00:00+03:00,CO,
2022-07-12T04:00:00+03:00,NO2,
2022-07-12T04:00:00+03:00,PM2.5,
2022-07-12T04:00:00+03:00,NO,
2022-07-12T04:00:00+03:00,PM10,
2022-07-12T05:00:00+03:00,NO2,
2022-07-12T05:00:00+03:00,CO,
2022-07-12T05:00:00+03:00,PM2.5,
2022-07-12T05:00:00+03:00,NO,
2022-07-12T05:00:00+03:00,PM10,
2022-07-12T06:00:00+03:00,PM10,
2022-07-12T06:00:00+03:00,CO,
2022-07-12T06:00:00+03:00,NO2,
2022-07-12T06:00:00+03:00,PM2.5,
2022-07-12T06:00:00+03:00,NO,
2022-07-12T07:00:00+03:00,PM10,
2022-07-12T07:00:00+03:00,NO2,
2022-07-12T07:00:00+03:00,CO,
2022-07-12T07:00:00+03:00,PM2.5,
2022-07-12T07:00:00+03:00,NO,
2022-07-12T08:00:00+03:00,NO2,
2022-07-12T08:00:00+03:00,PM2.5,
2022-07-12T08:00:00+03:00,NO,
2022-07-12T08:00:00+03:00,PM10,
2022-07-12T08:00:00+03:00,CO,
2022-07-12T09:00:00+03:00,CO,
2022-07-12T09:00:00+03:00,NO2,
2022-07-12T09:00:00+03:00,PM2.5,
2022-07-12T09:00:00+03:00,NO,
2022-07-12T09:00:00+03:00,PM10,
2022-07-12T10:00:00+03:00,NO2,
2022-07-12T10:00:00+03:00,CO,
2022-07-12T10:00:00+03:00,PM2.5,
2022-07-12T10:00:00+03:00,NO,
2022-07-12T10:00:00+03:00,PM10,
2022-07-12T11:00:00+03:00,PM2.5,
2022-07-12T11:00:00+03:00,NO2,
2022-07-12T11:00:00+03:00,NO,
2022-07-12T11:00:00+03:00,PM10,
2022-07-12T11:00:00+03:00,CO,
2022-07-12T12:00:00+03:00,NO,
2022-07-12T12:00:00+03:00,PM10,
2022-07-12T12:00:00+03:00,NO2,
2022-07-12T12:00:00+03:00,CO,
2022-07-12T12:00:00+03:00,PM2.5,
2022-07-12T13:00:00+03:00,CO,
2022-07-12T13:00:00+03:00,PM2.5,
2022-07-12T13:00:00+03:00,NO2,
2022-07-12T13:00:00+03:00,NO,
2022-07-12T13:00:00+03:00,PM10,
2022-07-12T14:00:00+03:00,PM10,
2022-07-12T14:00:00+03:00,NO2,
2022-07-12T14:00:00+03:00,CO,
2022-07-12T14:00:00+03:00,PM2.5,
2022-07-12T14:00:00+03:00,NO,
2022-07-12T15:00:00+03:00,NO,
2022-07-12T15:00:00+03:00,PM10,
2022-07-12T15:00:00+03:00,PM2.5,
2022-07-12T15:00:00+03:00,NO2,
2022-07-12T15:00:00+03:00,CO,
2022-07-12T16:00:00+03:00,PM2.5,
2022-07-12T16:00:00+03:00,NO,
2022-07-12T16:00:00+03:00,PM10,
2022-07-12T16:00:00+03:00,NO2,
2022-07-12T16:00:00+03:00,CO,
2022-07-12T17:00:00+03:00,PM2.5,
2022-07-12T17:00:00+03:00,NO,
2022-07-12T17:00:00+03:00,PM10,
2022-07-12T17:00:00+03:00,CO,
2022-07-12T17:00:00+03:00,NO2,
2022-07-12T18:00:00+03:00,PM2.5,
2022-07-12T18:00:00+03:00,NO,
2022-07-12T18:00:00+03:00,PM10,
2022-07-12T18:00:00+03:00,CO,
2022-07-12T18:00:00+03:00,NO2,
2022-07-12T19:00:00+03:00,PM2.5,
2022-07-12T19:00:00+03:00,NO2,
2022-07-12T19:00:00+03:00,PM10,
2022-07-12T19:00:00+03:00,NO,
2022-07-12T19:00:00+03:00,CO,
2022-07-12T20:00:00+03:00,NO,
2022-07-12T20:00:00+03:00,PM10,
2022-07-12T20:00:00+03:00,CO,
2022-07-12T20:00:00+03:00,PM2.5,
2022-07-12T20:00:00+03:00,NO2,
2022-07-12T21:00:00+03:00,PM2.5,
2022-07-12T21:00:00+03:00,NO,
2022-07-12T21:00:00+03:00,PM10,
2022-07-12T21:00:00+03:00,CO,
2022-07-12T21:00:00+03:00,NO2,
2022-07-12T22:00:00+03:00,PM2.5,
2022-07-12T22:00:00+03:00,NO2,
2022-07-12T22:00:00+03:00,CO,
2022-07-12T22:00:00+03:00,NO,
2022-07-12T22:00:00+03:00,PM10,
2022-07-12T23:00:00+03:00,NO,
2022-07-12T23:00:00+03:00,PM10,
2022-07-12T23:00:00+03:00,NO2,
2022-07-12T23:00:00+03:00,CO,
2022-07-12T23:00:00+03:00,PM2.5,
2022-07-13T00:00:00+03:00,PM2.5,
2022-07-13T00:00:00+03:00,NO,
2022-07-13T00:00:00+03:00,PM10,
2022-07-13T00:00:00+03:00,NO2,
2022-07-13T00:00:00+03:00,CO,
2022-07-13T01:00:00+03:00,CO,
2022-07-13T01:00:00+03:00,PM2.5,
2022-07-13T01:00:00+03:00,NO2,
2022-07-13T01:00:00+03:00,NO,
2022-07-13T01:00:00+03:00,PM10,
2022-07-13T02:00:00+03:00,NO,
2022-07-13T02:00:00+03:00,NO2,
2022-07-13T02:00:00+03:00,PM2.5,
2022-07-13T02:00:00+03:00,PM10,
2022-07-13T02:00:00+03:00,CO,
2022-07-13T03:00:00+03:00,CO,
2022-07-13T03:00:00+03:00,PM10,
2022-07-13T03:00:00+03:00,NO2,
2022-07-13T03:00:00+03:00,PM2.5,
2022-07-13T03:00:00+03:00,NO,
2022-07-13T04:00:00+03:00,NO,
2022-07-13T04:00:00+03:00,NO2,
2022-07-13T04:00:00+03:00,PM10,
2022-07-13T04:00:00+03:00,PM2.5,
2022-07-13T04:00:00+03:00,CO,
2022-07-13T05:00:00+03:00,CO,
2022-07-13T05:00:00+03:00,PM10,
2022-07-13T05:00:00+03:00,NO2,
2022-07-13T05:00:00+03:00,NO,
2022-07-13T05:00:00+03:00,PM2.5,
2022-07-13T06:00:00+03:00,CO,
2022-07-13T06:00:00+03:00,PM10,
2022-07-13T06:00:00+03:00,NO,
2022-07-13T06:00:00+03:00,PM2.5,
2022-07-13T06:00:00+03:00,NO2,
2022-07-13T07:00:00+03:00,NO,
2022-07-13T07:00:00+03:00,PM2.5,
2022-07-13T07:00:00+03:00,PM10,
2022-07-13T07:00:00+03:00,CO,
2022-07-13T07:00:00+03:00,NO2,
2022-07-13T08:00:00+03:00,NO2,
2022-07-13T08:00:00+03:00,PM2.5,
2022-07-13T08:00:00+03:00,CO,
2022-07-13T08:00:00+03:00,NO,
2022-07-13T08:00:00+03:00,PM10,
2022-07-13T09:00:00+03:00,PM10,
2022-07-13T09:00:00+03:00,PM2.5,
2022-07-13T09:00:00+03:00,CO,
2022-07-13T09:00:00+03:00,NO,
2022-07-13T09:00:00+03:00,NO2,
2022-07-13T10:00:00+03:00,NO,
2022-07-13T10:00:00+03:00,NO2,
2022-07-13T10:00:00+03:00,CO,
2022-07-13T10:00:00+03:00,PM10,
2022-07-13T10:00:00+03:00,PM2.5,
2022-07-13T11:00:00+03:00,CO,
2022-07-13T11:00:00+03:00,NO,
2022-07-13T11:00:00+03:00,NO2,
2022-07-13T11:00:00+03:00,PM10,
2022-07-13T11:00:00+03:00,PM2.5,
2022-07-13T12:00:00+03:00,NO,
2022-07-13T12:00:00+03:00,PM10,
2022-07-13T12:00:00+03:00,NO2,
2022-07-13T12:00:00+03:00,CO,
2022-07-13T12:00:00+03:00,PM2.5,
2022-07-13T13:00:00+03:00,NO,
2022-07-13T13:00:00+03:00,PM10,
2022-07-13T13:00:00+03:00,CO,
2022-07-13T13:00:00+03:00,NO2,
2022-07-13T13:00:00+03:00,PM2.5,
2022-07-13T14:00:00+03:00,NO,
2022-07-13T14:00:00+03:00,NO2,
2022-07-13T14:00:00+03:00,PM10,
2022-07-13T14:00:00+03:00,PM2.5,
2022-07-13T14:00:00+03:00,CO,
2022-07-13T15:00:00+03:00,PM10,
2022-07-13T15:00:00+03:00,NO2,
2022-07-13T15:00:00+03:00,PM2.5,
2022-07-13T15:00:00+03:00,CO,
2022-07-13T15:00:00+03:00,NO,
2022-07-13T16:00:00+03:00,NO2,
2022-07-13T16:00:00+03:00,CO,
2022-07-13T16:00:00+03:00,PM10,
2022-07-13T16:00:00+03:00,NO,
2022-07-13T16:00:00+03:00,PM2.5,
2022-07-13T17:00:00+03:00,CO,
2022-07-13T17:00:00+03:00,PM2.5,
2022-07-13T17:00:00+03:00,NO,
2022-07-13T17:00:00+03:00,NO2,
2022-07-13T17:00:00+03:00,PM10,
2022-07-13T18:00:00+03:00,PM10,
2022-07-13T18:00:00+03:00,CO,
2022-07-13T18:00:00+03:00,NO,
2022-07-13T18:00:00+03:00,NO2,
2022-07-13T18:00:00+03:00,PM2.5,
2022-07-13T19:00:00+03:00,PM2.5,
2022-07-13T19:00:00+03:00,PM10,
2022-07-13T19:00:00+03:00,CO,
2022-07-13T19:00:00+03:00,NO,
2022-07-13T19:00:00+03:00,NO2,
2022-07-13T20:00:00+03:00,PM2.5,
2022-07-13T20:00:00+03:00,NO,
2022-07-13T20:00:00+03:00,NO2,
2022-07-13T20:00:00+03:00,PM10,
2022-07-13T20:00:00+03:00,CO,
2022-07-13T21:00:00+03:00,PM2.5,
2022-07-13T21:00:00+03:00,PM10,
2022-07-13T21:00:00+03:00,CO,
2022-07-13T21:00:00+03:00,NO,
2022-07-13T21:00:00+03:00,NO2,
2022-07-13T22:00:00+03:00,NO2,
2022-07-13T22:00:00+03:00,PM2.5,
2022-07-13T22:00:00+03:00,PM10,
2022-07-13T22:00:00+03:00,CO,
2022-07-13T22:00:00+03:00,NO,
2022-07-13T23:00:00+03:00,NO2,
2022-07-13T23:00:00+03:00,CO,
2022-07-13T23:00:00+03:00,PM10,
2022-07-13T23:00:00+03:00,PM2.5,
2022-07-13T23:00:00+03:00,NO,
2022-07-14T00:00:00+03:00,NO,
2022-07-14T00:00:00+03:00,PM10,
2022-07-14T00:00:00+03:00,NO2,
2022-07-14T00:00:00+03:00,CO,
2022-07-14T00:00:00+03:00,PM2.5,
2022-07-14T01:00:00+03:00,CO,
2022-07-14T01:00:00+03:00,NO,
2022-07-14T01:00:00+03:00,NO2,
2022-07-14T01:00:00+03:00,PM2.5,
2022-07-14T01:00:00+03:00,PM10,
2022-07-14T02:00:00+03:00,PM10,
2022-07-14T02:00:00+03:00,CO,
2022-07-14T02:00:00+03:00,NO2,
2022-07-14T02:00:00+03:00,PM2.5,
2022-07-14T02:00:00+03:00,NO,
2022-07-14T03:00:00+03:00,NO2,
2022-07-14T03:00:00+03:00,PM10,
2022-07-14T03:00:00+03:00,PM2.5,
2022-07-14T03:00:00+03:00,CO,
2022-07-14T03:00:00+03:00,NO,
2022-07-14T04:00:00+03:00,CO,
2022-07-14T04:00:00+03:00,NO,
2022-07-14T04:00:00+03:00,PM2.5,
2022-07-14T04:00:00+03:00,PM10,
2022-07-14T04:00:00+03:00,NO2,
2022-07-14T05:00:00+03:00,PM10,
2022-07-14T05:00:00+03:00,CO,
2022-07-14T05:00:00+03:00,PM2.5,
2022-07-14T05:00:00+03:00,NO,
2022-07-14T05:00:00+03:00,NO2,
2022-07-14T06:00:00+03:00,NO2,
2022-07-14T06:00:00+03:00,PM2.5,
2022-07-14T06:00:00+03:00,NO,
2022-07-14T06:00:00+03:00,CO,
2022-07-14T06:00:00+03:00,PM10,
2022-07-14T07:00:00+03:00,PM10,
2022-07-14T07:00:00+03:00,NO2,
2022-07-14T07:00:00+03:00,PM2.5,
2022-07-14T07:00:00+03:00,CO,
2022-07-14T07:00:00+03:00,NO,
2022-07-14T08:00:00+03:00,NO,
2022-07-14T08:00:00+03:00,CO,
2022-07-14T08:00:00+03:00,PM10,
2022-07-14T08:00:00+03:00,NO2,
2022-07-14T08:00:00+03:00,PM2.5,
2022-07-14T09:00:00+03:00,CO,
2022-07-14T09:00:00+03:00,NO,
2022-07-14T09:00:00+03:00,NO2,
2022-07-14T09:00:00+03:00,PM10,
2022-07-14T09:00:00+03:00,PM2.5,
2022-07-14T10:00:00+03:00,NO,
2022-07-14T10:00:00+03:00,PM10,
2022-07-14T10:00:00+03:00,NO2,
2022-07-14T10:00:00+03:00,PM2.5,
2022-07-14T10:00:00+03:00,CO,
2022-07-14T11:00:00+03:00,PM2.5,
2022-07-14T11:00:00+03:00,CO,
2022-07-14T11:00:00+03:00,NO,
2022-07-14T11:00:00+03:00,NO2,
2022-07-14T11:00:00+03:00,PM10,
2022-07-14T12:00:00+03:00,NO2,
2022-07-14T12:00:00+03:00,NO,
2022-07-14T12:00:00+03:00,CO,
2022-07-14T12:00:00+03:00,PM2.5,
2022-07-14T12:00:00+03:00,PM10,
2022-07-14T13:00:00+03:00,NO2,
2022-07-14T13:00:00+03:00,PM2.5,
2022-07-14T13:00:00+03:00,CO,
2022-07-14T13:00:00+03:00,NO,
2022-07-14T13:00:00+03:00,PM10,
2022-07-14T14:00:00+03:00,PM2.5,
2022-07-14T14:00:00+03:00,CO,
2022-07-14T14:00:00+03:00,NO,
2022-07-14T14:00:00+03:00,NO2,
2022-07-14T14:00:00+03:00,PM10,
2022-07-14T15:00:00+03:00,PM10,
2022-07-14T15:00:00+03:00,PM2.5,
2022-07-14T15:00:00+03:00,CO,
2022-07-14T15:00:00+03:00,NO,
2022-07-14T15:00:00+03:00,NO2,
2022-07-14T16:00:00+03:00,CO,
2022-07-14T16:00:00+03:00,PM10,
2022-07-14T16:00:00+03:00,NO,
2022-07-14T16:00:00+03:00,NO2,
2022-07-14T16:00:00+03:00,PM2.5,
2022-07-14T17:00:00+03:00,NO,
2022-07-14T17:00:00+03:00,PM10,
2022-07-14T17:00:00+03:00,NO2,
2022-07-14T17:00:00+03:00,PM2.5,
2022-07-14T17:00:00+03:00,CO,
2022-07-14T18:00:00+03:00,CO,
2022-07-14T18:00:00+03:00,NO,
2022-07-14T18:00:00+03:00,NO2,
2022-07-14T18:00:00+03:00,PM10,
2022-07-14T18:00:00+03:00,PM2.5,
2022-07-14T19:00:00+03:00,PM2.5,
2022-07-14T19:00:00+03:00,CO,
2022-07-14T19:00:00+03:00,NO,
2022-07-14T19:00:00+03:00,NO2,
2022-07-14T19:00:00+03:00,PM10,
2022-07-14T20:00:00+03:00,NO2,
2022-07-14T20:00:00+03:00,PM10,
2022-07-14T20:00:00+03:00,PM2.5,
2022-07-14T20:00:00+03:00,CO,
2022-07-14T20:00:00+03:00,NO,
2022-07-14T21:00:00+03:00,NO2,
2022-07-14T21:00:00+03:00,PM2.5,
2022-07-14T21:00:00+03:00,CO,
2022-07-14T21:00:00+03:00,NO,
2022-07-14T21:00:00+03:00,PM10,
2022-07-14T22:00:00+03:00,PM2.5,
2022-07-14T22:00:00+03:00,CO,
2022-07-14T22:00:00+03:00,NO,
2022-07-14T22:00:00+03:00,PM10,
2022-07-14T22:00:00+03:00,NO2,
2022-07-14T23:00:00+03:00,NO,
2022-07-14T23:00:00+03:00,NO2,
2022-07-14T23:00:00+03:00,PM10,
2022-07-14T23:00:00+03:00,PM2.5,
2022-07-14T23:00:00+03:00,CO,
2022-07-15T00:00:00+03:00,NO,
2022-07-15T00:00:00+03:00,CO,
2022-07-15T00:00:00+03:00,PM10,
2022-07-15T00:00:00+03:00,NO2,
2022-07-15T00:00:00+03:00,PM2.5,
2022-07-15T01:00:00+03:00,CO,
2022-07-15T01:00:00+03:00,NO,
2022-07-15T01:00:00+03:00,NO2,
2022-07-15T01:00:00+03:00,PM2.5,
2022-07-15T01:00:00+03:00,PM10,
2022-07-15T02:00:00+03:00,CO,
2022-07-15T02:00:00+03:00,NO,
2022-07-15T02:00:00+03:00,NO2,
2022-07-15T02:00:00+03:00,PM2.5,
2022-07-15T02:00:00+03:00,PM10,
2022-07-15T03:00:00+03:00,NO,
2022-07-15T03:00:00+03:00,CO,
2022-07-15T03:00:00+03:00,NO2,
2022-07-15T03:00:00+03:00,PM10,
2022-07-15T03:00:00+03:00,PM2.5,
2022-07-15T04:00:00+03:00,NO,
2022-07-15T04:00:00+03:00,NO2,
2022-07-15T04:00:00+03:00,CO,
2022-07-15T04:00:00+03:00,PM10,
2022-07-15T04:00:00+03:00,PM2.5,
2022-07-15T05:00:00+03:00,NO2,
2022-07-15T05:00:00+03:00,PM10,
2022-07-15T05:00:00+03:00,CO,
2022-07-15T05:00:00+03:00,NO,
2022-07-15T05:00:00+03:00,PM2.5,
2022-07-15T06:00:00+03:00,NO,
2022-07-15T06:00:00+03:00,NO2,
2022-07-15T06:00:00+03:00,PM2.5,
2022-07-15T06:00:00+03:00,PM10,
2022-07-15T06:00:00+03:00,CO,
2022-07-15T07:00:00+03:00,CO,
2022-07-15T07:00:00+03:00,NO2,
2022-07-15T07:00:00+03:00,PM2.5,
2022-07-15T07:00:00+03:00,PM10,
2022-07-15T07:00:00+03:00,NO,
2022-07-15T08:00:00+03:00,NO,
2022-07-15T08:00:00+03:00,CO,
2022-07-15T08:00:00+03:00,NO2,
2022-07-15T08:00:00+03:00,PM2.5,
2022-07-15T08:00:00+03:00,PM10,
2022-07-15T09:00:00+03:00,PM2.5,
2022-07-15T09:00:00+03:00,NO2,
2022-07-15T09:00:00+03:00,PM10,
2022-07-15T09:00:00+03:00,NO,
2022-07-15T09:00:00+03:00,CO,
2022-07-15T10:00:00+03:00,CO,
2022-07-15T10:00:00+03:00,NO2,
2022-07-15T10:00:00+03:00,PM2.5,
2022-07-15T10:00:00+03:00,PM10,
2022-07-15T10:00:00+03:00,NO,
2022-07-15T11:00:00+03:00,PM10,
2022-07-15T11:00:00+03:00,CO,
2022-07-15T11:00:00+03:00,NO,
2022-07-15T11:00:00+03:00,NO2,
2022-07-15T11:00:00+03:00,PM2.5,
2022-07-15T12:00:00+03:00,PM10,
2022-07-15T12:00:00+03:00,CO,
2022-07-15T12:00:00+03:00,NO,
2022-07-15T12:00:00+03:00,NO2,
2022-07-15T12:00:00+03:00,PM2.5,
2022-07-15T13:00:00+03:00,NO2,
2022-07-15T13:00:00+03:00,PM2.5,
2022-07-15T13:00:00+03:00,NO,
2022-07-15T13:00:00+03:00,PM10,
2022-07-15T13:00:00+03:00,CO,
2022-07-15T14:00:00+03:00,CO,
2022-07-15T14:00:00+03:00,NO,
2022-07-15T14:00:00+03:00,NO2,
2022-07-15T14:00:00+03:00,PM2.5,
2022-07-15T14:00:00+03:00,PM10,
2022-07-15T15:00:00+03:00,PM10,
2022-07-15T15:00:00+03:00,PM2.5,
2022-07-15T15:00:00+03:00,NO,
2022-07-15T15:00:00+03:00,NO2,
2022-07-15T15:00:00+03:00,CO,
2022-07-15T16:00:00+03:00,NO,
2022-07-15T16:00:00+03:00,NO2,
2022-07-15T16:00:00+03:00,CO,
2022-07-15T16:00:00+03:00,PM2.5,
2022-07-15T16:00:00+03:00,PM10,
2022-07-15T17:00:00+03:00,NO2,
2022-07-15T17:00:00+03:00,PM10,
2022-07-15T17:00:00+03:00,PM2.5,
2022-07-15T17:00:00+03:00,NO,
2022-07-15T17:00:00+03:00,CO,
2022-07-15T18:00:00+03:00,NO2,
2022-07-15T18:00:00+03:00,NO,
2022-07-15T18:00:00+03:00,CO,
2022-07-15T18:00:00+03:00,PM2.5,
2022-07-15T18:00:00+03:00,PM10,
2022-07-15T19:00:00+03:00,PM2.5,
2022-07-15T19:00:00+03:00,NO2,
2022-07-15T19:00:00+03:00,PM10,
2022-07-15T19:00:00+03:00,CO,
2022-07-15T19:00:00+03:00,NO,
2022-07-15T20:00:00+03:00,NO2,
2022-07-15T20:00:00+03:00,CO,
2022-07-15T20:00:00+03:00,PM2.5,
2022-07-15T20:00:00+03:00,NO,
2022-07-15T20:00:00+03:00,PM10,
2022-07-15T21:00:00+03:00,NO2,
2022-07-15T21:00:00+03:00,CO,
2022-07-15T21:00:00+03:00,NO,
2022-07-15T21:00:00+03:00,PM2.5,
2022-07-15T21:00:00+03:00,PM10,
2022-07-15T22:00:00+03:00,PM10,
2022-07-15T22:00:00+03:00,NO,
2022-07-15T22:00:00+03:00,CO,
2022-07-15T22:00:00+03:00,NO2,
2022-07-15T22:00:00+03:00,PM2.5,
2022-07-15T23:00:00+03:00,PM2.5,
2022-07-15T23:00:00+03:00,NO,
2022-07-15T23:00:00+03:00,NO2,
2022-07-15T23:00:00+03:00,CO,
2022-07-15T23:00:00+03:00,PM10,
2022-07-16T00:00:00+03:00,NO2,
2022-07-16T00:00:00+03:00,CO,
2022-07-16T00:00:00+03:00,PM2.5,
2022-07-16T00:00:00+03:00,PM10,
2022-07-16T00:00:00+03:00,NO,
2022-07-16T01:00:00+03:00,PM10,
2022-07-16T01:00:00+03:00,CO,
2022-07-16T01:00:00+03:00,NO2,
2022-07-16T01:00:00+03:00,PM2.5,
2022-07-16T01:00:00+03:00,NO,
2022-07-16T02:00:00+03:00,PM2.5,
2022-07-16T02:00:00+03:00,NO2,
2022-07-16T02:00:00+03:00,PM10,
2022-07-16T02:00:00+03:00,CO,
2022-07-16T02:00:00+03:00,NO,
2022-07-16T03:00:00+03:00,CO,
2022-07-16T03:00:00+03:00,NO2,
2022-07-16T03:00:00+03:00,PM2.5,
2022-07-16T03:00:00+03:00,PM10,
2022-07-16T03:00:00+03:00,NO,
2022-07-16T04:00:00+03:00,NO2,
2022-07-16T04:00:00+03:00,PM2.5,
2022-07-16T04:00:00+03:00,NO,
2022-07-16T04:00:00+03:00,PM10,
2022-07-16T04:00:00+03:00,CO,
2022-07-16T05:00:00+03:00,CO,
2022-07-16T05:00:00+03:00,NO,
2022-07-16T05:00:00+03:00,PM2.5,
2022-07-16T05:00:00+03:00,NO2,
2022-07-16T05:00:00+03:00,PM10,
2022-07-16T06:00:00+03:00,NO2,
2022-07-16T06:00:00+03:00,PM2.5,
2022-07-16T06:00:00+03:00,PM10,
2022-07-16T06:00:00+03:00,NO,
2022-07-16T06:00:00+03:00,CO,
2022-07-16T07:00:00+03:00,CO,
2022-07-16T07:00:00+03:00,NO,
2022-07-16T07:00:00+03:00,PM2.5,
2022-07-16T07:00:00+03:00,NO2,
2022-07-16T07:00:00+03:00,PM10,
2022-07-16T08:00:00+03:00,NO,
2022-07-16T08:00:00+03:00,PM10,
2022-07-16T08:00:00+03:00,PM2.5,
2022-07-16T08:00:00+03:00,CO,
2022-07-16T08:00:00+03:00,NO2,
2022-07-16T09:00:00+03:00,CO,
2022-07-16T09:00:00+03:00,PM2.5,
2022-07-16T09:00:00+03:00,PM10,
2022-07-16T09:00:00+03:00,NO,
2022-07-16T09:00:00+03:00,NO2,
2022-07-16T10:00:00+03:00,NO2,
2022-07-16T10:00:00+03:00,CO,
2022-07-16T10:00:00+03:00,NO,
2022-07-16T10:00:00+03:00,PM2.5,
2022-07-16T10:00:00+03:00,PM10,
2022-07-16T11:00:00+03:00,PM10,
2022-07-16T11:00:00+03:00,NO2,
2022-07-16T11:00:00+03:00,CO,
2022-07-16T11:00:00+03:00,PM2.5,
2022-07-16T11:00:00+03:00,NO,
2022-07-16T12:00:00+03:00,NO2,
2022-07-16T12:00:00+03:00,PM10,
2022-07-16T12:00:00+03:00,NO,
2022-07-16T12:00:00+03:00,CO,
2022-07-16T12:00:00+03:00,PM2.5,
2022-07-16T13:00:00+03:00,NO,
2022-07-16T13:00:00+03:00,NO2,
2022-07-16T13:00:00+03:00,CO,
2022-07-16T13:00:00+03:00,PM2.5,
2022-07-16T13:00:00+03:00,PM10,
2022-07-16T14:00:00+03:00,CO,
2022-07-16T14:00:00+03:00,NO,
2022-07-16T14:00:00+03:00,NO2,
2022-07-16T14:00:00+03:00,PM2.5,
2022-07-16T14:00:00+03:00,PM10,
2022-07-16T15:00:00+03:00,NO2,
2022-07-16T15:00:00+03:00,PM10,
2022-07-16T15:00:00+03:00,NO,
2022-07-16T15:00:00+03:00,CO,
2022-07-16T15:00:00+03:00,PM2.5,
2022-07-16T16:00:00+03:00,NO,
2022-07-16T16:00:00+03:00,NO2,
2022-07-16T16:00:00+03:00,PM2.5,
2022-07-16T16:00:00+03:00,PM10,
2022-07-16T16:00:00+03:00,CO,
2022-07-16T17:00:00+03:00,NO2,
2022-07-16T17:00:00+03:00,PM10,
2022-07-16T17:00:00+03:00,PM2.5,
2022-07-16T17:00:00+03:00,NO,
2022-07-16T17:00:00+03:00,CO,
2022-07-16T18:00:00+03:00,NO2,
2022-07-16T18:00:00+03:00,NO,
2022-07-16T18:00:00+03:00,CO,
2022-07-16T18:00:00+03:00,PM10,
2022-07-16T18:00:00+03:00,PM2.5,
2022-07-16T19:00:00+03:00,PM2.5,
2022-07-16T19:00:00+03:00,PM10,
2022-07-16T19:00:00+03:00,NO,
2022-07-16T19:00:00+03:00,NO2,
2022-07-16T19:00:00+03:00,CO,
2022-07-16T20:00:00+03:00,CO,
2022-07-16T20:00:00+03:00,NO,
2022-07-16T20:00:00+03:00,NO2,
2022-07-16T20:00:00+03:00,PM2.5,
2022-07-16T20:00:00+03:00,PM10,
2022-07-16T21:00:00+03:00,CO,
2022-07-16T21:00:00+03:00,PM2.5,
2022-07-16T21:00:00+03:00,NO,
2022-07-16T21:00:00+03:00,NO2,
2022-07-16T21:00:00+03:00,PM10,
2022-07-16T22:00:00+03:00,NO2,
2022-07-16T22:00:00+03:00,PM10,
2022-07-16T22:00:00+03:00,CO,
2022-07-16T22:00:00+03:00,PM2.5,
2022-07-16T22:00:00+03:00,NO,
2022-07-16T23:00:00+03:00,PM10,
2022-07-16T23:00:00+03:00,NO,
2022-07-16T23:00:00+03:00,CO,
2022-07-16T23:00:00+03:00,NO2,
2022-07-16T23:00:00+03:00,PM2.5,
2022-07-17T00:00:00+03:00,NO,
2022-07-17T00:00:00+03:00,CO,
2022-07-17T00:00:00+03:00,NO2,
2022-07-17T00:00:00+03:00,PM10,
2022-07-17T00:00:00+03:00,PM2.5,
2022-07-17T01:00:00+03:00,CO,
2022-07-17T01:00:00+03:00,NO2,
2022-07-17T01:00:00+03:00,PM2.5,
2022-07-17T01:00:00+03:00,NO,
2022-07-17T01:00:00+03:00,PM10,
2022-07-17T02:00:00+03:00,NO2,
2022-07-17T02:00:00+03:00,PM2.5,
2022-07-17T02:00:00+03:00,CO,
2022-07-17T02:00:00+03:00,NO,
2022-07-17T02:00:00+03:00,PM10,
2022-07-17T03:00:00+03:00,PM10,
2022-07-17T03:00:00+03:00,PM2.5,
2022-07-17T03:00:00+03:00,CO,
2022-07-17T03:00:00+03:00,NO2,
2022-07-17T03:00:00+03:00,NO,
2022-07-17T04:00:00+03:00,NO2,
2022-07-17T04:00:00+03:00,CO,
2022-07-17T04:00:00+03:00,NO,
2022-07-17T04:00:00+03:00,PM10,
2022-07-17T04:00:00+03:00,PM2.5,
2022-07-17T05:00:00+03:00,PM2.5,
2022-07-17T05:00:00+03:00,CO,
2022-07-17T05:00:00+03:00,PM10,
2022-07-17T05:00:00+03:00,NO2,
2022-07-17T05:00:00+03:00,NO,
2022-07-17T06:00:00+03:00,PM10,
2022-07-17T06:00:00+03:00,NO2,
2022-07-17T06:00:00+03:00,NO,
2022-07-17T06:00:00+03:00,PM2.5,
2022-07-17T06:00:00+03:00,CO,
2022-07-17T07:00:00+03:00,PM2.5,
2022-07-17T07:00:00+03:00,CO,
2022-07-17T07:00:00+03:00,NO,
2022-07-17T07:00:00+03:00,PM10,
2022-07-17T07:00:00+03:00,NO2,
2022-07-17T08:00:00+03:00,NO2,
2022-07-17T08:00:00+03:00,NO,
2022-07-17T08:00:00+03:00,PM10,
2022-07-17T08:00:00+03:00,PM2.5,
2022-07-17T08:00:00+03:00,CO,
2022-07-17T09:00:00+03:00,CO,
2022-07-17T09:00:00+03:00,NO2,
2022-07-17T09:00:00+03:00,NO,
2022-07-17T09:00:00+03:00,PM2.5,
2022-07-17T09:00:00+03:00,PM10,
2022-07-17T10:00:00+03:00,CO,
2022-07-17T10:00:00+03:00,PM2.5,
2022-07-17T10:00:00+03:00,NO2,
2022-07-17T10:00:00+03:00,NO,
2022-07-17T10:00:00+03:00,PM10,
2022-07-17T11:00:00+03:00,PM2.5,
2022-07-17T11:00:00+03:00,NO,
2022-07-17T11:00:00+03:00,NO2,
2022-07-17T11:00:00+03:00,PM10,
2022-07-17T11:00:00+03:00,CO,
2022-07-17T12:00:00+03:00,CO,
2022-07-17T12:00:00+03:00,NO2,
2022-07-17T12:00:00+03:00,NO,
2022-07-17T12:00:00+03:00,PM10,
2022-07-17T12:00:00+03:00,PM2.5,
2022-07-17T13:00:00+03:00,CO,
2022-07-17T13:00:00+03:00,PM10,
2022-07-17T13:00:00+03:00,NO2,
2022-07-17T13:00:00+03:00,NO,
2022-07-17T13:00:00+03:00,PM2.5,
2022-07-17T14:00:00+03:00,PM2.5,
2022-07-17T14:00:00+03:00,CO,
2022-07-17T14:00:00+03:00,NO,
2022-07-17T14:00:00+03:00,PM10,
2022-07-17T14:00:00+03:00,NO2,
2022-07-17T15:00:00+03:00,NO,
2022-07-17T15:00:00+03:00,NO2,
2022-07-17T15:00:00+03:00,CO,
2022-07-17T15:00:00+03:00,PM2.5,
2022-07-17T15:00:00+03:00,PM10,
2022-07-17T16:00:00+03:00,NO,
2022-07-17T16:00:00+03:00,PM2.5,
2022-07-17T16:00:00+03:00,PM10,
2022-07-17T16:00:00+03:00,CO,
2022-07-17T16:00:00+03:00,NO2,
2022-07-17T17:00:00+03:00,CO,
2022-07-17T17:00:00+03:00,PM10,
2022-07-17T17:00:00+03:00,NO2,
2022-07-17T17:00:00+03:00,NO,
2022-07-17T17:00:00+03:00,PM2.5,
2022-07-17T18:00:00+03:00,PM10,
2022-07-17T18:00:00+03:00,NO2,
2022-07-17T18:00:00+03:00,CO,
2022-07-17T18:00:00+03:00,PM2.5,
2022-07-17T18:00:00+03:00,NO,
2022-07-17T19:00:00+03:00,NO2,
2022-07-17T19:00:00+03:00,CO,
2022-07-17T19:00:00+03:00,NO,
2022-07-17T19:00:00+03:00,PM10,
2022-07-17T19:00:00+03:00,PM2.5,
2022-07-17T20:00:00+03:00,NO,
2022-07-17T20:00:00+03:00,PM2.5,
2022-07-17T20:00:00+03:00,CO,
2022-07-17T20:00:00+03:00,PM10,
2022-07-17T20:00:00+03:00,NO2,
2022-07-17T21:00:00+03:00,CO,
2022-07-17T21:00:00+03:00,NO2,
2022-07-17T21:00:00+03:00,NO,
2022-07-17T21:00:00+03:00,PM10,
2022-07-17T21:00:00+03:00,PM2.5,
2022-07-17T22:00:00+03:00,NO,
2022-07-17T22:00:00+03:00,PM2.5,
2022-07-17T22:00:00+03:00,CO,
2022-07-17T22:00:00+03:00,PM10,
2022-07-17T22:00:00+03:00,NO2,
2022-07-17T23:00:00+03:00,PM2.5,
2022-07-17T23:00:00+03:00,PM10,
2022-07-17T23:00:00+03:00,CO,
2022-07-17T23:00:00+03:00,NO2,
2022-07-17T23:00:00+03:00,NO,
2022-07-18T00:00:00+03:00,CO,
2022-07-18T00:00:00+03:00,NO2,
2022-07-18T00:00:00+03:00,NO,
2022-07-18T00:00:00+03:00,PM2.5,
2022-07-18T00:00:00+03:00,PM10,
2022-07-18T01:00:00+03:00,NO,
2022-07-18T01:00:00+03:00,PM2.5,
2022-07-18T01:00:00+03:00,PM10,
2022-07-18T01:00:00+03:00,CO,
2022-07-18T01:00:00+03:00,NO2,
2022-07-18T02:00:00+03:00,NO2,
2022-07-18T02:00:00+03:00,NO,
2022-07-18T02:00:00+03:00,CO,
2022-07-18T02:00:00+03:00,PM10,
2022-07-18T02:00:00+03:00,PM2.5,
2022-07-18T03:00:00+03:00,CO,
2022-07-18T03:00:00+03:00,NO2,
2022-07-18T03:00:00+03:00,NO,
2022-07-18T03:00:00+03:00,PM10,
2022-07-18T03:00:00+03:00,PM2.5,
2022-07-18T04:00:00+03:00,PM10,
2022-07-18T04:00:00+03:00,PM2.5,
2022-07-18T04:00:00+03:00,CO,
2022-07-18T04:00:00+03:00,NO2,
2022-07-18T04:00:00+03:00,NO,
2022-07-18T05:00:00+03:00,PM2.5,
2022-07-18T05:00:00+03:00,PM10,
2022-07-18T05:00:00+03:00,NO2,
2022-07-18T05:00:00+03:00,NO,
2022-07-18T05:00:00+03:00,CO,
2022-07-18T06:00:00+03:00,PM2.5,
2022-07-18T06:00:00+03:00,PM10,
2022-07-18T06:00:00+03:00,NO2,
2022-07-18T06:00:00+03:00,CO,
2022-07-18T06:00:00+03:00,NO,
2022-07-18T07:00:00+03:00,PM2.5,
2022-07-18T07:00:00+03:00,CO,
2022-07-18T07:00:00+03:00,PM10,
2022-07-18T07:00:00+03:00,NO2,
2022-07-18T07:00:00+03:00,NO,
2022-07-18T08:00:00+03:00,NO2,
2022-07-18T08:00:00+03:00,PM10,
2022-07-18T08:00:00+03:00,NO,
2022-07-18T08:00:00+03:00,CO,
2022-07-18T08:00:00+03:00,PM2.5,
2022-07-18T09:00:00+03:00,NO2,
2022-07-18T09:00:00+03:00,NO,
2022-07-18T09:00:00+03:00,PM10,
2022-07-18T09:00:00+03:00,PM2.5,
2022-07-18T09:00:00+03:00,CO,
2022-07-18T10:00:00+03:00,NO2,
2022-07-18T10:00:00+03:00,NO,
2022-07-18T10:00:00+03:00,CO,
2022-07-18T10:00:00+03:00,PM10,
2022-07-18T10:00:00+03:00,PM2.5,
2022-07-18T11:00:00+03:00,NO2,
2022-07-18T11:00:00+03:00,NO,
2022-07-18T11:00:00+03:00,PM2.5,
2022-07-18T11:00:00+03:00,CO,
2022-07-18T11:00:00+03:00,PM10,
2022-07-18T12:00:00+03:00,PM2.5,
2022-07-18T12:00:00+03:00,PM10,
2022-07-18T12:00:00+03:00,CO,
2022-07-18T12:00:00+03:00,NO2,
2022-07-18T12:00:00+03:00,NO,
2022-07-18T13:00:00+03:00,PM2.5,
2022-07-18T13:00:00+03:00,CO,
2022-07-18T13:00:00+03:00,NO2,
2022-07-18T13:00:00+03:00,PM10,
2022-07-18T13:00:00+03:00,NO,
2022-07-18T14:00:00+03:00,NO,
2022-07-18T14:00:00+03:00,CO,
2022-07-18T14:00:00+03:00,PM10,
2022-07-18T14:00:00+03:00,PM2.5,
2022-07-18T14:00:00+03:00,NO2,
2022-07-18T15:00:00+03:00,PM2.5,
2022-07-18T15:00:00+03:00,PM10,
2022-07-18T15:00:00+03:00,NO2,
2022-07-18T15:00:00+03:00,CO,
2022-07-18T15:00:00+03:00,NO,
2022-07-18T16:00:00+03:00,PM10,
2022-07-18T16:00:00+03:00,CO,
2022-07-18T16:00:00+03:00,PM2.5,
2022-07-18T16:00:00+03:00,NO2,
2022-07-18T16:00:00+03:00,NO,
2022-07-18T17:00:00+03:00,PM10,
2022-07-18T17:00:00+03:00,NO,
2022-07-18T17:00:00+03:00,NO2,
2022-07-18T17:00:00+03:00,PM2.5,
2022-07-18T17:00:00+03:00,CO,
2022-07-18T18:00:00+03:00,NO,
2022-07-18T18:00:00+03:00,PM2.5,
2022-07-18T18:00:00+03:00,CO,
2022-07-18T18:00:00+03:00,PM10,
2022-07-18T18:00:00+03:00,NO2,
2022-07-18T19:00:00+03:00,PM2.5,
2022-07-18T19:00:00+03:00,PM10,
2022-07-18T19:00:00+03:00,CO,
2022-07-18T19:00:00+03:00,NO2,
2022-07-18T19:00:00+03:00,NO,
2022-07-18T20:00:00+03:00,NO2,
2022-07-18T20:00:00+03:00,PM10,
2022-07-18T20:00:00+03:00,NO,
2022-07-18T20:00:00+03:00,PM2.5,
2022-07-18T20:00:00+03:00,CO,
2022-07-18T21:00:00+03:00,NO2,
2022-07-18T21:00:00+03:00,PM10,
2022-07-18T21:00:00+03:00,NO,
2022-07-18T21:00:00+03:00,PM2.5,
2022-07-18T21:00:00+03:00,CO,
2022-07-18T22:00:00+03:00,PM10,
2022-07-18T22:00:00+03:00,CO,
2022-07-18T22:00:00+03:00,NO2,
2022-07-18T22:00:00+03:00,PM2.5,
2022-07-18T22:00:00+03:00,NO,
2022-07-18T23:00:00+03:00,NO2,
2022-07-18T23:00:00+03:00,CO,
2022-07-18T23:00:00+03:00,PM10,
2022-07-18T23:00:00+03:00,NO,
2022-07-18T23:00:00+03:00,PM2.5,
2022-07-19T00:00:00+03:00,CO,
2022-07-19T00:00:00+03:00,PM10,
2022-07-19T00:00:00+03:00,PM2.5,
2022-07-19T00:00:00+03:00,NO,
2022-07-19T00:00:00+03:00,NO2,
2022-07-19T01:00:00+03:00,NO2,
2022-07-19T01:00:00+03:00,NO,
2022-07-19T01:00:00+03:00,PM10,
2022-07-19T01:00:00+03:00,PM2.5,
2022-07-19T01:00:00+03:00,CO,
2022-07-19T02:00:00+03:00,NO,
2022-07-19T02:00:00+03:00,CO,
2022-07-19T02:00:00+03:00,PM2.5,
2022-07-19T02:00:00+03:00,NO2,
2022-07-19T02:00:00+03:00,PM10,
2022-07-19T03:00:00+03:00,PM10,
2022-07-19T03:00:00+03:00,CO,
2022-07-19T03:00:00+03:00,PM2.5,
2022-07-19T03:00:00+03:00,NO2,
2022-07-19T03:00:00+03:00,NO,
2022-07-19T04:00:00+03:00,NO,
2022-07-19T04:00:00+03:00,CO,
2022-07-19T04:00:00+03:00,PM2.5,
2022-07-19T04:00:00+03:00,NO2,
2022-07-19T04:00:00+03:00,PM10,
2022-07-19T05:00:00+03:00,CO,
2022-07-19T05:00:00+03:00,PM2.5,
2022-07-19T05:00:00+03:00,NO2,
2022-07-19T05:00:00+03:00,NO,
2022-07-19T05:00:00+03:00,PM10,
2022-07-19T06:00:00+03:00,PM10,
2022-07-19T06:00:00+03:00,CO,
2022-07-19T06:00:00+03:00,NO,
2022-07-19T06:00:00+03:00,PM2.5,
2022-07-19T06:00:00+03:00,NO2,
2022-07-19T07:00:00+03:00,NO,
2022-07-19T07:00:00+03:00,NO2,
2022-07-19T07:00:00+03:00,CO,
2022-07-19T07:00:00+03:00,PM2.5,
2022-07-19T07:00:00+03:00,PM10,
2022-07-19T08:00:00+03:00,CO,
2022-07-19T08:00:00+03:00,PM10,
2022-07-19T08:00:00+03:00,NO,
2022-07-19T08:00:00+03:00,PM2.5,
2022-07-19T08:00:00+03:00,NO2,
2022-07-19T09:00:00+03:00,PM2.5,
2022-07-19T09:00:00+03:00,NO2,
2022-07-19T09:00:00+03:00,CO,
2022-07-19T09:00:00+03:00,PM10,
2022-07-19T09:00:00+03:00,NO,
2022-07-19T10:00:00+03:00,PM10,
2022-07-19T10:00:00+03:00,NO,
2022-07-19T10:00:00+03:00,CO,
2022-07-19T10:00:00+03:00,PM2.5,
2022-07-19T10:00:00+03:00,NO2,
2022-07-19T11:00:00+03:00,NO,
2022-07-19T11:00:00+03:00,CO,
2022-07-19T11:00:00+03:00,PM2.5,
2022-07-19T11:00:00+03:00,NO2,
2022-07-19T11:00:00+03:00,PM10,
2022-07-19T12:00:00+03:00,NO,
2022-07-19T12:00:00+03:00,CO,
2022-07-19T12:00:00+03:00,PM2.5,
2022-07-19T12:00:00+03:00,NO2,
2022-07-19T12:00:00+03:00,PM10,
2022-07-19T13:00:00+03:00,CO,
2022-07-19T13:00:00+03:00,NO,
2022-07-19T13:00:00+03:00,PM2.5,
2022-07-19T13:00:00+03:00,NO2,
2022-07-19T13:00:00+03:00,PM10,
2022-07-19T14:00:00+03:00,NO2,
2022-07-19T14:00:00+03:00,NO,
2022-07-19T14:00:00+03:00,CO,
2022-07-19T14:00:00+03:00,PM2.5,
2022-07-19T14:00:00+03:00,PM10,
2022-07-19T15:00:00+03:00,PM2.5,
2022-07-19T15:00:00+03:00,NO2,
2022-07-19T15:00:00+03:00,PM10,
2022-07-19T15:00:00+03:00,NO,
2022-07-19T15:00:00+03:00,CO,
2022-07-19T16:00:00+03:00,PM10,
2022-07-19T16:00:00+03:00,CO,
2022-07-19T16:00:00+03:00,PM2.5,
2022-07-19T16:00:00+03:00,NO2,
2022-07-19T16:00:00+03:00,NO,
2022-07-19T17:00:00+03:00,CO,
2022-07-19T17:00:00+03:00,PM10,
2022-07-19T17:00:00+03:00,NO,
2022-07-19T17:00:00+03:00,PM2.5,
2022-07-19T17:00:00+03:00,NO2,
2022-07-19T18:00:00+03:00,NO,
2022-07-19T18:00:00+03:00,CO,
2022-07-19T18:00:00+03:00,PM2.5,
2022-07-19T18:00:00+03:00,NO2,
2022-07-19T18:00:00+03:00,PM10,
2022-07-19T19:00:00+03:00,NO,
2022-07-19T19:00:00+03:00,NO2,
2022-07-19T19:00:00+03:00,CO,
2022-07-19T19:00:00+03:00,PM2.5,
2022-07-19T19:00:00+03:00,PM10,
2022-07-19T20:00:00+03:00,PM10,
2022-07-19T20:00:00+03:00,CO,
2022-07-19T20:00:00+03:00,NO,
2022-07-19T20:00:00+03:00,PM2.5,
2022-07-19T20:00:00+03:00,NO2,
2022-07-19T21:00:00+03:00,PM10,
2022-07-19T21:00:00+03:00,NO,
2022-07-19T21:00:00+03:00,CO,
2022-07-19T21:00:00+03:00,NO2,
2022-07-19T21:00:00+03:00,PM2.5,
2022-07-19T22:00:00+03:00,PM2.5,
2022-07-19T22:00:00+03:00,NO2,
2022-07-19T22:00:00+03:00,PM10,
2022-07-19T22:00:00+03:00,CO,
2022-07-19T22:00:00+03:00,NO,
2022-07-19T23:00:00+03:00,PM10,
2022-07-19T23:00:00+03:00,CO,
2022-07-19T23:00:00+03:00,PM2.5,
2022-07-19T23:00:00+03:00,NO2,
2022-07-19T23:00:00+03:00,NO,
2022-07-20T00:00:00+03:00,CO,
2022-07-20T00:00:00+03:00,PM2.5,
2022-07-20T00:00:00+03:00,NO2,
2022-07-20T00:00:00+03:00,PM10,
2022-07-20T00:00:00+03:00,NO,
2022-07-20T01:00:00+03:00,PM10,
2022-07-20T01:00:00+03:00,NO,
2022-07-20T01:00:00+03:00,CO,
2022-07-20T01:00:00+03:00,PM2.5,
2022-07-20T01:00:00+03:00,NO2,
2022-08-29T02:00:00+03:00,CO,0.44
2022-08-29T02:00:00+03:00,NO,0.001
2022-08-29T02:00:00+03:00,NO2,0.045
2022-08-29T02:00:00+03:00,PM10,0.019
2022-08-29T02:00:00+03:00,PM2.5,0.026
2022-08-29T03:00:00+03:00,CO,0.55
2022-08-29T03:00:00+03:00,PM2.5,0.034
2022-08-29T03:00:00+03:00,NO2,0.054
2022-08-29T03:00:00+03:00,NO,0.001
2022-08-29T03:00:00+03:00,PM10,0.036
2022-08-29T04:00:00+03:00,NO,0.005
2022-08-29T04:00:00+03:00,PM10,0.066
2022-08-29T04:00:00+03:00,PM2.5,0.043
2022-08-29T04:00:00+03:00,CO,0.67
2022-08-29T04:00:00+03:00,NO2,0.049
2022-08-29T05:00:00+03:00,CO,0.81
2022-08-29T05:00:00+03:00,PM2.5,0.051
2022-08-29T05:00:00+03:00,NO2,0.056
2022-08-29T05:00:00+03:00,PM10,0.055
2022-08-29T05:00:00+03:00,NO,0.004
2022-08-29T06:00:00+03:00,NO2,0.06
2022-08-29T06:00:00+03:00,PM2.5,0.043
2022-08-29T06:00:00+03:00,NO,0.011
2022-08-29T06:00:00+03:00,PM10,0.054
2022-08-29T06:00:00+03:00,CO,0.72
2022-08-29T07:00:00+03:00,CO,0.62
2022-08-29T07:00:00+03:00,NO2,0.071
2022-08-29T07:00:00+03:00,NO,0.026
2022-08-29T07:00:00+03:00,PM2.5,0.031
2022-08-29T07:00:00+03:00,PM10,0.045
2022-08-29T08:00:00+03:00,NO2,0.063
2022-08-29T08:00:00+03:00,PM10,0.046
2022-08-29T08:00:00+03:00,NO,0.022
2022-08-29T08:00:00+03:00,CO,0.58
2022-08-29T08:00:00+03:00,PM2.5,0.026
2022-08-29T09:00:00+03:00,PM2.5,0.032
2022-08-29T09:00:00+03:00,PM10,0.044
2022-08-29T09:00:00+03:00,NO2,0.05
2022-08-29T09:00:00+03:00,NO,0.012
2022-08-29T09:00:00+03:00,CO,0.62
2022-08-29T10:00:00+03:00,NO,0.012
2022-08-29T10:00:00+03:00,PM2.5,0.04
2022-08-29T10:00:00+03:00,CO,0.71
2022-08-29T10:00:00+03:00,PM10,0.062
2022-08-29T10:00:00+03:00,NO2,0.047
2022-08-29T11:00:00+03:00,PM10,0.051
2022-08-29T11:00:00+03:00,NO,0.005
2022-08-29T11:00:00+03:00,PM2.5,0.021
2022-08-29T11:00:00+03:00,CO,0.41
2022-08-29T11:00:00+03:00,NO2,0.029
2022-08-29T12:00:00+03:00,CO,0.12
2022-08-29T12:00:00+03:00,NO2,0.024
2022-08-29T12:00:00+03:00,NO,0.004
2022-08-29T12:00:00+03:00,PM10,0.042
2022-08-29T12:00:00+03:00,PM2.5,0.008
2022-08-29T13:00:00+03:00,NO,0.004
2022-08-29T13:00:00+03:00,CO,0.1
2022-08-29T13:00:00+03:00,PM10,0.019
2022-08-29T13:00:00+03:00,NO2,0.02
2022-08-29T13:00:00+03:00,PM2.5,0.01
2022-08-29T14:00:00+03:00,PM10,0.037
2022-08-29T14:00:00+03:00,PM2.5,0.015
2022-08-29T14:00:00+03:00,NO,0.004
2022-08-29T14:00:00+03:00,NO2,0.02
2022-08-29T14:00:00+03:00,CO,0.1
2022-08-29T15:00:00+03:00,PM10,0.039
2022-08-29T15:00:00+03:00,PM2.5,0.013
2022-08-29T15:00:00+03:00,CO,0.08
2022-08-29T15:00:00+03:00,NO,0.002
2022-08-29T15:00:00+03:00,NO2,0.017
2022-08-29T16:00:00+03:00,PM2.5,0.01
2022-08-29T16:00:00+03:00,NO2,0.013
2022-08-29T16:00:00+03:00,PM10,0.029
2022-08-29T16:00:00+03:00,NO,0.002
2022-08-29T16:00:00+03:00,CO,0.06
2022-08-29T17:00:00+03:00,PM2.5,0.003
2022-08-29T17:00:00+03:00,NO2,0.015
2022-08-29T17:00:00+03:00,PM10,0.02
2022-08-29T17:00:00+03:00,NO,0
2022-08-29T17:00:00+03:00,CO,0.04
2022-08-29T18:00:00+03:00,PM10,0.02
2022-08-29T18:00:00+03:00,NO,0.007
2022-08-29T18:00:00+03:00,PM2.5,0.006
2022-08-29T18:00:00+03:00,CO,0.08
2022-08-29T18:00:00+03:00,NO2,0.024
2022-08-29T19:00:00+03:00,NO,0.005
2022-08-29T19:00:00+03:00,NO2,0.029
2022-08-29T19:00:00+03:00,PM2.5,0.005
2022-08-29T19:00:00+03:00,PM10,0.021
2022-08-29T19:00:00+03:00,CO,0.11
2022-08-29T20:00:00+03:00,PM2.5,0.004
2022-08-29T20:00:00+03:00,NO2,0.056
2022-08-29T20:00:00+03:00,PM10,0.017
2022-08-29T20:00:00+03:00,CO,0.17
2022-08-29T20:00:00+03:00,NO,0.003
2022-08-29T21:00:00+03:00,CO,0.1
2022-08-29T21:00:00+03:00,NO2,0.03
2022-08-29T21:00:00+03:00,PM10,0.02
2022-08-29T21:00:00+03:00,PM2.5,0.004
2022-08-29T21:00:00+03:00,NO,0
2022-08-29T22:00:00+03:00,NO2,0.032
2022-08-29T22:00:00+03:00,PM2.5,0.003
2022-08-29T22:00:00+03:00,PM10,0.022
2022-08-29T22:00:00+03:00,NO,0.001
2022-08-29T22:00:00+03:00,CO,0.09
2022-08-29T23:00:00+03:00,PM10,0.022
2022-08-29T23:00:00+03:00,NO2,0.028
2022-08-29T23:00:00+03:00,PM2.5,0.003
2022-08-29T23:00:00+03:00,CO,0.08
2022-08-29T23:00:00+03:00,NO,0.003
2022-08-30T00:00:00+03:00,PM10,0.024
2022-08-30T00:00:00+03:00,NO,0.001
2022-08-30T00:00:00+03:00,CO,0.07
2022-08-30T00:00:00+03:00,NO2,0.028
2022-08-30T00:00:00+03:00,PM2.5,0.003
2022-08-30T01:00:00+03:00,NO2,0.021
2022-08-30T01:00:00+03:00,CO,0.04
2022-08-30T01:00:00+03:00,NO,0.001
2022-08-30T01:00:00+03:00,PM2.5,0.005
2022-08-30T01:00:00+03:00,PM10,0.028
2022-08-30T02:00:00+03:00,PM2.5,0.005
2022-08-30T02:00:00+03:00,CO,0.02
2022-08-30T02:00:00+03:00,NO,0
2022-08-30T02:00:00+03:00,NO2,0.019
2022-08-30T02:00:00+03:00,PM10,0.025
2022-08-30T03:00:00+03:00,PM10,0.022
2022-08-30T03:00:00+03:00,CO,0.02
2022-08-30T03:00:00+03:00,PM2.5,0.003
2022-08-30T03:00:00+03:00,NO,0.002
2022-08-30T03:00:00+03:00,NO2,0.019
2022-08-30T04:00:00+03:00,NO,0.002
2022-08-30T04:00:00+03:00,NO2,0.017
2022-08-30T04:00:00+03:00,PM2.5,0.004
2022-08-30T04:00:00+03:00,PM10,0.018
2022-08-30T04:00:00+03:00,CO,0.02
2022-08-30T05:00:00+03:00,NO,0.003
2022-08-30T05:00:00+03:00,PM10,0.018
2022-08-30T05:00:00+03:00,CO,0.02
2022-08-30T05:00:00+03:00,NO2,0.014
2022-08-30T05:00:00+03:00,PM2.5,0.003
2022-08-30T06:00:00+03:00,CO,0.04
2022-08-30T06:00:00+03:00,PM10,0.021
2022-08-30T06:00:00+03:00,PM2.5,0.003
2022-08-30T06:00:00+03:00,NO2,0.014
2022-08-30T06:00:00+03:00,NO,0.007
2022-08-30T07:00:00+03:00,PM2.5,0.006
2022-08-30T07:00:00+03:00,NO,0.014
2022-08-30T07:00:00+03:00,CO,0.08
2022-08-30T07:00:00+03:00,NO2,0.017
2022-08-30T07:00:00+03:00,PM10,0.024
2022-08-30T08:00:00+03:00,NO,0.022
2022-08-30T08:00:00+03:00,NO2,0.017
2022-08-30T08:00:00+03:00,PM10,0.024
2022-08-30T08:00:00+03:00,PM2.5,0.008
2022-08-30T08:00:00+03:00,CO,0.15
2022-08-30T09:00:00+03:00,PM2.5,0.011
2022-08-30T09:00:00+03:00,PM10,0.042
2022-08-30T09:00:00+03:00,NO2,0.022
2022-08-30T09:00:00+03:00,NO,0.026
2022-08-30T09:00:00+03:00,CO,0.15
2022-08-30T10:00:00+03:00,NO,0.014
2022-08-30T10:00:00+03:00,NO2,0.023
2022-08-30T10:00:00+03:00,PM2.5,0.012
2022-08-30T10:00:00+03:00,PM10,0.025
2022-08-30T10:00:00+03:00,CO,0.11
2022-08-30T11:00:00+03:00,NO2,0.024
2022-08-30T11:00:00+03:00,CO,0.12
2022-08-30T11:00:00+03:00,PM2.5,0.008
2022-08-30T11:00:00+03:00,NO,0.014
2022-08-30T11:00:00+03:00,PM10,0.014
2022-08-30T12:00:00+03:00,NO,0.011
2022-08-30T12:00:00+03:00,NO2,0.025
2022-08-30T12:00:00+03:00,PM2.5,0
2022-08-30T12:00:00+03:00,PM10,0.001
2022-08-30T12:00:00+03:00,CO,0.13
2022-08-30T13:00:00+03:00,NO,0.012
2022-08-30T13:00:00+03:00,CO,0.12
2022-08-30T13:00:00+03:00,NO2,0.025
2022-08-30T13:00:00+03:00,PM10,0.023
2022-08-30T13:00:00+03:00,PM2.5,0.021
2022-08-30T14:00:00+03:00,NO2,0.025
2022-08-30T14:00:00+03:00,CO,0.1
2022-08-30T14:00:00+03:00,PM10,0.019
2022-08-30T14:00:00+03:00,PM2.5,0.018
2022-08-30T14:00:00+03:00,NO,0.01
2022-08-30T15:00:00+03:00,PM2.5,0.017
2022-08-30T15:00:00+03:00,NO2,0.02
2022-08-30T15:00:00+03:00,NO,0.006
2022-08-30T15:00:00+03:00,PM10,0.018
2022-08-30T15:00:00+03:00,CO,0.03
2022-08-30T16:00:00+03:00,NO,0.008
2022-08-30T16:00:00+03:00,PM2.5,0.012
2022-08-30T16:00:00+03:00,PM10,0.014
2022-08-30T16:00:00+03:00,NO2,0.021
2022-08-30T16:00:00+03:00,CO,0.01
2022-08-30T17:00:00+03:00,NO,0.011
2022-08-30T17:00:00+03:00,PM10,0.027
2022-08-30T17:00:00+03:00,CO,0.02
2022-08-30T17:00:00+03:00,PM2.5,0.026
2022-08-30T17:00:00+03:00,NO2,0.026
2022-08-30T18:00:00+03:00,CO,0.06
2022-08-30T18:00:00+03:00,NO2,0.025
2022-08-30T18:00:00+03:00,PM2.5,0.011
2022-08-30T18:00:00+03:00,PM10,0.013
2022-08-30T18:00:00+03:00,NO,0.008
2022-08-30T19:00:00+03:00,NO2,0.031
2022-08-30T19:00:00+03:00,CO,0.11
2022-08-30T19:00:00+03:00,PM2.5,0.013
2022-08-30T19:00:00+03:00,PM10,0.015
2022-08-30T19:00:00+03:00,NO,0.011
2022-08-30T20:00:00+03:00,PM10,0.014
2022-08-30T20:00:00+03:00,CO,0.31
2022-08-30T20:00:00+03:00,NO2,0.066
2022-08-30T20:00:00+03:00,PM2.5,0.012
2022-08-30T20:00:00+03:00,NO,0.041
2022-08-30T21:00:00+03:00,NO,0.081
2022-08-30T21:00:00+03:00,PM10,0.021
2022-08-30T21:00:00+03:00,NO2,0.091
2022-08-30T21:00:00+03:00,PM2.5,0.021
2022-08-30T21:00:00+03:00,CO,0.58
2022-08-30T22:00:00+03:00,PM2.5,0.017
2022-08-30T22:00:00+03:00,NO,0.013
2022-08-30T22:00:00+03:00,NO2,0.074
2022-08-30T22:00:00+03:00,PM10,0.018
2022-08-30T22:00:00+03:00,CO,0.27
2022-08-30T23:00:00+03:00,PM10,0.014
2022-08-30T23:00:00+03:00,NO2,0.035
2022-08-30T23:00:00+03:00,NO,0.002
2022-08-30T23:00:00+03:00,PM2.5,0.011
2022-08-30T23:00:00+03:00,CO,0.06
2022-08-31T00:00:00+03:00,PM10,0.015
2022-08-31T00:00:00+03:00,NO2,0.039
2022-08-31T00:00:00+03:00,CO,0.08
2022-08-31T00:00:00+03:00,PM2.5,0.014
2022-08-31T00:00:00+03:00,NO,0.014
2022-08-31T01:00:00+03:00,NO,0.018
2022-08-31T01:00:00+03:00,PM10,0.013
2022-08-31T01:00:00+03:00,NO2,0.038
2022-08-31T01:00:00+03:00,PM2.5,0.012
2022-08-31T01:00:00+03:00,CO,0.09
2022-08-31T02:00:00+03:00,NO2,0.028
2022-08-31T02:00:00+03:00,CO,0
2022-08-31T02:00:00+03:00,NO,0.008
2022-08-31T02:00:00+03:00,PM2.5,0.008
2022-08-31T02:00:00+03:00,PM10,0.01
2022-08-31T03:00:00+03:00,PM10,0.012
2022-08-31T03:00:00+03:00,NO2,0.019
2022-08-31T03:00:00+03:00,NO,0.004
2022-08-31T03:00:00+03:00,PM2.5,0.01
2022-08-31T03:00:00+03:00,CO,0
2022-08-31T04:00:00+03:00,PM2.5,0.005
2022-08-31T04:00:00+03:00,NO,0.004
2022-08-31T04:00:00+03:00,NO2,0.016
2022-08-31T04:00:00+03:00,PM10,0.007
2022-08-31T04:00:00+03:00,CO,0
2022-08-31T05:00:00+03:00,NO,0.003
2022-08-31T05:00:00+03:00,NO2,0.017
2022-08-31T05:00:00+03:00,PM2.5,0.007
2022-08-31T05:00:00+03:00,PM10,0.009
2022-08-31T05:00:00+03:00,CO,0
2022-08-31T06:00:00+03:00,NO,0.004
2022-08-31T06:00:00+03:00,NO2,0.013
2022-08-31T06:00:00+03:00,PM2.5,0.005
2022-08-31T06:00:00+03:00,PM10,0.007
2022-08-31T06:00:00+03:00,CO,0
2022-08-31T07:00:00+03:00,NO2,0.015
2022-08-31T07:00:00+03:00,NO,0.006
2022-08-31T07:00:00+03:00,PM10,0.006
2022-08-31T07:00:00+03:00,PM2.5,0.004
2022-08-31T07:00:00+03:00,CO,0
2022-08-31T08:00:00+03:00,NO2,0.018
2022-08-31T08:00:00+03:00,CO,0.01
2022-08-31T08:00:00+03:00,NO,0.012
2022-08-31T08:00:00+03:00,PM2.5,0.008
2022-08-31T08:00:00+03:00,PM10,0.01
2022-08-31T09:00:00+03:00,PM10,0.005
2022-08-31T09:00:00+03:00,PM2.5,0.004
2022-08-31T09:00:00+03:00,NO,0.013
2022-08-31T09:00:00+03:00,CO,0
2022-08-31T09:00:00+03:00,NO2,0.017
2022-08-31T10:00:00+03:00,NO2,0.021
2022-08-31T10:00:00+03:00,PM2.5,0.005
2022-08-31T10:00:00+03:00,PM10,0.007
2022-08-31T10:00:00+03:00,CO,0
2022-08-31T10:00:00+03:00,NO,0.016
2022-08-31T11:00:00+03:00,NO,0.007
2022-08-31T11:00:00+03:00,NO2,0.015
2022-08-31T11:00:00+03:00,PM10,0.006
2022-08-31T11:00:00+03:00,PM2.5,0.005
2022-08-31T11:00:00+03:00,CO,0
2022-08-31T12:00:00+03:00,NO,0.009
2022-08-31T12:00:00+03:00,CO,0.27
2022-08-31T12:00:00+03:00,NO2,0.017
2022-08-31T12:00:00+03:00,PM10,0.001
2022-08-31T12:00:00+03:00,PM2.5,0
2022-08-31T13:00:00+03:00,NO,0.007
2022-08-31T13:00:00+03:00,PM2.5,0
2022-08-31T13:00:00+03:00,CO,0.3
2022-08-31T13:00:00+03:00,PM10,0.003
2022-08-31T13:00:00+03:00,NO2,0.013
2022-08-31T14:00:00+03:00,PM2.5,0.001
2022-08-31T14:00:00+03:00,CO,0.31
2022-08-31T14:00:00+03:00,PM10,0.003
2022-08-31T14:00:00+03:00,NO,0.009
2022-08-31T14:00:00+03:00,NO2,0.015
2022-08-31T15:00:00+03:00,NO,0.011
2022-08-31T15:00:00+03:00,CO,0.33
2022-08-31T15:00:00+03:00,PM10,0.002
2022-08-31T15:00:00+03:00,PM2.5,0.001
2022-08-31T15:00:00+03:00,NO2,0.015
2022-08-31T16:00:00+03:00,PM10,0.002
2022-08-31T16:00:00+03:00,NO2,0.015
2022-08-31T16:00:00+03:00,NO,0.015
2022-08-31T16:00:00+03:00,CO,0.32
2022-08-31T16:00:00+03:00,PM2.5,0.001
2022-08-31T17:00:00+03:00,NO,0.014
2022-08-31T17:00:00+03:00,NO2,0.014
2022-08-31T17:00:00+03:00,PM10,0.002
2022-08-31T17:00:00+03:00,PM2.5,0.001
2022-08-31T17:00:00+03:00,CO,0.25
2022-08-31T18:00:00+03:00,CO,0.25
2022-08-31T18:00:00+03:00,NO,0.011
2022-08-31T18:00:00+03:00,NO2,0.014
2022-08-31T18:00:00+03:00,PM2.5,0
2022-08-31T18:00:00+03:00,PM10,0.002
2022-08-31T19:00:00+03:00,PM2.5,0.001
2022-08-31T19:00:00+03:00,CO,0.29
2022-08-31T19:00:00+03:00,PM10,0.004
2022-08-31T19:00:00+03:00,NO2,0.018
2022-08-31T19:00:00+03:00,NO,0.015
2022-08-31T20:00:00+03:00,CO,0.29
2022-08-31T20:00:00+03:00,NO2,0.019
2022-08-31T20:00:00+03:00,NO,0.016
2022-08-31T20:00:00+03:00,PM2.5,0.001
2022-08-31T20:00:00+03:00,PM10,0.004
2022-08-31T21:00:00+03:00,NO,0.013
2022-08-31T21:00:00+03:00,NO2,0.021
2022-08-31T21:00:00+03:00,CO,0.3
2022-08-31T21:00:00+03:00,PM2.5,0.001
2022-08-31T21:00:00+03:00,PM10,0.003
2022-08-31T22:00:00+03:00,NO2,0.024
2022-08-31T22:00:00+03:00,PM10,0.001
2022-08-31T22:00:00+03:00,NO,0.012
2022-08-31T22:00:00+03:00,PM2.5,0.001
2022-08-31T22:00:00+03:00,CO,0.25
2022-08-31T23:00:00+03:00,PM2.5,0.001
2022-08-31T23:00:00+03:00,PM10,0
2022-08-31T23:00:00+03:00,NO2,0.02
2022-08-31T23:00:00+03:00,CO,0.26
2022-08-31T23:00:00+03:00,NO,0.012
2022-09-01T00:00:00+03:00,PM10,0.007
2022-09-01T00:00:00+03:00,NO,0.006
2022-09-01T00:00:00+03:00,CO,0.22
2022-09-01T00:00:00+03:00,NO2,0.016
2022-09-01T00:00:00+03:00,PM2.5,0.001
2022-09-01T01:00:00+03:00,NO2,0.017
2022-09-01T01:00:00+03:00,CO,0.23
2022-09-01T01:00:00+03:00,PM10,0.013
2022-09-01T01:00:00+03:00,NO,0.016
2022-09-01T01:00:00+03:00,PM2.5,0.001
2022-09-01T02:00:00+03:00,NO,0.006
2022-09-01T02:00:00+03:00,CO,0.21
2022-09-01T02:00:00+03:00,NO2,0.014
2022-09-01T02:00:00+03:00,PM10,0.002
2022-09-01T02:00:00+03:00,PM2.5,0.001
2022-09-01T03:00:00+03:00,NO,0.006
2022-09-01T03:00:00+03:00,PM10,0
2022-09-01T03:00:00+03:00,CO,0.18
2022-09-01T03:00:00+03:00,NO2,0.014
2022-09-01T03:00:00+03:00,PM2.5,0.001
2022-09-01T04:00:00+03:00,CO,0.18
2022-09-01T04:00:00+03:00,PM10,0.001
2022-09-01T04:00:00+03:00,PM2.5,0.001
2022-09-01T04:00:00+03:00,NO,0.006
2022-09-01T04:00:00+03:00,NO2,0.012
2022-09-01T05:00:00+03:00,PM10,0.001
2022-09-01T05:00:00+03:00,NO,0.005
2022-09-01T05:00:00+03:00,PM2.5,0
2022-09-01T05:00:00+03:00,NO2,0.01
2022-09-01T05:00:00+03:00,CO,0.18
2022-09-01T06:00:00+03:00,NO,0.004
2022-09-01T06:00:00+03:00,CO,0.18
2022-09-01T06:00:00+03:00,PM10,0
2022-09-01T06:00:00+03:00,PM2.5,0
2022-09-01T06:00:00+03:00,NO2,0.009
2022-09-01T07:00:00+03:00,NO,0.008
2022-09-01T07:00:00+03:00,NO2,0.01
2022-09-01T07:00:00+03:00,CO,0.23
2022-09-01T07:00:00+03:00,PM10,0.001
2022-09-01T07:00:00+03:00,PM2.5,0.001
2022-09-01T08:00:00+03:00,NO2,0.014
2022-09-01T08:00:00+03:00,PM10,0.001
2022-09-01T08:00:00+03:00,NO,0.014
2022-09-01T08:00:00+03:00,PM2.5,0.001
2022-09-01T08:00:00+03:00,CO,0.27
2022-09-01T09:00:00+03:00,PM2.5,0.002
2022-09-01T09:00:00+03:00,PM10,0.003
2022-09-01T09:00:00+03:00,NO,0.023
2022-09-01T09:00:00+03:00,CO,0.28
2022-09-01T09:00:00+03:00,NO2,0.019
2022-09-01T10:00:00+03:00,CO,0.24
2022-09-01T10:00:00+03:00,PM10,0.002
2022-09-01T10:00:00+03:00,PM2.5,0.001
2022-09-01T10:00:00+03:00,NO2,0.016
2022-09-01T10:00:00+03:00,NO,0.017
2022-09-01T11:00:00+03:00,PM2.5,0.002
2022-09-01T11:00:00+03:00,CO,0.19
2022-09-01T11:00:00+03:00,PM10,0.004
2022-09-01T11:00:00+03:00,NO2,0.014
2022-09-01T11:00:00+03:00,NO,0.013
2022-09-01T12:00:00+03:00,NO2,0.011
2022-09-01T12:00:00+03:00,CO,0.12
2022-09-01T12:00:00+03:00,NO,0.01
2022-09-01T12:00:00+03:00,PM10,0.003
2022-09-01T12:00:00+03:00,PM2.5,0.001
2022-09-01T13:00:00+03:00,NO2,0.01
2022-09-01T13:00:00+03:00,CO,0.12
2022-09-01T13:00:00+03:00,PM2.5,0.002
2022-09-01T13:00:00+03:00,NO,0.012
2022-09-01T13:00:00+03:00,PM10,0.004
2022-09-01T14:00:00+03:00,NO2,0.014
2022-09-01T14:00:00+03:00,PM2.5,0.002
2022-09-01T14:00:00+03:00,PM10,0.003
2022-09-01T14:00:00+03:00,NO,0.013
2022-09-01T14:00:00+03:00,CO,0.13
2022-09-01T15:00:00+03:00,PM2.5,0.001
2022-09-01T15:00:00+03:00,PM10,0.002
2022-09-01T15:00:00+03:00,CO,0.13
2022-09-01T15:00:00+03:00,NO,0.009
2022-09-01T15:00:00+03:00,NO2,0.014
2022-09-01T16:00:00+03:00,PM2.5,0.001
2022-09-01T16:00:00+03:00,PM10,0.002
2022-09-01T16:00:00+03:00,CO,0.13
2022-09-01T16:00:00+03:00,NO,0.011
2022-09-01T16:00:00+03:00,NO2,0.01
2022-09-01T17:00:00+03:00,NO2,0.009
2022-09-01T17:00:00+03:00,NO,0.011
2022-09-01T17:00:00+03:00,PM2.5,0.002
2022-09-01T17:00:00+03:00,PM10,0.003
2022-09-01T17:00:00+03:00,CO,0.13
2022-09-01T18:00:00+03:00,PM10,0.003
2022-09-01T18:00:00+03:00,CO,0.19
2022-09-01T18:00:00+03:00,PM2.5,0.003
2022-09-01T18:00:00+03:00,NO,0.02
2022-09-01T18:00:00+03:00,NO2,0.014
2022-09-01T19:00:00+03:00,CO,0.26
2022-09-01T19:00:00+03:00,NO2,0.029
2022-09-01T19:00:00+03:00,PM10,0.004
2022-09-01T19:00:00+03:00,NO,0.027
2022-09-01T19:00:00+03:00,PM2.5,0.004
2022-09-01T20:00:00+03:00,NO,0.051
2022-09-01T20:00:00+03:00,PM2.5,0.004
2022-09-01T20:00:00+03:00,PM10,0.003
2022-09-01T20:00:00+03:00,CO,0.38
2022-09-01T20:00:00+03:00,NO2,0.038
2022-09-01T21:00:00+03:00,PM10,0.002
2022-09-01T21:00:00+03:00,NO2,0.031
2022-09-01T21:00:00+03:00,PM2.5,0.003
2022-09-01T21:00:00+03:00,CO,0.27
2022-09-01T21:00:00+03:00,NO,0.024
2022-09-01T22:00:00+03:00,PM10,0.002
2022-09-01T22:00:00+03:00,NO2,0.036
2022-09-01T22:00:00+03:00,CO,0.34
2022-09-01T22:00:00+03:00,PM2.5,0.003
2022-09-01T22:00:00+03:00,NO,0.047
2022-09-01T23:00:00+03:00,NO2,0.027
2022-09-01T23:00:00+03:00,NO,0.022
2022-09-01T23:00:00+03:00,PM2.5,0.002
2022-09-01T23:00:00+03:00,CO,0.2
2022-09-01T23:00:00+03:00,PM10,0.004
2022-09-02T00:00:00+03:00,NO,0.015
2022-09-02T00:00:00+03:00,CO,0.18
2022-09-02T00:00:00+03:00,NO2,0.021
2022-09-02T00:00:00+03:00,PM2.5,0.001
2022-09-02T00:00:00+03:00,PM10,0.003
2022-09-02T01:00:00+03:00,NO,0.007
2022-09-02T01:00:00+03:00,PM2.5,0.001
2022-09-02T01:00:00+03:00,CO,0.11
2022-09-02T01:00:00+03:00,NO2,0.015
2022-09-02T01:00:00+03:00,PM10,0.002
2022-09-02T02:00:00+03:00,PM2.5,0.001
2022-09-02T02:00:00+03:00,NO2,0.013
2022-09-02T02:00:00+03:00,NO,0.004
2022-09-02T02:00:00+03:00,CO,0.09
2022-09-02T02:00:00+03:00,PM10,0.002
2022-09-02T03:00:00+03:00,PM10,0.002
2022-09-02T03:00:00+03:00,PM2.5,0.001
2022-09-02T03:00:00+03:00,NO,0.004
2022-09-02T03:00:00+03:00,NO2,0.01
2022-09-02T03:00:00+03:00,CO,0.09
2022-09-02T04:00:00+03:00,PM10,0.002
2022-09-02T04:00:00+03:00,NO,0.003
2022-09-02T04:00:00+03:00,NO2,0.008
2022-09-02T04:00:00+03:00,PM2.5,0.001
2022-09-02T04:00:00+03:00,CO,0.08
2022-09-02T05:00:00+03:00,NO,0.005
2022-09-02T05:00:00+03:00,PM10,0.001
2022-09-02T05:00:00+03:00,PM2.5,0
2022-09-02T05:00:00+03:00,CO,0.07
2022-09-02T05:00:00+03:00,NO2,0.01
2022-09-02T06:00:00+03:00,NO2,0.009
2022-09-02T06:00:00+03:00,PM10,0.002
2022-09-02T06:00:00+03:00,CO,0.08
2022-09-02T06:00:00+03:00,NO,0.006
2022-09-02T06:00:00+03:00,PM2.5,0.001
2022-09-02T07:00:00+03:00,PM10,0.003
2022-09-02T07:00:00+03:00,NO,0.018
2022-09-02T07:00:00+03:00,CO,0.14
2022-09-02T07:00:00+03:00,NO2,0.015
2022-09-02T07:00:00+03:00,PM2.5,0.001
2022-09-02T08:00:00+03:00,CO,0.18
2022-09-02T08:00:00+03:00,PM2.5,0.001
2022-09-02T08:00:00+03:00,NO,0.019
2022-09-02T08:00:00+03:00,NO2,0.016
2022-09-02T08:00:00+03:00,PM10,0.002
2022-09-02T09:00:00+03:00,NO2,0.017
2022-09-02T09:00:00+03:00,PM2.5,0.001
2022-09-02T09:00:00+03:00,PM10,0.003
2022-09-02T09:00:00+03:00,NO,0.019
2022-09-02T09:00:00+03:00,CO,0.2
2022-09-02T10:00:00+03:00,PM10,0.003
2022-09-02T10:00:00+03:00,PM2.5,0.002
2022-09-02T10:00:00+03:00,NO,0.016
2022-09-02T10:00:00+03:00,CO,0.19
2022-09-02T10:00:00+03:00,NO2,0.018
2022-09-02T11:00:00+03:00,CO,0.14
2022-09-02T11:00:00+03:00,NO2,0.017
2022-09-02T11:00:00+03:00,PM2.5,0.001
2022-09-02T11:00:00+03:00,PM10,0.003
2022-09-02T11:00:00+03:00,NO,0.015
2022-09-02T12:00:00+03:00,PM10,0.003
2022-09-02T12:00:00+03:00,PM2.5,0.002
2022-09-02T12:00:00+03:00,CO,0.12
2022-09-02T12:00:00+03:00,NO,0.012
2022-09-02T12:00:00+03:00,NO2,0.015
2022-09-02T13:00:00+03:00,PM10,0.003
2022-09-02T13:00:00+03:00,PM2.5,0.002
2022-09-02T13:00:00+03:00,CO,0.14
2022-09-02T13:00:00+03:00,NO2,0.015
2022-09-02T13:00:00+03:00,NO,0.014
2022-09-02T14:00:00+03:00,NO2,0.008
2022-09-02T14:00:00+03:00,CO,0.11
2022-09-02T14:00:00+03:00,PM10,0.002
2022-09-02T14:00:00+03:00,PM2.5,0.001
2022-09-02T14:00:00+03:00,NO,0.006
2022-09-02T15:00:00+03:00,PM10,0.006
2022-09-02T15:00:00+03:00,NO,0.016
2022-09-02T15:00:00+03:00,PM2.5,0.005
2022-09-02T15:00:00+03:00,NO2,0.015
2022-09-02T15:00:00+03:00,CO,0.15
2022-09-02T16:00:00+03:00,NO,0.023
2022-09-02T16:00:00+03:00,CO,0.2
2022-09-02T16:00:00+03:00,NO2,0.023
2022-09-02T16:00:00+03:00,PM2.5,0.003
2022-09-02T16:00:00+03:00,PM10,0.004
2022-09-02T17:00:00+03:00,NO2,0.021
2022-09-02T17:00:00+03:00,CO,0.18
2022-09-02T17:00:00+03:00,PM10,0.004
2022-09-02T17:00:00+03:00,PM2.5,0.003
2022-09-02T17:00:00+03:00,NO,0.019
2022-09-02T18:00:00+03:00,NO2,0.022
2022-09-02T18:00:00+03:00,NO,0.017
2022-09-02T18:00:00+03:00,PM10,0.003
2022-09-02T18:00:00+03:00,CO,0.17
2022-09-02T18:00:00+03:00,PM2.5,0.002
2022-09-02T19:00:00+03:00,NO,0.043
2022-09-02T19:00:00+03:00,PM10,0.005
2022-09-02T19:00:00+03:00,NO2,0.04
2022-09-02T19:00:00+03:00,PM2.5,0.004
2022-09-02T19:00:00+03:00,CO,0.31
2022-09-02T20:00:00+03:00,PM10,0.005
2022-09-02T20:00:00+03:00,PM2.5,0.004
2022-09-02T20:00:00+03:00,NO2,0.05
2022-09-02T20:00:00+03:00,CO,0.39
2022-09-02T20:00:00+03:00,NO,0.056
2022-09-02T21:00:00+03:00,CO,0.34
2022-09-02T21:00:00+03:00,NO2,0.042
2022-09-02T21:00:00+03:00,PM10,0.005
2022-09-02T21:00:00+03:00,PM2.5,0.004
2022-09-02T21:00:00+03:00,NO,0.031
2022-09-02T22:00:00+03:00,CO,0.21
2022-09-02T22:00:00+03:00,NO,0.019
2022-09-02T22:00:00+03:00,NO2,0.031
2022-09-02T22:00:00+03:00,PM10,0.004
2022-09-02T22:00:00+03:00,PM2.5,0.004
2022-09-02T23:00:00+03:00,PM2.5,0.005
2022-09-02T23:00:00+03:00,NO,0.032
2022-09-02T23:00:00+03:00,CO,0.25
2022-09-02T23:00:00+03:00,NO2,0.034
2022-09-02T23:00:00+03:00,PM10,0.005
2022-09-03T00:00:00+03:00,NO2,0.03
2022-09-03T00:00:00+03:00,PM2.5,0.004
2022-09-03T00:00:00+03:00,NO,0.017
2022-09-03T00:00:00+03:00,PM10,0.006
2022-09-03T00:00:00+03:00,CO,0.18
2022-09-03T01:00:00+03:00,NO,0.02
2022-09-03T01:00:00+03:00,CO,0.16
2022-09-03T01:00:00+03:00,NO2,0.031
2022-09-03T01:00:00+03:00,PM2.5,0.003
2022-09-03T01:00:00+03:00,PM10,0.005
2022-09-03T02:00:00+03:00,PM2.5,0.003
2022-09-03T02:00:00+03:00,CO,0.15
2022-09-03T02:00:00+03:00,NO2,0.027
2022-09-03T02:00:00+03:00,NO,0.015
2022-09-03T02:00:00+03:00,PM10,0.004
2022-09-03T03:00:00+03:00,PM10,0.004
2022-09-03T03:00:00+03:00,NO,0.017
2022-09-03T03:00:00+03:00,NO2,0.024
2022-09-03T03:00:00+03:00,CO,0.16
2022-09-03T03:00:00+03:00,PM2.5,0.003
2022-09-03T04:00:00+03:00,NO2,0.019
2022-09-03T04:00:00+03:00,PM10,0.004
2022-09-03T04:00:00+03:00,NO,0.01
2022-09-03T04:00:00+03:00,CO,0.1
2022-09-03T04:00:00+03:00,PM2.5,0.003
2022-09-03T05:00:00+03:00,NO,0.024
2022-09-03T05:00:00+03:00,CO,0.13
2022-09-03T05:00:00+03:00,PM10,0.003
2022-09-03T05:00:00+03:00,NO2,0.019
2022-09-03T05:00:00+03:00,PM2.5,0.002
2022-09-03T06:00:00+03:00,NO2,0.018
2022-09-03T06:00:00+03:00,PM2.5,0.002
2022-09-03T06:00:00+03:00,NO,0.017
2022-09-03T06:00:00+03:00,CO,0.09
2022-09-03T06:00:00+03:00,PM10,0.004
2022-09-03T07:00:00+03:00,CO,0.13
2022-09-03T07:00:00+03:00,NO2,0.015
2022-09-03T07:00:00+03:00,NO,0.022
2022-09-03T07:00:00+03:00,PM10,0.003
2022-09-03T07:00:00+03:00,PM2.5,0.002
2022-09-03T08:00:00+03:00,NO2,0.013
2022-09-03T08:00:00+03:00,CO,0.16
2022-09-03T08:00:00+03:00,PM10,0.007
2022-09-03T08:00:00+03:00,NO,0.021
2022-09-03T08:00:00+03:00,PM2.5,0.004
2022-09-03T09:00:00+03:00,NO,0.025
2022-09-03T09:00:00+03:00,PM2.5,0.005
2022-09-03T09:00:00+03:00,PM10,0.006
2022-09-03T09:00:00+03:00,CO,0.15
2022-09-03T09:00:00+03:00,NO2,0.015
2022-09-03T10:00:00+03:00,PM10,0.002
2022-09-03T10:00:00+03:00,PM2.5,0.002
2022-09-03T10:00:00+03:00,NO,0.015
2022-09-03T10:00:00+03:00,NO2,0.013
2022-09-03T10:00:00+03:00,CO,0.16
2022-09-03T11:00:00+03:00,PM10,0.003
2022-09-03T11:00:00+03:00,CO,0.12
2022-09-03T11:00:00+03:00,PM2.5,0.002
2022-09-03T11:00:00+03:00,NO,0.011
2022-09-03T11:00:00+03:00,NO2,0.013
2022-09-03T12:00:00+03:00,PM2.5,0.002
2022-09-03T12:00:00+03:00,NO2,0.016
2022-09-03T12:00:00+03:00,CO,0.13
2022-09-03T12:00:00+03:00,PM10,0.003
2022-09-03T12:00:00+03:00,NO,0.014
2022-09-03T13:00:00+03:00,NO2,0.014
2022-09-03T13:00:00+03:00,CO,0.13
2022-09-03T13:00:00+03:00,PM10,0.003
2022-09-03T13:00:00+03:00,PM2.5,0.002
2022-09-03T13:00:00+03:00,NO,0.011
2022-09-03T14:00:00+03:00,PM10,0.004
2022-09-03T14:00:00+03:00,CO,0.16
2022-09-03T14:00:00+03:00,PM2.5,0.003
2022-09-03T14:00:00+03:00,NO,0.016
2022-09-03T14:00:00+03:00,NO2,0.019
2022-09-03T15:00:00+03:00,PM10,0.002
2022-09-03T15:00:00+03:00,NO,0.014
2022-09-03T15:00:00+03:00,NO2,0.017
2022-09-03T15:00:00+03:00,PM2.5,0.001
2022-09-03T15:00:00+03:00,CO,0.13
2022-09-03T16:00:00+03:00,PM2.5,0.002
2022-09-03T16:00:00+03:00,NO2,0.017
2022-09-03T16:00:00+03:00,CO,0.14
2022-09-03T16:00:00+03:00,PM10,0.003
2022-09-03T16:00:00+03:00,NO,0.017
2022-09-03T17:00:00+03:00,PM2.5,0.004
2022-09-03T17:00:00+03:00,NO2,0.029
2022-09-03T17:00:00+03:00,CO,0.2
2022-09-03T17:00:00+03:00,NO,0.019
2022-09-03T17:00:00+03:00,PM10,0.005
2022-09-03T18:00:00+03:00,PM10,0.004
2022-09-03T18:00:00+03:00,NO2,0.036
2022-09-03T18:00:00+03:00,PM2.5,0.003
2022-09-03T18:00:00+03:00,NO,0.023
2022-09-03T18:00:00+03:00,CO,0.24
2022-09-03T19:00:00+03:00,PM2.5,0.006
2022-09-03T19:00:00+03:00,CO,0.31
2022-09-03T19:00:00+03:00,PM10,0.006
2022-09-03T19:00:00+03:00,NO2,0.04
2022-09-03T19:00:00+03:00,NO,0.024
2022-09-03T20:00:00+03:00,NO2,0.049
2022-09-03T20:00:00+03:00,NO,0.048
2022-09-03T20:00:00+03:00,PM2.5,0.009
2022-09-03T20:00:00+03:00,PM10,0.009
2022-09-03T20:00:00+03:00,CO,0.55
2022-09-03T21:00:00+03:00,CO,0.7
2022-09-03T21:00:00+03:00,NO,0.107
2022-09-03T21:00:00+03:00,NO2,0.053
2022-09-03T21:00:00+03:00,PM2.5,0.014
2022-09-03T21:00:00+03:00,PM10,0.014
2022-09-03T22:00:00+03:00,PM2.5,0.007
2022-09-03T22:00:00+03:00,NO2,0.037
2022-09-03T22:00:00+03:00,CO,0.27
2022-09-03T22:00:00+03:00,NO,0.02
2022-09-03T22:00:00+03:00,PM10,0.007
2022-09-03T23:00:00+03:00,PM2.5,0.006
2022-09-03T23:00:00+03:00,NO2,0.049
2022-09-03T23:00:00+03:00,NO,0.059
2022-09-03T23:00:00+03:00,PM10,0.006
2022-09-03T23:00:00+03:00,CO,0.33
2022-09-04T00:00:00+03:00,PM10,0.006
2022-09-04T00:00:00+03:00,NO2,0.03
2022-09-04T00:00:00+03:00,NO,0.018
2022-09-04T00:00:00+03:00,CO,0.19
2022-09-04T00:00:00+03:00,PM2.5,0.005
2022-09-04T01:00:00+03:00,CO,0.21
2022-09-04T01:00:00+03:00,NO2,0.035
2022-09-04T01:00:00+03:00,PM2.5,0.007
2022-09-04T01:00:00+03:00,PM10,0.007
2022-09-04T01:00:00+03:00,NO,0.021
2022-09-04T02:00:00+03:00,PM2.5,0.007
2022-09-04T02:00:00+03:00,CO,0.19
2022-09-04T02:00:00+03:00,NO2,0.031
2022-09-04T02:00:00+03:00,NO,0.016
2022-09-04T02:00:00+03:00,PM10,0.008
2022-09-04T03:00:00+03:00,CO,0.23
2022-09-04T03:00:00+03:00,PM2.5,0.007
2022-09-04T03:00:00+03:00,NO2,0.032
2022-09-04T03:00:00+03:00,PM10,0.007
2022-09-04T03:00:00+03:00,NO,0.017
2022-09-04T04:00:00+03:00,PM10,0.006
2022-09-04T04:00:00+03:00,NO,0.022
2022-09-04T04:00:00+03:00,CO,0.19
2022-09-04T04:00:00+03:00,NO2,0.036
2022-09-04T04:00:00+03:00,PM2.5,0.006
2022-09-04T05:00:00+03:00,NO2,0.032
2022-09-04T05:00:00+03:00,PM2.5,0.005
2022-09-04T05:00:00+03:00,PM10,0.006
2022-09-04T05:00:00+03:00,CO,0.18
2022-09-04T05:00:00+03:00,NO,0.028
2022-09-04T06:00:00+03:00,CO,0.28
2022-09-04T06:00:00+03:00,PM2.5,0.006
2022-09-04T06:00:00+03:00,NO,0.068
2022-09-04T06:00:00+03:00,NO2,0.039
2022-09-04T06:00:00+03:00,PM10,0.006
2022-09-04T07:00:00+03:00,CO,0.3
2022-09-04T07:00:00+03:00,NO2,0.034
2022-09-04T07:00:00+03:00,PM2.5,0.01
2022-09-04T07:00:00+03:00,NO,0.079
2022-09-04T07:00:00+03:00,PM10,0.01
2022-09-04T08:00:00+03:00,PM10,0.008
2022-09-04T08:00:00+03:00,NO2,0.04
2022-09-04T08:00:00+03:00,CO,0.34
2022-09-04T08:00:00+03:00,NO,0.061
2022-09-04T08:00:00+03:00,PM2.5,0.007
2022-09-04T09:00:00+03:00,NO2,0.033
2022-09-04T09:00:00+03:00,CO,0.2
2022-09-04T09:00:00+03:00,PM2.5,0.004
2022-09-04T09:00:00+03:00,PM10,0.005
2022-09-04T09:00:00+03:00,NO,0.029
2022-09-04T10:00:00+03:00,NO,0.018
2022-09-04T10:00:00+03:00,CO,0.14
2022-09-04T10:00:00+03:00,NO2,0.024
2022-09-04T10:00:00+03:00,PM10,0.002
2022-09-04T10:00:00+03:00,PM2.5,0.001
2022-09-04T11:00:00+03:00,PM2.5,0.001
2022-09-04T11:00:00+03:00,CO,0.12
2022-09-04T11:00:00+03:00,PM10,0.002
2022-09-04T11:00:00+03:00,NO2,0.019
2022-09-04T11:00:00+03:00,NO,0.015
2022-09-04T12:00:00+03:00,CO,0.12
2022-09-04T12:00:00+03:00,PM10,0.002
2022-09-04T12:00:00+03:00,NO2,0.017
2022-09-04T12:00:00+03:00,PM2.5,0.001
2022-09-04T12:00:00+03:00,NO,0.015
2022-09-04T13:00:00+03:00,NO2,0.019
2022-09-04T13:00:00+03:00,CO,0.14
2022-09-04T13:00:00+03:00,PM2.5,0.002
2022-09-04T13:00:00+03:00,PM10,0.003
2022-09-04T13:00:00+03:00,NO,0.017
2022-09-04T14:00:00+03:00,NO2,0.017
2022-09-04T14:00:00+03:00,NO,0.016
2022-09-04T14:00:00+03:00,PM10,0.003
2022-09-04T14:00:00+03:00,PM2.5,0.002
2022-09-04T14:00:00+03:00,CO,0.11
2022-09-04T15:00:00+03:00,PM10,0.001
2022-09-04T15:00:00+03:00,PM2.5,0.001
2022-09-04T15:00:00+03:00,CO,0.13
2022-09-04T15:00:00+03:00,NO,0.017
2022-09-04T15:00:00+03:00,NO2,0.015
2022-09-04T16:00:00+03:00,NO2,0.021
2022-09-04T16:00:00+03:00,NO,0.021
2022-09-04T16:00:00+03:00,PM2.5,0.004
2022-09-04T16:00:00+03:00,CO,0.17
2022-09-04T16:00:00+03:00,PM10,0.004
2022-09-04T17:00:00+03:00,NO,0.02
2022-09-04T17:00:00+03:00,PM2.5,0.002
2022-09-04T17:00:00+03:00,CO,0.12
2022-09-04T17:00:00+03:00,NO2,0.022
2022-09-04T17:00:00+03:00,PM10,0.003
2022-09-04T18:00:00+03:00,CO,0.13
2022-09-04T18:00:00+03:00,PM10,0.002
2022-09-04T18:00:00+03:00,PM2.5,0.001
2022-09-04T18:00:00+03:00,NO2,0.023
2022-09-04T18:00:00+03:00,NO,0.02
2022-09-04T19:00:00+03:00,CO,0.2
2022-09-04T19:00:00+03:00,PM10,0.003
2022-09-04T19:00:00+03:00,NO,0.028
2022-09-04T19:00:00+03:00,NO2,0.032
2022-09-04T19:00:00+03:00,PM2.5,0.003
2022-09-04T20:00:00+03:00,PM10,0.006
2022-09-04T20:00:00+03:00,PM2.5,0.005
2022-09-04T20:00:00+03:00,NO2,0.041
2022-09-04T20:00:00+03:00,CO,0.24
2022-09-04T20:00:00+03:00,NO,0.032
2022-09-04T21:00:00+03:00,PM2.5,0.004
2022-09-04T21:00:00+03:00,NO2,0.044
2022-09-04T21:00:00+03:00,PM10,0.004
2022-09-04T21:00:00+03:00,NO,0.045
2022-09-04T21:00:00+03:00,CO,0.32
2022-09-04T22:00:00+03:00,NO,0.049
2022-09-04T22:00:00+03:00,NO2,0.049
2022-09-04T22:00:00+03:00,PM10,0.005
2022-09-04T22:00:00+03:00,PM2.5,0.004
2022-09-04T22:00:00+03:00,CO,0.35
2022-09-04T23:00:00+03:00,CO,0.66
2022-09-04T23:00:00+03:00,PM2.5,0.006
2022-09-04T23:00:00+03:00,PM10,0.007
2022-09-04T23:00:00+03:00,NO2,0.05
2022-09-04T23:00:00+03:00,NO,0.119
2022-09-05T00:00:00+03:00,NO2,0.044
2022-09-05T00:00:00+03:00,CO,0.35
2022-09-05T00:00:00+03:00,NO,0.046
2022-09-05T00:00:00+03:00,PM2.5,0.005
2022-09-05T00:00:00+03:00,PM10,0.006
2022-09-05T01:00:00+03:00,NO,0.085
2022-09-05T01:00:00+03:00,PM2.5,0.007
2022-09-05T01:00:00+03:00,CO,0.42
2022-09-05T01:00:00+03:00,PM10,0.008
2022-09-05T01:00:00+03:00,NO2,0.039
2022-09-05T02:00:00+03:00,PM2.5,0.008
2022-09-05T02:00:00+03:00,CO,0.37
2022-09-05T02:00:00+03:00,NO2,0.043
2022-09-05T02:00:00+03:00,PM10,0.008
2022-09-05T02:00:00+03:00,NO,0.079
2022-09-05T03:00:00+03:00,NO2,0.04
2022-09-05T03:00:00+03:00,PM2.5,0.008
2022-09-05T03:00:00+03:00,NO,0.079
2022-09-05T03:00:00+03:00,PM10,0.008
2022-09-05T03:00:00+03:00,CO,0.33
2022-09-05T04:00:00+03:00,CO,0.3
2022-09-05T04:00:00+03:00,NO2,0.034
2022-09-05T04:00:00+03:00,PM10,0.006
2022-09-05T04:00:00+03:00,PM2.5,0.005
2022-09-05T04:00:00+03:00,NO,0.063
2022-09-05T05:00:00+03:00,PM2.5,0.005
2022-09-05T05:00:00+03:00,PM10,0.005
2022-09-05T05:00:00+03:00,CO,0.27
2022-09-05T05:00:00+03:00,NO,0.055
2022-09-05T05:00:00+03:00,NO2,0.029
2022-09-05T06:00:00+03:00,PM10,0.009
2022-09-05T06:00:00+03:00,NO2,0.036
2022-09-05T06:00:00+03:00,CO,0.3
2022-09-05T06:00:00+03:00,PM2.5,0.009
2022-09-05T06:00:00+03:00,NO,0.114
2022-09-05T07:00:00+03:00,NO,0.121
2022-09-05T07:00:00+03:00,CO,0.38
2022-09-05T07:00:00+03:00,PM2.5,0.007
2022-09-05T07:00:00+03:00,PM10,0.007
2022-09-05T07:00:00+03:00,NO2,0.032
2022-09-05T08:00:00+03:00,PM2.5,0.005
2022-09-05T08:00:00+03:00,PM10,0.005
2022-09-05T08:00:00+03:00,CO,0.43
2022-09-05T08:00:00+03:00,NO,0.09
2022-09-05T08:00:00+03:00,NO2,0.034
2022-09-05T09:00:00+03:00,NO,0.107
2022-09-05T09:00:00+03:00,NO2,0.035
2022-09-05T09:00:00+03:00,PM10,0.007
2022-09-05T09:00:00+03:00,PM2.5,0.006
2022-09-05T09:00:00+03:00,CO,0.52
2022-09-05T10:00:00+03:00,PM2.5,0.006
2022-09-05T10:00:00+03:00,CO,0.4
2022-09-05T10:00:00+03:00,PM10,0.007
2022-09-05T10:00:00+03:00,NO,0.071
2022-09-05T10:00:00+03:00,NO2,0.036
2022-09-05T11:00:00+03:00,PM10,0.004
2022-09-05T11:00:00+03:00,NO2,0.028
2022-09-05T11:00:00+03:00,NO,0.047
2022-09-05T11:00:00+03:00,PM2.5,0.004
2022-09-05T11:00:00+03:00,CO,0.25
2022-09-05T12:00:00+03:00,PM2.5,0.004
2022-09-05T12:00:00+03:00,NO,0.035
2022-09-05T12:00:00+03:00,NO2,0.026
2022-09-05T12:00:00+03:00,PM10,0.005
2022-09-05T12:00:00+03:00,CO,0.19
2022-09-05T13:00:00+03:00,NO2,0.022
2022-09-05T13:00:00+03:00,PM2.5,0.003
2022-09-05T13:00:00+03:00,PM10,0.003
2022-09-05T13:00:00+03:00,NO,0.028
2022-09-05T13:00:00+03:00,CO,0.16
2022-09-05T14:00:00+03:00,CO,0.19
2022-09-05T14:00:00+03:00,PM2.5,0.002
2022-09-05T14:00:00+03:00,NO2,0.024
2022-09-05T14:00:00+03:00,PM10,0.004
2022-09-05T14:00:00+03:00,NO,0.026
2022-09-05T15:00:00+03:00,CO,0.17
2022-09-05T15:00:00+03:00,PM10,0.003
2022-09-05T15:00:00+03:00,NO2,0.022
2022-09-05T15:00:00+03:00,PM2.5,0.002
2022-09-05T15:00:00+03:00,NO,0.035
2022-09-05T16:00:00+03:00,NO,0.045
2022-09-05T16:00:00+03:00,PM2.5,0.003
2022-09-05T16:00:00+03:00,NO2,0.028
2022-09-05T16:00:00+03:00,PM10,0.004
2022-09-05T16:00:00+03:00,CO,0.24
2022-09-05T17:00:00+03:00,NO2,0.031
2022-09-05T17:00:00+03:00,CO,0.28
2022-09-05T17:00:00+03:00,NO,0.045
2022-09-05T17:00:00+03:00,PM10,0.004
2022-09-05T17:00:00+03:00,PM2.5,0.003
2022-09-05T18:00:00+03:00,PM2.5,0.003
2022-09-05T18:00:00+03:00,NO,0.052
2022-09-05T18:00:00+03:00,CO,0.29
2022-09-05T18:00:00+03:00,NO2,0.031
2022-09-05T18:00:00+03:00,PM10,0.004
2022-09-05T19:00:00+03:00,NO2,0.036
2022-09-05T19:00:00+03:00,CO,0.39
2022-09-05T19:00:00+03:00,PM2.5,0.003
2022-09-05T19:00:00+03:00,NO,0.065
2022-09-05T19:00:00+03:00,PM10,0.004
2022-09-05T20:00:00+03:00,PM10,0.005
2022-09-05T20:00:00+03:00,CO,0.43
2022-09-05T20:00:00+03:00,NO2,0.039
2022-09-05T20:00:00+03:00,NO,0.07
2022-09-05T20:00:00+03:00,PM2.5,0.004
2022-09-05T21:00:00+03:00,PM2.5,0.004
2022-09-05T21:00:00+03:00,CO,0.35
2022-09-05T21:00:00+03:00,NO2,0.043
2022-09-05T21:00:00+03:00,PM10,0.005
2022-09-05T21:00:00+03:00,NO,0.075
2022-09-05T22:00:00+03:00,NO,0.055
2022-09-05T22:00:00+03:00,PM10,0.004
2022-09-05T22:00:00+03:00,NO2,0.04
2022-09-05T22:00:00+03:00,PM2.5,0.003
2022-09-05T22:00:00+03:00,CO,0.3
2022-09-05T23:00:00+03:00,NO2,0.037
2022-09-05T23:00:00+03:00,PM10,0.003
2022-09-05T23:00:00+03:00,NO,0.045
2022-09-05T23:00:00+03:00,CO,0.19
2022-09-05T23:00:00+03:00,PM2.5,0.002
2022-09-06T00:00:00+03:00,PM10,0.003
2022-09-06T00:00:00+03:00,NO,0.028
2022-09-06T00:00:00+03:00,CO,0.15
2022-09-06T00:00:00+03:00,PM2.5,0.002
2022-09-06T00:00:00+03:00,NO2,0.036
2022-09-06T01:00:00+03:00,PM2.5,0.002
2022-09-06T01:00:00+03:00,PM10,0.002
2022-09-06T01:00:00+03:00,NO2,0.033
2022-09-06T01:00:00+03:00,CO,0.1
2022-09-06T01:00:00+03:00,NO,0.023
2022-09-06T02:00:00+03:00,PM2.5,0.002
2022-09-06T02:00:00+03:00,CO,0.05
2022-09-06T02:00:00+03:00,PM10,0.002
2022-09-06T02:00:00+03:00,NO2,0.025
2022-09-06T02:00:00+03:00,NO,0.019
2022-09-06T03:00:00+03:00,NO2,0.024
2022-09-06T03:00:00+03:00,CO,0.05
2022-09-06T03:00:00+03:00,PM10,0.002
2022-09-06T03:00:00+03:00,NO,0.01
2022-09-06T03:00:00+03:00,PM2.5,0.002
2022-09-06T04:00:00+03:00,CO,0.02
2022-09-06T04:00:00+03:00,NO2,0.027
2022-09-06T04:00:00+03:00,NO,0.022
2022-09-06T04:00:00+03:00,PM10,0.001
2022-09-06T04:00:00+03:00,PM2.5,0.001
2022-09-06T05:00:00+03:00,PM2.5,0.001
2022-09-06T05:00:00+03:00,NO,0.015
2022-09-06T05:00:00+03:00,NO2,0.024
2022-09-06T05:00:00+03:00,PM10,0.002
2022-09-06T05:00:00+03:00,CO,0.01
2022-09-06T06:00:00+03:00,NO,0.031
2022-09-06T06:00:00+03:00,CO,0.05
2022-09-06T06:00:00+03:00,PM2.5,0.003
2022-09-06T06:00:00+03:00,NO2,0.025
2022-09-06T06:00:00+03:00,PM10,0.004
2022-09-06T07:00:00+03:00,PM10,0.003
2022-09-06T07:00:00+03:00,CO,0.23
2022-09-06T07:00:00+03:00,NO2,0.031
2022-09-06T07:00:00+03:00,PM2.5,0.003
2022-09-06T07:00:00+03:00,NO,0.045
2022-09-06T08:00:00+03:00,NO2,0.033
2022-09-06T08:00:00+03:00,PM10,0.005
2022-09-06T08:00:00+03:00,CO,0.33
2022-09-06T08:00:00+03:00,PM2.5,0.004
2022-09-06T08:00:00+03:00,NO,0.065
2022-09-06T09:00:00+03:00,NO2,0.034
2022-09-06T09:00:00+03:00,PM2.5,0.003
2022-09-06T09:00:00+03:00,NO,0.073
2022-09-06T09:00:00+03:00,CO,0.38
2022-09-06T09:00:00+03:00,PM10,0.003
2022-09-06T10:00:00+03:00,PM2.5,0.003
2022-09-06T10:00:00+03:00,NO2,0.026
2022-09-06T10:00:00+03:00,CO,0.15
2022-09-06T10:00:00+03:00,NO,0.035
2022-09-06T10:00:00+03:00,PM10,0.004
2022-09-06T11:00:00+03:00,CO,0.21
2022-09-06T11:00:00+03:00,PM10,0.005
2022-09-06T11:00:00+03:00,NO,0.048
2022-09-06T11:00:00+03:00,NO2,0.033
2022-09-06T11:00:00+03:00,PM2.5,0.005
2022-09-06T12:00:00+03:00,PM2.5,0.005
2022-09-06T12:00:00+03:00,PM10,0.005
2022-09-06T12:00:00+03:00,CO,0.16
2022-09-06T12:00:00+03:00,NO2,0.034
2022-09-06T12:00:00+03:00,NO,0.037
2022-09-06T13:00:00+03:00,CO,0.14
2022-09-06T13:00:00+03:00,NO,0.038
2022-09-06T13:00:00+03:00,PM10,0.004
2022-09-06T13:00:00+03:00,NO2,0.031
2022-09-06T13:00:00+03:00,PM2.5,0.003
2022-09-06T14:00:00+03:00,PM10,0.004
2022-09-06T14:00:00+03:00,NO,0.032
2022-09-06T14:00:00+03:00,CO,0.14
2022-09-06T14:00:00+03:00,NO2,0.032
2022-09-06T14:00:00+03:00,PM2.5,0.003
2022-09-06T15:00:00+03:00,NO,0.032
2022-09-06T15:00:00+03:00,PM10,0.003
2022-09-06T15:00:00+03:00,NO2,0.033
2022-09-06T15:00:00+03:00,PM2.5,0.002
2022-09-06T15:00:00+03:00,CO,0.16
2022-09-06T16:00:00+03:00,PM10,0.003
2022-09-06T16:00:00+03:00,NO2,0.033
2022-09-06T16:00:00+03:00,NO,0.028
2022-09-06T16:00:00+03:00,CO,0.15
2022-09-06T16:00:00+03:00,PM2.5,0.003
2022-09-06T17:00:00+03:00,PM2.5,0.003
2022-09-06T17:00:00+03:00,CO,0.2
2022-09-06T17:00:00+03:00,NO,0.037
2022-09-06T17:00:00+03:00,NO2,0.04
2022-09-06T17:00:00+03:00,PM10,0.004
2022-09-06T18:00:00+03:00,PM10,0.004
2022-09-06T18:00:00+03:00,NO2,0.043
2022-09-06T18:00:00+03:00,NO,0.044
2022-09-06T18:00:00+03:00,PM2.5,0.003
2022-09-06T18:00:00+03:00,CO,0.22
2022-09-06T19:00:00+03:00,PM10,0.005
2022-09-06T19:00:00+03:00,NO2,0.047
2022-09-06T19:00:00+03:00,PM2.5,0.004
2022-09-06T19:00:00+03:00,CO,0.26
2022-09-06T19:00:00+03:00,NO,0.046
2022-09-06T20:00:00+03:00,PM10,0.005
2022-09-06T20:00:00+03:00,NO2,0.05
2022-09-06T20:00:00+03:00,PM2.5,0.004
2022-09-06T20:00:00+03:00,NO,0.064
2022-09-06T20:00:00+03:00,CO,0.26
2022-09-06T21:00:00+03:00,NO2,0.035
2022-09-06T21:00:00+03:00,CO,0.14
2022-09-06T21:00:00+03:00,NO,0.031
2022-09-06T21:00:00+03:00,PM10,0.004
2022-09-06T21:00:00+03:00,PM2.5,0.003
2022-09-06T22:00:00+03:00,NO,0.014
2022-09-06T22:00:00+03:00,PM2.5,0.002
2022-09-06T22:00:00+03:00,PM10,0.003
2022-09-06T22:00:00+03:00,CO,0.09
2022-09-06T22:00:00+03:00,NO2,0.027
2022-09-06T23:00:00+03:00,CO,0.06
2022-09-06T23:00:00+03:00,NO,0.01
2022-09-06T23:00:00+03:00,PM2.5,0.002
2022-09-06T23:00:00+03:00,PM10,0.003
2022-09-06T23:00:00+03:00,NO2,0.023
2022-09-07T00:00:00+03:00,CO,0.02
2022-09-07T00:00:00+03:00,NO2,0.022
2022-09-07T00:00:00+03:00,NO,0.008
2022-09-07T00:00:00+03:00,PM10,0.003
2022-09-07T00:00:00+03:00,PM2.5,0.002
2022-09-07T01:00:00+03:00,CO,0.03
2022-09-07T01:00:00+03:00,PM2.5,0.002
2022-09-07T01:00:00+03:00,PM10,0.003
2022-09-07T01:00:00+03:00,NO,0.007
2022-09-07T01:00:00+03:00,NO2,0.02
2022-09-07T02:00:00+03:00,NO,0.002
2022-09-07T02:00:00+03:00,NO2,0.016
2022-09-07T02:00:00+03:00,PM10,0.003
2022-09-07T02:00:00+03:00,CO,0
2022-09-07T02:00:00+03:00,PM2.5,0.002
2022-09-07T03:00:00+03:00,PM10,0.003
2022-09-07T03:00:00+03:00,PM2.5,0.002
2022-09-07T03:00:00+03:00,CO,0
2022-09-07T03:00:00+03:00,NO,0.007
2022-09-07T03:00:00+03:00,NO2,0.017
2022-09-07T04:00:00+03:00,PM10,0.003
2022-09-07T04:00:00+03:00,PM2.5,0.002
2022-09-07T04:00:00+03:00,NO2,0.016
2022-09-07T04:00:00+03:00,CO,0
2022-09-07T04:00:00+03:00,NO,0.006
2022-09-07T05:00:00+03:00,NO2,0.014
2022-09-07T05:00:00+03:00,PM10,0.002
2022-09-07T05:00:00+03:00,PM2.5,0.002
2022-09-07T05:00:00+03:00,CO,0
2022-09-07T05:00:00+03:00,NO,0.006
2022-09-07T06:00:00+03:00,PM2.5,0.002
2022-09-07T06:00:00+03:00,NO2,0.015
2022-09-07T06:00:00+03:00,PM10,0.003
2022-09-07T06:00:00+03:00,CO,0
2022-09-07T06:00:00+03:00,NO,0.013
2022-09-07T07:00:00+03:00,CO,0.02
2022-09-07T07:00:00+03:00,NO2,0.015
2022-09-07T07:00:00+03:00,PM10,0.003
2022-09-07T07:00:00+03:00,NO,0.012
2022-09-07T07:00:00+03:00,PM2.5,0.002
2022-09-07T08:00:00+03:00,NO,0.03
2022-09-07T08:00:00+03:00,NO2,0.021
2022-09-07T08:00:00+03:00,PM10,0.003
2022-09-07T08:00:00+03:00,CO,0.13
2022-09-07T08:00:00+03:00,PM2.5,0.003
2022-09-07T09:00:00+03:00,CO,0.12
2022-09-07T09:00:00+03:00,NO,0.028
2022-09-07T09:00:00+03:00,PM2.5,0.003
2022-09-07T09:00:00+03:00,NO2,0.018
2022-09-07T09:00:00+03:00,PM10,0.004
2022-09-07T10:00:00+03:00,PM2.5,0.004
2022-09-07T10:00:00+03:00,NO2,0.018
2022-09-07T10:00:00+03:00,NO,0.019
2022-09-07T10:00:00+03:00,CO,0.05
2022-09-07T10:00:00+03:00,PM10,0.004
2022-09-07T11:00:00+03:00,CO,0.05
2022-09-07T11:00:00+03:00,NO2,0.019
2022-09-07T11:00:00+03:00,NO,0.02
2022-09-07T11:00:00+03:00,PM10,0.004
2022-09-07T11:00:00+03:00,PM2.5,0.004
2022-09-07T12:00:00+03:00,PM2.5,0.002
2022-09-07T12:00:00+03:00,CO,0.05
2022-09-07T12:00:00+03:00,PM10,0.003
2022-09-07T12:00:00+03:00,NO2,0.016
2022-09-07T12:00:00+03:00,NO,0.014
2022-09-07T13:00:00+03:00,NO,0.017
2022-09-07T13:00:00+03:00,CO,0.02
2022-09-07T13:00:00+03:00,NO2,0.015
2022-09-07T13:00:00+03:00,PM2.5,0.003
2022-09-07T13:00:00+03:00,PM10,0.004
2022-09-07T14:00:00+03:00,NO,0.009
2022-09-07T14:00:00+03:00,PM2.5,0.003
2022-09-07T14:00:00+03:00,NO2,0.012
2022-09-07T14:00:00+03:00,PM10,0.004
2022-09-07T14:00:00+03:00,CO,0.02
2022-09-07T15:00:00+03:00,CO,0.04
2022-09-07T15:00:00+03:00,PM2.5,0.003
2022-09-07T15:00:00+03:00,NO,0.016
2022-09-07T15:00:00+03:00,PM10,0.004
2022-09-07T15:00:00+03:00,NO2,0.017
2022-09-07T16:00:00+03:00,PM2.5,0.003
2022-09-07T16:00:00+03:00,PM10,0.004
2022-09-07T16:00:00+03:00,NO,0.007
2022-09-07T16:00:00+03:00,CO,0.02
2022-09-07T16:00:00+03:00,NO2,0.023
2022-09-07T17:00:00+03:00,NO,0.006
2022-09-07T17:00:00+03:00,NO2,0.021
2022-09-07T17:00:00+03:00,CO,0.02
2022-09-07T17:00:00+03:00,PM10,0.003
2022-09-07T17:00:00+03:00,PM2.5,0.003
2022-09-07T18:00:00+03:00,NO2,0.024
2022-09-07T18:00:00+03:00,NO,0.03
2022-09-07T18:00:00+03:00,PM2.5,0.004
2022-09-07T18:00:00+03:00,CO,0.17
2022-09-07T18:00:00+03:00,PM10,0.004
2022-09-07T19:00:00+03:00,CO,0.15
2022-09-07T19:00:00+03:00,NO2,0.028
2022-09-07T19:00:00+03:00,PM10,0.004
2022-09-07T19:00:00+03:00,PM2.5,0.004
2022-09-07T19:00:00+03:00,NO,0.025
2022-09-07T20:00:00+03:00,NO,0.025
2022-09-07T20:00:00+03:00,CO,0.15
2022-09-07T20:00:00+03:00,PM2.5,0.003
2022-09-07T20:00:00+03:00,PM10,0.004
2022-09-07T20:00:00+03:00,NO2,0.032
2022-09-07T21:00:00+03:00,NO2,0.036
2022-09-07T21:00:00+03:00,CO,0.24
2022-09-07T21:00:00+03:00,NO,0.037
2022-09-07T21:00:00+03:00,PM2.5,0.004
2022-09-07T21:00:00+03:00,PM10,0.005
2022-09-07T22:00:00+03:00,CO,0.19
2022-09-07T22:00:00+03:00,NO2,0.033
2022-09-07T22:00:00+03:00,PM2.5,0.003
2022-09-07T22:00:00+03:00,PM10,0.004
2022-09-07T22:00:00+03:00,NO,0.035
2022-09-07T23:00:00+03:00,CO,0.17
2022-09-07T23:00:00+03:00,PM2.5,0.002
2022-09-07T23:00:00+03:00,PM10,0.003
2022-09-07T23:00:00+03:00,NO2,0.034
2022-09-07T23:00:00+03:00,NO,0.038
2022-09-08T00:00:00+03:00,PM2.5,0.003
2022-09-08T00:00:00+03:00,PM10,0.004
2022-09-08T00:00:00+03:00,NO,0.069
2022-09-08T00:00:00+03:00,NO2,0.035
2022-09-08T00:00:00+03:00,CO,0.19
2022-09-08T01:00:00+03:00,PM2.5,0.004
2022-09-08T01:00:00+03:00,PM10,0.005
2022-09-08T01:00:00+03:00,NO,0.049
2022-09-08T01:00:00+03:00,NO2,0.031
2022-09-08T01:00:00+03:00,CO,0.14
2022-09-08T02:00:00+03:00,CO,0.06
2022-09-08T02:00:00+03:00,NO,0.025
2022-09-08T02:00:00+03:00,NO2,0.03
2022-09-08T02:00:00+03:00,PM2.5,0.003
2022-09-08T02:00:00+03:00,PM10,0.004
2022-09-08T03:00:00+03:00,NO2,0.024
2022-09-08T03:00:00+03:00,PM10,0.003
2022-09-08T03:00:00+03:00,CO,0.02
2022-09-08T03:00:00+03:00,PM2.5,0.003
2022-09-08T03:00:00+03:00,NO,0.008
2022-09-08T04:00:00+03:00,NO2,0.023
2022-09-08T04:00:00+03:00,NO,0.011
2022-09-08T04:00:00+03:00,PM2.5,0.003
2022-09-08T04:00:00+03:00,CO,0.01
2022-09-08T04:00:00+03:00,PM10,0.004
2022-09-08T05:00:00+03:00,CO,0
2022-09-08T05:00:00+03:00,NO2,0.021
2022-09-08T05:00:00+03:00,NO,0.006
2022-09-08T05:00:00+03:00,PM2.5,0.002
2022-09-08T05:00:00+03:00,PM10,0.003
2022-09-08T06:00:00+03:00,CO,0.03
2022-09-08T06:00:00+03:00,NO,0.014
2022-09-08T06:00:00+03:00,PM10,0.003
2022-09-08T06:00:00+03:00,NO2,0.022
2022-09-08T06:00:00+03:00,PM2.5,0.003
2022-09-08T07:00:00+03:00,CO,0.14
2022-09-08T07:00:00+03:00,PM2.5,0.004
2022-09-08T07:00:00+03:00,PM10,0.005
2022-09-08T07:00:00+03:00,NO,0.042
2022-09-08T07:00:00+03:00,NO2,0.03
2022-09-08T08:00:00+03:00,NO2,0.031
2022-09-08T08:00:00+03:00,NO,0.06
2022-09-08T08:00:00+03:00,PM2.5,0.004
2022-09-08T08:00:00+03:00,CO,0.27
2022-09-08T08:00:00+03:00,PM10,0.005
2022-09-08T09:00:00+03:00,NO2,0.035
2022-09-08T09:00:00+03:00,NO,0.072
2022-09-08T09:00:00+03:00,PM10,0.005
2022-09-08T09:00:00+03:00,CO,0.35
2022-09-08T09:00:00+03:00,PM2.5,0.005
2022-09-08T10:00:00+03:00,PM2.5,0.005
2022-09-08T10:00:00+03:00,PM10,0.006
2022-09-08T10:00:00+03:00,NO,0.068
2022-09-08T10:00:00+03:00,NO2,0.036
2022-09-08T10:00:00+03:00,CO,0.26
2022-09-08T11:00:00+03:00,NO,0.046
2022-09-08T11:00:00+03:00,CO,0.13
2022-09-08T11:00:00+03:00,NO2,0.029
2022-09-08T11:00:00+03:00,PM10,0.005
2022-09-08T11:00:00+03:00,PM2.5,0.005
2022-09-08T12:00:00+03:00,CO,0.11
2022-09-08T12:00:00+03:00,PM10,0.004
2022-09-08T12:00:00+03:00,NO2,0.024
2022-09-08T12:00:00+03:00,PM2.5,0.003
2022-09-08T12:00:00+03:00,NO,0.038
2022-09-08T13:00:00+03:00,CO,
2022-09-08T13:00:00+03:00,PM10,
2022-09-08T13:00:00+03:00,NO,
2022-09-08T13:00:00+03:00,PM2.5,
2022-09-08T13:00:00+03:00,NO2,
2022-09-08T14:00:00+03:00,NO2,
2022-09-08T14:00:00+03:00,PM2.5,
2022-09-08T14:00:00+03:00,PM10,
2022-09-08T14:00:00+03:00,CO,
2022-09-08T14:00:00+03:00,NO,
2022-09-08T15:00:00+03:00,CO,
2022-09-08T15:00:00+03:00,PM10,
2022-09-08T15:00:00+03:00,NO,
2022-09-08T15:00:00+03:00,PM2.5,
2022-09-08T15:00:00+03:00,NO2,
2022-09-08T16:00:00+03:00,PM10,
2022-09-08T16:00:00+03:00,CO,
2022-09-08T16:00:00+03:00,NO,
2022-09-08T16:00:00+03:00,NO2,
2022-09-08T16:00:00+03:00,PM2.5,
2022-09-08T17:00:00+03:00,PM2.5,0.004
2022-09-08T17:00:00+03:00,PM10,0.005
2022-09-08T17:00:00+03:00,NO,0.045
2022-09-08T17:00:00+03:00,CO,0.15
2022-09-08T17:00:00+03:00,NO2,0.033
2022-09-08T18:00:00+03:00,CO,0.11
2022-09-08T18:00:00+03:00,NO2,0.034
2022-09-08T18:00:00+03:00,PM2.5,0.004
2022-09-08T18:00:00+03:00,NO,0.033
2022-09-08T18:00:00+03:00,PM10,0.005
2022-09-08T19:00:00+03:00,NO2,0.038
2022-09-08T19:00:00+03:00,CO,0.2
2022-09-08T19:00:00+03:00,PM10,0.005
2022-09-08T19:00:00+03:00,NO,0.04
2022-09-08T19:00:00+03:00,PM2.5,0.004
2022-09-08T20:00:00+03:00,PM10,0.006
2022-09-08T20:00:00+03:00,NO2,0.047
2022-09-08T20:00:00+03:00,NO,0.062
2022-09-08T20:00:00+03:00,PM2.5,0.004
2022-09-08T20:00:00+03:00,CO,0.24
2022-09-08T21:00:00+03:00,CO,0.23
2022-09-08T21:00:00+03:00,PM10,0.005
2022-09-08T21:00:00+03:00,NO2,0.047
2022-09-08T21:00:00+03:00,NO,0.057
2022-09-08T21:00:00+03:00,PM2.5,0.004
2022-09-08T22:00:00+03:00,PM2.5,0.005
2022-09-08T22:00:00+03:00,PM10,0.006
2022-09-08T22:00:00+03:00,NO2,0.051
2022-09-08T22:00:00+03:00,CO,0.26
2022-09-08T22:00:00+03:00,NO,0.077
2022-09-08T23:00:00+03:00,NO,0.082
2022-09-08T23:00:00+03:00,NO2,0.052
2022-09-08T23:00:00+03:00,PM2.5,0.004
2022-09-08T23:00:00+03:00,CO,0.28
2022-09-08T23:00:00+03:00,PM10,0.004
2022-09-09T00:00:00+03:00,CO,0.32
2022-09-09T00:00:00+03:00,NO,0.083
2022-09-09T00:00:00+03:00,NO2,0.045
2022-09-09T00:00:00+03:00,PM2.5,0.005
2022-09-09T00:00:00+03:00,PM10,0.005
2022-09-09T01:00:00+03:00,PM10,0.006
2022-09-09T01:00:00+03:00,NO2,0.042
2022-09-09T01:00:00+03:00,PM2.5,0.005
2022-09-09T01:00:00+03:00,NO,0.1
2022-09-09T01:00:00+03:00,CO,0.37
2022-09-09T02:00:00+03:00,NO,0.107
2022-09-09T02:00:00+03:00,PM2.5,0.006
2022-09-09T02:00:00+03:00,PM10,0.006
2022-09-09T02:00:00+03:00,CO,0.31
2022-09-09T02:00:00+03:00,NO2,0.042
2022-09-09T03:00:00+03:00,NO,0.037
2022-09-09T03:00:00+03:00,PM10,0.003
2022-09-09T03:00:00+03:00,NO2,0.043
2022-09-09T03:00:00+03:00,CO,0.1
2022-09-09T03:00:00+03:00,PM2.5,0.003
2022-09-09T04:00:00+03:00,NO,0.029
2022-09-09T04:00:00+03:00,NO2,0.043
2022-09-09T04:00:00+03:00,PM10,0.003
2022-09-09T04:00:00+03:00,PM2.5,0.003
2022-09-09T04:00:00+03:00,CO,0.02
2022-09-09T05:00:00+03:00,CO,0.03
2022-09-09T05:00:00+03:00,NO,0.033
2022-09-09T05:00:00+03:00,PM2.5,0.004
2022-09-09T05:00:00+03:00,NO2,0.042
2022-09-09T05:00:00+03:00,PM10,0.004
2022-09-09T06:00:00+03:00,PM10,0.005
2022-09-09T06:00:00+03:00,NO2,0.042
2022-09-09T06:00:00+03:00,PM2.5,0.004
2022-09-09T06:00:00+03:00,CO,0.1
2022-09-09T06:00:00+03:00,NO,0.049
2022-09-09T07:00:00+03:00,PM10,0.006
2022-09-09T07:00:00+03:00,NO2,0.043
2022-09-09T07:00:00+03:00,CO,0.28
2022-09-09T07:00:00+03:00,NO,0.076
2022-09-09T07:00:00+03:00,PM2.5,0.006
2022-09-09T08:00:00+03:00,CO,0.31
2022-09-09T08:00:00+03:00,NO2,0.04
2022-09-09T08:00:00+03:00,PM10,0.008
2022-09-09T08:00:00+03:00,PM2.5,0.007
2022-09-09T08:00:00+03:00,NO,0.088
2022-09-09T09:00:00+03:00,CO,0.34
2022-09-09T09:00:00+03:00,PM10,0.006
2022-09-09T09:00:00+03:00,NO,0.071
2022-09-09T09:00:00+03:00,NO2,0.038
2022-09-09T09:00:00+03:00,PM2.5,0.006
2022-09-09T10:00:00+03:00,PM2.5,0.004
2022-09-09T10:00:00+03:00,PM10,0.004
2022-09-09T10:00:00+03:00,NO,0.035
2022-09-09T10:00:00+03:00,CO,0.14
2022-09-09T10:00:00+03:00,NO2,0.037
2022-09-09T11:00:00+03:00,NO2,0.04
2022-09-09T11:00:00+03:00,NO,0.035
2022-09-09T11:00:00+03:00,PM10,0.004
2022-09-09T11:00:00+03:00,PM2.5,0.003
2022-09-09T11:00:00+03:00,CO,0.11
2022-09-09T12:00:00+03:00,PM2.5,0.004
2022-09-09T12:00:00+03:00,NO2,0.04
2022-09-09T12:00:00+03:00,PM10,0.004
2022-09-09T12:00:00+03:00,CO,0.14
2022-09-09T12:00:00+03:00,NO,0.041
2022-09-09T13:00:00+03:00,PM2.5,0.004
2022-09-09T13:00:00+03:00,NO,0.04
2022-09-09T13:00:00+03:00,NO2,0.036
2022-09-09T13:00:00+03:00,CO,0.12
2022-09-09T13:00:00+03:00,PM10,0.004
2022-09-09T14:00:00+03:00,PM10,0.004
2022-09-09T14:00:00+03:00,NO2,0.033
2022-09-09T14:00:00+03:00,NO,0.031
2022-09-09T14:00:00+03:00,PM2.5,0.004
2022-09-09T14:00:00+03:00,CO,0.09
2022-09-09T15:00:00+03:00,NO,0.037
2022-09-09T15:00:00+03:00,PM2.5,0.004
2022-09-09T15:00:00+03:00,NO2,0.036
2022-09-09T15:00:00+03:00,CO,0.12
2022-09-09T15:00:00+03:00,PM10,0.004
2022-09-09T16:00:00+03:00,NO,0.035
2022-09-09T16:00:00+03:00,PM10,0.005
2022-09-09T16:00:00+03:00,PM2.5,0.006
2022-09-09T16:00:00+03:00,CO,0.1
2022-09-09T16:00:00+03:00,NO2,0.032
2022-09-09T17:00:00+03:00,NO2,0.035
2022-09-09T17:00:00+03:00,PM2.5,0.005
2022-09-09T17:00:00+03:00,CO,0.12
2022-09-09T17:00:00+03:00,PM10,0.005
2022-09-09T17:00:00+03:00,NO,0.042
2022-09-09T18:00:00+03:00,NO2,0.043
2022-09-09T18:00:00+03:00,NO,0.043
2022-09-09T18:00:00+03:00,PM10,0.004
2022-09-09T18:00:00+03:00,PM2.5,0.003
2022-09-09T18:00:00+03:00,CO,0.2
2022-09-09T19:00:00+03:00,NO2,0.059
2022-09-09T19:00:00+03:00,PM10,0.007
2022-09-09T19:00:00+03:00,NO,0.069
2022-09-09T19:00:00+03:00,PM2.5,0.006
2022-09-09T19:00:00+03:00,CO,0.37
2022-09-09T20:00:00+03:00,NO,0.194
2022-09-09T20:00:00+03:00,PM10,0.012
2022-09-09T20:00:00+03:00,NO2,0.064
2022-09-09T20:00:00+03:00,CO,0.84
2022-09-09T20:00:00+03:00,PM2.5,0.012
2022-09-09T21:00:00+03:00,CO,0.99
2022-09-09T21:00:00+03:00,PM2.5,0.014
2022-09-09T21:00:00+03:00,NO,0.241
2022-09-09T21:00:00+03:00,NO2,0.06
2022-09-09T21:00:00+03:00,PM10,0.014
2022-09-09T22:00:00+03:00,PM10,0.014
2022-09-09T22:00:00+03:00,PM2.5,0.014
2022-09-09T22:00:00+03:00,NO,0.291
2022-09-09T22:00:00+03:00,NO2,0.06
2022-09-09T22:00:00+03:00,CO,1.22
2022-09-09T23:00:00+03:00,PM10,0.013
2022-09-09T23:00:00+03:00,CO,0.99
2022-09-09T23:00:00+03:00,NO2,0.057
2022-09-09T23:00:00+03:00,PM2.5,0.013
2022-09-09T23:00:00+03:00,NO,0.242
2022-09-10T00:00:00+03:00,PM2.5,0.016
2022-09-10T00:00:00+03:00,NO2,0.048
2022-09-10T00:00:00+03:00,PM10,0.016
2022-09-10T00:00:00+03:00,CO,1.36
2022-09-10T00:00:00+03:00,NO,0.258
2022-09-10T01:00:00+03:00,PM2.5,0.019
2022-09-10T01:00:00+03:00,NO,0.272
2022-09-10T01:00:00+03:00,PM10,0.019
2022-09-10T01:00:00+03:00,NO2,0.043
2022-09-10T01:00:00+03:00,CO,1.22
2022-09-10T02:00:00+03:00,NO,0.223
2022-09-10T02:00:00+03:00,CO,1.17
2022-09-10T02:00:00+03:00,PM10,0.018
2022-09-10T02:00:00+03:00,NO2,0.034
2022-09-10T02:00:00+03:00,PM2.5,0.019
2022-09-10T03:00:00+03:00,PM2.5,0.019
2022-09-10T03:00:00+03:00,PM10,0.018
2022-09-10T03:00:00+03:00,NO2,0.026
2022-09-10T03:00:00+03:00,NO,0.228
2022-09-10T03:00:00+03:00,CO,1.09
2022-09-10T04:00:00+03:00,PM2.5,0.018
2022-09-10T04:00:00+03:00,NO,0.228
2022-09-10T04:00:00+03:00,PM10,0.018
2022-09-10T04:00:00+03:00,CO,1
2022-09-10T04:00:00+03:00,NO2,0.023
2022-09-10T05:00:00+03:00,NO2,0.021
2022-09-10T05:00:00+03:00,CO,0.97
2022-09-10T05:00:00+03:00,NO,0.228
2022-09-10T05:00:00+03:00,PM2.5,0.017
2022-09-10T05:00:00+03:00,PM10,0.017
2022-09-10T06:00:00+03:00,CO,0.91
2022-09-10T06:00:00+03:00,NO2,0.025
2022-09-10T06:00:00+03:00,NO,0.225
2022-09-10T06:00:00+03:00,PM2.5,0.016
2022-09-10T06:00:00+03:00,PM10,0.016
2022-09-10T07:00:00+03:00,CO,0.9
2022-09-10T07:00:00+03:00,NO,0.221
2022-09-10T07:00:00+03:00,PM10,0.016
2022-09-10T07:00:00+03:00,PM2.5,0.017
2022-09-10T07:00:00+03:00,NO2,0.027
2022-09-10T08:00:00+03:00,PM10,0.019
2022-09-10T08:00:00+03:00,NO2,0.025
2022-09-10T08:00:00+03:00,CO,0.86
2022-09-10T08:00:00+03:00,NO,0.188
2022-09-10T08:00:00+03:00,PM2.5,0.02
2022-09-10T09:00:00+03:00,NO2,0.043
2022-09-10T09:00:00+03:00,CO,0.63
2022-09-10T09:00:00+03:00,PM10,0.017
2022-09-10T09:00:00+03:00,NO,0.136
2022-09-10T09:00:00+03:00,PM2.5,0.017
2022-09-10T10:00:00+03:00,PM10,0.005
2022-09-10T10:00:00+03:00,CO,0.26
2022-09-10T10:00:00+03:00,PM2.5,0.005
2022-09-10T10:00:00+03:00,NO2,0.043
2022-09-10T10:00:00+03:00,NO,0.045
2022-09-10T11:00:00+03:00,NO2,0.031
2022-09-10T11:00:00+03:00,CO,0.14
2022-09-10T11:00:00+03:00,NO,0.027
2022-09-10T11:00:00+03:00,PM2.5,0.003
2022-09-10T11:00:00+03:00,PM10,0.003
2022-09-10T12:00:00+03:00,PM10,0.005
2022-09-10T12:00:00+03:00,NO,0.024
2022-09-10T12:00:00+03:00,NO2,0.033
2022-09-10T12:00:00+03:00,CO,0.11
2022-09-10T12:00:00+03:00,PM2.5,0.006
2022-09-10T13:00:00+03:00,CO,0.12
2022-09-10T13:00:00+03:00,PM2.5,0.005
2022-09-10T13:00:00+03:00,NO,0.025
2022-09-10T13:00:00+03:00,PM10,0.005
2022-09-10T13:00:00+03:00,NO2,0.032
2022-09-10T14:00:00+03:00,PM10,0.006
2022-09-10T14:00:00+03:00,PM2.5,0.006
2022-09-10T14:00:00+03:00,NO,0.014
2022-09-10T14:00:00+03:00,NO2,0.027
2022-09-10T14:00:00+03:00,CO,0.07
2022-09-10T15:00:00+03:00,PM10,0.006
2022-09-10T15:00:00+03:00,NO,0.011
2022-09-10T15:00:00+03:00,CO,0.04
2022-09-10T15:00:00+03:00,NO2,0.023
2022-09-10T15:00:00+03:00,PM2.5,0.007
2022-09-10T16:00:00+03:00,NO,0.014
2022-09-10T16:00:00+03:00,NO2,0.023
2022-09-10T16:00:00+03:00,PM10,0.007
2022-09-10T16:00:00+03:00,CO,0.06
2022-09-10T16:00:00+03:00,PM2.5,0.008
2022-09-10T17:00:00+03:00,PM10,0.004
2022-09-10T17:00:00+03:00,PM2.5,0.004
2022-09-10T17:00:00+03:00,NO,0.01
2022-09-10T17:00:00+03:00,NO2,0.021
2022-09-10T17:00:00+03:00,CO,0.03
2022-09-10T18:00:00+03:00,PM10,0.003
2022-09-10T18:00:00+03:00,CO,0.09
2022-09-10T18:00:00+03:00,PM2.5,0.003
2022-09-10T18:00:00+03:00,NO2,0.028
2022-09-10T18:00:00+03:00,NO,0.019
2022-09-10T19:00:00+03:00,NO,0.117
2022-09-10T19:00:00+03:00,PM10,0.011
2022-09-10T19:00:00+03:00,NO2,0.069
2022-09-10T19:00:00+03:00,CO,0.62
2022-09-10T19:00:00+03:00,PM2.5,0.011
2022-09-10T20:00:00+03:00,NO,0.221
2022-09-10T20:00:00+03:00,NO2,0.07
2022-09-10T20:00:00+03:00,PM10,0.017
2022-09-10T20:00:00+03:00,CO,1.13
2022-09-10T20:00:00+03:00,PM2.5,0.017
2022-09-10T21:00:00+03:00,NO2,0.072
2022-09-10T21:00:00+03:00,NO,0.277
2022-09-10T21:00:00+03:00,CO,1.47
2022-09-10T21:00:00+03:00,PM10,0.025
2022-09-10T21:00:00+03:00,PM2.5,0.026
2022-09-10T22:00:00+03:00,CO,1.99
2022-09-10T22:00:00+03:00,NO,0.382
2022-09-10T22:00:00+03:00,PM2.5,0.024
2022-09-10T22:00:00+03:00,NO2,0.071
2022-09-10T22:00:00+03:00,PM10,0.023
2022-09-10T23:00:00+03:00,PM10,0.023
2022-09-10T23:00:00+03:00,NO,0.416
2022-09-10T23:00:00+03:00,NO2,0.073
2022-09-10T23:00:00+03:00,PM2.5,0.023
2022-09-10T23:00:00+03:00,CO,1.98
2022-09-11T00:00:00+03:00,NO2,0.065
2022-09-11T00:00:00+03:00,CO,1.26
2022-09-11T00:00:00+03:00,PM2.5,0.016
2022-09-11T00:00:00+03:00,NO,0.287
2022-09-11T00:00:00+03:00,PM10,0.017
2022-09-11T01:00:00+03:00,PM2.5,0.018
2022-09-11T01:00:00+03:00,NO2,0.063
2022-09-11T01:00:00+03:00,PM10,0.018
2022-09-11T01:00:00+03:00,NO,0.229
2022-09-11T01:00:00+03:00,CO,1.2
2022-09-11T02:00:00+03:00,NO2,0.054
2022-09-11T02:00:00+03:00,PM2.5,0.02
2022-09-11T02:00:00+03:00,NO,0.204
2022-09-11T02:00:00+03:00,PM10,0.019
2022-09-11T02:00:00+03:00,CO,0.99
2022-09-11T03:00:00+03:00,NO,0.18
2022-09-11T03:00:00+03:00,CO,0.78
2022-09-11T03:00:00+03:00,PM2.5,0.016
2022-09-11T03:00:00+03:00,NO2,0.047
2022-09-11T03:00:00+03:00,PM10,0.016
2022-09-11T04:00:00+03:00,NO,0.135
2022-09-11T04:00:00+03:00,CO,0.57
2022-09-11T04:00:00+03:00,PM10,0.015
2022-09-11T04:00:00+03:00,NO2,0.04
2022-09-11T04:00:00+03:00,PM2.5,0.015
2022-09-11T05:00:00+03:00,CO,0.47
2022-09-11T05:00:00+03:00,PM10,0.013
2022-09-11T05:00:00+03:00,NO2,0.039
2022-09-11T05:00:00+03:00,PM2.5,0.013
2022-09-11T05:00:00+03:00,NO,0.112
2022-09-11T06:00:00+03:00,NO,0.118
2022-09-11T06:00:00+03:00,CO,0.46
2022-09-11T06:00:00+03:00,PM10,0.012
2022-09-11T06:00:00+03:00,NO2,0.039
2022-09-11T06:00:00+03:00,PM2.5,0.012
2022-09-11T07:00:00+03:00,PM2.5,0.013
2022-09-11T07:00:00+03:00,NO,0.094
2022-09-11T07:00:00+03:00,CO,0.45
2022-09-11T07:00:00+03:00,NO2,0.045
2022-09-11T07:00:00+03:00,PM10,0.012
2022-09-11T08:00:00+03:00,PM2.5,0.015
2022-09-11T08:00:00+03:00,NO2,0.045
2022-09-11T08:00:00+03:00,CO,0.4
2022-09-11T08:00:00+03:00,PM10,0.014
2022-09-11T08:00:00+03:00,NO,0.066
2022-09-11T09:00:00+03:00,NO,0.047
2022-09-11T09:00:00+03:00,CO,0.31
2022-09-11T09:00:00+03:00,PM2.5,0.012
2022-09-11T09:00:00+03:00,PM10,0.011
2022-09-11T09:00:00+03:00,NO2,0.047
2022-09-11T10:00:00+03:00,NO2,0.047
2022-09-11T10:00:00+03:00,PM2.5,0.007
2022-09-11T10:00:00+03:00,CO,0.54
2022-09-11T10:00:00+03:00,NO,0.029
2022-09-11T10:00:00+03:00,PM10,0.007
2022-09-11T11:00:00+03:00,NO2,0.03
2022-09-11T11:00:00+03:00,PM2.5,0.004
2022-09-11T11:00:00+03:00,CO,0.11
2022-09-11T11:00:00+03:00,NO,0.012
2022-09-11T11:00:00+03:00,PM10,0.004
2022-09-11T12:00:00+03:00,CO,0.01
2022-09-11T12:00:00+03:00,NO,0.005
2022-09-11T12:00:00+03:00,PM10,0.002
2022-09-11T12:00:00+03:00,NO2,0.016
2022-09-11T12:00:00+03:00,PM2.5,0.002
2022-09-11T13:00:00+03:00,NO,0.004
2022-09-11T13:00:00+03:00,PM2.5,0.003
2022-09-11T13:00:00+03:00,CO,0.01
2022-09-11T13:00:00+03:00,NO2,0.016
2022-09-11T13:00:00+03:00,PM10,0.003
2022-09-11T14:00:00+03:00,CO,0.01
2022-09-11T14:00:00+03:00,NO,0.005
2022-09-11T14:00:00+03:00,NO2,0.019
2022-09-11T14:00:00+03:00,PM10,0.003
2022-09-11T14:00:00+03:00,PM2.5,0.003
2022-09-11T15:00:00+03:00,PM2.5,0.002
2022-09-11T15:00:00+03:00,NO,0.004
2022-09-11T15:00:00+03:00,NO2,0.017
2022-09-11T15:00:00+03:00,CO,0
2022-09-11T15:00:00+03:00,PM10,0.002
2022-09-11T16:00:00+03:00,CO,0
2022-09-11T16:00:00+03:00,PM10,0.003
2022-09-11T16:00:00+03:00,PM2.5,0.002
2022-09-11T16:00:00+03:00,NO2,0.018
2022-09-11T16:00:00+03:00,NO,0.001
2022-09-11T17:00:00+03:00,PM2.5,0.002
2022-09-11T17:00:00+03:00,CO,0.02
2022-09-11T17:00:00+03:00,NO2,0.025
2022-09-11T17:00:00+03:00,PM10,0.003
2022-09-11T17:00:00+03:00,NO,0.005
2022-09-11T18:00:00+03:00,PM10,0.003
2022-09-11T18:00:00+03:00,NO,0.004
2022-09-11T18:00:00+03:00,NO2,0.035
2022-09-11T18:00:00+03:00,PM2.5,0.003
2022-09-11T18:00:00+03:00,CO,0.05
2022-09-11T19:00:00+03:00,NO,0.019
2022-09-11T19:00:00+03:00,NO2,0.061
2022-09-11T19:00:00+03:00,PM10,0.006
2022-09-11T19:00:00+03:00,CO,0.24
2022-09-11T19:00:00+03:00,PM2.5,0.006
2022-09-11T20:00:00+03:00,NO2,0.064
2022-09-11T20:00:00+03:00,PM10,0.01
2022-09-11T20:00:00+03:00,PM2.5,0.01
2022-09-11T20:00:00+03:00,CO,0.34
2022-09-11T20:00:00+03:00,NO,0.049
2022-09-11T21:00:00+03:00,PM2.5,0.016
2022-09-11T21:00:00+03:00,NO,0.11
2022-09-11T21:00:00+03:00,PM10,0.015
2022-09-11T21:00:00+03:00,CO,0.73
2022-09-11T21:00:00+03:00,NO2,0.068
2022-09-11T22:00:00+03:00,CO,0.49
2022-09-11T22:00:00+03:00,PM2.5,0.014
2022-09-11T22:00:00+03:00,NO,0.065
2022-09-11T22:00:00+03:00,NO2,0.068
2022-09-11T22:00:00+03:00,PM10,0.014
2022-09-11T23:00:00+03:00,PM2.5,0.015
2022-09-11T23:00:00+03:00,NO,0.059
2022-09-11T23:00:00+03:00,NO2,0.064
2022-09-11T23:00:00+03:00,PM10,0.015
2022-09-11T23:00:00+03:00,CO,0.46
2022-09-12T00:00:00+03:00,CO,0.28
2022-09-12T00:00:00+03:00,NO,0.026
2022-09-12T00:00:00+03:00,PM10,0.01
2022-09-12T00:00:00+03:00,NO2,0.062
2022-09-12T00:00:00+03:00,PM2.5,0.01
2022-09-12T01:00:00+03:00,NO2,0.058
2022-09-12T01:00:00+03:00,NO,0.013
2022-09-12T01:00:00+03:00,PM10,0.01
2022-09-12T01:00:00+03:00,CO,0.19
2022-09-12T01:00:00+03:00,PM2.5,0.01
2022-09-12T02:00:00+03:00,NO2,0.052
2022-09-12T02:00:00+03:00,PM2.5,0.011
2022-09-12T02:00:00+03:00,PM10,0.011
2022-09-12T02:00:00+03:00,CO,0.13
2022-09-12T02:00:00+03:00,NO,0.009
2022-09-12T03:00:00+03:00,CO,0.12
2022-09-12T03:00:00+03:00,NO,0.012
2022-09-12T03:00:00+03:00,PM2.5,0.009
2022-09-12T03:00:00+03:00,PM10,0.009
2022-09-12T03:00:00+03:00,NO2,0.05
2022-09-12T04:00:00+03:00,PM10,0.008
2022-09-12T04:00:00+03:00,NO,0.013
2022-09-12T04:00:00+03:00,CO,0.13
2022-09-12T04:00:00+03:00,PM2.5,0.007
2022-09-12T04:00:00+03:00,NO2,0.046
2022-09-12T05:00:00+03:00,NO,0.023
2022-09-12T05:00:00+03:00,NO2,0.042
2022-09-12T05:00:00+03:00,PM10,0.008
2022-09-12T05:00:00+03:00,CO,0.14
2022-09-12T05:00:00+03:00,PM2.5,0.008
2022-09-12T06:00:00+03:00,NO2,0.04
2022-09-12T06:00:00+03:00,CO,0.12
2022-09-12T06:00:00+03:00,PM2.5,0.008
2022-09-12T06:00:00+03:00,PM10,0.008
2022-09-12T06:00:00+03:00,NO,0.017
2022-09-12T07:00:00+03:00,NO,0.02
2022-09-12T07:00:00+03:00,NO2,0.041
2022-09-12T07:00:00+03:00,PM2.5,0.007
2022-09-12T07:00:00+03:00,PM10,0.008
2022-09-12T07:00:00+03:00,CO,0.15
2022-09-12T08:00:00+03:00,NO,0.043
2022-09-12T08:00:00+03:00,CO,0.26
2022-09-12T08:00:00+03:00,NO2,0.045
2022-09-12T08:00:00+03:00,PM2.5,0.009
2022-09-12T08:00:00+03:00,PM10,0.009
2022-09-12T09:00:00+03:00,NO,0.024
2022-09-12T09:00:00+03:00,CO,0.17
2022-09-12T09:00:00+03:00,NO2,0.042
2022-09-12T09:00:00+03:00,PM10,0.007
2022-09-12T09:00:00+03:00,PM2.5,0.008
2022-09-12T10:00:00+03:00,NO,0.017
2022-09-12T10:00:00+03:00,NO2,0.036
2022-09-12T10:00:00+03:00,CO,0.09
2022-09-12T10:00:00+03:00,PM2.5,0.007
2022-09-12T10:00:00+03:00,PM10,0.007
2022-09-12T11:00:00+03:00,PM2.5,0.005
2022-09-12T11:00:00+03:00,NO2,0.025
2022-09-12T11:00:00+03:00,PM10,0.006
2022-09-12T11:00:00+03:00,CO,0.04
2022-09-12T11:00:00+03:00,NO,0.009
2022-09-12T12:00:00+03:00,PM2.5,0.007
2022-09-12T12:00:00+03:00,PM10,0.007
2022-09-12T12:00:00+03:00,NO,0.008
2022-09-12T12:00:00+03:00,CO,0.05
2022-09-12T12:00:00+03:00,NO2,0.021
2022-09-12T13:00:00+03:00,NO,0.008
2022-09-12T13:00:00+03:00,CO,0.14
2022-09-12T13:00:00+03:00,NO2,0.023
2022-09-12T13:00:00+03:00,PM2.5,0.01
2022-09-12T13:00:00+03:00,PM10,0.01
2022-09-12T14:00:00+03:00,NO2,0.019
2022-09-12T14:00:00+03:00,NO,0.007
2022-09-12T14:00:00+03:00,CO,0.17
2022-09-12T14:00:00+03:00,PM10,0.013
2022-09-12T14:00:00+03:00,PM2.5,0.013
2022-09-12T15:00:00+03:00,NO2,0.018
2022-09-12T15:00:00+03:00,PM10,0.015
2022-09-12T15:00:00+03:00,PM2.5,0.016
2022-09-12T15:00:00+03:00,CO,0.2
2022-09-12T15:00:00+03:00,NO,0.006
2022-09-12T16:00:00+03:00,CO,0.23
2022-09-12T16:00:00+03:00,NO,0.005
2022-09-12T16:00:00+03:00,PM2.5,0.016
2022-09-12T16:00:00+03:00,PM10,0.016
2022-09-12T16:00:00+03:00,NO2,0.019
2022-09-12T17:00:00+03:00,CO,0.17
2022-09-12T17:00:00+03:00,PM2.5,0.017
2022-09-12T17:00:00+03:00,PM10,0.017
2022-09-12T17:00:00+03:00,NO2,0.026
2022-09-12T17:00:00+03:00,NO,0.008
2022-09-12T18:00:00+03:00,NO2,0.025
2022-09-12T18:00:00+03:00,PM2.5,0.009
2022-09-12T18:00:00+03:00,CO,0.1
2022-09-12T18:00:00+03:00,NO,0.005
2022-09-12T18:00:00+03:00,PM10,0.009
2022-09-12T19:00:00+03:00,PM2.5,0.008
2022-09-12T19:00:00+03:00,PM10,0.008
2022-09-12T19:00:00+03:00,NO2,0.038
2022-09-12T19:00:00+03:00,CO,0.09
2022-09-12T19:00:00+03:00,NO,0.007
2022-09-12T20:00:00+03:00,NO2,0.041
2022-09-12T20:00:00+03:00,CO,0.08
2022-09-12T20:00:00+03:00,PM2.5,0.006
2022-09-12T20:00:00+03:00,NO,0.007
2022-09-12T20:00:00+03:00,PM10,0.007
2022-09-12T21:00:00+03:00,NO,0.006
2022-09-12T21:00:00+03:00,PM10,0.006
2022-09-12T21:00:00+03:00,NO2,0.04
2022-09-12T21:00:00+03:00,CO,0.05
2022-09-12T21:00:00+03:00,PM2.5,0.006
2022-09-12T22:00:00+03:00,NO2,0.039
2022-09-12T22:00:00+03:00,CO,0.04
2022-09-12T22:00:00+03:00,PM10,0.006
2022-09-12T22:00:00+03:00,PM2.5,0.005
2022-09-12T22:00:00+03:00,NO,0.006
2022-09-12T23:00:00+03:00,PM2.5,0.005
2022-09-12T23:00:00+03:00,NO,0.006
2022-09-12T23:00:00+03:00,CO,0.04
2022-09-12T23:00:00+03:00,NO2,0.04
2022-09-12T23:00:00+03:00,PM10,0.005
2022-09-13T00:00:00+03:00,NO,0.009
2022-09-13T00:00:00+03:00,PM10,0.006
2022-09-13T00:00:00+03:00,PM2.5,0.006
2022-09-13T00:00:00+03:00,NO2,0.047
2022-09-13T00:00:00+03:00,CO,0.05
2022-09-13T01:00:00+03:00,NO,0.01
2022-09-13T01:00:00+03:00,CO,0.07
2022-09-13T01:00:00+03:00,PM2.5,0.007
2022-09-13T01:00:00+03:00,PM10,0.007
2022-09-13T01:00:00+03:00,NO2,0.05
2022-09-13T02:00:00+03:00,NO2,0.055
2022-09-13T02:00:00+03:00,PM2.5,0.006
2022-09-13T02:00:00+03:00,NO,0.012
2022-09-13T02:00:00+03:00,PM10,0.006
2022-09-13T02:00:00+03:00,CO,0.06
2022-09-13T03:00:00+03:00,NO2,0.045
2022-09-13T03:00:00+03:00,PM10,0.006
2022-09-13T03:00:00+03:00,CO,0.01
2022-09-13T03:00:00+03:00,NO,0.004
2022-09-13T03:00:00+03:00,PM2.5,0.006
2022-09-13T04:00:00+03:00,CO,0
2022-09-13T04:00:00+03:00,NO2,0.036
2022-09-13T04:00:00+03:00,PM2.5,0.007
2022-09-13T04:00:00+03:00,NO,0.002
2022-09-13T04:00:00+03:00,PM10,0.007
2022-09-13T05:00:00+03:00,NO,0.002
2022-09-13T05:00:00+03:00,PM10,0.007
2022-09-13T05:00:00+03:00,PM2.5,0.007
2022-09-13T05:00:00+03:00,NO2,0.034
2022-09-13T05:00:00+03:00,CO,0
2022-09-13T06:00:00+03:00,CO,0.02
2022-09-13T06:00:00+03:00,NO2,0.04
2022-09-13T06:00:00+03:00,PM10,0.008
2022-09-13T06:00:00+03:00,NO,0.007
2022-09-13T06:00:00+03:00,PM2.5,0.008
2022-09-13T07:00:00+03:00,CO,0.07
2022-09-13T07:00:00+03:00,NO2,0.043
2022-09-13T07:00:00+03:00,NO,0.019
2022-09-13T07:00:00+03:00,PM2.5,0.008
2022-09-13T07:00:00+03:00,PM10,0.008
2022-09-13T08:00:00+03:00,CO,0.12
2022-09-13T08:00:00+03:00,NO,0.024
2022-09-13T08:00:00+03:00,PM2.5,0.009
2022-09-13T08:00:00+03:00,NO2,0.043
2022-09-13T08:00:00+03:00,PM10,0.009
2022-09-13T09:00:00+03:00,PM2.5,0.01
2022-09-13T09:00:00+03:00,CO,0.15
2022-09-13T09:00:00+03:00,NO2,0.04
2022-09-13T09:00:00+03:00,PM10,0.01
2022-09-13T09:00:00+03:00,NO,0.025
2022-09-13T10:00:00+03:00,CO,0.13
2022-09-13T10:00:00+03:00,PM2.5,0.009
2022-09-13T10:00:00+03:00,PM10,0.009
2022-09-13T10:00:00+03:00,NO2,0.037
2022-09-13T10:00:00+03:00,NO,0.023
2022-09-13T11:00:00+03:00,NO,0.028
2022-09-13T11:00:00+03:00,NO2,0.037
2022-09-13T11:00:00+03:00,PM10,0.008
2022-09-13T11:00:00+03:00,PM2.5,0.009
2022-09-13T11:00:00+03:00,CO,0.13
2022-09-13T12:00:00+03:00,CO,0.04
2022-09-13T12:00:00+03:00,NO2,0.025
2022-09-13T12:00:00+03:00,PM10,0.007
2022-09-13T12:00:00+03:00,NO,0.012
2022-09-13T12:00:00+03:00,PM2.5,0.007
2022-09-13T13:00:00+03:00,PM2.5,0.003
2022-09-13T13:00:00+03:00,NO,0.007
2022-09-13T13:00:00+03:00,CO,0.01
2022-09-13T13:00:00+03:00,NO2,0.024
2022-09-13T13:00:00+03:00,PM10,0.003
2022-09-13T14:00:00+03:00,PM10,0.002
2022-09-13T14:00:00+03:00,NO,0.003
2022-09-13T14:00:00+03:00,PM2.5,0.002
2022-09-13T14:00:00+03:00,NO2,0.019
2022-09-13T14:00:00+03:00,CO,0
2022-09-13T15:00:00+03:00,CO,0
2022-09-13T15:00:00+03:00,NO2,0.022
2022-09-13T15:00:00+03:00,PM10,0.003
2022-09-13T15:00:00+03:00,NO,0.003
2022-09-13T15:00:00+03:00,PM2.5,0.003
2022-09-13T16:00:00+03:00,NO2,0.025
2022-09-13T16:00:00+03:00,PM2.5,0.003
2022-09-13T16:00:00+03:00,NO,0.003
2022-09-13T16:00:00+03:00,PM10,0.003
2022-09-13T16:00:00+03:00,CO,0
2022-09-13T17:00:00+03:00,NO2,0.03
2022-09-13T17:00:00+03:00,NO,0.004
2022-09-13T17:00:00+03:00,PM10,0.004
2022-09-13T17:00:00+03:00,PM2.5,0.004
2022-09-13T17:00:00+03:00,CO,0
2022-09-13T18:00:00+03:00,PM10,0.005
2022-09-13T18:00:00+03:00,CO,0
2022-09-13T18:00:00+03:00,PM2.5,0.005
2022-09-13T18:00:00+03:00,NO,0.002
2022-09-13T18:00:00+03:00,NO2,0.027
2022-09-13T19:00:00+03:00,NO2,0.027
2022-09-13T19:00:00+03:00,PM10,0.005
2022-09-13T19:00:00+03:00,NO,0.004
2022-09-13T19:00:00+03:00,PM2.5,0.004
2022-09-13T19:00:00+03:00,CO,0
2022-09-13T20:00:00+03:00,CO,0.04
2022-09-13T20:00:00+03:00,PM2.5,0.006
2022-09-13T20:00:00+03:00,NO,0.007
2022-09-13T20:00:00+03:00,NO2,0.039
2022-09-13T20:00:00+03:00,PM10,0.006
2022-09-13T21:00:00+03:00,PM10,0.006
2022-09-13T21:00:00+03:00,PM2.5,0.006
2022-09-13T21:00:00+03:00,CO,0.04
2022-09-13T21:00:00+03:00,NO,0.005
2022-09-13T21:00:00+03:00,NO2,0.035
2022-09-13T22:00:00+03:00,CO,0.04
2022-09-13T22:00:00+03:00,NO2,0.031
2022-09-13T22:00:00+03:00,NO,0.005
2022-09-13T22:00:00+03:00,PM10,0.005
2022-09-13T22:00:00+03:00,PM2.5,0.005
2022-09-13T23:00:00+03:00,NO,0.004
2022-09-13T23:00:00+03:00,NO2,0.031
2022-09-13T23:00:00+03:00,PM10,0.004
2022-09-13T23:00:00+03:00,CO,0.02
2022-09-13T23:00:00+03:00,PM2.5,0.004
2022-09-14T00:00:00+03:00,NO,0.002
2022-09-14T00:00:00+03:00,PM10,0.005
2022-09-14T00:00:00+03:00,PM2.5,0.005
2022-09-14T00:00:00+03:00,NO2,0.021
2022-09-14T00:00:00+03:00,CO,0
2022-09-14T01:00:00+03:00,CO,0
2022-09-14T01:00:00+03:00,NO,0.001
2022-09-14T01:00:00+03:00,PM2.5,0.004
2022-09-14T01:00:00+03:00,PM10,0.004
2022-09-14T01:00:00+03:00,NO2,0.017
2022-09-14T02:00:00+03:00,NO2,0.015
2022-09-14T02:00:00+03:00,PM2.5,0.004
2022-09-14T02:00:00+03:00,PM10,0.004
2022-09-14T02:00:00+03:00,NO,0
2022-09-14T02:00:00+03:00,CO,0
2022-09-14T03:00:00+03:00,NO,0.001
2022-09-14T03:00:00+03:00,PM2.5,0.003
2022-09-14T03:00:00+03:00,NO2,0.013
2022-09-14T03:00:00+03:00,CO,0
2022-09-14T03:00:00+03:00,PM10,0.003
2022-09-14T04:00:00+03:00,PM2.5,0.002
2022-09-14T04:00:00+03:00,NO2,0.012
2022-09-14T04:00:00+03:00,PM10,0.002
2022-09-14T04:00:00+03:00,NO,0.001
2022-09-14T04:00:00+03:00,CO,0
2022-09-14T05:00:00+03:00,CO,0
2022-09-14T05:00:00+03:00,PM10,0.002
2022-09-14T05:00:00+03:00,PM2.5,0.002
2022-09-14T05:00:00+03:00,NO2,0.011
2022-09-14T05:00:00+03:00,NO,0.001
2022-09-14T06:00:00+03:00,CO,0
2022-09-14T06:00:00+03:00,NO2,0.016
2022-09-14T06:00:00+03:00,NO,0.003
2022-09-14T06:00:00+03:00,PM10,0.002
2022-09-14T06:00:00+03:00,PM2.5,0.002
2022-09-14T07:00:00+03:00,CO,0.05
2022-09-14T07:00:00+03:00,PM10,0.003
2022-09-14T07:00:00+03:00,PM2.5,0.002
2022-09-14T07:00:00+03:00,NO,0.009
2022-09-14T07:00:00+03:00,NO2,0.023
2022-09-14T08:00:00+03:00,PM10,0.003
2022-09-14T08:00:00+03:00,PM2.5,0.003
2022-09-14T08:00:00+03:00,CO,0.09
2022-09-14T08:00:00+03:00,NO,0.018
2022-09-14T08:00:00+03:00,NO2,0.028
2022-09-14T09:00:00+03:00,CO,0.1
2022-09-14T09:00:00+03:00,NO2,0.029
2022-09-14T09:00:00+03:00,NO,0.02
2022-09-14T09:00:00+03:00,PM10,0.004
2022-09-14T09:00:00+03:00,PM2.5,0.004
2022-09-14T10:00:00+03:00,PM2.5,0.003
2022-09-14T10:00:00+03:00,NO,0.017
2022-09-14T10:00:00+03:00,PM10,0.003
2022-09-14T10:00:00+03:00,NO2,0.027
2022-09-14T10:00:00+03:00,CO,0.07
2022-09-14T11:00:00+03:00,NO2,0.024
2022-09-14T11:00:00+03:00,PM10,0.002
2022-09-14T11:00:00+03:00,PM2.5,0.002
2022-09-14T11:00:00+03:00,NO,0.013
2022-09-14T11:00:00+03:00,CO,0.03
2022-09-14T12:00:00+03:00,NO2,0.023
2022-09-14T12:00:00+03:00,PM2.5,0.003
2022-09-14T12:00:00+03:00,NO,0.013
2022-09-14T12:00:00+03:00,CO,0.05
2022-09-14T12:00:00+03:00,PM10,0.003
2022-09-14T13:00:00+03:00,PM2.5,0.002
2022-09-14T13:00:00+03:00,NO,0.012
2022-09-14T13:00:00+03:00,PM10,0.003
2022-09-14T13:00:00+03:00,NO2,0.022
2022-09-14T13:00:00+03:00,CO,0.02
2022-09-14T14:00:00+03:00,PM2.5,0.003
2022-09-14T14:00:00+03:00,NO,0.013
2022-09-14T14:00:00+03:00,PM10,0.003
2022-09-14T14:00:00+03:00,NO2,0.025
2022-09-14T14:00:00+03:00,CO,0.02
2022-09-14T15:00:00+03:00,PM10,0.003
2022-09-14T15:00:00+03:00,PM2.5,0.003
2022-09-14T15:00:00+03:00,NO2,0.027
2022-09-14T15:00:00+03:00,NO,0.011
2022-09-14T15:00:00+03:00,CO,0.01
2022-09-14T16:00:00+03:00,NO2,0.029
2022-09-14T16:00:00+03:00,CO,0.03
2022-09-14T16:00:00+03:00,PM2.5,0.004
2022-09-14T16:00:00+03:00,PM10,0.004
2022-09-14T16:00:00+03:00,NO,0.011
2022-09-14T17:00:00+03:00,CO,0.04
2022-09-14T17:00:00+03:00,PM10,0.003
2022-09-14T17:00:00+03:00,PM2.5,0.003
2022-09-14T17:00:00+03:00,NO2,0.031
2022-09-14T17:00:00+03:00,NO,0.01
2022-09-14T18:00:00+03:00,PM10,0.005
2022-09-14T18:00:00+03:00,NO,0.014
2022-09-14T18:00:00+03:00,CO,0.08
2022-09-14T18:00:00+03:00,PM2.5,0.005
2022-09-14T18:00:00+03:00,NO2,0.038
2022-09-14T19:00:00+03:00,NO,0.013
2022-09-14T19:00:00+03:00,NO2,0.039
2022-09-14T19:00:00+03:00,PM2.5,0.004
2022-09-14T19:00:00+03:00,CO,0.1
2022-09-14T19:00:00+03:00,PM10,0.005
2022-09-14T20:00:00+03:00,NO,0.015
2022-09-14T20:00:00+03:00,PM2.5,0.006
2022-09-14T20:00:00+03:00,CO,0.13
2022-09-14T20:00:00+03:00,NO2,0.045
2022-09-14T20:00:00+03:00,PM10,0.006
2022-09-14T21:00:00+03:00,PM2.5,0.008
2022-09-14T21:00:00+03:00,NO2,0.043
2022-09-14T21:00:00+03:00,NO,0.015
2022-09-14T21:00:00+03:00,CO,0.17
2022-09-14T21:00:00+03:00,PM10,0.008
2022-09-14T22:00:00+03:00,PM10,0.007
2022-09-14T22:00:00+03:00,NO2,0.036
2022-09-14T22:00:00+03:00,NO,0.013
2022-09-14T22:00:00+03:00,PM2.5,0.007
2022-09-14T22:00:00+03:00,CO,0.12
2022-09-14T23:00:00+03:00,NO2,0.037
2022-09-14T23:00:00+03:00,NO,0.021
2022-09-14T23:00:00+03:00,CO,0.15
2022-09-14T23:00:00+03:00,PM2.5,0.007
2022-09-14T23:00:00+03:00,PM10,0.007
2022-09-15T00:00:00+03:00,PM10,0.007
2022-09-15T00:00:00+03:00,NO2,0.036
2022-09-15T00:00:00+03:00,CO,0.15
2022-09-15T00:00:00+03:00,PM2.5,0.007
2022-09-15T00:00:00+03:00,NO,0.022
2022-09-15T01:00:00+03:00,NO2,0.036
2022-09-15T01:00:00+03:00,PM10,0.005
2022-09-15T01:00:00+03:00,CO,0.14
2022-09-15T01:00:00+03:00,PM2.5,0.005
2022-09-15T01:00:00+03:00,NO,0.025
2022-09-15T02:00:00+03:00,CO,0.06
2022-09-15T02:00:00+03:00,PM10,0.004
2022-09-15T02:00:00+03:00,NO,0.013
2022-09-15T02:00:00+03:00,NO2,0.034
2022-09-15T02:00:00+03:00,PM2.5,0.004
2022-09-15T03:00:00+03:00,NO,0.024
2022-09-15T03:00:00+03:00,NO2,0.034
2022-09-15T03:00:00+03:00,PM2.5,0.004
2022-09-15T03:00:00+03:00,PM10,0.005
2022-09-15T03:00:00+03:00,CO,0.08
2022-09-15T04:00:00+03:00,NO2,0.02
2022-09-15T04:00:00+03:00,PM10,0.001
2022-09-15T04:00:00+03:00,PM2.5,0
2022-09-15T04:00:00+03:00,NO,0.007
2022-09-15T04:00:00+03:00,CO,0.01
2022-09-15T05:00:00+03:00,PM10,0.001
2022-09-15T05:00:00+03:00,PM2.5,0
2022-09-15T05:00:00+03:00,NO2,0.016
2022-09-15T05:00:00+03:00,CO,0.01
2022-09-15T05:00:00+03:00,NO,0.005
2022-09-15T06:00:00+03:00,NO2,0.022
2022-09-15T06:00:00+03:00,PM2.5,0.001
2022-09-15T06:00:00+03:00,PM10,0.001
2022-09-15T06:00:00+03:00,CO,0.01
2022-09-15T06:00:00+03:00,NO,0.012
2022-09-15T07:00:00+03:00,NO,0.02
2022-09-15T07:00:00+03:00,PM10,0.001
2022-09-15T07:00:00+03:00,NO2,0.023
2022-09-15T07:00:00+03:00,PM2.5,0.001
2022-09-15T07:00:00+03:00,CO,0.04
2022-09-15T08:00:00+03:00,PM2.5,0.002
2022-09-15T08:00:00+03:00,PM10,0.002
2022-09-15T08:00:00+03:00,NO,0.035
2022-09-15T08:00:00+03:00,NO2,0.023
2022-09-15T08:00:00+03:00,CO,0.17
2022-09-15T09:00:00+03:00,PM2.5,0.002
2022-09-15T09:00:00+03:00,NO,0.047
2022-09-15T09:00:00+03:00,NO2,0.025
2022-09-15T09:00:00+03:00,CO,0.2
2022-09-15T09:00:00+03:00,PM10,0.002
2022-09-15T10:00:00+03:00,CO,0.15
2022-09-15T10:00:00+03:00,NO2,0.032
2022-09-15T10:00:00+03:00,PM10,0.003
2022-09-15T10:00:00+03:00,NO,0.047
2022-09-15T10:00:00+03:00,PM2.5,0.003
2022-09-15T11:00:00+03:00,PM2.5,0.002
2022-09-15T11:00:00+03:00,CO,0.09
2022-09-15T11:00:00+03:00,PM10,0.003
2022-09-15T11:00:00+03:00,NO2,0.028
2022-09-15T11:00:00+03:00,NO,0.036
2022-09-15T12:00:00+03:00,PM2.5,0.002
2022-09-15T12:00:00+03:00,PM10,0.003
2022-09-15T12:00:00+03:00,NO,0.041
2022-09-15T12:00:00+03:00,NO2,0.022
2022-09-15T12:00:00+03:00,CO,0.1
2022-09-15T13:00:00+03:00,CO,0.08
2022-09-15T13:00:00+03:00,PM10,0.003
2022-09-15T13:00:00+03:00,NO,0.038
2022-09-15T13:00:00+03:00,NO2,0.022
2022-09-15T13:00:00+03:00,PM2.5,0.003
2022-09-15T14:00:00+03:00,PM10,0.004
2022-09-15T14:00:00+03:00,PM2.5,0.003
2022-09-15T14:00:00+03:00,CO,0.1
2022-09-15T14:00:00+03:00,NO,0.035
2022-09-15T14:00:00+03:00,NO2,0.023
2022-09-15T15:00:00+03:00,CO,0.11
2022-09-15T15:00:00+03:00,PM2.5,0.004
2022-09-15T15:00:00+03:00,NO,0.039
2022-09-15T15:00:00+03:00,NO2,0.024
2022-09-15T15:00:00+03:00,PM10,0.004
2022-09-15T16:00:00+03:00,PM2.5,0.003
2022-09-15T16:00:00+03:00,PM10,0.003
2022-09-15T16:00:00+03:00,NO2,0.016
2022-09-15T16:00:00+03:00,CO,0.02
2022-09-15T16:00:00+03:00,NO,0.019
2022-09-15T17:00:00+03:00,NO2,0.021
2022-09-15T17:00:00+03:00,PM2.5,0.004
2022-09-15T17:00:00+03:00,PM10,0.004
2022-09-15T17:00:00+03:00,NO,0.022
2022-09-15T17:00:00+03:00,CO,0.05
2022-09-15T18:00:00+03:00,NO,0.014
2022-09-15T18:00:00+03:00,NO2,0.019
2022-09-15T18:00:00+03:00,PM10,0.003
2022-09-15T18:00:00+03:00,CO,0.01
2022-09-15T18:00:00+03:00,PM2.5,0.003
2022-09-15T19:00:00+03:00,NO,0.034
2022-09-15T19:00:00+03:00,PM2.5,0.003
2022-09-15T19:00:00+03:00,PM10,0.004
2022-09-15T19:00:00+03:00,NO2,0.026
2022-09-15T19:00:00+03:00,CO,0.09
2022-09-15T20:00:00+03:00,PM2.5,0.005
2022-09-15T20:00:00+03:00,NO,0.049
2022-09-15T20:00:00+03:00,CO,0.25
2022-09-15T20:00:00+03:00,NO2,0.037
2022-09-15T20:00:00+03:00,PM10,0.005
2022-09-15T21:00:00+03:00,NO,0.257
2022-09-15T21:00:00+03:00,PM2.5,0.01
2022-09-15T21:00:00+03:00,PM10,0.01
2022-09-15T21:00:00+03:00,CO,1.12
2022-09-15T21:00:00+03:00,NO2,0.035
2022-09-15T22:00:00+03:00,PM2.5,0.013
2022-09-15T22:00:00+03:00,PM10,0.013
2022-09-15T22:00:00+03:00,NO2,0.043
2022-09-15T22:00:00+03:00,CO,1.38
2022-09-15T22:00:00+03:00,NO,0.345
2022-09-15T23:00:00+03:00,PM2.5,0.009
2022-09-15T23:00:00+03:00,CO,0.72
2022-09-15T23:00:00+03:00,NO,0.191
2022-09-15T23:00:00+03:00,NO2,0.039
2022-09-15T23:00:00+03:00,PM10,0.009
2022-09-16T00:00:00+03:00,NO2,0.039
2022-09-16T00:00:00+03:00,NO,0.146
2022-09-16T00:00:00+03:00,CO,0.52
2022-09-16T00:00:00+03:00,PM10,0.008
2022-09-16T00:00:00+03:00,PM2.5,0.008
2022-09-16T01:00:00+03:00,PM2.5,0.008
2022-09-16T01:00:00+03:00,NO,0.174
2022-09-16T01:00:00+03:00,CO,0.6
2022-09-16T01:00:00+03:00,NO2,0.025
2022-09-16T01:00:00+03:00,PM10,0.008
2022-09-16T02:00:00+03:00,PM2.5,0.006
2022-09-16T02:00:00+03:00,NO,0.06
2022-09-16T02:00:00+03:00,NO2,0.026
2022-09-16T02:00:00+03:00,PM10,0.006
2022-09-16T02:00:00+03:00,CO,0.18
2022-09-16T03:00:00+03:00,PM10,0.005
2022-09-16T03:00:00+03:00,CO,0.11
2022-09-16T03:00:00+03:00,NO2,0.023
2022-09-16T03:00:00+03:00,PM2.5,0.004
2022-09-16T03:00:00+03:00,NO,0.044
2022-09-16T04:00:00+03:00,PM10,0.005
2022-09-16T04:00:00+03:00,NO,0.049
2022-09-16T04:00:00+03:00,NO2,0.026
2022-09-16T04:00:00+03:00,CO,0.12
2022-09-16T04:00:00+03:00,PM2.5,0.004
2022-09-16T05:00:00+03:00,NO,0.034
2022-09-16T05:00:00+03:00,PM2.5,0.005
2022-09-16T05:00:00+03:00,PM10,0.006
2022-09-16T05:00:00+03:00,CO,0.08
2022-09-16T05:00:00+03:00,NO2,0.027
2022-09-16T06:00:00+03:00,CO,0.1
2022-09-16T06:00:00+03:00,PM10,0.005
2022-09-16T06:00:00+03:00,PM2.5,0.005
2022-09-16T06:00:00+03:00,NO,0.032
2022-09-16T06:00:00+03:00,NO2,0.027
2022-09-16T07:00:00+03:00,NO2,0.031
2022-09-16T07:00:00+03:00,CO,0.2
2022-09-16T07:00:00+03:00,PM2.5,0.005
2022-09-16T07:00:00+03:00,NO,0.054
2022-09-16T07:00:00+03:00,PM10,0.005
2022-09-16T08:00:00+03:00,PM10,0.007
2022-09-16T08:00:00+03:00,NO2,0.036
2022-09-16T08:00:00+03:00,NO,0.049
2022-09-16T08:00:00+03:00,PM2.5,0.008
2022-09-16T08:00:00+03:00,CO,0.27
2022-09-16T09:00:00+03:00,PM10,0.007
2022-09-16T09:00:00+03:00,NO2,0.036
2022-09-16T09:00:00+03:00,NO,0.051
2022-09-16T09:00:00+03:00,PM2.5,0.008
2022-09-16T09:00:00+03:00,CO,0.29
2022-09-16T10:00:00+03:00,PM10,0.008
2022-09-16T10:00:00+03:00,PM2.5,0.008
2022-09-16T10:00:00+03:00,CO,0.3
2022-09-16T10:00:00+03:00,NO,0.035
2022-09-16T10:00:00+03:00,NO2,0.033
2022-09-16T11:00:00+03:00,NO2,0.026
2022-09-16T11:00:00+03:00,PM10,0.007
2022-09-16T11:00:00+03:00,PM2.5,0.007
2022-09-16T11:00:00+03:00,NO,0.023
2022-09-16T11:00:00+03:00,CO,0.16
2022-09-16T12:00:00+03:00,CO,0.47
2022-09-16T12:00:00+03:00,PM10,0.009
2022-09-16T12:00:00+03:00,NO2,0.032
2022-09-16T12:00:00+03:00,NO,0.02
2022-09-16T12:00:00+03:00,PM2.5,0.009
2022-09-16T13:00:00+03:00,NO2,0.029
2022-09-16T13:00:00+03:00,NO,0.01
2022-09-16T13:00:00+03:00,PM2.5,0.007
2022-09-16T13:00:00+03:00,PM10,0.007
2022-09-16T13:00:00+03:00,CO,0.11
2022-09-16T14:00:00+03:00,NO,0.009
2022-09-16T14:00:00+03:00,PM10,0.006
2022-09-16T14:00:00+03:00,NO2,0.03
2022-09-16T14:00:00+03:00,PM2.5,0.006
2022-09-16T14:00:00+03:00,CO,0.08
2022-09-16T15:00:00+03:00,CO,0.1
2022-09-16T15:00:00+03:00,NO,0.008
2022-09-16T15:00:00+03:00,NO2,0.042
2022-09-16T15:00:00+03:00,PM10,0.005
2022-09-16T15:00:00+03:00,PM2.5,0.005
2022-09-16T16:00:00+03:00,PM10,0.006
2022-09-16T16:00:00+03:00,PM2.5,0.006
2022-09-16T16:00:00+03:00,NO,0.015
2022-09-16T16:00:00+03:00,CO,0.17
2022-09-16T16:00:00+03:00,NO2,0.052
2022-09-16T17:00:00+03:00,CO,0.16
2022-09-16T17:00:00+03:00,PM2.5,0.006
2022-09-16T17:00:00+03:00,NO,0.018
2022-09-16T17:00:00+03:00,NO2,0.054
2022-09-16T17:00:00+03:00,PM10,0.007
2022-09-16T18:00:00+03:00,NO,0.012
2022-09-16T18:00:00+03:00,NO2,0.047
2022-09-16T18:00:00+03:00,PM2.5,0.005
2022-09-16T18:00:00+03:00,PM10,0.005
2022-09-16T18:00:00+03:00,CO,0.12
2022-09-16T19:00:00+03:00,PM10,0.003
2022-09-16T19:00:00+03:00,NO2,0.037
2022-09-16T19:00:00+03:00,CO,0.11
2022-09-16T19:00:00+03:00,NO,0.006
2022-09-16T19:00:00+03:00,PM2.5,0.003
2022-09-16T20:00:00+03:00,PM10,0.004
2022-09-16T20:00:00+03:00,NO2,0.042
2022-09-16T20:00:00+03:00,PM2.5,0.004
2022-09-16T20:00:00+03:00,CO,0.27
2022-09-16T20:00:00+03:00,NO,0.008
2022-09-16T21:00:00+03:00,PM10,0.005
2022-09-16T21:00:00+03:00,PM2.5,0.005
2022-09-16T21:00:00+03:00,NO,0.012
2022-09-16T21:00:00+03:00,CO,0.2
2022-09-16T21:00:00+03:00,NO2,0.044
2022-09-16T22:00:00+03:00,NO,0.017
2022-09-16T22:00:00+03:00,PM2.5,0.004
2022-09-16T22:00:00+03:00,PM10,0.004
2022-09-16T22:00:00+03:00,CO,0.18
2022-09-16T22:00:00+03:00,NO2,0.029
2022-09-16T23:00:00+03:00,PM2.5,0.004
2022-09-16T23:00:00+03:00,NO,0.027
2022-09-16T23:00:00+03:00,PM10,0.005
2022-09-16T23:00:00+03:00,NO2,0.031
2022-09-16T23:00:00+03:00,CO,0.18
2022-09-17T00:00:00+03:00,NO,0.023
2022-09-17T00:00:00+03:00,PM10,0.004
2022-09-17T00:00:00+03:00,CO,0.13
2022-09-17T00:00:00+03:00,NO2,0.025
2022-09-17T00:00:00+03:00,PM2.5,0.004
2022-09-17T01:00:00+03:00,NO,0.018
2022-09-17T01:00:00+03:00,NO2,0.023
2022-09-17T01:00:00+03:00,PM10,0.004
2022-09-17T01:00:00+03:00,CO,0.08
2022-09-17T01:00:00+03:00,PM2.5,0.003
2022-09-17T02:00:00+03:00,PM10,0.004
2022-09-17T02:00:00+03:00,CO,0.04
2022-09-17T02:00:00+03:00,NO2,0.021
2022-09-17T02:00:00+03:00,PM2.5,0.003
2022-09-17T02:00:00+03:00,NO,0.014
2022-09-17T03:00:00+03:00,NO2,0.025
2022-09-17T03:00:00+03:00,CO,0.05
2022-09-17T03:00:00+03:00,PM2.5,0.002
2022-09-17T03:00:00+03:00,NO,0.033
2022-09-17T03:00:00+03:00,PM10,0.003
2022-09-17T04:00:00+03:00,NO2,0.018
2022-09-17T04:00:00+03:00,PM2.5,0.002
2022-09-17T04:00:00+03:00,NO,0.008
2022-09-17T04:00:00+03:00,CO,0
2022-09-17T04:00:00+03:00,PM10,0.003
2022-09-17T05:00:00+03:00,NO2,0.019
2022-09-17T05:00:00+03:00,PM10,0.002
2022-09-17T05:00:00+03:00,CO,0
2022-09-17T05:00:00+03:00,NO,0.006
2022-09-17T05:00:00+03:00,PM2.5,0.002
2022-09-17T06:00:00+03:00,PM2.5,0.002
2022-09-17T06:00:00+03:00,PM10,0.002
2022-09-17T06:00:00+03:00,NO,0.004
2022-09-17T06:00:00+03:00,CO,0
2022-09-17T06:00:00+03:00,NO2,0.018
2022-09-17T07:00:00+03:00,NO2,0.014
2022-09-17T07:00:00+03:00,NO,0.004
2022-09-17T07:00:00+03:00,PM2.5,0.003
2022-09-17T07:00:00+03:00,CO,0
2022-09-17T07:00:00+03:00,PM10,0.004
2022-09-17T08:00:00+03:00,PM10,0.005
2022-09-17T08:00:00+03:00,CO,0
2022-09-17T08:00:00+03:00,NO,0.012
2022-09-17T08:00:00+03:00,PM2.5,0.005
2022-09-17T08:00:00+03:00,NO2,0.018
2022-09-17T09:00:00+03:00,PM2.5,0.006
2022-09-17T09:00:00+03:00,CO,0.03
2022-09-17T09:00:00+03:00,NO,0.013
2022-09-17T09:00:00+03:00,NO2,0.013
2022-09-17T09:00:00+03:00,PM10,0.005
2022-09-17T10:00:00+03:00,PM2.5,0.004
2022-09-17T10:00:00+03:00,CO,0.24
2022-09-17T10:00:00+03:00,NO2,0.014
2022-09-17T10:00:00+03:00,NO,0.011
2022-09-17T10:00:00+03:00,PM10,0.005
2022-09-17T11:00:00+03:00,PM2.5,0.004
2022-09-17T11:00:00+03:00,NO2,0.014
2022-09-17T11:00:00+03:00,NO,0.01
2022-09-17T11:00:00+03:00,PM10,0.005
2022-09-17T11:00:00+03:00,CO,0.01
2022-09-17T12:00:00+03:00,NO,0.007
2022-09-17T12:00:00+03:00,PM2.5,0.002
2022-09-17T12:00:00+03:00,CO,0
2022-09-17T12:00:00+03:00,PM10,0.003
2022-09-17T12:00:00+03:00,NO2,0.008
2022-09-17T13:00:00+03:00,PM2.5,0.007
2022-09-17T13:00:00+03:00,CO,0
2022-09-17T13:00:00+03:00,NO,0.003
2022-09-17T13:00:00+03:00,PM10,0.007
2022-09-17T13:00:00+03:00,NO2,0.009
2022-09-17T14:00:00+03:00,CO,0
2022-09-17T14:00:00+03:00,PM2.5,0.005
2022-09-17T14:00:00+03:00,PM10,0.005
2022-09-17T14:00:00+03:00,NO,0.005
2022-09-17T14:00:00+03:00,NO2,0.008
2022-09-17T15:00:00+03:00,NO,0.003
2022-09-17T15:00:00+03:00,PM2.5,0.007
2022-09-17T15:00:00+03:00,CO,0
2022-09-17T15:00:00+03:00,NO2,0.008
2022-09-17T15:00:00+03:00,PM10,0.007
2022-09-17T16:00:00+03:00,PM2.5,0.004
2022-09-17T16:00:00+03:00,NO2,0.012
2022-09-17T16:00:00+03:00,CO,0
2022-09-17T16:00:00+03:00,NO,0.005
2022-09-17T16:00:00+03:00,PM10,0.005
2022-09-17T17:00:00+03:00,CO,0.01
2022-09-17T17:00:00+03:00,PM2.5,0.004
2022-09-17T17:00:00+03:00,PM10,0.004
2022-09-17T17:00:00+03:00,NO2,0.013
2022-09-17T17:00:00+03:00,NO,0.005
2022-09-17T18:00:00+03:00,NO2,0.015
2022-09-17T18:00:00+03:00,PM10,0.005
2022-09-17T18:00:00+03:00,CO,0
2022-09-17T18:00:00+03:00,PM2.5,0.004
2022-09-17T18:00:00+03:00,NO,0.002
2022-09-17T19:00:00+03:00,NO,0.005
2022-09-17T19:00:00+03:00,PM10,0.007
2022-09-17T19:00:00+03:00,CO,0.04
2022-09-17T19:00:00+03:00,NO2,0.025
2022-09-17T19:00:00+03:00,PM2.5,0.006
2022-09-17T20:00:00+03:00,NO,0.004
2022-09-17T20:00:00+03:00,PM10,0.008
2022-09-17T20:00:00+03:00,NO2,0.03
2022-09-17T20:00:00+03:00,PM2.5,0.007
2022-09-17T20:00:00+03:00,CO,0.04
2022-09-17T21:00:00+03:00,NO2,0.023
2022-09-17T21:00:00+03:00,PM2.5,0.008
2022-09-17T21:00:00+03:00,PM10,0.008
2022-09-17T21:00:00+03:00,NO,0.002
2022-09-17T21:00:00+03:00,CO,0.06
2022-09-17T22:00:00+03:00,CO,0.07
2022-09-17T22:00:00+03:00,PM10,0.009
2022-09-17T22:00:00+03:00,PM2.5,0.009
2022-09-17T22:00:00+03:00,NO2,0.031
2022-09-17T22:00:00+03:00,NO,0.004
2022-09-17T23:00:00+03:00,PM2.5,0.008
2022-09-17T23:00:00+03:00,NO,0.002
2022-09-17T23:00:00+03:00,PM10,0.008
2022-09-17T23:00:00+03:00,CO,0.07
2022-09-17T23:00:00+03:00,NO2,0.029
2022-09-18T00:00:00+03:00,CO,0.03
2022-09-18T00:00:00+03:00,PM10,0.007
2022-09-18T00:00:00+03:00,NO,0.002
2022-09-18T00:00:00+03:00,PM2.5,0.006
2022-09-18T00:00:00+03:00,NO2,0.019
2022-09-18T01:00:00+03:00,CO,0.01
2022-09-18T01:00:00+03:00,PM2.5,0.006
2022-09-18T01:00:00+03:00,PM10,0.006
2022-09-18T01:00:00+03:00,NO2,0.013
2022-09-18T01:00:00+03:00,NO,0.001
2022-09-18T02:00:00+03:00,PM10,0.004
2022-09-18T02:00:00+03:00,CO,0.01
2022-09-18T02:00:00+03:00,PM2.5,0.004
2022-09-18T02:00:00+03:00,NO,0.001
2022-09-18T02:00:00+03:00,NO2,0.014
2022-09-18T03:00:00+03:00,PM10,0.005
2022-09-18T03:00:00+03:00,CO,0.01
2022-09-18T03:00:00+03:00,NO,0
2022-09-18T03:00:00+03:00,NO2,0.017
2022-09-18T03:00:00+03:00,PM2.5,0.005
2022-09-18T04:00:00+03:00,PM2.5,0.006
2022-09-18T04:00:00+03:00,CO,0.07
2022-09-18T04:00:00+03:00,NO,0.019
2022-09-18T04:00:00+03:00,PM10,0.006
2022-09-18T04:00:00+03:00,NO2,0.032
2022-09-18T05:00:00+03:00,CO,0.1
2022-09-18T05:00:00+03:00,PM10,0.005
2022-09-18T05:00:00+03:00,NO,0.019
2022-09-18T05:00:00+03:00,NO2,0.03
2022-09-18T05:00:00+03:00,PM2.5,0.005
2022-09-18T06:00:00+03:00,PM2.5,0.005
2022-09-18T06:00:00+03:00,PM10,0.005
2022-09-18T06:00:00+03:00,CO,0.2
2022-09-18T06:00:00+03:00,NO2,0.026
2022-09-18T06:00:00+03:00,NO,0.07
2022-09-18T07:00:00+03:00,CO,0.4
2022-09-18T07:00:00+03:00,NO,0.136
2022-09-18T07:00:00+03:00,PM10,0.008
2022-09-18T07:00:00+03:00,PM2.5,0.008
2022-09-18T07:00:00+03:00,NO2,0.024
2022-09-18T08:00:00+03:00,PM10,0.006
2022-09-18T08:00:00+03:00,NO2,0.026
2022-09-18T08:00:00+03:00,NO,0.055
2022-09-18T08:00:00+03:00,PM2.5,0.006
2022-09-18T08:00:00+03:00,CO,0.21
2022-09-18T09:00:00+03:00,CO,0.23
2022-09-18T09:00:00+03:00,NO,0.057
2022-09-18T09:00:00+03:00,NO2,0.021
2022-09-18T09:00:00+03:00,PM2.5,0.008
2022-09-18T09:00:00+03:00,PM10,0.006
2022-09-18T10:00:00+03:00,NO2,0.023
2022-09-18T10:00:00+03:00,PM10,0.007
2022-09-18T10:00:00+03:00,NO,0.035
2022-09-18T10:00:00+03:00,CO,0.19
2022-09-18T10:00:00+03:00,PM2.5,0.007
2022-09-18T11:00:00+03:00,PM10,0.007
2022-09-18T11:00:00+03:00,CO,0.19
2022-09-18T11:00:00+03:00,PM2.5,0.007
2022-09-18T11:00:00+03:00,NO2,0.027
2022-09-18T11:00:00+03:00,NO,0.026
2022-09-18T12:00:00+03:00,CO,0.14
2022-09-18T12:00:00+03:00,NO,0.013
2022-09-18T12:00:00+03:00,NO2,0.026
2022-09-18T12:00:00+03:00,PM2.5,0.01
2022-09-18T12:00:00+03:00,PM10,0.009
2022-09-18T13:00:00+03:00,PM2.5,0.005
2022-09-18T13:00:00+03:00,NO,0.006
2022-09-18T13:00:00+03:00,CO,0.09
2022-09-18T13:00:00+03:00,NO2,0.021
2022-09-18T13:00:00+03:00,PM10,0.005
2022-09-18T14:00:00+03:00,NO2,0.024
2022-09-18T14:00:00+03:00,CO,0.1
2022-09-18T14:00:00+03:00,PM2.5,0.005
2022-09-18T14:00:00+03:00,PM10,0.005
2022-09-18T14:00:00+03:00,NO,0.004
2022-09-18T15:00:00+03:00,PM2.5,0.007
2022-09-18T15:00:00+03:00,CO,0.14
2022-09-18T15:00:00+03:00,NO,0.006
2022-09-18T15:00:00+03:00,NO2,0.033
2022-09-18T15:00:00+03:00,PM10,0.007
2022-09-18T16:00:00+03:00,NO,0.005
2022-09-18T16:00:00+03:00,NO2,0.033
2022-09-18T16:00:00+03:00,PM2.5,0.005
2022-09-18T16:00:00+03:00,PM10,0.006
2022-09-18T16:00:00+03:00,CO,0.14
2022-09-18T17:00:00+03:00,CO,0.16
2022-09-18T17:00:00+03:00,PM2.5,0.004
2022-09-18T17:00:00+03:00,NO2,0.036
2022-09-18T17:00:00+03:00,NO,0.005
2022-09-18T17:00:00+03:00,PM10,0.004
2022-09-18T18:00:00+03:00,CO,0.16
2022-09-18T18:00:00+03:00,PM10,0.002
2022-09-18T18:00:00+03:00,NO,0.004
2022-09-18T18:00:00+03:00,NO2,0.032
2022-09-18T18:00:00+03:00,PM2.5,0.002
2022-09-18T19:00:00+03:00,PM2.5,0.001
2022-09-18T19:00:00+03:00,NO,0.004
2022-09-18T19:00:00+03:00,CO,0.16
2022-09-18T19:00:00+03:00,NO2,0.03
2022-09-18T19:00:00+03:00,PM10,0.001
2022-09-18T20:00:00+03:00,NO2,0.031
2022-09-18T20:00:00+03:00,CO,0.18
2022-09-18T20:00:00+03:00,PM2.5,0.003
2022-09-18T20:00:00+03:00,NO,0.005
2022-09-18T20:00:00+03:00,PM10,0.003
2022-09-18T21:00:00+03:00,CO,0.14
2022-09-18T21:00:00+03:00,PM2.5,0.002
2022-09-18T21:00:00+03:00,NO2,0.029
2022-09-18T21:00:00+03:00,PM10,0.002
2022-09-18T21:00:00+03:00,NO,0.006
2022-09-18T22:00:00+03:00,NO,0.006
2022-09-18T22:00:00+03:00,PM10,0.001
2022-09-18T22:00:00+03:00,NO2,0.024
2022-09-18T22:00:00+03:00,CO,0.11
2022-09-18T22:00:00+03:00,PM2.5,0.001
2022-09-18T23:00:00+03:00,CO,0.11
2022-09-18T23:00:00+03:00,PM10,0.001
2022-09-18T23:00:00+03:00,PM2.5,0.001
2022-09-18T23:00:00+03:00,NO2,0.024
2022-09-18T23:00:00+03:00,NO,0.005
2022-09-19T00:00:00+03:00,NO2,0.019
2022-09-19T00:00:00+03:00,CO,0.08
2022-09-19T00:00:00+03:00,PM10,0
2022-09-19T00:00:00+03:00,NO,0.004
2022-09-19T00:00:00+03:00,PM2.5,0
2022-09-19T01:00:00+03:00,PM10,0.001
2022-09-19T01:00:00+03:00,NO,0.003
2022-09-19T01:00:00+03:00,CO,0.05
2022-09-19T01:00:00+03:00,PM2.5,0.001
2022-09-19T01:00:00+03:00,NO2,0.014
2022-09-19T02:00:00+03:00,NO2,0.017
2022-09-19T02:00:00+03:00,PM2.5,0
2022-09-19T02:00:00+03:00,CO,0.04
2022-09-19T02:00:00+03:00,NO,0.002
2022-09-19T02:00:00+03:00,PM10,0
2022-09-19T03:00:00+03:00,PM2.5,
2022-09-19T03:00:00+03:00,NO,0.001
2022-09-19T03:00:00+03:00,PM10,
2022-09-19T03:00:00+03:00,CO,0.03
2022-09-19T03:00:00+03:00,NO2,0.018
2022-09-19T04:00:00+03:00,CO,0.02
2022-09-19T04:00:00+03:00,PM10,
2022-09-19T04:00:00+03:00,NO,0.002
2022-09-19T04:00:00+03:00,PM2.5,
2022-09-19T04:00:00+03:00,NO2,0.017
2022-09-19T05:00:00+03:00,PM2.5,0.001
2022-09-19T05:00:00+03:00,PM10,0.001
2022-09-19T05:00:00+03:00,CO,0.01
2022-09-19T05:00:00+03:00,NO,0.001
2022-09-19T05:00:00+03:00,NO2,0.014
2022-09-19T06:00:00+03:00,CO,0.01
2022-09-19T06:00:00+03:00,NO2,0.017
2022-09-19T06:00:00+03:00,PM10,0.001
2022-09-19T06:00:00+03:00,NO,0.004
2022-09-19T06:00:00+03:00,PM2.5,0.001
2022-09-19T07:00:00+03:00,NO,0.006
2022-09-19T07:00:00+03:00,PM2.5,0.003
2022-09-19T07:00:00+03:00,NO2,0.024
2022-09-19T07:00:00+03:00,CO,0.03
2022-09-19T07:00:00+03:00,PM10,0.002
2022-09-19T08:00:00+03:00,PM10,0.001
2022-09-19T08:00:00+03:00,CO,0.01
2022-09-19T08:00:00+03:00,NO2,0.024
2022-09-19T08:00:00+03:00,PM2.5,0.001
2022-09-19T08:00:00+03:00,NO,0.006
2022-09-19T09:00:00+03:00,PM2.5,0.001
2022-09-19T09:00:00+03:00,NO,0.005
2022-09-19T09:00:00+03:00,NO2,0.021
2022-09-19T09:00:00+03:00,PM10,0.001
2022-09-19T09:00:00+03:00,CO,0.01
2022-09-19T10:00:00+03:00,PM2.5,0.001
2022-09-19T10:00:00+03:00,PM10,0.001
2022-09-19T10:00:00+03:00,NO,0.005
2022-09-19T10:00:00+03:00,NO2,0.016
2022-09-19T10:00:00+03:00,CO,0
2022-09-19T11:00:00+03:00,CO,0
2022-09-19T11:00:00+03:00,PM2.5,0.002
2022-09-19T11:00:00+03:00,NO2,0.02
2022-09-19T11:00:00+03:00,NO,0.004
2022-09-19T11:00:00+03:00,PM10,0.002
2022-09-19T12:00:00+03:00,CO,0
2022-09-19T12:00:00+03:00,NO2,0.017
2022-09-19T12:00:00+03:00,PM10,0.002
2022-09-19T12:00:00+03:00,PM2.5,0.001
2022-09-19T12:00:00+03:00,NO,0.004
2022-09-19T13:00:00+03:00,NO,0.005
2022-09-19T13:00:00+03:00,CO,0
2022-09-19T13:00:00+03:00,PM10,0.003
2022-09-19T13:00:00+03:00,PM2.5,0.002
2022-09-19T13:00:00+03:00,NO2,0.019
2022-09-19T14:00:00+03:00,CO,0
2022-09-19T14:00:00+03:00,PM2.5,0.001
2022-09-19T14:00:00+03:00,NO,0.004
2022-09-19T14:00:00+03:00,PM10,0.001
2022-09-19T14:00:00+03:00,NO2,0.02
2022-09-19T15:00:00+03:00,PM2.5,0.002
2022-09-19T15:00:00+03:00,NO2,0.022
2022-09-19T15:00:00+03:00,PM10,0.002
2022-09-19T15:00:00+03:00,NO,0.006
2022-09-19T15:00:00+03:00,CO,0.02
2022-09-19T16:00:00+03:00,NO,0.003
2022-09-19T16:00:00+03:00,NO2,0.013
2022-09-19T16:00:00+03:00,PM10,0.002
2022-09-19T16:00:00+03:00,PM2.5,0.002
2022-09-19T16:00:00+03:00,CO,0
2022-09-19T17:00:00+03:00,PM10,0.002
2022-09-19T17:00:00+03:00,NO,0.003
2022-09-19T17:00:00+03:00,NO2,0.015
2022-09-19T17:00:00+03:00,PM2.5,0.002
2022-09-19T17:00:00+03:00,CO,0.03
2022-09-19T18:00:00+03:00,NO,0.002
2022-09-19T18:00:00+03:00,CO,0
2022-09-19T18:00:00+03:00,PM10,0.002
2022-09-19T18:00:00+03:00,NO2,0.012
2022-09-19T18:00:00+03:00,PM2.5,0.002
2022-09-19T19:00:00+03:00,PM10,0.004
2022-09-19T19:00:00+03:00,NO2,0.009
2022-09-19T19:00:00+03:00,CO,0
2022-09-19T19:00:00+03:00,NO,0.002
2022-09-19T19:00:00+03:00,PM2.5,0.003
2022-09-19T20:00:00+03:00,PM10,0.003
2022-09-19T20:00:00+03:00,PM2.5,0.003
2022-09-19T20:00:00+03:00,NO2,0.008
2022-09-19T20:00:00+03:00,NO,0.001
2022-09-19T20:00:00+03:00,CO,0
2022-09-19T21:00:00+03:00,NO2,0.007
2022-09-19T21:00:00+03:00,NO,0.002
2022-09-19T21:00:00+03:00,CO,0
2022-09-19T21:00:00+03:00,PM10,0.003
2022-09-19T21:00:00+03:00,PM2.5,0.002
2022-09-19T22:00:00+03:00,PM10,0.004
2022-09-19T22:00:00+03:00,NO,0
2022-09-19T22:00:00+03:00,PM2.5,0.003
2022-09-19T22:00:00+03:00,CO,0
2022-09-19T22:00:00+03:00,NO2,0.006
2022-09-19T23:00:00+03:00,PM10,0.004
2022-09-19T23:00:00+03:00,NO2,0.006
2022-09-19T23:00:00+03:00,PM2.5,0.004
2022-09-19T23:00:00+03:00,CO,0
2022-09-19T23:00:00+03:00,NO,0.001
2022-09-20T00:00:00+03:00,CO,0
2022-09-20T00:00:00+03:00,NO2,0.005
2022-09-20T00:00:00+03:00,PM10,0.004
2022-09-20T00:00:00+03:00,PM2.5,0.003
2022-09-20T00:00:00+03:00,NO,0.001
2022-09-20T01:00:00+03:00,NO,0.001
2022-09-20T01:00:00+03:00,CO,0
2022-09-20T01:00:00+03:00,NO2,0.006
2022-09-20T01:00:00+03:00,PM2.5,0.003
2022-09-20T01:00:00+03:00,PM10,0.004
2022-09-20T02:00:00+03:00,NO2,0.006
2022-09-20T02:00:00+03:00,PM2.5,0.003
2022-09-20T02:00:00+03:00,CO,0
2022-09-20T02:00:00+03:00,PM10,0.004
2022-09-20T02:00:00+03:00,NO,0
2022-09-20T03:00:00+03:00,CO,0
2022-09-20T03:00:00+03:00,NO,0.001
2022-09-20T03:00:00+03:00,PM10,0.004
2022-09-20T03:00:00+03:00,PM2.5,0.003
2022-09-20T03:00:00+03:00,NO2,0.005
2022-09-20T04:00:00+03:00,NO,0
2022-09-20T04:00:00+03:00,PM10,0.003
2022-09-20T04:00:00+03:00,PM2.5,0.002
2022-09-20T04:00:00+03:00,NO2,0.007
2022-09-20T04:00:00+03:00,CO,0
2022-09-20T05:00:00+03:00,PM10,0.003
2022-09-20T05:00:00+03:00,NO2,0.007
2022-09-20T05:00:00+03:00,NO,0.001
2022-09-20T05:00:00+03:00,PM2.5,0.003
2022-09-20T05:00:00+03:00,CO,0
2022-09-20T06:00:00+03:00,CO,0
2022-09-20T06:00:00+03:00,NO,0.001
2022-09-20T06:00:00+03:00,PM10,0.003
2022-09-20T06:00:00+03:00,NO2,0.008
2022-09-20T06:00:00+03:00,PM2.5,0.003
2022-09-20T07:00:00+03:00,PM10,0.004
2022-09-20T07:00:00+03:00,CO,0
2022-09-20T07:00:00+03:00,PM2.5,0.003
2022-09-20T07:00:00+03:00,NO2,0.009
2022-09-20T07:00:00+03:00,NO,0.002
2022-09-20T08:00:00+03:00,NO,0.005
2022-09-20T08:00:00+03:00,NO2,0.01
2022-09-20T08:00:00+03:00,PM10,0.004
2022-09-20T08:00:00+03:00,PM2.5,0.003
2022-09-20T08:00:00+03:00,CO,0.03
2022-09-20T09:00:00+03:00,CO,0.04
2022-09-20T09:00:00+03:00,NO2,0.012
2022-09-20T09:00:00+03:00,PM2.5,0.004
2022-09-20T09:00:00+03:00,NO,0.006
2022-09-20T09:00:00+03:00,PM10,0.004
2022-09-20T10:00:00+03:00,NO2,0.011
2022-09-20T10:00:00+03:00,CO,0.05
2022-09-20T10:00:00+03:00,PM10,0.004
2022-09-20T10:00:00+03:00,NO,0.011
2022-09-20T10:00:00+03:00,PM2.5,0.004
2022-09-20T11:00:00+03:00,PM2.5,0.003
2022-09-20T11:00:00+03:00,CO,0.03
2022-09-20T11:00:00+03:00,NO2,0.01
2022-09-20T11:00:00+03:00,NO,0.005
2022-09-20T11:00:00+03:00,PM10,0.004
2022-09-20T12:00:00+03:00,PM2.5,0.004
2022-09-20T12:00:00+03:00,NO,0.009
2022-09-20T12:00:00+03:00,PM10,0.004
2022-09-20T12:00:00+03:00,CO,0.03
2022-09-20T12:00:00+03:00,NO2,0.009
2022-09-20T13:00:00+03:00,NO2,0.008
2022-09-20T13:00:00+03:00,PM10,0.005
2022-09-20T13:00:00+03:00,PM2.5,0.005
2022-09-20T13:00:00+03:00,NO,0.004
2022-09-20T13:00:00+03:00,CO,0.02
2022-09-20T14:00:00+03:00,PM10,0.007
2022-09-20T14:00:00+03:00,NO2,0.01
2022-09-20T14:00:00+03:00,CO,0.02
2022-09-20T14:00:00+03:00,NO,0.005
2022-09-20T14:00:00+03:00,PM2.5,0.007
2022-09-20T15:00:00+03:00,PM2.5,0.005
2022-09-20T15:00:00+03:00,NO2,0.013
2022-09-20T15:00:00+03:00,CO,0.03
2022-09-20T15:00:00+03:00,NO,0.006
2022-09-20T15:00:00+03:00,PM10,0.005
2022-09-20T16:00:00+03:00,NO,0.003
2022-09-20T16:00:00+03:00,PM10,0.002
2022-09-20T16:00:00+03:00,PM2.5,0.002
2022-09-20T16:00:00+03:00,NO2,0.01
2022-09-20T16:00:00+03:00,CO,0.04
2022-09-20T17:00:00+03:00,NO,0.006
2022-09-20T17:00:00+03:00,PM10,0.005
2022-09-20T17:00:00+03:00,PM2.5,0.005
2022-09-20T17:00:00+03:00,NO2,0.01
2022-09-20T17:00:00+03:00,CO,0.04
2022-09-20T18:00:00+03:00,PM10,0.005
2022-09-20T18:00:00+03:00,PM2.5,0.004
2022-09-20T18:00:00+03:00,NO,0.005
2022-09-20T18:00:00+03:00,NO2,0.017
2022-09-20T18:00:00+03:00,CO,0.05
2022-09-20T19:00:00+03:00,CO,0.07
2022-09-20T19:00:00+03:00,NO,0.008
2022-09-20T19:00:00+03:00,PM10,0.005
2022-09-20T19:00:00+03:00,PM2.5,0.004
2022-09-20T19:00:00+03:00,NO2,0.031
2022-09-20T20:00:00+03:00,NO2,0.033
2022-09-20T20:00:00+03:00,NO,0.007
2022-09-20T20:00:00+03:00,PM10,0.005
2022-09-20T20:00:00+03:00,CO,0.1
2022-09-20T20:00:00+03:00,PM2.5,0.005
2022-09-20T21:00:00+03:00,PM10,0.006
2022-09-20T21:00:00+03:00,NO2,0.033
2022-09-20T21:00:00+03:00,PM2.5,0.006
2022-09-20T21:00:00+03:00,NO,0.011
2022-09-20T21:00:00+03:00,CO,0.15
2022-09-20T22:00:00+03:00,PM10,0.006
2022-09-20T22:00:00+03:00,NO,0.051
2022-09-20T22:00:00+03:00,CO,0.22
2022-09-20T22:00:00+03:00,PM2.5,0.006
2022-09-20T22:00:00+03:00,NO2,0.036
2022-09-20T23:00:00+03:00,PM10,0.011
2022-09-20T23:00:00+03:00,CO,0.54
2022-09-20T23:00:00+03:00,PM2.5,0.011
2022-09-20T23:00:00+03:00,NO,0.15
2022-09-20T23:00:00+03:00,NO2,0.039
2022-09-21T00:00:00+03:00,PM10,0.011
2022-09-21T00:00:00+03:00,NO2,0.038
2022-09-21T00:00:00+03:00,CO,1.1
2022-09-21T00:00:00+03:00,PM2.5,0.011
2022-09-21T00:00:00+03:00,NO,0.304
2022-09-21T01:00:00+03:00,PM10,0.01
2022-09-21T01:00:00+03:00,PM2.5,0.01
2022-09-21T01:00:00+03:00,NO,0.113
2022-09-21T01:00:00+03:00,NO2,0.036
2022-09-21T01:00:00+03:00,CO,0.39
2022-09-21T02:00:00+03:00,PM10,0.006
2022-09-21T02:00:00+03:00,NO,0.238
2022-09-21T02:00:00+03:00,PM2.5,0.006
2022-09-21T02:00:00+03:00,CO,0.74
2022-09-21T02:00:00+03:00,NO2,0.027
2022-09-21T03:00:00+03:00,NO2,0.027
2022-09-21T03:00:00+03:00,NO,0.353
2022-09-21T03:00:00+03:00,PM2.5,0.01
2022-09-21T03:00:00+03:00,CO,0.93
2022-09-21T03:00:00+03:00,PM10,0.01
2022-09-21T04:00:00+03:00,CO,0.82
2022-09-21T04:00:00+03:00,NO2,0.023
2022-09-21T04:00:00+03:00,PM10,0.009
2022-09-21T04:00:00+03:00,NO,0.307
2022-09-21T04:00:00+03:00,PM2.5,0.009
2022-09-21T05:00:00+03:00,PM2.5,0.008
2022-09-21T05:00:00+03:00,CO,0.6
2022-09-21T05:00:00+03:00,NO,0.225
2022-09-21T05:00:00+03:00,NO2,0.02
2022-09-21T05:00:00+03:00,PM10,0.008
2022-09-21T06:00:00+03:00,CO,0.78
2022-09-21T06:00:00+03:00,PM2.5,0.012
2022-09-21T06:00:00+03:00,NO2,0.021
2022-09-21T06:00:00+03:00,PM10,0.012
2022-09-21T06:00:00+03:00,NO,0.317
2022-09-21T07:00:00+03:00,CO,1.29
2022-09-21T07:00:00+03:00,PM10,0.014
2022-09-21T07:00:00+03:00,NO2,0.036
2022-09-21T07:00:00+03:00,PM2.5,0.014
2022-09-21T07:00:00+03:00,NO,0.429
2022-09-21T08:00:00+03:00,PM2.5,0.021
2022-09-21T08:00:00+03:00,NO,0.517
2022-09-21T08:00:00+03:00,NO2,0.061
2022-09-21T08:00:00+03:00,CO,1.86
2022-09-21T08:00:00+03:00,PM10,0.02
2022-09-21T09:00:00+03:00,NO2,0.061
2022-09-21T09:00:00+03:00,PM10,0.016
2022-09-21T09:00:00+03:00,CO,1.16
2022-09-21T09:00:00+03:00,NO,0.288
2022-09-21T09:00:00+03:00,PM2.5,0.017
2022-09-21T10:00:00+03:00,PM10,0.012
2022-09-21T10:00:00+03:00,NO,0.121
2022-09-21T10:00:00+03:00,CO,0.61
2022-09-21T10:00:00+03:00,PM2.5,0.012
2022-09-21T10:00:00+03:00,NO2,0.051
2022-09-21T11:00:00+03:00,PM10,0.008
2022-09-21T11:00:00+03:00,NO,0.038
2022-09-21T11:00:00+03:00,CO,0.31
2022-09-21T11:00:00+03:00,PM2.5,0.008
2022-09-21T11:00:00+03:00,NO2,0.04
2022-09-21T12:00:00+03:00,NO,0.022
2022-09-21T12:00:00+03:00,PM10,0.005
2022-09-21T12:00:00+03:00,CO,0.21
2022-09-21T12:00:00+03:00,PM2.5,0.005
2022-09-21T12:00:00+03:00,NO2,0.037
2022-09-21T13:00:00+03:00,PM2.5,0.004
2022-09-21T13:00:00+03:00,CO,0.2
2022-09-21T13:00:00+03:00,PM10,0.004
2022-09-21T13:00:00+03:00,NO,0.019
2022-09-21T13:00:00+03:00,NO2,0.034
2022-09-21T14:00:00+03:00,PM10,0.003
2022-09-21T14:00:00+03:00,NO,0.011
2022-09-21T14:00:00+03:00,NO2,0.03
2022-09-21T14:00:00+03:00,PM2.5,0.003
2022-09-21T14:00:00+03:00,CO,0.15
2022-09-21T15:00:00+03:00,NO,0.014
2022-09-21T15:00:00+03:00,PM10,0.004
2022-09-21T15:00:00+03:00,CO,0.17
2022-09-21T15:00:00+03:00,NO2,0.035
2022-09-21T15:00:00+03:00,PM2.5,0.004
2022-09-21T16:00:00+03:00,PM10,0.005
2022-09-21T16:00:00+03:00,NO,0.017
2022-09-21T16:00:00+03:00,CO,0.2
2022-09-21T16:00:00+03:00,NO2,0.043
2022-09-21T16:00:00+03:00,PM2.5,0.005
2022-09-21T17:00:00+03:00,CO,0.22
2022-09-21T17:00:00+03:00,NO2,0.049
2022-09-21T17:00:00+03:00,PM10,0.005
2022-09-21T17:00:00+03:00,NO,0.023
2022-09-21T17:00:00+03:00,PM2.5,0.005
2022-09-21T18:00:00+03:00,NO2,0.054
2022-09-21T18:00:00+03:00,CO,0.34
2022-09-21T18:00:00+03:00,NO,0.044
2022-09-21T18:00:00+03:00,PM2.5,0.008
2022-09-21T18:00:00+03:00,PM10,0.008
2022-09-21T19:00:00+03:00,PM2.5,0.003
2022-09-21T19:00:00+03:00,NO,0.016
2022-09-21T19:00:00+03:00,NO2,0.038
2022-09-21T19:00:00+03:00,CO,0.18
2022-09-21T19:00:00+03:00,PM10,0.004
2022-09-21T20:00:00+03:00,NO,0.019
2022-09-21T20:00:00+03:00,NO2,0.045
2022-09-21T20:00:00+03:00,PM2.5,0.005
2022-09-21T20:00:00+03:00,CO,0.2
2022-09-21T20:00:00+03:00,PM10,0.005
2022-09-21T21:00:00+03:00,CO,0.2
2022-09-21T21:00:00+03:00,NO2,0.044
2022-09-21T21:00:00+03:00,PM2.5,0.003
2022-09-21T21:00:00+03:00,NO,0.015
2022-09-21T21:00:00+03:00,PM10,0.003
2022-09-21T22:00:00+03:00,PM2.5,0.008
2022-09-21T22:00:00+03:00,CO,0.48
2022-09-21T22:00:00+03:00,NO,0.076
2022-09-21T22:00:00+03:00,NO2,0.067
2022-09-21T22:00:00+03:00,PM10,0.008
2022-09-21T23:00:00+03:00,PM10,0.005
2022-09-21T23:00:00+03:00,NO,0.081
2022-09-21T23:00:00+03:00,NO2,0.073
2022-09-21T23:00:00+03:00,PM2.5,0.005
2022-09-21T23:00:00+03:00,CO,0.47
2022-09-22T00:00:00+03:00,NO,0.042
2022-09-22T00:00:00+03:00,NO2,0.059
2022-09-22T00:00:00+03:00,CO,0.32
2022-09-22T00:00:00+03:00,PM2.5,0.006
2022-09-22T00:00:00+03:00,PM10,0.006
2022-09-22T01:00:00+03:00,NO,0.017
2022-09-22T01:00:00+03:00,NO2,0.047
2022-09-22T01:00:00+03:00,PM10,0.006
2022-09-22T01:00:00+03:00,CO,0.16
2022-09-22T01:00:00+03:00,PM2.5,0.006
2022-09-22T02:00:00+03:00,NO,0.006
2022-09-22T02:00:00+03:00,PM10,0.003
2022-09-22T02:00:00+03:00,CO,0.11
2022-09-22T02:00:00+03:00,NO2,0.041
2022-09-22T02:00:00+03:00,PM2.5,0.003
2022-09-22T03:00:00+03:00,PM10,0.003
2022-09-22T03:00:00+03:00,NO,0.005
2022-09-22T03:00:00+03:00,NO2,0.035
2022-09-22T03:00:00+03:00,CO,0.09
2022-09-22T03:00:00+03:00,PM2.5,0.003
2022-09-22T04:00:00+03:00,NO,0.002
2022-09-22T04:00:00+03:00,NO2,0.023
2022-09-22T04:00:00+03:00,PM2.5,0.003
2022-09-22T04:00:00+03:00,PM10,0.003
2022-09-22T04:00:00+03:00,CO,0.07
2022-09-22T05:00:00+03:00,CO,0.07
2022-09-22T05:00:00+03:00,PM2.5,0.003
2022-09-22T05:00:00+03:00,NO,0.003
2022-09-22T05:00:00+03:00,NO2,0.022
2022-09-22T05:00:00+03:00,PM10,0.003
2022-09-22T06:00:00+03:00,PM2.5,0.004
2022-09-22T06:00:00+03:00,PM10,0.004
2022-09-22T06:00:00+03:00,NO,0.008
2022-09-22T06:00:00+03:00,CO,0.11
2022-09-22T06:00:00+03:00,NO2,0.027
2022-09-22T07:00:00+03:00,CO,0.14
2022-09-22T07:00:00+03:00,PM2.5,0.005
2022-09-22T07:00:00+03:00,NO2,0.027
2022-09-22T07:00:00+03:00,PM10,0.005
2022-09-22T07:00:00+03:00,NO,0.01
2022-09-22T08:00:00+03:00,CO,0.19
2022-09-22T08:00:00+03:00,NO2,0.033
2022-09-22T08:00:00+03:00,PM2.5,0.007
2022-09-22T08:00:00+03:00,PM10,0.007
2022-09-22T08:00:00+03:00,NO,0.02
2022-09-22T09:00:00+03:00,NO,0.013
2022-09-22T09:00:00+03:00,NO2,0.029
2022-09-22T09:00:00+03:00,PM10,0.006
2022-09-22T09:00:00+03:00,CO,0.15
2022-09-22T09:00:00+03:00,PM2.5,0.006
2022-09-22T10:00:00+03:00,NO2,0.029
2022-09-22T10:00:00+03:00,CO,0.16
2022-09-22T10:00:00+03:00,NO,0.012
2022-09-22T10:00:00+03:00,PM2.5,0.008
2022-09-22T10:00:00+03:00,PM10,0.008
2022-09-22T11:00:00+03:00,NO2,
2022-09-22T11:00:00+03:00,PM10,0.008
2022-09-22T11:00:00+03:00,CO,0.13
2022-09-22T11:00:00+03:00,PM2.5,0.008
2022-09-22T11:00:00+03:00,NO,
2022-09-22T12:00:00+03:00,NO2,0.033
2022-09-22T12:00:00+03:00,PM10,0.008
2022-09-22T12:00:00+03:00,NO,0.011
2022-09-22T12:00:00+03:00,PM2.5,0.008
2022-09-22T12:00:00+03:00,CO,0.15
2022-09-22T13:00:00+03:00,NO2,0.032
2022-09-22T13:00:00+03:00,PM10,0.006
2022-09-22T13:00:00+03:00,NO,0.012
2022-09-22T13:00:00+03:00,PM2.5,0.006
2022-09-22T13:00:00+03:00,CO,0.14
2022-09-22T14:00:00+03:00,CO,0.13
2022-09-22T14:00:00+03:00,NO2,0.029
2022-09-22T14:00:00+03:00,NO,0.01
2022-09-22T14:00:00+03:00,PM2.5,0.006
2022-09-22T14:00:00+03:00,PM10,0.006
2022-09-22T15:00:00+03:00,NO2,0.032
2022-09-22T15:00:00+03:00,PM2.5,0.005
2022-09-22T15:00:00+03:00,PM10,0.005
2022-09-22T15:00:00+03:00,CO,0.14
2022-09-22T15:00:00+03:00,NO,0.008
2022-09-22T16:00:00+03:00,PM10,0.007
2022-09-22T16:00:00+03:00,NO,0.016
2022-09-22T16:00:00+03:00,NO2,0.046
2022-09-22T16:00:00+03:00,CO,0.19
2022-09-22T16:00:00+03:00,PM2.5,0.007
2022-09-22T17:00:00+03:00,PM2.5,0.008
2022-09-22T17:00:00+03:00,NO2,0.053
2022-09-22T17:00:00+03:00,NO,0.02
2022-09-22T17:00:00+03:00,PM10,0.008
2022-09-22T17:00:00+03:00,CO,0.2
2022-09-22T18:00:00+03:00,NO,0.034
2022-09-22T18:00:00+03:00,PM2.5,0.008
2022-09-22T18:00:00+03:00,PM10,0.008
2022-09-22T18:00:00+03:00,NO2,0.066
2022-09-22T18:00:00+03:00,CO,0.33
2022-09-22T19:00:00+03:00,PM10,0.009
2022-09-22T19:00:00+03:00,PM2.5,0.009
2022-09-22T19:00:00+03:00,NO2,0.067
2022-09-22T19:00:00+03:00,CO,0.41
2022-09-22T19:00:00+03:00,NO,0.047
2022-09-22T20:00:00+03:00,NO,0.051
2022-09-22T20:00:00+03:00,NO2,0.061
2022-09-22T20:00:00+03:00,PM2.5,0.009
2022-09-22T20:00:00+03:00,CO,0.42
2022-09-22T20:00:00+03:00,PM10,0.009
2022-09-22T21:00:00+03:00,PM2.5,0.008
2022-09-22T21:00:00+03:00,NO,0.046
2022-09-22T21:00:00+03:00,CO,0.37
2022-09-22T21:00:00+03:00,NO2,0.056
2022-09-22T21:00:00+03:00,PM10,0.008
2022-09-22T22:00:00+03:00,NO,0.091
2022-09-22T22:00:00+03:00,PM2.5,0.011
2022-09-22T22:00:00+03:00,PM10,0.011
2022-09-22T22:00:00+03:00,CO,0.56
2022-09-22T22:00:00+03:00,NO2,0.052
2022-09-22T23:00:00+03:00,NO2,0.047
2022-09-22T23:00:00+03:00,NO,0.104
2022-09-22T23:00:00+03:00,PM10,0.011
2022-09-22T23:00:00+03:00,CO,0.62
2022-09-22T23:00:00+03:00,PM2.5,0.012
2022-09-23T00:00:00+03:00,CO,0.63
2022-09-23T00:00:00+03:00,PM2.5,0.012
2022-09-23T00:00:00+03:00,NO,0.093
2022-09-23T00:00:00+03:00,PM10,0.012
2022-09-23T00:00:00+03:00,NO2,0.047
2022-09-23T01:00:00+03:00,PM10,0.009
2022-09-23T01:00:00+03:00,CO,0.4
2022-09-23T01:00:00+03:00,NO,0.051
2022-09-23T01:00:00+03:00,PM2.5,0.009
2022-09-23T01:00:00+03:00,NO2,0.045
2022-09-23T02:00:00+03:00,NO,0.027
2022-09-23T02:00:00+03:00,NO2,0.039
2022-09-23T02:00:00+03:00,CO,0.33
2022-09-23T02:00:00+03:00,PM2.5,0.006
2022-09-23T02:00:00+03:00,PM10,0.006
2022-09-23T03:00:00+03:00,PM10,0.006
2022-09-23T03:00:00+03:00,CO,0.25
2022-09-23T03:00:00+03:00,NO,0.014
2022-09-23T03:00:00+03:00,NO2,0.036
2022-09-23T03:00:00+03:00,PM2.5,0.006
2022-09-23T04:00:00+03:00,NO,0.009
2022-09-23T04:00:00+03:00,CO,0.12
2022-09-23T04:00:00+03:00,PM10,0.003
2022-09-23T04:00:00+03:00,NO2,0.033
2022-09-23T04:00:00+03:00,PM2.5,0.004
2022-09-23T05:00:00+03:00,PM2.5,0.003
2022-09-23T05:00:00+03:00,NO2,0.03
2022-09-23T05:00:00+03:00,NO,0.006
2022-09-23T05:00:00+03:00,CO,0.11
2022-09-23T05:00:00+03:00,PM10,0.003
2022-09-23T06:00:00+03:00,PM2.5,0.003
2022-09-23T06:00:00+03:00,CO,0.11
2022-09-23T06:00:00+03:00,NO,0.007
2022-09-23T06:00:00+03:00,PM10,0.003
2022-09-23T06:00:00+03:00,NO2,0.031
2022-09-23T07:00:00+03:00,CO,0.25
2022-09-23T07:00:00+03:00,PM2.5,0.003
2022-09-23T07:00:00+03:00,NO,0.03
2022-09-23T07:00:00+03:00,PM10,0.003
2022-09-23T07:00:00+03:00,NO2,0.04
2022-09-23T08:00:00+03:00,NO,0.065
2022-09-23T08:00:00+03:00,CO,0.39
2022-09-23T08:00:00+03:00,NO2,0.045
2022-09-23T08:00:00+03:00,PM2.5,0.005
2022-09-23T08:00:00+03:00,PM10,0.005
2022-09-23T09:00:00+03:00,CO,0.38
2022-09-23T09:00:00+03:00,NO,0.062
2022-09-23T09:00:00+03:00,NO2,0.051
2022-09-23T09:00:00+03:00,PM10,0.006
2022-09-23T09:00:00+03:00,PM2.5,0.006
2022-09-23T10:00:00+03:00,NO,0.029
2022-09-23T10:00:00+03:00,PM10,0.004
2022-09-23T10:00:00+03:00,PM2.5,0.004
2022-09-23T10:00:00+03:00,CO,0.23
2022-09-23T10:00:00+03:00,NO2,0.046
2022-09-23T11:00:00+03:00,CO,0.15
2022-09-23T11:00:00+03:00,PM2.5,0.004
2022-09-23T11:00:00+03:00,NO2,0.04
2022-09-23T11:00:00+03:00,NO,0.015
2022-09-23T11:00:00+03:00,PM10,0.004
2022-09-23T12:00:00+03:00,NO2,0.05
2022-09-23T12:00:00+03:00,NO,0.022
2022-09-23T12:00:00+03:00,PM10,0.006
2022-09-23T12:00:00+03:00,PM2.5,0.006
2022-09-23T12:00:00+03:00,CO,0.2
2022-09-23T13:00:00+03:00,PM2.5,0.004
2022-09-23T13:00:00+03:00,NO,0.026
2022-09-23T13:00:00+03:00,NO2,0.048
2022-09-23T13:00:00+03:00,CO,0.2
2022-09-23T13:00:00+03:00,PM10,0.004
2022-09-23T14:00:00+03:00,PM2.5,0.003
2022-09-23T14:00:00+03:00,NO,0.028
2022-09-23T14:00:00+03:00,PM10,0.003
2022-09-23T14:00:00+03:00,CO,0.22
2022-09-23T14:00:00+03:00,NO2,0.049
2022-09-23T15:00:00+03:00,NO,0.022
2022-09-23T15:00:00+03:00,CO,0.19
2022-09-23T15:00:00+03:00,PM2.5,0.004
2022-09-23T15:00:00+03:00,PM10,0.005
2022-09-23T15:00:00+03:00,NO2,0.051
2022-09-23T16:00:00+03:00,PM2.5,0.005
2022-09-23T16:00:00+03:00,NO,0.041
2022-09-23T16:00:00+03:00,PM10,0.005
2022-09-23T16:00:00+03:00,CO,0.27
2022-09-23T16:00:00+03:00,NO2,0.063
2022-09-23T17:00:00+03:00,PM2.5,0.005
2022-09-23T17:00:00+03:00,CO,0.23
2022-09-23T17:00:00+03:00,PM10,0.005
2022-09-23T17:00:00+03:00,NO2,0.068
2022-09-23T17:00:00+03:00,NO,0.028
2022-09-23T18:00:00+03:00,NO2,0.068
2022-09-23T18:00:00+03:00,CO,0.26
2022-09-23T18:00:00+03:00,PM10,0.006
2022-09-23T18:00:00+03:00,NO,0.025
2022-09-23T18:00:00+03:00,PM2.5,0.006
2022-09-23T19:00:00+03:00,NO2,0.058
2022-09-23T19:00:00+03:00,PM10,0.006
2022-09-23T19:00:00+03:00,PM2.5,0.006
2022-09-23T19:00:00+03:00,CO,0.29
2022-09-23T19:00:00+03:00,NO,0.034
2022-09-23T20:00:00+03:00,NO2,0.059
2022-09-23T20:00:00+03:00,CO,0.29
2022-09-23T20:00:00+03:00,PM10,0.006
2022-09-23T20:00:00+03:00,PM2.5,0.006
2022-09-23T20:00:00+03:00,NO,0.037
2022-09-23T21:00:00+03:00,CO,0.23
2022-09-23T21:00:00+03:00,NO2,0.051
2022-09-23T21:00:00+03:00,NO,0.023
2022-09-23T21:00:00+03:00,PM10,0.004
2022-09-23T21:00:00+03:00,PM2.5,0.004
2022-09-23T22:00:00+03:00,NO2,0.05
2022-09-23T22:00:00+03:00,PM2.5,0.004
2022-09-23T22:00:00+03:00,NO,0.024
2022-09-23T22:00:00+03:00,CO,0.27
2022-09-23T22:00:00+03:00,PM10,0.004
2022-09-23T23:00:00+03:00,NO,0.055
2022-09-23T23:00:00+03:00,PM2.5,0.004
2022-09-23T23:00:00+03:00,PM10,0.004
2022-09-23T23:00:00+03:00,NO2,0.049
2022-09-23T23:00:00+03:00,CO,0.28
2022-09-24T00:00:00+03:00,NO2,0.046
2022-09-24T00:00:00+03:00,NO,0.058
2022-09-24T00:00:00+03:00,PM10,0.004
2022-09-24T00:00:00+03:00,PM2.5,0.004
2022-09-24T00:00:00+03:00,CO,0.29
2022-09-24T01:00:00+03:00,CO,0.25
2022-09-24T01:00:00+03:00,NO2,0.046
2022-09-24T01:00:00+03:00,PM2.5,0.003
2022-09-24T01:00:00+03:00,PM10,0.003
2022-09-24T01:00:00+03:00,NO,0.046
2022-09-24T02:00:00+03:00,PM2.5,0.002
2022-09-24T02:00:00+03:00,PM10,0.002
2022-09-24T02:00:00+03:00,NO2,0.043
2022-09-24T02:00:00+03:00,NO,0.043
2022-09-24T02:00:00+03:00,CO,0.19
2022-09-24T03:00:00+03:00,PM2.5,0.001
2022-09-24T03:00:00+03:00,CO,0.15
2022-09-24T03:00:00+03:00,PM10,0.001
2022-09-24T03:00:00+03:00,NO,0.03
2022-09-24T03:00:00+03:00,NO2,0.04
2022-09-24T04:00:00+03:00,CO,0.14
2022-09-24T04:00:00+03:00,NO2,0.033
2022-09-24T04:00:00+03:00,NO,0.023
2022-09-24T04:00:00+03:00,PM2.5,0
2022-09-24T04:00:00+03:00,PM10,0
2022-09-24T05:00:00+03:00,PM2.5,0
2022-09-24T05:00:00+03:00,PM10,0
2022-09-24T05:00:00+03:00,NO,0.025
2022-09-24T05:00:00+03:00,NO2,0.026
2022-09-24T05:00:00+03:00,CO,0.09
2022-09-24T06:00:00+03:00,PM10,0
2022-09-24T06:00:00+03:00,NO2,0.028
2022-09-24T06:00:00+03:00,PM2.5,0
2022-09-24T06:00:00+03:00,CO,0.13
2022-09-24T06:00:00+03:00,NO,0.03
2022-09-24T07:00:00+03:00,NO2,0.03
2022-09-24T07:00:00+03:00,PM2.5,0
2022-09-24T07:00:00+03:00,PM10,0
2022-09-24T07:00:00+03:00,CO,0.13
2022-09-24T07:00:00+03:00,NO,0.026
2022-09-24T08:00:00+03:00,PM10,0
2022-09-24T08:00:00+03:00,CO,0.15
2022-09-24T08:00:00+03:00,NO,0.037
2022-09-24T08:00:00+03:00,NO2,0.03
2022-09-24T08:00:00+03:00,PM2.5,0
2022-09-24T09:00:00+03:00,CO,0.22
2022-09-24T09:00:00+03:00,PM10,0
2022-09-24T09:00:00+03:00,NO2,0.026
2022-09-24T09:00:00+03:00,NO,0.042
2022-09-24T09:00:00+03:00,PM2.5,0
2022-09-24T10:00:00+03:00,PM10,0.001
2022-09-24T10:00:00+03:00,NO2,0.029
2022-09-24T10:00:00+03:00,CO,0.24
2022-09-24T10:00:00+03:00,NO,0.056
2022-09-24T10:00:00+03:00,PM2.5,0.001
2022-09-24T11:00:00+03:00,CO,0.3
2022-09-24T11:00:00+03:00,PM2.5,0.001
2022-09-24T11:00:00+03:00,PM10,0.001
2022-09-24T11:00:00+03:00,NO2,0.033
2022-09-24T11:00:00+03:00,NO,0.061
2022-09-24T12:00:00+03:00,NO2,0.031
2022-09-24T12:00:00+03:00,PM2.5,0.001
2022-09-24T12:00:00+03:00,PM10,0.001
2022-09-24T12:00:00+03:00,NO,0.068
2022-09-24T12:00:00+03:00,CO,0.35
2022-09-24T13:00:00+03:00,PM2.5,0.001
2022-09-24T13:00:00+03:00,PM10,0.001
2022-09-24T13:00:00+03:00,CO,0.38
2022-09-24T13:00:00+03:00,NO2,0.035
2022-09-24T13:00:00+03:00,NO,0.079
2022-09-24T14:00:00+03:00,NO2,0.036
2022-09-24T14:00:00+03:00,CO,0.42
2022-09-24T14:00:00+03:00,PM2.5,0.002
2022-09-24T14:00:00+03:00,NO,0.078
2022-09-24T14:00:00+03:00,PM10,0.002
2022-09-24T15:00:00+03:00,PM2.5,0.002
2022-09-24T15:00:00+03:00,CO,0.42
2022-09-24T15:00:00+03:00,PM10,0.002
2022-09-24T15:00:00+03:00,NO2,0.034
2022-09-24T15:00:00+03:00,NO,0.077
2022-09-24T16:00:00+03:00,NO2,0.031
2022-09-24T16:00:00+03:00,PM2.5,0.002
2022-09-24T16:00:00+03:00,PM10,0.002
2022-09-24T16:00:00+03:00,CO,0.46
2022-09-24T16:00:00+03:00,NO,0.071
2022-09-24T17:00:00+03:00,CO,0.44
2022-09-24T17:00:00+03:00,NO2,0.034
2022-09-24T17:00:00+03:00,PM2.5,0.002
2022-09-24T17:00:00+03:00,NO,0.083
2022-09-24T17:00:00+03:00,PM10,0.002
2022-09-24T18:00:00+03:00,PM10,0.002
2022-09-24T18:00:00+03:00,NO,0.076
2022-09-24T18:00:00+03:00,NO2,0.031
2022-09-24T18:00:00+03:00,PM2.5,0.002
2022-09-24T18:00:00+03:00,CO,0.41
2022-09-24T19:00:00+03:00,NO2,0.031
2022-09-24T19:00:00+03:00,CO,0.36
2022-09-24T19:00:00+03:00,PM2.5,0.003
2022-09-24T19:00:00+03:00,NO,0.066
2022-09-24T19:00:00+03:00,PM10,0.003
2022-09-24T20:00:00+03:00,PM2.5,0.001
2022-09-24T20:00:00+03:00,PM10,0.001
2022-09-24T20:00:00+03:00,CO,0.23
2022-09-24T20:00:00+03:00,NO2,0.026
2022-09-24T20:00:00+03:00,NO,0.031
2022-09-24T21:00:00+03:00,PM2.5,0.001
2022-09-24T21:00:00+03:00,PM10,0.001
2022-09-24T21:00:00+03:00,CO,0.28
2022-09-24T21:00:00+03:00,NO2,0.025
2022-09-24T21:00:00+03:00,NO,0.034
2022-09-24T22:00:00+03:00,CO,0.24
2022-09-24T22:00:00+03:00,NO,0.033
2022-09-24T22:00:00+03:00,PM2.5,0.001
2022-09-24T22:00:00+03:00,NO2,0.026
2022-09-24T22:00:00+03:00,PM10,0.001
2022-09-24T23:00:00+03:00,NO,0.036
2022-09-24T23:00:00+03:00,CO,0.31
2022-09-24T23:00:00+03:00,NO2,0.024
2022-09-24T23:00:00+03:00,PM2.5,0.001
2022-09-24T23:00:00+03:00,PM10,0.001
2022-09-25T00:00:00+03:00,CO,0.21
2022-09-25T00:00:00+03:00,NO2,0.023
2022-09-25T00:00:00+03:00,PM2.5,0.001
2022-09-25T00:00:00+03:00,NO,0.036
2022-09-25T00:00:00+03:00,PM10,0.001
2022-09-25T01:00:00+03:00,PM2.5,0.001
2022-09-25T01:00:00+03:00,PM10,0.001
2022-09-25T01:00:00+03:00,CO,0.14
2022-09-25T01:00:00+03:00,NO,0.019
2022-09-25T01:00:00+03:00,NO2,0.019
2022-09-25T02:00:00+03:00,CO,0.1
2022-09-25T02:00:00+03:00,NO,0.014
2022-09-25T02:00:00+03:00,PM2.5,0
2022-09-25T02:00:00+03:00,PM10,0
2022-09-25T02:00:00+03:00,NO2,0.02
2022-09-25T03:00:00+03:00,NO,0.013
2022-09-25T03:00:00+03:00,PM2.5,0
2022-09-25T03:00:00+03:00,PM10,0
2022-09-25T03:00:00+03:00,NO2,0.017
2022-09-25T03:00:00+03:00,CO,0.08
2022-09-25T04:00:00+03:00,PM2.5,0
2022-09-25T04:00:00+03:00,NO,0.018
2022-09-25T04:00:00+03:00,PM10,0.001
2022-09-25T04:00:00+03:00,CO,0.08
2022-09-25T04:00:00+03:00,NO2,0.017
2022-09-25T05:00:00+03:00,CO,0.11
2022-09-25T05:00:00+03:00,NO2,0.018
2022-09-25T05:00:00+03:00,PM2.5,0.001
2022-09-25T05:00:00+03:00,NO,0.023
2022-09-25T05:00:00+03:00,PM10,0.001
2022-09-25T06:00:00+03:00,NO,0.016
2022-09-25T06:00:00+03:00,CO,0.11
2022-09-25T06:00:00+03:00,NO2,0.022
2022-09-25T06:00:00+03:00,PM2.5,0.001
2022-09-25T06:00:00+03:00,PM10,0.001
2022-09-25T07:00:00+03:00,PM2.5,0.001
2022-09-25T07:00:00+03:00,PM10,0.001
2022-09-25T07:00:00+03:00,NO2,0.018
2022-09-25T07:00:00+03:00,NO,0.017
2022-09-25T07:00:00+03:00,CO,0.11
2022-09-25T08:00:00+03:00,CO,0.11
2022-09-25T08:00:00+03:00,PM2.5,0.001
2022-09-25T08:00:00+03:00,PM10,0.001
2022-09-25T08:00:00+03:00,NO2,0.018
2022-09-25T08:00:00+03:00,NO,0.015
2022-09-25T09:00:00+03:00,PM2.5,0.001
2022-09-25T09:00:00+03:00,NO,0.018
2022-09-25T09:00:00+03:00,PM10,0.001
2022-09-25T09:00:00+03:00,NO2,0.018
2022-09-25T09:00:00+03:00,CO,0.13
2022-09-25T10:00:00+03:00,PM2.5,0.002
2022-09-25T10:00:00+03:00,PM10,0.002
2022-09-25T10:00:00+03:00,CO,0.15
2022-09-25T10:00:00+03:00,NO,0.02
2022-09-25T10:00:00+03:00,NO2,0.017
2022-09-25T11:00:00+03:00,NO2,0.015
2022-09-25T11:00:00+03:00,PM2.5,0.002
2022-09-25T11:00:00+03:00,PM10,0.002
2022-09-25T11:00:00+03:00,CO,0.13
2022-09-25T11:00:00+03:00,NO,0.018
2022-09-25T12:00:00+03:00,PM2.5,0.002
2022-09-25T12:00:00+03:00,NO,0.016
2022-09-25T12:00:00+03:00,PM10,0.002
2022-09-25T12:00:00+03:00,CO,0.14
2022-09-25T12:00:00+03:00,NO2,0.017
2022-09-25T13:00:00+03:00,NO2,0.02
2022-09-25T13:00:00+03:00,PM10,0.003
2022-09-25T13:00:00+03:00,NO,0.021
2022-09-25T13:00:00+03:00,PM2.5,0.002
2022-09-25T13:00:00+03:00,CO,0.17
2022-09-25T14:00:00+03:00,PM10,0.005
2022-09-25T14:00:00+03:00,PM2.5,0.004
2022-09-25T14:00:00+03:00,NO,0.025
2022-09-25T14:00:00+03:00,CO,0.22
2022-09-25T14:00:00+03:00,NO2,0.024
2022-09-25T15:00:00+03:00,CO,0.28
2022-09-25T15:00:00+03:00,PM10,0.004
2022-09-25T15:00:00+03:00,PM2.5,0.004
2022-09-25T15:00:00+03:00,NO2,0.025
2022-09-25T15:00:00+03:00,NO,0.029
2022-09-25T16:00:00+03:00,PM2.5,0.004
2022-09-25T16:00:00+03:00,NO2,0.026
2022-09-25T16:00:00+03:00,PM10,0.004
2022-09-25T16:00:00+03:00,CO,0.31
2022-09-25T16:00:00+03:00,NO,0.033
2022-09-25T17:00:00+03:00,NO,0.029
2022-09-25T17:00:00+03:00,CO,0.29
2022-09-25T17:00:00+03:00,PM2.5,0.004
2022-09-25T17:00:00+03:00,PM10,0.004
2022-09-25T17:00:00+03:00,NO2,0.024
2022-09-25T18:00:00+03:00,CO,0.38
2022-09-25T18:00:00+03:00,NO,0.055
2022-09-25T18:00:00+03:00,NO2,0.03
2022-09-25T18:00:00+03:00,PM2.5,0.005
2022-09-25T18:00:00+03:00,PM10,0.005
2022-09-25T19:00:00+03:00,PM2.5,0.008
2022-09-25T19:00:00+03:00,NO2,0.03
2022-09-25T19:00:00+03:00,PM10,0.008
2022-09-25T19:00:00+03:00,CO,0.69
2022-09-25T19:00:00+03:00,NO,0.12
2022-09-25T20:00:00+03:00,PM2.5,0.008
2022-09-25T20:00:00+03:00,PM10,0.008
2022-09-25T20:00:00+03:00,CO,0.85
2022-09-25T20:00:00+03:00,NO,0.145
2022-09-25T20:00:00+03:00,NO2,0.03
2022-09-25T21:00:00+03:00,NO,0.117
2022-09-25T21:00:00+03:00,CO,0.65
2022-09-25T21:00:00+03:00,NO2,0.031
2022-09-25T21:00:00+03:00,PM2.5,0.008
2022-09-25T21:00:00+03:00,PM10,0.008
2022-09-25T22:00:00+03:00,NO2,0.027
2022-09-25T22:00:00+03:00,PM10,0.009
2022-09-25T22:00:00+03:00,PM2.5,0.01
2022-09-25T22:00:00+03:00,CO,0.65
2022-09-25T22:00:00+03:00,NO,0.101
2022-09-25T23:00:00+03:00,PM2.5,0.008
2022-09-25T23:00:00+03:00,PM10,0.008
2022-09-25T23:00:00+03:00,NO2,0.029
2022-09-25T23:00:00+03:00,CO,0.65
2022-09-25T23:00:00+03:00,NO,0.106
2022-09-26T00:00:00+03:00,NO2,0.028
2022-09-26T00:00:00+03:00,CO,0.6
2022-09-26T00:00:00+03:00,PM2.5,0.006
2022-09-26T00:00:00+03:00,NO,0.094
2022-09-26T00:00:00+03:00,PM10,0.006
2022-09-26T01:00:00+03:00,NO,0.095
2022-09-26T01:00:00+03:00,PM10,0.007
2022-09-26T01:00:00+03:00,PM2.5,0.007
2022-09-26T01:00:00+03:00,CO,0.6
2022-09-26T01:00:00+03:00,NO2,0.026
2022-09-26T02:00:00+03:00,CO,0.54
2022-09-26T02:00:00+03:00,NO,0.09
2022-09-26T02:00:00+03:00,PM10,0.006
2022-09-26T02:00:00+03:00,PM2.5,0.007
2022-09-26T02:00:00+03:00,NO2,0.028
2022-09-26T03:00:00+03:00,NO,0.081
2022-09-26T03:00:00+03:00,PM10,0.007
2022-09-26T03:00:00+03:00,NO2,0.025
2022-09-26T03:00:00+03:00,CO,0.51
2022-09-26T03:00:00+03:00,PM2.5,0.007
2022-09-26T04:00:00+03:00,CO,0.49
2022-09-26T04:00:00+03:00,NO,0.068
2022-09-26T04:00:00+03:00,NO2,0.024
2022-09-26T04:00:00+03:00,PM2.5,0.007
2022-09-26T04:00:00+03:00,PM10,0.007
2022-09-26T05:00:00+03:00,PM10,0.006
2022-09-26T05:00:00+03:00,NO2,0.024
2022-09-26T05:00:00+03:00,CO,0.44
2022-09-26T05:00:00+03:00,PM2.5,0.006
2022-09-26T05:00:00+03:00,NO,0.056
2022-09-26T06:00:00+03:00,CO,0.33
2022-09-26T06:00:00+03:00,PM2.5,0.006
2022-09-26T06:00:00+03:00,NO2,0.028
2022-09-26T06:00:00+03:00,NO,0.05
2022-09-26T06:00:00+03:00,PM10,0.006
2022-09-26T07:00:00+03:00,PM10,0.003
2022-09-26T07:00:00+03:00,NO2,0.026
2022-09-26T07:00:00+03:00,CO,0.26
2022-09-26T07:00:00+03:00,PM2.5,0.003
2022-09-26T07:00:00+03:00,NO,0.034
2022-09-26T08:00:00+03:00,PM2.5,0.003
2022-09-26T08:00:00+03:00,NO2,0.023
2022-09-26T08:00:00+03:00,CO,0.36
2022-09-26T08:00:00+03:00,PM10,0.003
2022-09-26T08:00:00+03:00,NO,0.055
2022-09-26T09:00:00+03:00,PM2.5,0.002
2022-09-26T09:00:00+03:00,NO2,0.019
2022-09-26T09:00:00+03:00,NO,0.054
2022-09-26T09:00:00+03:00,PM10,0.002
2022-09-26T09:00:00+03:00,CO,0.35
2022-09-26T10:00:00+03:00,PM10,0.002
2022-09-26T10:00:00+03:00,CO,0.25
2022-09-26T10:00:00+03:00,PM2.5,0.001
2022-09-26T10:00:00+03:00,NO,0.037
2022-09-26T10:00:00+03:00,NO2,0.017
2022-09-26T11:00:00+03:00,PM10,0.002
2022-09-26T11:00:00+03:00,NO,0.03
2022-09-26T11:00:00+03:00,PM2.5,0.002
2022-09-26T11:00:00+03:00,NO2,0.017
2022-09-26T11:00:00+03:00,CO,0.19
2022-09-26T12:00:00+03:00,PM10,0.003
2022-09-26T12:00:00+03:00,PM2.5,0.002
2022-09-26T12:00:00+03:00,NO,0.034
2022-09-26T12:00:00+03:00,NO2,0.016
2022-09-26T12:00:00+03:00,CO,0.21
2022-09-26T13:00:00+03:00,CO,0.23
2022-09-26T13:00:00+03:00,PM10,0.003
2022-09-26T13:00:00+03:00,PM2.5,0.002
2022-09-26T13:00:00+03:00,NO2,0.017
2022-09-26T13:00:00+03:00,NO,0.033
2022-09-26T14:00:00+03:00,NO2,0.016
2022-09-26T14:00:00+03:00,PM10,0.003
2022-09-26T14:00:00+03:00,PM2.5,0.003
2022-09-26T14:00:00+03:00,NO,0.031
2022-09-26T14:00:00+03:00,CO,0.24
2022-09-26T15:00:00+03:00,PM10,0.002
2022-09-26T15:00:00+03:00,NO2,0.016
2022-09-26T15:00:00+03:00,CO,0.19
2022-09-26T15:00:00+03:00,NO,0.026
2022-09-26T15:00:00+03:00,PM2.5,0.002
2022-09-26T16:00:00+03:00,PM2.5,0.002
2022-09-26T16:00:00+03:00,NO,0.042
2022-09-26T16:00:00+03:00,NO2,0.02
2022-09-26T16:00:00+03:00,PM10,0.002
2022-09-26T16:00:00+03:00,CO,0.23
2022-09-26T17:00:00+03:00,NO,0.03
2022-09-26T17:00:00+03:00,PM10,0.002
2022-09-26T17:00:00+03:00,CO,0.2
2022-09-26T17:00:00+03:00,PM2.5,0.002
2022-09-26T17:00:00+03:00,NO2,0.019
2022-09-26T18:00:00+03:00,PM2.5,0.003
2022-09-26T18:00:00+03:00,NO,0.05
2022-09-26T18:00:00+03:00,NO2,0.02
2022-09-26T18:00:00+03:00,CO,0.32
2022-09-26T18:00:00+03:00,PM10,0.003
2022-09-26T19:00:00+03:00,NO,0.038
2022-09-26T19:00:00+03:00,PM10,0.004
2022-09-26T19:00:00+03:00,NO2,0.021
2022-09-26T19:00:00+03:00,CO,0.27
2022-09-26T19:00:00+03:00,PM2.5,0.004
2022-09-26T20:00:00+03:00,PM10,0.003
2022-09-26T20:00:00+03:00,CO,0.69
2022-09-26T20:00:00+03:00,PM2.5,0.003
2022-09-26T20:00:00+03:00,NO2,0.023
2022-09-26T20:00:00+03:00,NO,0.06
2022-09-26T21:00:00+03:00,PM2.5,0.003
2022-09-26T21:00:00+03:00,NO2,0.021
2022-09-26T21:00:00+03:00,CO,0.33
2022-09-26T21:00:00+03:00,NO,0.054
2022-09-26T21:00:00+03:00,PM10,0.003
2022-09-26T22:00:00+03:00,PM2.5,0.005
2022-09-26T22:00:00+03:00,NO2,0.023
2022-09-26T22:00:00+03:00,PM10,0.005
2022-09-26T22:00:00+03:00,CO,0.38
2022-09-26T22:00:00+03:00,NO,0.058
2022-09-26T23:00:00+03:00,CO,0.38
2022-09-26T23:00:00+03:00,PM10,0.003
2022-09-26T23:00:00+03:00,NO2,0.023
2022-09-26T23:00:00+03:00,PM2.5,0.003
2022-09-26T23:00:00+03:00,NO,0.057
2022-09-27T00:00:00+03:00,CO,0.38
2022-09-27T00:00:00+03:00,PM2.5,0.005
2022-09-27T00:00:00+03:00,NO2,0.022
2022-09-27T00:00:00+03:00,NO,0.079
2022-09-27T00:00:00+03:00,PM10,0.005
2022-09-27T01:00:00+03:00,PM2.5,0.005
2022-09-27T01:00:00+03:00,NO2,0.023
2022-09-27T01:00:00+03:00,CO,0.41
2022-09-27T01:00:00+03:00,NO,0.109
2022-09-27T01:00:00+03:00,PM10,0.005
2022-09-27T02:00:00+03:00,PM2.5,0.005
2022-09-27T02:00:00+03:00,NO,0.143
2022-09-27T02:00:00+03:00,CO,0.57
2022-09-27T02:00:00+03:00,NO2,0.023
2022-09-27T02:00:00+03:00,PM10,0.005
2022-09-27T03:00:00+03:00,PM2.5,0.004
2022-09-27T03:00:00+03:00,PM10,0.003
2022-09-27T03:00:00+03:00,NO,0.08
2022-09-27T03:00:00+03:00,CO,0.41
2022-09-27T03:00:00+03:00,NO2,0.022
2022-09-27T04:00:00+03:00,CO,0.35
2022-09-27T04:00:00+03:00,PM2.5,0.002
2022-09-27T04:00:00+03:00,NO,0.09
2022-09-27T04:00:00+03:00,NO2,0.022
2022-09-27T04:00:00+03:00,PM10,0.001
2022-09-27T05:00:00+03:00,PM2.5,0.005
2022-09-27T05:00:00+03:00,PM10,0.004
2022-09-27T05:00:00+03:00,CO,0.29
2022-09-27T05:00:00+03:00,NO2,0.026
2022-09-27T05:00:00+03:00,NO,0.112
2022-09-27T06:00:00+03:00,NO2,0.022
2022-09-27T06:00:00+03:00,PM2.5,0.001
2022-09-27T06:00:00+03:00,NO,0.06
2022-09-27T06:00:00+03:00,PM10,0.001
2022-09-27T06:00:00+03:00,CO,0.56
2022-09-27T07:00:00+03:00,PM10,0.003
2022-09-27T07:00:00+03:00,NO2,0.032
2022-09-27T07:00:00+03:00,NO,0.152
2022-09-27T07:00:00+03:00,PM2.5,0.003
2022-09-27T07:00:00+03:00,CO,0.98
2022-09-27T08:00:00+03:00,PM2.5,0.016
2022-09-27T08:00:00+03:00,NO2,0.041
2022-09-27T08:00:00+03:00,PM10,0.015
2022-09-27T08:00:00+03:00,NO,0.382
2022-09-27T08:00:00+03:00,CO,1.45
2022-09-27T09:00:00+03:00,PM2.5,0.015
2022-09-27T09:00:00+03:00,NO,0.357
2022-09-27T09:00:00+03:00,CO,1.65
2022-09-27T09:00:00+03:00,PM10,0.017
2022-09-27T09:00:00+03:00,NO2,0.048
2022-09-27T10:00:00+03:00,CO,0.54
2022-09-27T10:00:00+03:00,NO,0.096
2022-09-27T10:00:00+03:00,NO2,0.033
2022-09-27T10:00:00+03:00,PM10,0.006
2022-09-27T10:00:00+03:00,PM2.5,0.005
2022-09-27T11:00:00+03:00,NO2,0.028
2022-09-27T11:00:00+03:00,PM10,0.002
2022-09-27T11:00:00+03:00,NO,0.036
2022-09-27T11:00:00+03:00,CO,0.25
2022-09-27T11:00:00+03:00,PM2.5,0.002
2022-09-27T12:00:00+03:00,CO,0.23
2022-09-27T12:00:00+03:00,PM2.5,0.003
2022-09-27T12:00:00+03:00,PM10,0.004
2022-09-27T12:00:00+03:00,NO2,0.03
2022-09-27T12:00:00+03:00,NO,0.028
2022-09-27T13:00:00+03:00,NO2,0.024
2022-09-27T13:00:00+03:00,NO,0.02
2022-09-27T13:00:00+03:00,PM2.5,0.004
2022-09-27T13:00:00+03:00,PM10,0.004
2022-09-27T13:00:00+03:00,CO,0.2
2022-09-27T14:00:00+03:00,NO,0.015
2022-09-27T14:00:00+03:00,CO,0.19
2022-09-27T14:00:00+03:00,NO2,0.026
2022-09-27T14:00:00+03:00,PM2.5,0.005
2022-09-27T14:00:00+03:00,PM10,0.005
2022-09-27T15:00:00+03:00,PM2.5,0.002
2022-09-27T15:00:00+03:00,NO2,0.028
2022-09-27T15:00:00+03:00,PM10,0.002
2022-09-27T15:00:00+03:00,NO,0.015
2022-09-27T15:00:00+03:00,CO,0.19
2022-09-27T16:00:00+03:00,PM2.5,0.002
2022-09-27T16:00:00+03:00,NO2,0.036
2022-09-27T16:00:00+03:00,NO,0.012
2022-09-27T16:00:00+03:00,CO,0.2
2022-09-27T16:00:00+03:00,PM10,0.003
2022-09-27T17:00:00+03:00,PM10,0.004
2022-09-27T17:00:00+03:00,NO,0.01
2022-09-27T17:00:00+03:00,NO2,0.036
2022-09-27T17:00:00+03:00,CO,0.22
2022-09-27T17:00:00+03:00,PM2.5,0.004
2022-09-27T18:00:00+03:00,NO2,0.04
2022-09-27T18:00:00+03:00,PM10,0.005
2022-09-27T18:00:00+03:00,NO,0.011
2022-09-27T18:00:00+03:00,PM2.5,0.005
2022-09-27T18:00:00+03:00,CO,0.22
2022-09-27T19:00:00+03:00,PM10,0.005
2022-09-27T19:00:00+03:00,NO,0.015
2022-09-27T19:00:00+03:00,PM2.5,0.005
2022-09-27T19:00:00+03:00,NO2,0.052
2022-09-27T19:00:00+03:00,CO,0.26
2022-09-27T20:00:00+03:00,PM2.5,0.006
2022-09-27T20:00:00+03:00,NO2,0.048
2022-09-27T20:00:00+03:00,CO,0.24
2022-09-27T20:00:00+03:00,NO,0.01
2022-09-27T20:00:00+03:00,PM10,0.006
2022-09-27T21:00:00+03:00,PM2.5,0.006
2022-09-27T21:00:00+03:00,NO,0.01
2022-09-27T21:00:00+03:00,NO2,0.045
2022-09-27T21:00:00+03:00,PM10,0.005
2022-09-27T21:00:00+03:00,CO,0.24
2022-09-27T22:00:00+03:00,NO,0.014
2022-09-27T22:00:00+03:00,PM10,0.006
2022-09-27T22:00:00+03:00,PM2.5,0.006
2022-09-27T22:00:00+03:00,NO2,0.046
2022-09-27T22:00:00+03:00,CO,0.27
2022-09-27T23:00:00+03:00,PM10,0.004
2022-09-27T23:00:00+03:00,NO2,0.045
2022-09-27T23:00:00+03:00,NO,0.011
2022-09-27T23:00:00+03:00,CO,0.29
2022-09-27T23:00:00+03:00,PM2.5,0.004
2022-09-28T00:00:00+03:00,CO,0.21
2022-09-28T00:00:00+03:00,NO2,0.035
2022-09-28T00:00:00+03:00,PM2.5,0.004
2022-09-28T00:00:00+03:00,PM10,0.004
2022-09-28T00:00:00+03:00,NO,0.005
2022-09-28T01:00:00+03:00,NO2,0.038
2022-09-28T01:00:00+03:00,NO,0.003
2022-09-28T01:00:00+03:00,CO,0.19
2022-09-28T01:00:00+03:00,PM10,0.003
2022-09-28T01:00:00+03:00,PM2.5,0.003
2022-09-28T02:00:00+03:00,PM2.5,0.002
2022-09-28T02:00:00+03:00,PM10,0.002
2022-09-28T02:00:00+03:00,NO2,0.037
2022-09-28T02:00:00+03:00,CO,0.15
2022-09-28T02:00:00+03:00,NO,0.002
2022-09-28T03:00:00+03:00,PM10,0.002
2022-09-28T03:00:00+03:00,NO,0.002
2022-09-28T03:00:00+03:00,PM2.5,0.002
2022-09-28T03:00:00+03:00,NO2,0.038
2022-09-28T03:00:00+03:00,CO,0.14
2022-09-28T04:00:00+03:00,CO,0.14
2022-09-28T04:00:00+03:00,PM10,0.002
2022-09-28T04:00:00+03:00,PM2.5,0.002
2022-09-28T04:00:00+03:00,NO,0.002
2022-09-28T04:00:00+03:00,NO2,0.03
2022-09-28T05:00:00+03:00,NO2,0.026
2022-09-28T05:00:00+03:00,CO,0.14
2022-09-28T05:00:00+03:00,PM10,0.001
2022-09-28T05:00:00+03:00,NO,0.004
2022-09-28T05:00:00+03:00,PM2.5,0.001
2022-09-28T06:00:00+03:00,CO,0.18
2022-09-28T06:00:00+03:00,PM10,0.001
2022-09-28T06:00:00+03:00,NO,0.008
2022-09-28T06:00:00+03:00,PM2.5,0.001
2022-09-28T06:00:00+03:00,NO2,0.034
2022-09-28T07:00:00+03:00,PM10,0.001
2022-09-28T07:00:00+03:00,PM2.5,0.001
2022-09-28T07:00:00+03:00,NO2,0.042
2022-09-28T07:00:00+03:00,CO,0.22
2022-09-28T07:00:00+03:00,NO,0.011
2022-09-28T08:00:00+03:00,CO,0.38
2022-09-28T08:00:00+03:00,PM10,0.002
2022-09-28T08:00:00+03:00,PM2.5,0.002
2022-09-28T08:00:00+03:00,NO,0.039
2022-09-28T08:00:00+03:00,NO2,0.046
2022-09-28T09:00:00+03:00,PM10,0.003
2022-09-28T09:00:00+03:00,NO2,0.048
2022-09-28T09:00:00+03:00,PM2.5,0.003
2022-09-28T09:00:00+03:00,CO,0.53
2022-09-28T09:00:00+03:00,NO,0.069
2022-09-28T10:00:00+03:00,PM10,0.004
2022-09-28T10:00:00+03:00,NO2,0.048
2022-09-28T10:00:00+03:00,NO,0.066
2022-09-28T10:00:00+03:00,PM2.5,0.004
2022-09-28T10:00:00+03:00,CO,0.46
2022-09-28T11:00:00+03:00,PM10,0.004
2022-09-28T11:00:00+03:00,NO,0.084
2022-09-28T11:00:00+03:00,NO2,0.044
2022-09-28T11:00:00+03:00,PM2.5,0.004
2022-09-28T11:00:00+03:00,CO,0.45
2022-09-28T12:00:00+03:00,NO,0.101
2022-09-28T12:00:00+03:00,PM10,0.005
2022-09-28T12:00:00+03:00,CO,0.51
2022-09-28T12:00:00+03:00,PM2.5,0.005
2022-09-28T12:00:00+03:00,NO2,0.045
2022-09-28T13:00:00+03:00,NO,0.079
2022-09-28T13:00:00+03:00,CO,0.47
2022-09-28T13:00:00+03:00,NO2,0.045
2022-09-28T13:00:00+03:00,PM10,0.005
2022-09-28T13:00:00+03:00,PM2.5,0.005
2022-09-28T14:00:00+03:00,NO2,0.047
2022-09-28T14:00:00+03:00,CO,0.46
2022-09-28T14:00:00+03:00,NO,0.075
2022-09-28T14:00:00+03:00,PM10,0.005
2022-09-28T14:00:00+03:00,PM2.5,0.005
2022-09-28T15:00:00+03:00,PM2.5,0.007
2022-09-28T15:00:00+03:00,CO,0.45
2022-09-28T15:00:00+03:00,NO,0.075
2022-09-28T15:00:00+03:00,PM10,0.007
2022-09-28T15:00:00+03:00,NO2,0.048
2022-09-28T16:00:00+03:00,NO2,0.041
2022-09-28T16:00:00+03:00,PM2.5,0.004
2022-09-28T16:00:00+03:00,NO,0.043
2022-09-28T16:00:00+03:00,CO,0.38
2022-09-28T16:00:00+03:00,PM10,0.004
2022-09-28T17:00:00+03:00,PM2.5,0.004
2022-09-28T17:00:00+03:00,NO2,0.045
2022-09-28T17:00:00+03:00,CO,0.43
2022-09-28T17:00:00+03:00,NO,0.068
2022-09-28T17:00:00+03:00,PM10,0.005
2022-09-28T18:00:00+03:00,PM10,0.006
2022-09-28T18:00:00+03:00,PM2.5,0.006
2022-09-28T18:00:00+03:00,NO,0.078
2022-09-28T18:00:00+03:00,NO2,0.047
2022-09-28T18:00:00+03:00,CO,0.52
2022-09-28T19:00:00+03:00,CO,0.53
2022-09-28T19:00:00+03:00,NO2,0.045
2022-09-28T19:00:00+03:00,PM10,0.007
2022-09-28T19:00:00+03:00,PM2.5,0.007
2022-09-28T19:00:00+03:00,NO,0.091
2022-09-28T20:00:00+03:00,PM10,0.007
2022-09-28T20:00:00+03:00,NO2,0.04
2022-09-28T20:00:00+03:00,CO,0.56
2022-09-28T20:00:00+03:00,PM2.5,0.007
2022-09-28T20:00:00+03:00,NO,0.077
2022-09-28T21:00:00+03:00,NO,0.059
2022-09-28T21:00:00+03:00,CO,0.48
2022-09-28T21:00:00+03:00,PM10,0.007
2022-09-28T21:00:00+03:00,PM2.5,0.007
2022-09-28T21:00:00+03:00,NO2,0.036
2022-09-28T22:00:00+03:00,PM10,0.006
2022-09-28T22:00:00+03:00,CO,0.44
2022-09-28T22:00:00+03:00,PM2.5,0.006
2022-09-28T22:00:00+03:00,NO,0.071
2022-09-28T22:00:00+03:00,NO2,0.031
2022-09-28T23:00:00+03:00,NO,0.06
2022-09-28T23:00:00+03:00,PM10,0.008
2022-09-28T23:00:00+03:00,NO2,0.031
2022-09-28T23:00:00+03:00,PM2.5,0.008
2022-09-28T23:00:00+03:00,CO,0.57
2022-09-29T00:00:00+03:00,NO,0.044
2022-09-29T00:00:00+03:00,PM2.5,0.007
2022-09-29T00:00:00+03:00,NO2,0.027
2022-09-29T00:00:00+03:00,CO,0.37
2022-09-29T00:00:00+03:00,PM10,0.007
2022-09-29T01:00:00+03:00,NO2,0.024
2022-09-29T01:00:00+03:00,CO,0.45
2022-09-29T01:00:00+03:00,PM10,0.005
2022-09-29T01:00:00+03:00,NO,0.031
2022-09-29T01:00:00+03:00,PM2.5,0.005
2022-09-29T02:00:00+03:00,PM2.5,0.004
2022-09-29T02:00:00+03:00,CO,0.72
2022-09-29T02:00:00+03:00,NO,0.018
2022-09-29T02:00:00+03:00,NO2,0.025
2022-09-29T02:00:00+03:00,PM10,0.004
2022-09-29T03:00:00+03:00,NO,0.026
2022-09-29T03:00:00+03:00,NO2,0.027
2022-09-29T03:00:00+03:00,CO,0.55
2022-09-29T03:00:00+03:00,PM10,0.005
2022-09-29T03:00:00+03:00,PM2.5,0.005
2022-09-29T04:00:00+03:00,NO,0.027
2022-09-29T04:00:00+03:00,PM10,0.005
2022-09-29T04:00:00+03:00,NO2,0.028
2022-09-29T04:00:00+03:00,PM2.5,0.005
2022-09-29T04:00:00+03:00,CO,0.34
2022-09-29T05:00:00+03:00,NO,0.029
2022-09-29T05:00:00+03:00,PM10,0.005
2022-09-29T05:00:00+03:00,CO,0.24
2022-09-29T05:00:00+03:00,NO2,0.03
2022-09-29T05:00:00+03:00,PM2.5,0.005
2022-09-29T06:00:00+03:00,NO2,0.029
2022-09-29T06:00:00+03:00,PM10,0.005
2022-09-29T06:00:00+03:00,NO,0.029
2022-09-29T06:00:00+03:00,PM2.5,0.005
2022-09-29T06:00:00+03:00,CO,0.53
2022-09-29T07:00:00+03:00,CO,0.34
2022-09-29T07:00:00+03:00,PM10,0.007
2022-09-29T07:00:00+03:00,NO,0.056
2022-09-29T07:00:00+03:00,PM2.5,0.007
2022-09-29T07:00:00+03:00,NO2,0.036
2022-09-29T08:00:00+03:00,NO,0.097
2022-09-29T08:00:00+03:00,PM2.5,0.007
2022-09-29T08:00:00+03:00,CO,0.59
2022-09-29T08:00:00+03:00,NO2,0.035
2022-09-29T08:00:00+03:00,PM10,0.007
2022-09-29T09:00:00+03:00,NO2,0.038
2022-09-29T09:00:00+03:00,PM2.5,0.006
2022-09-29T09:00:00+03:00,CO,0.37
2022-09-29T09:00:00+03:00,PM10,0.006
2022-09-29T09:00:00+03:00,NO,0.048
2022-09-29T10:00:00+03:00,NO2,0.04
2022-09-29T10:00:00+03:00,PM2.5,0.005
2022-09-29T10:00:00+03:00,CO,0.34
2022-09-29T10:00:00+03:00,PM10,0.005
2022-09-29T10:00:00+03:00,NO,0.041
2022-09-29T11:00:00+03:00,PM10,0.007
2022-09-29T11:00:00+03:00,CO,0.33
2022-09-29T11:00:00+03:00,NO2,0.04
2022-09-29T11:00:00+03:00,NO,0.029
2022-09-29T11:00:00+03:00,PM2.5,0.007
2022-09-29T12:00:00+03:00,NO,0.026
2022-09-29T12:00:00+03:00,NO2,0.041
2022-09-29T12:00:00+03:00,PM10,0.009
2022-09-29T12:00:00+03:00,PM2.5,0.009
2022-09-29T12:00:00+03:00,CO,0.34
2022-09-29T13:00:00+03:00,NO2,0.031
2022-09-29T13:00:00+03:00,CO,0.27
2022-09-29T13:00:00+03:00,NO,0.013
2022-09-29T13:00:00+03:00,PM10,0.006
2022-09-29T13:00:00+03:00,PM2.5,0.006
2022-09-29T14:00:00+03:00,NO2,0.028
2022-09-29T14:00:00+03:00,PM10,0.007
2022-09-29T14:00:00+03:00,CO,0.33
2022-09-29T14:00:00+03:00,NO,0.014
2022-09-29T14:00:00+03:00,PM2.5,0.007
2022-09-29T15:00:00+03:00,PM2.5,0.012
2022-09-29T15:00:00+03:00,PM10,0.012
2022-09-29T15:00:00+03:00,CO,0.28
2022-09-29T15:00:00+03:00,NO,0.02
2022-09-29T15:00:00+03:00,NO2,0.032
2022-09-29T16:00:00+03:00,NO2,0.035
2022-09-29T16:00:00+03:00,PM10,0.007
2022-09-29T16:00:00+03:00,NO,0.015
2022-09-29T16:00:00+03:00,PM2.5,0.006
2022-09-29T16:00:00+03:00,CO,0.27
2022-09-29T17:00:00+03:00,CO,0.29
2022-09-29T17:00:00+03:00,NO,0.02
2022-09-29T17:00:00+03:00,PM2.5,0.011
2022-09-29T17:00:00+03:00,PM10,0.01
2022-09-29T17:00:00+03:00,NO2,0.045
2022-09-29T18:00:00+03:00,PM10,0.008
2022-09-29T18:00:00+03:00,NO,0.034
2022-09-29T18:00:00+03:00,NO2,0.049
2022-09-29T18:00:00+03:00,PM2.5,0.008
2022-09-29T18:00:00+03:00,CO,0.38
2022-09-29T19:00:00+03:00,NO2,0.048
2022-09-29T19:00:00+03:00,PM10,0.008
2022-09-29T19:00:00+03:00,CO,0.4
2022-09-29T19:00:00+03:00,NO,0.038
2022-09-29T19:00:00+03:00,PM2.5,0.008
2022-09-29T20:00:00+03:00,NO,0.051
2022-09-29T20:00:00+03:00,PM10,0.009
2022-09-29T20:00:00+03:00,NO2,0.045
2022-09-29T20:00:00+03:00,PM2.5,0.009
2022-09-29T20:00:00+03:00,CO,0.46
2022-09-29T21:00:00+03:00,PM10,0.008
2022-09-29T21:00:00+03:00,NO2,0.044
2022-09-29T21:00:00+03:00,NO,0.071
2022-09-29T21:00:00+03:00,PM2.5,0.008
2022-09-29T21:00:00+03:00,CO,0.6
2022-09-29T22:00:00+03:00,CO,0.66
2022-09-29T22:00:00+03:00,NO2,0.039
2022-09-29T22:00:00+03:00,PM2.5,0.009
2022-09-29T22:00:00+03:00,NO,0.109
2022-09-29T22:00:00+03:00,PM10,0.009
2022-09-29T23:00:00+03:00,PM10,0.01
2022-09-29T23:00:00+03:00,NO,0.092
2022-09-29T23:00:00+03:00,NO2,0.045
2022-09-29T23:00:00+03:00,PM2.5,0.01
2022-09-29T23:00:00+03:00,CO,0.56
2022-09-30T00:00:00+03:00,PM10,0.009
2022-09-30T00:00:00+03:00,NO,0.093
2022-09-30T00:00:00+03:00,PM2.5,0.009
2022-09-30T00:00:00+03:00,NO2,0.036
2022-09-30T00:00:00+03:00,CO,0.55
2022-09-30T01:00:00+03:00,PM10,0.008
2022-09-30T01:00:00+03:00,CO,0.39
2022-09-30T01:00:00+03:00,PM2.5,0.008
2022-09-30T01:00:00+03:00,NO,0.045
2022-09-30T01:00:00+03:00,NO2,0.037
2022-09-30T02:00:00+03:00,CO,0.44
2022-09-30T02:00:00+03:00,PM10,0.008
2022-09-30T02:00:00+03:00,NO2,0.034
2022-09-30T02:00:00+03:00,NO,0.062
2022-09-30T02:00:00+03:00,PM2.5,0.008
2022-09-30T03:00:00+03:00,PM2.5,0.006
2022-09-30T03:00:00+03:00,PM10,0.005
2022-09-30T03:00:00+03:00,CO,0.33
2022-09-30T03:00:00+03:00,NO,0.041
2022-09-30T03:00:00+03:00,NO2,0.035
2022-09-30T04:00:00+03:00,PM2.5,0.006
2022-09-30T04:00:00+03:00,NO2,0.034
2022-09-30T04:00:00+03:00,CO,0.32
2022-09-30T04:00:00+03:00,NO,0.043
2022-09-30T04:00:00+03:00,PM10,0.006
2022-09-30T05:00:00+03:00,NO,0.066
2022-09-30T05:00:00+03:00,PM10,0.006
2022-09-30T05:00:00+03:00,PM2.5,0.006
2022-09-30T05:00:00+03:00,CO,0.36
2022-09-30T05:00:00+03:00,NO2,0.031
2022-09-30T06:00:00+03:00,NO,0.031
2022-09-30T06:00:00+03:00,PM10,0.004
2022-09-30T06:00:00+03:00,CO,0.32
2022-09-30T06:00:00+03:00,NO2,0.032
2022-09-30T06:00:00+03:00,PM2.5,0.005
2022-09-30T07:00:00+03:00,NO2,0.035
2022-09-30T07:00:00+03:00,CO,0.4
2022-09-30T07:00:00+03:00,PM10,0.005
2022-09-30T07:00:00+03:00,NO,0.051
2022-09-30T07:00:00+03:00,PM2.5,0.005
2022-09-30T08:00:00+03:00,CO,0.46
2022-09-30T08:00:00+03:00,NO2,0.034
2022-09-30T08:00:00+03:00,PM10,0.005
2022-09-30T08:00:00+03:00,PM2.5,0.006
2022-09-30T08:00:00+03:00,NO,0.062
2022-09-30T09:00:00+03:00,NO2,0.033
2022-09-30T09:00:00+03:00,PM10,0.007
2022-09-30T09:00:00+03:00,PM2.5,0.007
2022-09-30T09:00:00+03:00,NO,0.057
2022-09-30T09:00:00+03:00,CO,0.48
2022-09-30T10:00:00+03:00,PM10,0.008
2022-09-30T10:00:00+03:00,PM2.5,0.008
2022-09-30T10:00:00+03:00,CO,0.66
2022-09-30T10:00:00+03:00,NO,0.058
2022-09-30T10:00:00+03:00,NO2,0.035
2022-09-30T11:00:00+03:00,CO,0.41
2022-09-30T11:00:00+03:00,NO2,0.041
2022-09-30T11:00:00+03:00,NO,0.041
2022-09-30T11:00:00+03:00,PM2.5,0.01
2022-09-30T11:00:00+03:00,PM10,0.01
2022-09-30T12:00:00+03:00,CO,0.38
2022-09-30T12:00:00+03:00,NO,0.032
2022-09-30T12:00:00+03:00,PM10,0.01
2022-09-30T12:00:00+03:00,PM2.5,0.009
2022-09-30T12:00:00+03:00,NO2,0.043
2022-09-30T13:00:00+03:00,NO2,0.04
2022-09-30T13:00:00+03:00,PM10,0.01
2022-09-30T13:00:00+03:00,PM2.5,0.01
2022-09-30T13:00:00+03:00,NO,0.018
2022-09-30T13:00:00+03:00,CO,0.31
2022-09-30T14:00:00+03:00,NO2,0.038
2022-09-30T14:00:00+03:00,PM10,0.008
2022-09-30T14:00:00+03:00,PM2.5,0.008
2022-09-30T14:00:00+03:00,NO,0.014
2022-09-30T14:00:00+03:00,CO,0.28
2022-09-30T15:00:00+03:00,NO,0.012
2022-09-30T15:00:00+03:00,PM10,0.014
2022-09-30T15:00:00+03:00,PM2.5,0.015
2022-09-30T15:00:00+03:00,CO,0.27
2022-09-30T15:00:00+03:00,NO2,0.036
2022-09-30T16:00:00+03:00,NO,0.011
2022-09-30T16:00:00+03:00,NO2,0.042
2022-09-30T16:00:00+03:00,PM10,0.01
2022-09-30T16:00:00+03:00,CO,0.29
2022-09-30T16:00:00+03:00,PM2.5,0.01
2022-09-30T17:00:00+03:00,PM2.5,0.012
2022-09-30T17:00:00+03:00,NO,0.008
2022-09-30T17:00:00+03:00,CO,0.29
2022-09-30T17:00:00+03:00,NO2,0.04
2022-09-30T17:00:00+03:00,PM10,0.012
2022-09-30T18:00:00+03:00,NO2,0.053
2022-09-30T18:00:00+03:00,PM10,0.011
2022-09-30T18:00:00+03:00,PM2.5,0.011
2022-09-30T18:00:00+03:00,NO,0.01
2022-09-30T18:00:00+03:00,CO,0.33
2022-09-30T19:00:00+03:00,NO,0.01
2022-09-30T19:00:00+03:00,PM2.5,0.012
2022-09-30T19:00:00+03:00,CO,0.35
2022-09-30T19:00:00+03:00,NO2,0.054
2022-09-30T19:00:00+03:00,PM10,0.012
2022-09-30T20:00:00+03:00,PM2.5,0.011
2022-09-30T20:00:00+03:00,NO2,0.041
2022-09-30T20:00:00+03:00,NO,0.007
2022-09-30T20:00:00+03:00,CO,0.32
2022-09-30T20:00:00+03:00,PM10,0.01
2022-09-30T21:00:00+03:00,PM10,0.008
2022-09-30T21:00:00+03:00,NO2,0.039
2022-09-30T21:00:00+03:00,CO,0.35
2022-09-30T21:00:00+03:00,NO,0.01
2022-09-30T21:00:00+03:00,PM2.5,0.009
2022-09-30T22:00:00+03:00,NO2,0.048
2022-09-30T22:00:00+03:00,CO,0.37
2022-09-30T22:00:00+03:00,PM10,0.008
2022-09-30T22:00:00+03:00,NO,0.021
2022-09-30T22:00:00+03:00,PM2.5,0.009
2022-09-30T23:00:00+03:00,NO,0.043
2022-09-30T23:00:00+03:00,CO,0.46
2022-09-30T23:00:00+03:00,NO2,0.055
2022-09-30T23:00:00+03:00,PM2.5,0.01
2022-09-30T23:00:00+03:00,PM10,0.01
2022-10-01T00:00:00+03:00,NO2,0.052
2022-10-01T00:00:00+03:00,NO,0.051
2022-10-01T00:00:00+03:00,PM10,0.01
2022-10-01T00:00:00+03:00,PM2.5,0.011
2022-10-01T00:00:00+03:00,CO,0.63
2022-10-01T01:00:00+03:00,CO,0.69
2022-10-01T01:00:00+03:00,NO2,0.044
2022-10-01T01:00:00+03:00,PM2.5,0.009
2022-10-01T01:00:00+03:00,NO,0.046
2022-10-01T01:00:00+03:00,PM10,0.008
2022-10-01T02:00:00+03:00,CO,0.57
2022-10-01T02:00:00+03:00,NO2,0.038
2022-10-01T02:00:00+03:00,NO,0.08
2022-10-01T02:00:00+03:00,PM2.5,0.01
2022-10-01T02:00:00+03:00,PM10,0.009
2022-10-01T03:00:00+03:00,PM2.5,0.007
2022-10-01T03:00:00+03:00,PM10,0.007
2022-10-01T03:00:00+03:00,NO,0.034
2022-10-01T03:00:00+03:00,NO2,0.037
2022-10-01T03:00:00+03:00,CO,0.38
2022-10-01T04:00:00+03:00,PM2.5,0.005
2022-10-01T04:00:00+03:00,PM10,0.005
2022-10-01T04:00:00+03:00,NO2,0.033
2022-10-01T04:00:00+03:00,CO,0.35
2022-10-01T04:00:00+03:00,NO,0.023
2022-10-01T05:00:00+03:00,NO,0.031
2022-10-01T05:00:00+03:00,CO,0.37
2022-10-01T05:00:00+03:00,PM10,0.005
2022-10-01T05:00:00+03:00,NO2,0.036
2022-10-01T05:00:00+03:00,PM2.5,0.006
2022-10-01T06:00:00+03:00,PM10,0.005
2022-10-01T06:00:00+03:00,NO,0.035
2022-10-01T06:00:00+03:00,PM2.5,0.006
2022-10-01T06:00:00+03:00,NO2,0.033
2022-10-01T06:00:00+03:00,CO,0.4
2022-10-01T07:00:00+03:00,PM2.5,0.005
2022-10-01T07:00:00+03:00,NO2,0.031
2022-10-01T07:00:00+03:00,NO,0.045
2022-10-01T07:00:00+03:00,CO,0.45
2022-10-01T07:00:00+03:00,PM10,0.005
2022-10-01T08:00:00+03:00,NO,0.055
2022-10-01T08:00:00+03:00,CO,0.48
2022-10-01T08:00:00+03:00,PM2.5,0.006
2022-10-01T08:00:00+03:00,PM10,0.006
2022-10-01T08:00:00+03:00,NO2,0.032
2022-10-01T09:00:00+03:00,NO2,0.031
2022-10-01T09:00:00+03:00,PM2.5,0.004
2022-10-01T09:00:00+03:00,NO,0.036
2022-10-01T09:00:00+03:00,PM10,0.004
2022-10-01T09:00:00+03:00,CO,0.4
2022-10-01T10:00:00+03:00,PM10,0.005
2022-10-01T10:00:00+03:00,NO2,0.029
2022-10-01T10:00:00+03:00,NO,0.032
2022-10-01T10:00:00+03:00,PM2.5,0.005
2022-10-01T10:00:00+03:00,CO,0.39
2022-10-01T11:00:00+03:00,CO,0.38
2022-10-01T11:00:00+03:00,NO,0.032
2022-10-01T11:00:00+03:00,NO2,0.03
2022-10-01T11:00:00+03:00,PM10,0.004
2022-10-01T11:00:00+03:00,PM2.5,0.005
2022-10-01T12:00:00+03:00,PM2.5,0.005
2022-10-01T12:00:00+03:00,NO2,0.028
2022-10-01T12:00:00+03:00,CO,0.38
2022-10-01T12:00:00+03:00,PM10,0.005
2022-10-01T12:00:00+03:00,NO,0.032
2022-10-01T13:00:00+03:00,PM2.5,0.007
2022-10-01T13:00:00+03:00,NO2,0.034
2022-10-01T13:00:00+03:00,CO,0.39
2022-10-01T13:00:00+03:00,PM10,0.006
2022-10-01T13:00:00+03:00,NO,0.029
2022-10-01T14:00:00+03:00,PM2.5,0.007
2022-10-01T14:00:00+03:00,PM10,0.007
2022-10-01T14:00:00+03:00,NO2,0.037
2022-10-01T14:00:00+03:00,CO,0.42
2022-10-01T14:00:00+03:00,NO,0.03
2022-10-01T15:00:00+03:00,NO2,0.041
2022-10-01T15:00:00+03:00,PM10,0.005
2022-10-01T15:00:00+03:00,PM2.5,0.006
2022-10-01T15:00:00+03:00,CO,0.34
2022-10-01T15:00:00+03:00,NO,0.019
2022-10-01T16:00:00+03:00,NO2,0.037
2022-10-01T16:00:00+03:00,CO,0.39
2022-10-01T16:00:00+03:00,NO,0.017
2022-10-01T16:00:00+03:00,PM2.5,0.003
2022-10-01T16:00:00+03:00,PM10,0.003
2022-10-01T17:00:00+03:00,CO,0.54
2022-10-01T17:00:00+03:00,NO2,0.035
2022-10-01T17:00:00+03:00,PM10,0.009
2022-10-01T17:00:00+03:00,PM2.5,0.01
2022-10-01T17:00:00+03:00,NO,0.008
2022-10-01T18:00:00+03:00,PM2.5,0.007
2022-10-01T18:00:00+03:00,PM10,0.007
2022-10-01T18:00:00+03:00,NO,0.039
2022-10-01T18:00:00+03:00,CO,0.55
2022-10-01T18:00:00+03:00,NO2,0.055
2022-10-01T19:00:00+03:00,CO,1.23
2022-10-01T19:00:00+03:00,PM2.5,0.011
2022-10-01T19:00:00+03:00,NO2,0.05
2022-10-01T19:00:00+03:00,PM10,0.011
2022-10-01T19:00:00+03:00,NO,0.198
2022-10-01T20:00:00+03:00,CO,0.61
2022-10-01T20:00:00+03:00,PM10,0.007
2022-10-01T20:00:00+03:00,NO2,0.062
2022-10-01T20:00:00+03:00,NO,0.062
2022-10-01T20:00:00+03:00,PM2.5,0.008
2022-10-01T21:00:00+03:00,NO,0.044
2022-10-01T21:00:00+03:00,NO2,0.052
2022-10-01T21:00:00+03:00,CO,0.55
2022-10-01T21:00:00+03:00,PM2.5,0.009
2022-10-01T21:00:00+03:00,PM10,0.009
2022-10-01T22:00:00+03:00,CO,0.5
2022-10-01T22:00:00+03:00,PM2.5,0.011
2022-10-01T22:00:00+03:00,PM10,0.01
2022-10-01T22:00:00+03:00,NO2,0.049
2022-10-01T22:00:00+03:00,NO,0.035
2022-10-01T23:00:00+03:00,PM2.5,0.003
2022-10-01T23:00:00+03:00,PM10,0.003
2022-10-01T23:00:00+03:00,NO2,0.035
2022-10-01T23:00:00+03:00,NO,0.008
2022-10-01T23:00:00+03:00,CO,0.33
2022-10-02T00:00:00+03:00,CO,0.31
2022-10-02T00:00:00+03:00,NO2,0.047
2022-10-02T00:00:00+03:00,PM2.5,0.002
2022-10-02T00:00:00+03:00,PM10,0.002
2022-10-02T00:00:00+03:00,NO,0.011
2022-10-02T01:00:00+03:00,CO,0.34
2022-10-02T01:00:00+03:00,NO2,0.026
2022-10-02T01:00:00+03:00,PM2.5,0.003
2022-10-02T01:00:00+03:00,PM10,0.003
2022-10-02T01:00:00+03:00,NO,0.005
2022-10-02T02:00:00+03:00,PM2.5,0.003
2022-10-02T02:00:00+03:00,PM10,0.003
2022-10-02T02:00:00+03:00,NO,0.002
2022-10-02T02:00:00+03:00,CO,0.25
2022-10-02T02:00:00+03:00,NO2,0.014
2022-10-02T03:00:00+03:00,NO,0.006
2022-10-02T03:00:00+03:00,PM10,0.001
2022-10-02T03:00:00+03:00,PM2.5,0.001
2022-10-02T03:00:00+03:00,CO,0.33
2022-10-02T03:00:00+03:00,NO2,0.013
2022-10-02T04:00:00+03:00,PM10,0.002
2022-10-02T04:00:00+03:00,PM2.5,0.002
2022-10-02T04:00:00+03:00,CO,0.28
2022-10-02T04:00:00+03:00,NO2,0.014
2022-10-02T04:00:00+03:00,NO,0.003
2022-10-02T05:00:00+03:00,PM10,0
2022-10-02T05:00:00+03:00,PM2.5,0
2022-10-02T05:00:00+03:00,NO,0.004
2022-10-02T05:00:00+03:00,NO2,0.015
2022-10-02T05:00:00+03:00,CO,0.32
2022-10-02T06:00:00+03:00,NO,0.004
2022-10-02T06:00:00+03:00,NO2,0.014
2022-10-02T06:00:00+03:00,CO,0.24
2022-10-02T06:00:00+03:00,PM2.5,0
2022-10-02T06:00:00+03:00,PM10,0
2022-10-02T07:00:00+03:00,NO,0.005
2022-10-02T07:00:00+03:00,PM10,0.001
2022-10-02T07:00:00+03:00,CO,0.23
2022-10-02T07:00:00+03:00,NO2,0.017
2022-10-02T07:00:00+03:00,PM2.5,0.001
2022-10-02T08:00:00+03:00,NO2,0.017
2022-10-02T08:00:00+03:00,PM10,0.001
2022-10-02T08:00:00+03:00,PM2.5,0.001
2022-10-02T08:00:00+03:00,NO,0.009
2022-10-02T08:00:00+03:00,CO,0.19
2022-10-02T09:00:00+03:00,NO2,0.021
2022-10-02T09:00:00+03:00,PM2.5,0
2022-10-02T09:00:00+03:00,CO,0.18
2022-10-02T09:00:00+03:00,NO,0.012
2022-10-02T09:00:00+03:00,PM10,0
2022-10-02T10:00:00+03:00,NO2,0.015
2022-10-02T10:00:00+03:00,PM2.5,0
2022-10-02T10:00:00+03:00,CO,0.16
2022-10-02T10:00:00+03:00,NO,0.005
2022-10-02T10:00:00+03:00,PM10,0
2022-10-02T11:00:00+03:00,NO2,0.018
2022-10-02T11:00:00+03:00,NO,0.013
2022-10-02T11:00:00+03:00,PM10,0.001
2022-10-02T11:00:00+03:00,PM2.5,0.001
2022-10-02T11:00:00+03:00,CO,0.2
2022-10-02T12:00:00+03:00,CO,0.26
2022-10-02T12:00:00+03:00,NO,0.005
2022-10-02T12:00:00+03:00,NO2,0.014
2022-10-02T12:00:00+03:00,PM10,0.001
2022-10-02T12:00:00+03:00,PM2.5,0.001
2022-10-02T13:00:00+03:00,PM2.5,0.001
2022-10-02T13:00:00+03:00,NO,0.006
2022-10-02T13:00:00+03:00,PM10,0.001
2022-10-02T13:00:00+03:00,NO2,0.018
2022-10-02T13:00:00+03:00,CO,0.22
2022-10-02T14:00:00+03:00,NO,0.011
2022-10-02T14:00:00+03:00,PM2.5,0
2022-10-02T14:00:00+03:00,CO,0.22
2022-10-02T14:00:00+03:00,NO2,0.019
2022-10-02T14:00:00+03:00,PM10,0
2022-10-02T15:00:00+03:00,NO,0.009
2022-10-02T15:00:00+03:00,NO2,0.02
2022-10-02T15:00:00+03:00,PM2.5,0.006
2022-10-02T15:00:00+03:00,CO,0.23
2022-10-02T15:00:00+03:00,PM10,0.006
2022-10-02T16:00:00+03:00,PM2.5,0.006
2022-10-02T16:00:00+03:00,NO,0.006
2022-10-02T16:00:00+03:00,NO2,0.028
2022-10-02T16:00:00+03:00,PM10,0.005
2022-10-02T16:00:00+03:00,CO,0.22
2022-10-02T17:00:00+03:00,CO,0.31
2022-10-02T17:00:00+03:00,NO,0.013
2022-10-02T17:00:00+03:00,NO2,0.045
2022-10-02T17:00:00+03:00,PM2.5,0.003
2022-10-02T17:00:00+03:00,PM10,0.003
2022-10-02T18:00:00+03:00,PM10,0.005
2022-10-02T18:00:00+03:00,CO,0.48
2022-10-02T18:00:00+03:00,NO2,0.059
2022-10-02T18:00:00+03:00,PM2.5,0.005
2022-10-02T18:00:00+03:00,NO,0.031
2022-10-02T19:00:00+03:00,NO,0.032
2022-10-02T19:00:00+03:00,PM2.5,0.007
2022-10-02T19:00:00+03:00,CO,0.54
2022-10-02T19:00:00+03:00,NO2,0.063
2022-10-02T19:00:00+03:00,PM10,0.006
2022-10-02T20:00:00+03:00,PM2.5,0.006
2022-10-02T20:00:00+03:00,NO,0.03
2022-10-02T20:00:00+03:00,CO,0.5
2022-10-02T20:00:00+03:00,NO2,0.064
2022-10-02T20:00:00+03:00,PM10,0.006
2022-10-02T21:00:00+03:00,CO,0.44
2022-10-02T21:00:00+03:00,NO,0.018
2022-10-02T21:00:00+03:00,PM2.5,0.006
2022-10-02T21:00:00+03:00,NO2,0.057
2022-10-02T21:00:00+03:00,PM10,0.005
2022-10-02T22:00:00+03:00,NO2,0.052
2022-10-02T22:00:00+03:00,PM10,0.004
2022-10-02T22:00:00+03:00,CO,0.38
2022-10-02T22:00:00+03:00,PM2.5,0.004
2022-10-02T22:00:00+03:00,NO,0.013
2022-10-02T23:00:00+03:00,PM2.5,0.005
2022-10-02T23:00:00+03:00,NO,0.017
2022-10-02T23:00:00+03:00,CO,0.41
2022-10-02T23:00:00+03:00,PM10,0.005
2022-10-02T23:00:00+03:00,NO2,0.051
2022-10-03T00:00:00+03:00,PM2.5,0.004
2022-10-03T00:00:00+03:00,PM10,0.003
2022-10-03T00:00:00+03:00,NO,0.009
2022-10-03T00:00:00+03:00,CO,0.34
2022-10-03T00:00:00+03:00,NO2,0.04
2022-10-03T01:00:00+03:00,PM10,0.004
2022-10-03T01:00:00+03:00,NO2,0.04
2022-10-03T01:00:00+03:00,NO,0.009
2022-10-03T01:00:00+03:00,PM2.5,0.005
2022-10-03T01:00:00+03:00,CO,0.32
2022-10-03T02:00:00+03:00,NO2,0.033
2022-10-03T02:00:00+03:00,PM2.5,0.005
2022-10-03T02:00:00+03:00,NO,0.005
2022-10-03T02:00:00+03:00,CO,0.29
2022-10-03T02:00:00+03:00,PM10,0.005
2022-10-03T03:00:00+03:00,NO,0.002
2022-10-03T03:00:00+03:00,CO,0.22
2022-10-03T03:00:00+03:00,PM10,0.003
2022-10-03T03:00:00+03:00,NO2,0.022
2022-10-03T03:00:00+03:00,PM2.5,0.003
2022-10-03T04:00:00+03:00,NO2,0.019
2022-10-03T04:00:00+03:00,PM10,0.002
2022-10-03T04:00:00+03:00,CO,0.2
2022-10-03T04:00:00+03:00,PM2.5,0.003
2022-10-03T04:00:00+03:00,NO,0.002
2022-10-03T05:00:00+03:00,NO2,0.018
2022-10-03T05:00:00+03:00,NO,0.001
2022-10-03T05:00:00+03:00,PM10,0.001
2022-10-03T05:00:00+03:00,PM2.5,0.002
2022-10-03T05:00:00+03:00,CO,0.19
2022-10-03T06:00:00+03:00,NO2,0.02
2022-10-03T06:00:00+03:00,PM10,0.003
2022-10-03T06:00:00+03:00,NO,0.001
2022-10-03T06:00:00+03:00,CO,0.2
2022-10-03T06:00:00+03:00,PM2.5,0.004
2022-10-03T07:00:00+03:00,PM10,0.003
2022-10-03T07:00:00+03:00,NO2,0.024
2022-10-03T07:00:00+03:00,CO,0.23
2022-10-03T07:00:00+03:00,PM2.5,0.003
2022-10-03T07:00:00+03:00,NO,0.003
2022-10-03T08:00:00+03:00,NO,0.004
2022-10-03T08:00:00+03:00,PM10,0.004
2022-10-03T08:00:00+03:00,CO,0.27
2022-10-03T08:00:00+03:00,PM2.5,0.004
2022-10-03T08:00:00+03:00,NO2,0.027
2022-10-03T09:00:00+03:00,PM10,0.006
2022-10-03T09:00:00+03:00,NO2,0.024
2022-10-03T09:00:00+03:00,PM2.5,0.005
2022-10-03T09:00:00+03:00,CO,0.25
2022-10-03T09:00:00+03:00,NO,0.006
2022-10-03T10:00:00+03:00,NO,0.004
2022-10-03T10:00:00+03:00,NO2,0.022
2022-10-03T10:00:00+03:00,CO,0.23
2022-10-03T10:00:00+03:00,PM2.5,0.005
2022-10-03T10:00:00+03:00,PM10,0.006
2022-10-03T11:00:00+03:00,PM2.5,0.005
2022-10-03T11:00:00+03:00,NO2,0.022
2022-10-03T11:00:00+03:00,PM10,0.004
2022-10-03T11:00:00+03:00,CO,0.22
2022-10-03T11:00:00+03:00,NO,0.005
2022-10-03T12:00:00+03:00,PM10,0.002
2022-10-03T12:00:00+03:00,NO,0.01
2022-10-03T12:00:00+03:00,NO2,0.045
2022-10-03T12:00:00+03:00,PM2.5,0.002
2022-10-03T12:00:00+03:00,CO,0.25
2022-10-03T13:00:00+03:00,NO2,0.04
2022-10-03T13:00:00+03:00,CO,0.26
2022-10-03T13:00:00+03:00,NO,0.01
2022-10-03T13:00:00+03:00,PM10,0.002
2022-10-03T13:00:00+03:00,PM2.5,0.002
2022-10-03T14:00:00+03:00,PM10,0.003
2022-10-03T14:00:00+03:00,PM2.5,0.003
2022-10-03T14:00:00+03:00,CO,0.26
2022-10-03T14:00:00+03:00,NO2,0.035
2022-10-03T14:00:00+03:00,NO,0.009
2022-10-03T15:00:00+03:00,PM10,0.002
2022-10-03T15:00:00+03:00,PM2.5,0.002
2022-10-03T15:00:00+03:00,NO2,0.024
2022-10-03T15:00:00+03:00,NO,0.009
2022-10-03T15:00:00+03:00,CO,0.21
2022-10-03T16:00:00+03:00,CO,0.21
2022-10-03T16:00:00+03:00,NO,0.01
2022-10-03T16:00:00+03:00,NO2,0.028
2022-10-03T16:00:00+03:00,PM10,0
2022-10-03T16:00:00+03:00,PM2.5,0
2022-10-03T17:00:00+03:00,CO,0.2
2022-10-03T17:00:00+03:00,NO,0.007
2022-10-03T17:00:00+03:00,NO2,0.022
2022-10-03T17:00:00+03:00,PM10,0
2022-10-03T17:00:00+03:00,PM2.5,0
2022-10-03T18:00:00+03:00,NO2,0.026
2022-10-03T18:00:00+03:00,PM10,0.001
2022-10-03T18:00:00+03:00,PM2.5,0.001
2022-10-03T18:00:00+03:00,CO,0.21
2022-10-03T18:00:00+03:00,NO,0.007
2022-10-03T19:00:00+03:00,PM10,0.002
2022-10-03T19:00:00+03:00,NO,0.007
2022-10-03T19:00:00+03:00,PM2.5,0.002
2022-10-03T19:00:00+03:00,NO2,0.028
2022-10-03T19:00:00+03:00,CO,0.21
2022-10-03T20:00:00+03:00,NO2,0.025
2022-10-03T20:00:00+03:00,CO,0.21
2022-10-03T20:00:00+03:00,NO,0.006
2022-10-03T20:00:00+03:00,PM10,0.002
2022-10-03T20:00:00+03:00,PM2.5,0.002
2022-10-03T21:00:00+03:00,CO,0.22
2022-10-03T21:00:00+03:00,NO2,0.027
2022-10-03T21:00:00+03:00,PM10,0.002
2022-10-03T21:00:00+03:00,NO,0.007
2022-10-03T21:00:00+03:00,PM2.5,0.002
2022-10-03T22:00:00+03:00,CO,0.21
2022-10-03T22:00:00+03:00,NO,0.007
2022-10-03T22:00:00+03:00,PM2.5,0.003
2022-10-03T22:00:00+03:00,PM10,0.004
2022-10-03T22:00:00+03:00,NO2,0.03
2022-10-03T23:00:00+03:00,PM2.5,0.001
2022-10-03T23:00:00+03:00,NO2,0.029
2022-10-03T23:00:00+03:00,NO,0.005
2022-10-03T23:00:00+03:00,PM10,0.001
2022-10-03T23:00:00+03:00,CO,0.22
2022-10-04T00:00:00+03:00,NO,0.004
2022-10-04T00:00:00+03:00,NO2,0.023
2022-10-04T00:00:00+03:00,CO,0.19
2022-10-04T00:00:00+03:00,PM10,0.002
2022-10-04T00:00:00+03:00,PM2.5,0.002
2022-10-04T01:00:00+03:00,NO2,0.019
2022-10-04T01:00:00+03:00,CO,0.19
2022-10-04T01:00:00+03:00,NO,0.003
2022-10-04T01:00:00+03:00,PM10,0.003
2022-10-04T01:00:00+03:00,PM2.5,0.003
2022-10-04T02:00:00+03:00,CO,0.17
2022-10-04T02:00:00+03:00,PM2.5,0.002
2022-10-04T02:00:00+03:00,NO,0.004
2022-10-04T02:00:00+03:00,NO2,0.017
2022-10-04T02:00:00+03:00,PM10,0.002
2022-10-04T03:00:00+03:00,PM2.5,0.002
2022-10-04T03:00:00+03:00,NO,0.003
2022-10-04T03:00:00+03:00,CO,0.18
2022-10-04T03:00:00+03:00,PM10,0.002
2022-10-04T03:00:00+03:00,NO2,0.016
2022-10-04T04:00:00+03:00,NO,0.001
2022-10-04T04:00:00+03:00,PM10,0.003
2022-10-04T04:00:00+03:00,PM2.5,0.003
2022-10-04T04:00:00+03:00,CO,0.19
2022-10-04T04:00:00+03:00,NO2,0.016
2022-10-04T05:00:00+03:00,NO2,0.016
2022-10-04T05:00:00+03:00,PM10,0.003
2022-10-04T05:00:00+03:00,PM2.5,0.003
2022-10-04T05:00:00+03:00,CO,0.19
2022-10-04T05:00:00+03:00,NO,0.002
2022-10-04T06:00:00+03:00,CO,0.19
2022-10-04T06:00:00+03:00,PM10,0.003
2022-10-04T06:00:00+03:00,PM2.5,0.003
2022-10-04T06:00:00+03:00,NO2,0.019
2022-10-04T06:00:00+03:00,NO,0.002
2022-10-04T07:00:00+03:00,PM10,0.003
2022-10-04T07:00:00+03:00,PM2.5,0.003
2022-10-04T07:00:00+03:00,CO,0.22
2022-10-04T07:00:00+03:00,NO,0.006
2022-10-04T07:00:00+03:00,NO2,0.022
2022-10-04T08:00:00+03:00,NO,0.009
2022-10-04T08:00:00+03:00,CO,0.26
2022-10-04T08:00:00+03:00,PM10,0.004
2022-10-04T08:00:00+03:00,PM2.5,0.004
2022-10-04T08:00:00+03:00,NO2,0.024
2022-10-04T09:00:00+03:00,PM10,0.005
2022-10-04T09:00:00+03:00,PM2.5,0.005
2022-10-04T09:00:00+03:00,NO,0.008
2022-10-04T09:00:00+03:00,CO,0.26
2022-10-04T09:00:00+03:00,NO2,0.024
2022-10-04T10:00:00+03:00,PM10,0.005
2022-10-04T10:00:00+03:00,PM2.5,0.005
2022-10-04T10:00:00+03:00,NO2,0.028
2022-10-04T10:00:00+03:00,CO,0.26
2022-10-04T10:00:00+03:00,NO,0.01
2022-10-04T11:00:00+03:00,CO,0.24
2022-10-04T11:00:00+03:00,PM10,0.004
2022-10-04T11:00:00+03:00,PM2.5,0.004
2022-10-04T11:00:00+03:00,NO2,0.022
2022-10-04T11:00:00+03:00,NO,0.009
2022-10-04T12:00:00+03:00,PM10,0.005
2022-10-04T12:00:00+03:00,PM2.5,0.005
2022-10-04T12:00:00+03:00,NO2,0.024
2022-10-04T12:00:00+03:00,CO,0.23
2022-10-04T12:00:00+03:00,NO,0.008
2022-10-04T13:00:00+03:00,PM10,0.004
2022-10-04T13:00:00+03:00,CO,0.34
2022-10-04T13:00:00+03:00,PM2.5,0.004
2022-10-04T13:00:00+03:00,NO,0.007
2022-10-04T13:00:00+03:00,NO2,0.02
2022-10-04T14:00:00+03:00,CO,0.27
2022-10-04T14:00:00+03:00,NO2,0.021
2022-10-04T14:00:00+03:00,NO,0.006
2022-10-04T14:00:00+03:00,PM10,0.008
2022-10-04T14:00:00+03:00,PM2.5,0.008
2022-10-04T15:00:00+03:00,NO2,0.027
2022-10-04T15:00:00+03:00,PM10,0.001
2022-10-04T15:00:00+03:00,PM2.5,0.001
2022-10-04T15:00:00+03:00,CO,0.25
2022-10-04T15:00:00+03:00,NO,0.006
2022-10-04T16:00:00+03:00,NO2,0.027
2022-10-04T16:00:00+03:00,NO,0.008
2022-10-04T16:00:00+03:00,PM2.5,0.002
2022-10-04T16:00:00+03:00,CO,0.26
2022-10-04T16:00:00+03:00,PM10,0.002
2022-10-04T17:00:00+03:00,CO,0.26
2022-10-04T17:00:00+03:00,NO2,0.033
2022-10-04T17:00:00+03:00,NO,0.008
2022-10-04T17:00:00+03:00,PM10,0.002
2022-10-04T17:00:00+03:00,PM2.5,0.002
2022-10-04T18:00:00+03:00,NO,0.014
2022-10-04T18:00:00+03:00,PM10,0.002
2022-10-04T18:00:00+03:00,PM2.5,0.002
2022-10-04T18:00:00+03:00,NO2,0.041
2022-10-04T18:00:00+03:00,CO,0.3
2022-10-04T19:00:00+03:00,NO2,0.057
2022-10-04T19:00:00+03:00,NO,0.026
2022-10-04T19:00:00+03:00,PM10,0.003
2022-10-04T19:00:00+03:00,PM2.5,0.003
2022-10-04T19:00:00+03:00,CO,0.39
2022-10-04T20:00:00+03:00,NO,0.017
2022-10-04T20:00:00+03:00,CO,0.35
2022-10-04T20:00:00+03:00,NO2,0.047
2022-10-04T20:00:00+03:00,PM10,0.002
2022-10-04T20:00:00+03:00,PM2.5,0.002
2022-10-04T21:00:00+03:00,PM10,0.003
2022-10-04T21:00:00+03:00,PM2.5,0.003
2022-10-04T21:00:00+03:00,NO2,0.049
2022-10-04T21:00:00+03:00,CO,0.35
2022-10-04T21:00:00+03:00,NO,0.019
2022-10-04T22:00:00+03:00,NO2,0.051
2022-10-04T22:00:00+03:00,NO,0.027
2022-10-04T22:00:00+03:00,PM10,0.003
2022-10-04T22:00:00+03:00,CO,0.36
2022-10-04T22:00:00+03:00,PM2.5,0.003
2022-10-04T23:00:00+03:00,PM2.5,0.003
2022-10-04T23:00:00+03:00,PM10,0.003
2022-10-04T23:00:00+03:00,NO2,0.054
2022-10-04T23:00:00+03:00,NO,0.038
2022-10-04T23:00:00+03:00,CO,0.4
2022-10-05T00:00:00+03:00,NO,0.014
2022-10-05T00:00:00+03:00,NO2,0.041
2022-10-05T00:00:00+03:00,CO,0.3
2022-10-05T00:00:00+03:00,PM10,0.001
2022-10-05T00:00:00+03:00,PM2.5,0.001
2022-10-05T01:00:00+03:00,CO,0.26
2022-10-05T01:00:00+03:00,NO2,0.038
2022-10-05T01:00:00+03:00,NO,0.01
2022-10-05T01:00:00+03:00,PM10,0.001
2022-10-05T01:00:00+03:00,PM2.5,0.001
2022-10-05T02:00:00+03:00,NO2,0.038
2022-10-05T02:00:00+03:00,PM10,0.001
2022-10-05T02:00:00+03:00,PM2.5,0.001
2022-10-05T02:00:00+03:00,NO,0.008
2022-10-05T02:00:00+03:00,CO,0.25
2022-10-05T03:00:00+03:00,NO2,0.043
2022-10-05T03:00:00+03:00,PM10,0.001
2022-10-05T03:00:00+03:00,NO,0.015
2022-10-05T03:00:00+03:00,CO,0.26
2022-10-05T03:00:00+03:00,PM2.5,0.001
2022-10-05T04:00:00+03:00,PM10,0.002
2022-10-05T04:00:00+03:00,NO2,0.04
2022-10-05T04:00:00+03:00,CO,0.26
2022-10-05T04:00:00+03:00,NO,0.009
2022-10-05T04:00:00+03:00,PM2.5,0.002
2022-10-05T05:00:00+03:00,CO,0.25
2022-10-05T05:00:00+03:00,PM2.5,0.001
2022-10-05T05:00:00+03:00,NO2,0.03
2022-10-05T05:00:00+03:00,PM10,0.001
2022-10-05T05:00:00+03:00,NO,0.01
2022-10-05T06:00:00+03:00,NO,0.011
2022-10-05T06:00:00+03:00,NO2,0.032
2022-10-05T06:00:00+03:00,PM10,0.002
2022-10-05T06:00:00+03:00,CO,0.25
2022-10-05T06:00:00+03:00,PM2.5,0.002
2022-10-05T07:00:00+03:00,PM2.5,0.002
2022-10-05T07:00:00+03:00,PM10,0.002
2022-10-05T07:00:00+03:00,NO2,0.028
2022-10-05T07:00:00+03:00,CO,0.27
2022-10-05T07:00:00+03:00,NO,0.01
2022-10-05T08:00:00+03:00,NO,0.032
2022-10-05T08:00:00+03:00,CO,0.34
2022-10-05T08:00:00+03:00,PM2.5,0.002
2022-10-05T08:00:00+03:00,PM10,0.002
2022-10-05T08:00:00+03:00,NO2,0.042
2022-10-05T09:00:00+03:00,NO2,0.034
2022-10-05T09:00:00+03:00,CO,0.5
2022-10-05T09:00:00+03:00,NO,0.021
2022-10-05T09:00:00+03:00,PM2.5,0.002
2022-10-05T09:00:00+03:00,PM10,0.002
2022-10-05T10:00:00+03:00,CO,0.49
2022-10-05T10:00:00+03:00,NO,0.022
2022-10-05T10:00:00+03:00,PM2.5,0.002
2022-10-05T10:00:00+03:00,PM10,0.002
2022-10-05T10:00:00+03:00,NO2,0.024
2022-10-05T11:00:00+03:00,NO,0.033
2022-10-05T11:00:00+03:00,PM2.5,0.003
2022-10-05T11:00:00+03:00,CO,0.52
2022-10-05T11:00:00+03:00,NO2,0.025
2022-10-05T11:00:00+03:00,PM10,0.003
2022-10-05T12:00:00+03:00,CO,0.35
2022-10-05T12:00:00+03:00,PM2.5,0.002
2022-10-05T12:00:00+03:00,NO,0.031
2022-10-05T12:00:00+03:00,NO2,0.02
2022-10-05T12:00:00+03:00,PM10,0.002
2022-10-05T13:00:00+03:00,NO2,0.017
2022-10-05T13:00:00+03:00,PM2.5,0.002
2022-10-05T13:00:00+03:00,NO,0.017
2022-10-05T13:00:00+03:00,CO,0.34
2022-10-05T13:00:00+03:00,PM10,0.002
2022-10-05T14:00:00+03:00,PM2.5,0.002
2022-10-05T14:00:00+03:00,PM10,0.002
2022-10-05T14:00:00+03:00,NO2,0.027
2022-10-05T14:00:00+03:00,CO,0.43
2022-10-05T14:00:00+03:00,NO,0.039
2022-10-05T15:00:00+03:00,NO2,0.024
2022-10-05T15:00:00+03:00,PM2.5,0.004
2022-10-05T15:00:00+03:00,NO,0.054
2022-10-05T15:00:00+03:00,CO,0.48
2022-10-05T15:00:00+03:00,PM10,0.004
2022-10-05T16:00:00+03:00,NO2,0.023
2022-10-05T16:00:00+03:00,PM2.5,0.003
2022-10-05T16:00:00+03:00,NO,0.044
2022-10-05T16:00:00+03:00,PM10,0.003
2022-10-05T16:00:00+03:00,CO,0.39
2022-10-05T17:00:00+03:00,PM2.5,0.003
2022-10-05T17:00:00+03:00,PM10,0.003
2022-10-05T17:00:00+03:00,NO,0.064
2022-10-05T17:00:00+03:00,CO,0.5
2022-10-05T17:00:00+03:00,NO2,0.027
2022-10-05T18:00:00+03:00,NO,0.056
2022-10-05T18:00:00+03:00,PM2.5,0.002
2022-10-05T18:00:00+03:00,NO2,0.029
2022-10-05T18:00:00+03:00,CO,0.57
2022-10-05T18:00:00+03:00,PM10,0.002
2022-10-05T19:00:00+03:00,PM2.5,0.005
2022-10-05T19:00:00+03:00,PM10,0.004
2022-10-05T19:00:00+03:00,NO2,0.03
2022-10-05T19:00:00+03:00,CO,0.65
2022-10-05T19:00:00+03:00,NO,0.085
2022-10-05T20:00:00+03:00,PM2.5,0.004
2022-10-05T20:00:00+03:00,CO,0.65
2022-10-05T20:00:00+03:00,NO,0.103
2022-10-05T20:00:00+03:00,PM10,0.004
2022-10-05T20:00:00+03:00,NO2,0.036
2022-10-05T21:00:00+03:00,NO2,0.036
2022-10-05T21:00:00+03:00,NO,0.094
2022-10-05T21:00:00+03:00,PM2.5,0.004
2022-10-05T21:00:00+03:00,PM10,0.003
2022-10-05T21:00:00+03:00,CO,0.64
2022-10-05T22:00:00+03:00,NO,0.086
2022-10-05T22:00:00+03:00,PM2.5,0.004
2022-10-05T22:00:00+03:00,PM10,0.004
2022-10-05T22:00:00+03:00,NO2,0.03
2022-10-05T22:00:00+03:00,CO,0.6
2022-10-05T23:00:00+03:00,NO,0.057
2022-10-05T23:00:00+03:00,CO,0.51
2022-10-05T23:00:00+03:00,NO2,0.027
2022-10-05T23:00:00+03:00,PM2.5,0.003
2022-10-05T23:00:00+03:00,PM10,0.003
2022-10-06T00:00:00+03:00,CO,0.43
2022-10-06T00:00:00+03:00,PM2.5,0.003
2022-10-06T00:00:00+03:00,PM10,0.003
2022-10-06T00:00:00+03:00,NO2,0.025
2022-10-06T00:00:00+03:00,NO,0.045
2022-10-06T01:00:00+03:00,CO,0.36
2022-10-06T01:00:00+03:00,PM2.5,0.002
2022-10-06T01:00:00+03:00,NO2,0.023
2022-10-06T01:00:00+03:00,PM10,0.002
2022-10-06T01:00:00+03:00,NO,0.029
2022-10-06T02:00:00+03:00,CO,0.32
2022-10-06T02:00:00+03:00,NO,0.019
2022-10-06T02:00:00+03:00,PM10,0.002
2022-10-06T02:00:00+03:00,NO2,0.022
2022-10-06T02:00:00+03:00,PM2.5,0.002
2022-10-06T03:00:00+03:00,PM10,0.001
2022-10-06T03:00:00+03:00,NO,0.014
2022-10-06T03:00:00+03:00,CO,0.3
2022-10-06T03:00:00+03:00,NO2,0.019
2022-10-06T03:00:00+03:00,PM2.5,0.001
2022-10-06T04:00:00+03:00,CO,0.29
2022-10-06T04:00:00+03:00,PM2.5,0.001
2022-10-06T04:00:00+03:00,NO2,0.019
2022-10-06T04:00:00+03:00,PM10,0.001
2022-10-06T04:00:00+03:00,NO,0.013
2022-10-06T05:00:00+03:00,NO,0.011
2022-10-06T05:00:00+03:00,CO,0.29
2022-10-06T05:00:00+03:00,PM2.5,0.001
2022-10-06T05:00:00+03:00,NO2,0.019
2022-10-06T05:00:00+03:00,PM10,0.001
2022-10-06T06:00:00+03:00,NO,0.016
2022-10-06T06:00:00+03:00,PM10,0.002
2022-10-06T06:00:00+03:00,NO2,0.019
2022-10-06T06:00:00+03:00,CO,0.51
2022-10-06T06:00:00+03:00,PM2.5,0.002
2022-10-06T07:00:00+03:00,NO2,0.021
2022-10-06T07:00:00+03:00,NO,0.03
2022-10-06T07:00:00+03:00,CO,0.56
2022-10-06T07:00:00+03:00,PM2.5,0.002
2022-10-06T07:00:00+03:00,PM10,0.002
2022-10-06T08:00:00+03:00,NO,0.027
2022-10-06T08:00:00+03:00,PM10,0.003
2022-10-06T08:00:00+03:00,NO2,0.023
2022-10-06T08:00:00+03:00,CO,0.76
2022-10-06T08:00:00+03:00,PM2.5,0.003
2022-10-06T09:00:00+03:00,CO,0.63
2022-10-06T09:00:00+03:00,NO,0.028
2022-10-06T09:00:00+03:00,NO2,0.021
2022-10-06T09:00:00+03:00,PM10,0.003
2022-10-06T09:00:00+03:00,PM2.5,0.004
2022-10-06T10:00:00+03:00,CO,0.41
2022-10-06T10:00:00+03:00,NO2,0.017
2022-10-06T10:00:00+03:00,PM10,0.004
2022-10-06T10:00:00+03:00,NO,0.028
2022-10-06T10:00:00+03:00,PM2.5,0.004
2022-10-06T11:00:00+03:00,CO,0.46
2022-10-06T11:00:00+03:00,PM2.5,0.003
2022-10-06T11:00:00+03:00,NO2,0.018
2022-10-06T11:00:00+03:00,PM10,0.003
2022-10-06T11:00:00+03:00,NO,0.029
2022-10-06T12:00:00+03:00,NO2,0.022
2022-10-06T12:00:00+03:00,NO,0.03
2022-10-06T12:00:00+03:00,CO,0.43
2022-10-06T12:00:00+03:00,PM10,0.004
2022-10-06T12:00:00+03:00,PM2.5,0.004
2022-10-06T13:00:00+03:00,CO,0.39
2022-10-06T13:00:00+03:00,NO,0.018
2022-10-06T13:00:00+03:00,PM2.5,0.003
2022-10-06T13:00:00+03:00,PM10,0.003
2022-10-06T13:00:00+03:00,NO2,0.019
2022-10-06T14:00:00+03:00,PM2.5,0.003
2022-10-06T14:00:00+03:00,NO,0.014
2022-10-06T14:00:00+03:00,NO2,0.021
2022-10-06T14:00:00+03:00,PM10,0.003
2022-10-06T14:00:00+03:00,CO,0.38
2022-10-06T15:00:00+03:00,CO,0.43
2022-10-06T15:00:00+03:00,PM2.5,0.004
2022-10-06T15:00:00+03:00,NO,0.015
2022-10-06T15:00:00+03:00,NO2,0.027
2022-10-06T15:00:00+03:00,PM10,0.004
2022-10-06T16:00:00+03:00,PM10,0.004
2022-10-06T16:00:00+03:00,NO,0.016
2022-10-06T16:00:00+03:00,CO,0.48
2022-10-06T16:00:00+03:00,NO2,0.028
2022-10-06T16:00:00+03:00,PM2.5,0.004
2022-10-06T17:00:00+03:00,PM10,0.004
2022-10-06T17:00:00+03:00,CO,0.36
2022-10-06T17:00:00+03:00,NO,0.015
2022-10-06T17:00:00+03:00,NO2,0.022
2022-10-06T17:00:00+03:00,PM2.5,0.005
2022-10-06T18:00:00+03:00,PM10,0.006
2022-10-06T18:00:00+03:00,NO,0.016
2022-10-06T18:00:00+03:00,PM2.5,0.006
2022-10-06T18:00:00+03:00,NO2,0.028
2022-10-06T18:00:00+03:00,CO,0.44
2022-10-06T19:00:00+03:00,CO,0.37
2022-10-06T19:00:00+03:00,PM2.5,0.006
2022-10-06T19:00:00+03:00,PM10,0.006
2022-10-06T19:00:00+03:00,NO,0.007
2022-10-06T19:00:00+03:00,NO2,0.03
2022-10-06T20:00:00+03:00,PM2.5,0.006
2022-10-06T20:00:00+03:00,PM10,0.005
2022-10-06T20:00:00+03:00,CO,0.36
2022-10-06T20:00:00+03:00,NO2,0.03
2022-10-06T20:00:00+03:00,NO,0.007
2022-10-06T21:00:00+03:00,PM2.5,0.005
2022-10-06T21:00:00+03:00,CO,0.43
2022-10-06T21:00:00+03:00,NO2,0.026
2022-10-06T21:00:00+03:00,NO,0.006
2022-10-06T21:00:00+03:00,PM10,0.004
2022-10-06T22:00:00+03:00,CO,0.51
2022-10-06T22:00:00+03:00,PM10,0.004
2022-10-06T22:00:00+03:00,NO,0.008
2022-10-06T22:00:00+03:00,PM2.5,0.005
2022-10-06T22:00:00+03:00,NO2,0.024
2022-10-06T23:00:00+03:00,NO2,0.023
2022-10-06T23:00:00+03:00,PM2.5,0.005
2022-10-06T23:00:00+03:00,CO,0.47
2022-10-06T23:00:00+03:00,PM10,0.005
2022-10-06T23:00:00+03:00,NO,0.01
2022-10-07T00:00:00+03:00,CO,0.41
2022-10-07T00:00:00+03:00,NO,0.013
2022-10-07T00:00:00+03:00,PM2.5,0.007
2022-10-07T00:00:00+03:00,PM10,0.006
2022-10-07T00:00:00+03:00,NO2,0.025
2022-10-07T01:00:00+03:00,NO,0.005
2022-10-07T01:00:00+03:00,PM2.5,0.006
2022-10-07T01:00:00+03:00,PM10,0.006
2022-10-07T01:00:00+03:00,CO,0.29
2022-10-07T01:00:00+03:00,NO2,0.016
2022-10-07T02:00:00+03:00,NO2,0.017
2022-10-07T02:00:00+03:00,NO,0.007
2022-10-07T02:00:00+03:00,CO,0.31
2022-10-07T02:00:00+03:00,PM2.5,0.006
2022-10-07T02:00:00+03:00,PM10,0.005
2022-10-07T03:00:00+03:00,NO2,0.014
2022-10-07T03:00:00+03:00,PM2.5,0.005
2022-10-07T03:00:00+03:00,PM10,0.005
2022-10-07T03:00:00+03:00,NO,0.005
2022-10-07T03:00:00+03:00,CO,0.28
2022-10-07T04:00:00+03:00,PM10,0.005
2022-10-07T04:00:00+03:00,NO,0.005
2022-10-07T04:00:00+03:00,NO2,0.015
2022-10-07T04:00:00+03:00,PM2.5,0.005
2022-10-07T04:00:00+03:00,CO,0.27
2022-10-07T05:00:00+03:00,CO,0.27
2022-10-07T05:00:00+03:00,NO2,0.014
2022-10-07T05:00:00+03:00,PM2.5,0.005
2022-10-07T05:00:00+03:00,PM10,0.004
2022-10-07T05:00:00+03:00,NO,0.004
2022-10-07T06:00:00+03:00,NO2,0.015
2022-10-07T06:00:00+03:00,CO,0.28
2022-10-07T06:00:00+03:00,NO,0.007
2022-10-07T06:00:00+03:00,PM10,0.004
2022-10-07T06:00:00+03:00,PM2.5,0.004
2022-10-07T07:00:00+03:00,NO2,0.023
2022-10-07T07:00:00+03:00,CO,0.36
2022-10-07T07:00:00+03:00,NO,0.019
2022-10-07T07:00:00+03:00,PM2.5,0.005
2022-10-07T07:00:00+03:00,PM10,0.004
2022-10-07T08:00:00+03:00,NO,0.054
2022-10-07T08:00:00+03:00,CO,0.54
2022-10-07T08:00:00+03:00,PM10,0.006
2022-10-07T08:00:00+03:00,PM2.5,0.006
2022-10-07T08:00:00+03:00,NO2,0.034
2022-10-07T09:00:00+03:00,NO,0.033
2022-10-07T09:00:00+03:00,PM10,0.005
2022-10-07T09:00:00+03:00,CO,0.45
2022-10-07T09:00:00+03:00,PM2.5,0.005
2022-10-07T09:00:00+03:00,NO2,0.031
2022-10-07T10:00:00+03:00,NO2,0.025
2022-10-07T10:00:00+03:00,CO,0.34
2022-10-07T10:00:00+03:00,PM10,0.005
2022-10-07T10:00:00+03:00,PM2.5,0.005
2022-10-07T10:00:00+03:00,NO,0.019
2022-10-07T11:00:00+03:00,NO2,0.023
2022-10-07T11:00:00+03:00,PM2.5,0.004
2022-10-07T11:00:00+03:00,CO,0.32
2022-10-07T11:00:00+03:00,PM10,0.004
2022-10-07T11:00:00+03:00,NO,0.018
2022-10-07T12:00:00+03:00,NO,0.019
2022-10-07T12:00:00+03:00,NO2,0.025
2022-10-07T12:00:00+03:00,CO,0.31
2022-10-07T12:00:00+03:00,PM2.5,0.002
2022-10-07T12:00:00+03:00,PM10,0.002
2022-10-07T13:00:00+03:00,PM10,0.001
2022-10-07T13:00:00+03:00,NO,0.012
2022-10-07T13:00:00+03:00,PM2.5,0.001
2022-10-07T13:00:00+03:00,NO2,0.021
2022-10-07T13:00:00+03:00,CO,0.28
2022-10-07T14:00:00+03:00,PM10,0.002
2022-10-07T14:00:00+03:00,PM2.5,0.002
2022-10-07T14:00:00+03:00,NO,0.011
2022-10-07T14:00:00+03:00,NO2,0.02
2022-10-07T14:00:00+03:00,CO,0.3
2022-10-07T15:00:00+03:00,CO,0.35
2022-10-07T15:00:00+03:00,PM2.5,0.004
2022-10-07T15:00:00+03:00,PM10,0.005
2022-10-07T15:00:00+03:00,NO2,0.021
2022-10-07T15:00:00+03:00,NO,0.014
2022-10-07T16:00:00+03:00,PM2.5,0.003
2022-10-07T16:00:00+03:00,PM10,0.003
2022-10-07T16:00:00+03:00,CO,0.34
2022-10-07T16:00:00+03:00,NO,0.015
2022-10-07T16:00:00+03:00,NO2,0.022
2022-10-07T17:00:00+03:00,CO,0.32
2022-10-07T17:00:00+03:00,PM10,0.002
2022-10-07T17:00:00+03:00,PM2.5,0.002
2022-10-07T17:00:00+03:00,NO,0.015
2022-10-07T17:00:00+03:00,NO2,0.024
2022-10-07T18:00:00+03:00,CO,0.32
2022-10-07T18:00:00+03:00,PM2.5,0.003
2022-10-07T18:00:00+03:00,NO,0.013
2022-10-07T18:00:00+03:00,PM10,0.003
2022-10-07T18:00:00+03:00,NO2,0.024
2022-10-07T19:00:00+03:00,CO,0.4
2022-10-07T19:00:00+03:00,NO2,0.027
2022-10-07T19:00:00+03:00,PM10,0.003
2022-10-07T19:00:00+03:00,PM2.5,0.003
2022-10-07T19:00:00+03:00,NO,0.019
2022-10-07T20:00:00+03:00,CO,0.4
2022-10-07T20:00:00+03:00,PM2.5,0.003
2022-10-07T20:00:00+03:00,NO2,0.029
2022-10-07T20:00:00+03:00,PM10,0.004
2022-10-07T20:00:00+03:00,NO,0.028
2022-10-07T21:00:00+03:00,NO2,0.035
2022-10-07T21:00:00+03:00,PM2.5,0.003
2022-10-07T21:00:00+03:00,PM10,0.003
2022-10-07T21:00:00+03:00,NO,0.034
2022-10-07T21:00:00+03:00,CO,0.4
2022-10-07T22:00:00+03:00,CO,0.41
2022-10-07T22:00:00+03:00,PM10,0.003
2022-10-07T22:00:00+03:00,NO,0.043
2022-10-07T22:00:00+03:00,NO2,0.039
2022-10-07T22:00:00+03:00,PM2.5,0.004
2022-10-07T23:00:00+03:00,NO,0.02
2022-10-07T23:00:00+03:00,PM2.5,0.004
2022-10-07T23:00:00+03:00,NO2,0.033
2022-10-07T23:00:00+03:00,PM10,0.004
2022-10-07T23:00:00+03:00,CO,0.38
2022-10-08T00:00:00+03:00,NO,0.024
2022-10-08T00:00:00+03:00,PM2.5,0.003
2022-10-08T00:00:00+03:00,CO,0.35
2022-10-08T00:00:00+03:00,PM10,0.003
2022-10-08T00:00:00+03:00,NO2,0.035
2022-10-08T01:00:00+03:00,CO,0.31
2022-10-08T01:00:00+03:00,NO2,0.026
2022-10-08T01:00:00+03:00,NO,0.008
2022-10-08T01:00:00+03:00,PM10,0.002
2022-10-08T01:00:00+03:00,PM2.5,0.002
2022-10-08T02:00:00+03:00,NO2,0.027
2022-10-08T02:00:00+03:00,PM10,0.002
2022-10-08T02:00:00+03:00,CO,0.31
2022-10-08T02:00:00+03:00,PM2.5,0.002
2022-10-08T02:00:00+03:00,NO,0.022
2022-10-08T03:00:00+03:00,CO,0.31
2022-10-08T03:00:00+03:00,NO2,0.028
2022-10-08T03:00:00+03:00,PM2.5,0.002
2022-10-08T03:00:00+03:00,NO,0.014
2022-10-08T03:00:00+03:00,PM10,0.002
2022-10-08T04:00:00+03:00,PM2.5,0.002
2022-10-08T04:00:00+03:00,NO2,0.022
2022-10-08T04:00:00+03:00,CO,0.27
2022-10-08T04:00:00+03:00,NO,0.006
2022-10-08T04:00:00+03:00,PM10,0.002
2022-10-08T05:00:00+03:00,NO2,0.022
2022-10-08T05:00:00+03:00,CO,0.27
2022-10-08T05:00:00+03:00,NO,0.005
2022-10-08T05:00:00+03:00,PM10,0.002
2022-10-08T05:00:00+03:00,PM2.5,0.002
2022-10-08T06:00:00+03:00,CO,0.38
2022-10-08T06:00:00+03:00,PM10,0.002
2022-10-08T06:00:00+03:00,NO2,0.024
2022-10-08T06:00:00+03:00,NO,0.008
2022-10-08T06:00:00+03:00,PM2.5,0.002
2022-10-08T07:00:00+03:00,PM2.5,0.002
2022-10-08T07:00:00+03:00,CO,0.88
2022-10-08T07:00:00+03:00,NO,0.007
2022-10-08T07:00:00+03:00,NO2,0.024
2022-10-08T07:00:00+03:00,PM10,0.003
2022-10-08T08:00:00+03:00,PM2.5,0.003
2022-10-08T08:00:00+03:00,NO2,0.027
2022-10-08T08:00:00+03:00,CO,0.69
2022-10-08T08:00:00+03:00,NO,0.013
2022-10-08T08:00:00+03:00,PM10,0.003
2022-10-08T09:00:00+03:00,NO,0.021
2022-10-08T09:00:00+03:00,CO,0.74
2022-10-08T09:00:00+03:00,PM10,0.005
2022-10-08T09:00:00+03:00,PM2.5,0.005
2022-10-08T09:00:00+03:00,NO2,0.027
2022-10-08T10:00:00+03:00,NO,0.019
2022-10-08T10:00:00+03:00,PM2.5,0.005
2022-10-08T10:00:00+03:00,CO,0.51
2022-10-08T10:00:00+03:00,NO2,0.025
2022-10-08T10:00:00+03:00,PM10,0.005
2022-10-08T11:00:00+03:00,PM2.5,0.004
2022-10-08T11:00:00+03:00,CO,0.44
2022-10-08T11:00:00+03:00,NO,0.015
2022-10-08T11:00:00+03:00,NO2,0.021
2022-10-08T11:00:00+03:00,PM10,0.004
2022-10-08T12:00:00+03:00,PM2.5,0.002
2022-10-08T12:00:00+03:00,NO2,0.016
2022-10-08T12:00:00+03:00,NO,0.008
2022-10-08T12:00:00+03:00,CO,0.37
2022-10-08T12:00:00+03:00,PM10,0.002
2022-10-08T13:00:00+03:00,PM10,0.001
2022-10-08T13:00:00+03:00,CO,0.34
2022-10-08T13:00:00+03:00,NO,0.007
2022-10-08T13:00:00+03:00,PM2.5,0.001
2022-10-08T13:00:00+03:00,NO2,0.017
2022-10-08T14:00:00+03:00,PM2.5,0.005
2022-10-08T14:00:00+03:00,NO2,0.016
2022-10-08T14:00:00+03:00,CO,0.32
2022-10-08T14:00:00+03:00,PM10,0.004
2022-10-08T14:00:00+03:00,NO,0.007
2022-10-08T15:00:00+03:00,PM10,0.004
2022-10-08T15:00:00+03:00,NO,0.004
2022-10-08T15:00:00+03:00,PM2.5,0.004
2022-10-08T15:00:00+03:00,CO,0.35
2022-10-08T15:00:00+03:00,NO2,0.016
2022-10-08T16:00:00+03:00,PM2.5,0.003
2022-10-08T16:00:00+03:00,NO2,0.019
2022-10-08T16:00:00+03:00,NO,0.005
2022-10-08T16:00:00+03:00,CO,0.32
2022-10-08T16:00:00+03:00,PM10,0.002
2022-10-08T17:00:00+03:00,NO2,0.02
2022-10-08T17:00:00+03:00,NO,0.001
2022-10-08T17:00:00+03:00,PM10,0.004
2022-10-08T17:00:00+03:00,CO,0.36
2022-10-08T17:00:00+03:00,PM2.5,0.004
2022-10-08T18:00:00+03:00,PM10,0.007
2022-10-08T18:00:00+03:00,NO,0.003
2022-10-08T18:00:00+03:00,NO2,0.035
2022-10-08T18:00:00+03:00,PM2.5,0.007
2022-10-08T18:00:00+03:00,CO,0.37
2022-10-08T19:00:00+03:00,NO2,0.042
2022-10-08T19:00:00+03:00,CO,0.42
2022-10-08T19:00:00+03:00,PM10,0.009
2022-10-08T19:00:00+03:00,PM2.5,0.009
2022-10-08T19:00:00+03:00,NO,0.004
2022-10-08T20:00:00+03:00,PM10,0.008
2022-10-08T20:00:00+03:00,PM2.5,0.008
2022-10-08T20:00:00+03:00,CO,0.46
2022-10-08T20:00:00+03:00,NO,0.002
2022-10-08T20:00:00+03:00,NO2,0.042
2022-10-08T21:00:00+03:00,PM10,0.007
2022-10-08T21:00:00+03:00,NO2,0.035
2022-10-08T21:00:00+03:00,CO,0.61
2022-10-08T21:00:00+03:00,PM2.5,0.008
2022-10-08T21:00:00+03:00,NO,0.002
2022-10-08T22:00:00+03:00,PM10,0.007
2022-10-08T22:00:00+03:00,PM2.5,0.007
2022-10-08T22:00:00+03:00,NO2,0.03
2022-10-08T22:00:00+03:00,CO,0.73
2022-10-08T22:00:00+03:00,NO,0.001
2022-10-08T23:00:00+03:00,NO,0.002
2022-10-08T23:00:00+03:00,NO2,0.024
2022-10-08T23:00:00+03:00,PM2.5,0.01
2022-10-08T23:00:00+03:00,CO,0.74
2022-10-08T23:00:00+03:00,PM10,0.009
2022-10-09T00:00:00+03:00,NO2,0.023
2022-10-09T00:00:00+03:00,NO,0.003
2022-10-09T00:00:00+03:00,CO,0.57
2022-10-09T00:00:00+03:00,PM10,0.008
2022-10-09T00:00:00+03:00,PM2.5,0.008
2022-10-09T01:00:00+03:00,NO,0.002
2022-10-09T01:00:00+03:00,PM10,0.005
2022-10-09T01:00:00+03:00,CO,0.37
2022-10-09T01:00:00+03:00,NO2,0.019
2022-10-09T01:00:00+03:00,PM2.5,0.005
2022-10-09T02:00:00+03:00,PM10,0.002
2022-10-09T02:00:00+03:00,CO,0.33
2022-10-09T02:00:00+03:00,PM2.5,0.002
2022-10-09T02:00:00+03:00,NO2,0.018
2022-10-09T02:00:00+03:00,NO,0.003
2022-10-09T03:00:00+03:00,NO2,0.016
2022-10-09T03:00:00+03:00,NO,0.001
2022-10-09T03:00:00+03:00,PM10,0.002
2022-10-09T03:00:00+03:00,CO,0.37
2022-10-09T03:00:00+03:00,PM2.5,0.002
2022-10-09T04:00:00+03:00,CO,0.37
2022-10-09T04:00:00+03:00,NO,0.001
2022-10-09T04:00:00+03:00,PM10,0.002
2022-10-09T04:00:00+03:00,NO2,0.015
2022-10-09T04:00:00+03:00,PM2.5,0.002
2022-10-09T05:00:00+03:00,CO,0.35
2022-10-09T05:00:00+03:00,NO,0.002
2022-10-09T05:00:00+03:00,PM10,0.002
2022-10-09T05:00:00+03:00,PM2.5,0.002
2022-10-09T05:00:00+03:00,NO2,0.018
2022-10-09T06:00:00+03:00,PM10,0.002
2022-10-09T06:00:00+03:00,PM2.5,0.002
2022-10-09T06:00:00+03:00,NO2,0.018
2022-10-09T06:00:00+03:00,CO,0.37
2022-10-09T06:00:00+03:00,NO,0.003
2022-10-09T07:00:00+03:00,PM10,0.002
2022-10-09T07:00:00+03:00,PM2.5,0.002
2022-10-09T07:00:00+03:00,NO2,0.022
2022-10-09T07:00:00+03:00,NO,0.001
2022-10-09T07:00:00+03:00,CO,0.32
2022-10-09T08:00:00+03:00,PM2.5,0.003
2022-10-09T08:00:00+03:00,NO2,0.028
2022-10-09T08:00:00+03:00,CO,0.34
2022-10-09T08:00:00+03:00,NO,0.003
2022-10-09T08:00:00+03:00,PM10,0.003
2022-10-09T09:00:00+03:00,NO,0.006
2022-10-09T09:00:00+03:00,PM10,0.004
2022-10-09T09:00:00+03:00,NO2,0.026
2022-10-09T09:00:00+03:00,PM2.5,0.004
2022-10-09T09:00:00+03:00,CO,0.33
2022-10-09T10:00:00+03:00,NO,0.006
2022-10-09T10:00:00+03:00,PM2.5,0.005
2022-10-09T10:00:00+03:00,CO,0.35
2022-10-09T10:00:00+03:00,NO2,0.018
2022-10-09T10:00:00+03:00,PM10,0.005
2022-10-09T11:00:00+03:00,NO,0.006
2022-10-09T11:00:00+03:00,NO2,0.017
2022-10-09T11:00:00+03:00,PM10,0.004
2022-10-09T11:00:00+03:00,PM2.5,0.004
2022-10-09T11:00:00+03:00,CO,0.35
2022-10-09T12:00:00+03:00,NO2,0.016
2022-10-09T12:00:00+03:00,CO,0.31
2022-10-09T12:00:00+03:00,PM10,0.003
2022-10-09T12:00:00+03:00,PM2.5,0.003
2022-10-09T12:00:00+03:00,NO,0.004
2022-10-09T13:00:00+03:00,PM2.5,0.002
2022-10-09T13:00:00+03:00,NO,0.001
2022-10-09T13:00:00+03:00,CO,0.36
2022-10-09T13:00:00+03:00,PM10,0.002
2022-10-09T13:00:00+03:00,NO2,0.014
2022-10-09T14:00:00+03:00,PM10,0.004
2022-10-09T14:00:00+03:00,NO2,0.014
2022-10-09T14:00:00+03:00,PM2.5,0.004
2022-10-09T14:00:00+03:00,CO,0.3
2022-10-09T14:00:00+03:00,NO,0.001
2022-10-09T15:00:00+03:00,PM2.5,0.01
2022-10-09T15:00:00+03:00,CO,0.41
2022-10-09T15:00:00+03:00,NO,0.001
2022-10-09T15:00:00+03:00,PM10,0.01
2022-10-09T15:00:00+03:00,NO2,0.016
2022-10-09T16:00:00+03:00,PM10,0.003
2022-10-09T16:00:00+03:00,NO2,0.02
2022-10-09T16:00:00+03:00,CO,0.64
2022-10-09T16:00:00+03:00,PM2.5,0.003
2022-10-09T16:00:00+03:00,NO,0.004
2022-10-09T17:00:00+03:00,PM2.5,0.008
2022-10-09T17:00:00+03:00,NO2,0.029
2022-10-09T17:00:00+03:00,NO,0.011
2022-10-09T17:00:00+03:00,PM10,0.007
2022-10-09T17:00:00+03:00,CO,0.72
2022-10-09T18:00:00+03:00,PM2.5,0.011
2022-10-09T18:00:00+03:00,CO,0.6
2022-10-09T18:00:00+03:00,NO2,0.038
2022-10-09T18:00:00+03:00,PM10,0.01
2022-10-09T18:00:00+03:00,NO,0.016
2022-10-09T19:00:00+03:00,NO2,0.048
2022-10-09T19:00:00+03:00,PM2.5,0.009
2022-10-09T19:00:00+03:00,CO,0.72
2022-10-09T19:00:00+03:00,NO,0.027
2022-10-09T19:00:00+03:00,PM10,0.008
2022-10-09T20:00:00+03:00,PM2.5,0.007
2022-10-09T20:00:00+03:00,NO2,0.051
2022-10-09T20:00:00+03:00,NO,0.042
2022-10-09T20:00:00+03:00,CO,0.76
2022-10-09T20:00:00+03:00,PM10,0.007
2022-10-09T21:00:00+03:00,PM2.5,0.008
2022-10-09T21:00:00+03:00,NO2,0.05
2022-10-09T21:00:00+03:00,CO,0.76
2022-10-09T21:00:00+03:00,NO,0.036
2022-10-09T21:00:00+03:00,PM10,0.008
2022-10-09T22:00:00+03:00,CO,0.57
2022-10-09T22:00:00+03:00,PM10,0.006
2022-10-09T22:00:00+03:00,PM2.5,0.006
2022-10-09T22:00:00+03:00,NO,0.027
2022-10-09T22:00:00+03:00,NO2,0.042
2022-10-09T23:00:00+03:00,PM2.5,0.004
2022-10-09T23:00:00+03:00,NO2,0.038
2022-10-09T23:00:00+03:00,CO,0.52
2022-10-09T23:00:00+03:00,PM10,0.004
2022-10-09T23:00:00+03:00,NO,0.027
2022-10-10T00:00:00+03:00,PM10,0.004
2022-10-10T00:00:00+03:00,PM2.5,0.004
2022-10-10T00:00:00+03:00,CO,0.46
2022-10-10T00:00:00+03:00,NO,0.023
2022-10-10T00:00:00+03:00,NO2,0.036
2022-10-10T01:00:00+03:00,CO,0.44
2022-10-10T01:00:00+03:00,PM2.5,0.004
2022-10-10T01:00:00+03:00,NO2,0.038
2022-10-10T01:00:00+03:00,NO,0.019
2022-10-10T01:00:00+03:00,PM10,0.004
2022-10-10T02:00:00+03:00,PM10,0.003
2022-10-10T02:00:00+03:00,NO,0.015
2022-10-10T02:00:00+03:00,PM2.5,0.003
2022-10-10T02:00:00+03:00,NO2,0.036
2022-10-10T02:00:00+03:00,CO,0.39
2022-10-10T03:00:00+03:00,CO,0.35
2022-10-10T03:00:00+03:00,PM2.5,0.002
2022-10-10T03:00:00+03:00,PM10,0.002
2022-10-10T03:00:00+03:00,NO,0.01
2022-10-10T03:00:00+03:00,NO2,0.035
2022-10-10T04:00:00+03:00,NO,0.015
2022-10-10T04:00:00+03:00,NO2,0.038
2022-10-10T04:00:00+03:00,PM2.5,0.002
2022-10-10T04:00:00+03:00,PM10,0.002
2022-10-10T04:00:00+03:00,CO,0.37
2022-10-10T05:00:00+03:00,CO,0.37
2022-10-10T05:00:00+03:00,NO,0.018
2022-10-10T05:00:00+03:00,PM2.5,0.003
2022-10-10T05:00:00+03:00,NO2,0.041
2022-10-10T05:00:00+03:00,PM10,0.003
2022-10-10T06:00:00+03:00,NO,0.012
2022-10-10T06:00:00+03:00,PM10,0.002
2022-10-10T06:00:00+03:00,NO2,0.034
2022-10-10T06:00:00+03:00,PM2.5,0.001
2022-10-10T06:00:00+03:00,CO,0.38
2022-10-10T07:00:00+03:00,CO,0.45
2022-10-10T07:00:00+03:00,PM2.5,0.003
2022-10-10T07:00:00+03:00,PM10,0.003
2022-10-10T07:00:00+03:00,NO,0.028
2022-10-10T07:00:00+03:00,NO2,0.045
2022-10-10T08:00:00+03:00,NO2,0.055
2022-10-10T08:00:00+03:00,PM2.5,0.004
2022-10-10T08:00:00+03:00,PM10,0.004
2022-10-10T08:00:00+03:00,CO,0.5
2022-10-10T08:00:00+03:00,NO,0.039
2022-10-10T09:00:00+03:00,PM2.5,0.006
2022-10-10T09:00:00+03:00,PM10,0.006
2022-10-10T09:00:00+03:00,CO,0.66
2022-10-10T09:00:00+03:00,NO,0.05
2022-10-10T09:00:00+03:00,NO2,0.052
2022-10-10T10:00:00+03:00,PM10,0.006
2022-10-10T10:00:00+03:00,CO,0.5
2022-10-10T10:00:00+03:00,NO2,0.045
2022-10-10T10:00:00+03:00,NO,0.043
2022-10-10T10:00:00+03:00,PM2.5,0.006
2022-10-10T11:00:00+03:00,PM2.5,0.006
2022-10-10T11:00:00+03:00,NO2,0.045
2022-10-10T11:00:00+03:00,PM10,0.007
2022-10-10T11:00:00+03:00,CO,0.46
2022-10-10T11:00:00+03:00,NO,0.051
2022-10-10T12:00:00+03:00,PM2.5,0.005
2022-10-10T12:00:00+03:00,PM10,0.005
2022-10-10T12:00:00+03:00,CO,0.44
2022-10-10T12:00:00+03:00,NO,0.042
2022-10-10T12:00:00+03:00,NO2,0.045
2022-10-10T13:00:00+03:00,NO,0.028
2022-10-10T13:00:00+03:00,PM10,0.003
2022-10-10T13:00:00+03:00,CO,0.39
2022-10-10T13:00:00+03:00,NO2,0.046
2022-10-10T13:00:00+03:00,PM2.5,0.003
2022-10-10T14:00:00+03:00,CO,0.39
2022-10-10T14:00:00+03:00,NO,0.022
2022-10-10T14:00:00+03:00,PM10,0.001
2022-10-10T14:00:00+03:00,PM2.5,0.001
2022-10-10T14:00:00+03:00,NO2,0.039
2022-10-10T15:00:00+03:00,CO,0.43
2022-10-10T15:00:00+03:00,PM2.5,0.004
2022-10-10T15:00:00+03:00,PM10,0.004
2022-10-10T15:00:00+03:00,NO,0.027
2022-10-10T15:00:00+03:00,NO2,0.041
2022-10-10T16:00:00+03:00,CO,0.47
2022-10-10T16:00:00+03:00,PM10,0.006
2022-10-10T16:00:00+03:00,NO,0.038
2022-10-10T16:00:00+03:00,PM2.5,0.006
2022-10-10T16:00:00+03:00,NO2,0.046
2022-10-10T17:00:00+03:00,NO,0.043
2022-10-10T17:00:00+03:00,PM10,0.006
2022-10-10T17:00:00+03:00,NO2,0.052
2022-10-10T17:00:00+03:00,CO,0.52
2022-10-10T17:00:00+03:00,PM2.5,0.006
2022-10-10T18:00:00+03:00,NO,0.058
2022-10-10T18:00:00+03:00,CO,0.61
2022-10-10T18:00:00+03:00,PM2.5,0.006
2022-10-10T18:00:00+03:00,PM10,0.006
2022-10-10T18:00:00+03:00,NO2,0.062
2022-10-10T19:00:00+03:00,NO,0.081
2022-10-10T19:00:00+03:00,NO2,0.066
2022-10-10T19:00:00+03:00,PM10,0.006
2022-10-10T19:00:00+03:00,CO,0.68
2022-10-10T19:00:00+03:00,PM2.5,0.006
2022-10-10T20:00:00+03:00,PM10,0.005
2022-10-10T20:00:00+03:00,NO,0.04
2022-10-10T20:00:00+03:00,NO2,0.063
2022-10-10T20:00:00+03:00,CO,0.57
2022-10-10T20:00:00+03:00,PM2.5,0.005
2022-10-10T21:00:00+03:00,CO,0.57
2022-10-10T21:00:00+03:00,NO2,0.064
2022-10-10T21:00:00+03:00,NO,0.05
2022-10-10T21:00:00+03:00,PM10,0.004
2022-10-10T21:00:00+03:00,PM2.5,0.005
2022-10-10T22:00:00+03:00,PM2.5,0.005
2022-10-10T22:00:00+03:00,NO,0.049
2022-10-10T22:00:00+03:00,CO,0.61
2022-10-10T22:00:00+03:00,PM10,0.005
2022-10-10T22:00:00+03:00,NO2,0.064
2022-10-10T23:00:00+03:00,CO,0.54
2022-10-10T23:00:00+03:00,PM2.5,0.004
2022-10-10T23:00:00+03:00,NO,0.045
2022-10-10T23:00:00+03:00,PM10,0.004
2022-10-10T23:00:00+03:00,NO2,0.064
2022-10-11T00:00:00+03:00,NO,0.062
2022-10-11T00:00:00+03:00,NO2,0.062
2022-10-11T00:00:00+03:00,PM2.5,0.004
2022-10-11T00:00:00+03:00,CO,0.64
2022-10-11T00:00:00+03:00,PM10,0.004
2022-10-11T01:00:00+03:00,NO2,0.06
2022-10-11T01:00:00+03:00,PM2.5,0.006
2022-10-11T01:00:00+03:00,CO,0.64
2022-10-11T01:00:00+03:00,NO,0.091
2022-10-11T01:00:00+03:00,PM10,0.005
2022-10-11T02:00:00+03:00,NO2,0.056
2022-10-11T02:00:00+03:00,PM10,0.006
2022-10-11T02:00:00+03:00,NO,0.102
2022-10-11T02:00:00+03:00,PM2.5,0.006
2022-10-11T02:00:00+03:00,CO,0.66
2022-10-11T03:00:00+03:00,PM2.5,0.005
2022-10-11T03:00:00+03:00,CO,0.55
2022-10-11T03:00:00+03:00,NO,0.075
2022-10-11T03:00:00+03:00,NO2,0.06
2022-10-11T03:00:00+03:00,PM10,0.005
2022-10-11T04:00:00+03:00,PM2.5,0.005
2022-10-11T04:00:00+03:00,NO,0.093
2022-10-11T04:00:00+03:00,PM10,0.005
2022-10-11T04:00:00+03:00,NO2,0.053
2022-10-11T04:00:00+03:00,CO,0.6
2022-10-11T05:00:00+03:00,PM10,0.005
2022-10-11T05:00:00+03:00,CO,0.67
2022-10-11T05:00:00+03:00,PM2.5,0.006
2022-10-11T05:00:00+03:00,NO2,0.047
2022-10-11T05:00:00+03:00,NO,0.125
2022-10-11T06:00:00+03:00,PM10,0.008
2022-10-11T06:00:00+03:00,PM2.5,0.008
2022-10-11T06:00:00+03:00,NO,0.203
2022-10-11T06:00:00+03:00,CO,0.84
2022-10-11T06:00:00+03:00,NO2,0.059
2022-10-11T07:00:00+03:00,PM10,0.01
2022-10-11T07:00:00+03:00,PM2.5,0.011
2022-10-11T07:00:00+03:00,NO2,0.058
2022-10-11T07:00:00+03:00,NO,0.357
2022-10-11T07:00:00+03:00,CO,1.51
2022-10-11T08:00:00+03:00,PM10,0.016
2022-10-11T08:00:00+03:00,NO2,0.079
2022-10-11T08:00:00+03:00,CO,2.28
2022-10-11T08:00:00+03:00,PM2.5,0.017
2022-10-11T08:00:00+03:00,NO,0.532
2022-10-11T09:00:00+03:00,NO2,0.065
2022-10-11T09:00:00+03:00,PM10,0.013
2022-10-11T09:00:00+03:00,NO,0.177
2022-10-11T09:00:00+03:00,CO,1.09
2022-10-11T09:00:00+03:00,PM2.5,0.011
2022-10-11T10:00:00+03:00,CO,0.6
2022-10-11T10:00:00+03:00,NO2,0.056
2022-10-11T10:00:00+03:00,PM10,0.004
2022-10-11T10:00:00+03:00,PM2.5,0.005
2022-10-11T10:00:00+03:00,NO,0.059
2022-10-11T11:00:00+03:00,PM2.5,0.003
2022-10-11T11:00:00+03:00,NO,0.033
2022-10-11T11:00:00+03:00,PM10,0.003
2022-10-11T11:00:00+03:00,NO2,0.044
2022-10-11T11:00:00+03:00,CO,0.52
2022-10-11T12:00:00+03:00,PM10,0.003
2022-10-11T12:00:00+03:00,CO,0.49
2022-10-11T12:00:00+03:00,NO2,0.053
2022-10-11T12:00:00+03:00,NO,0.041
2022-10-11T12:00:00+03:00,PM2.5,0.003
2022-10-11T13:00:00+03:00,CO,0.55
2022-10-11T13:00:00+03:00,PM10,0.002
2022-10-11T13:00:00+03:00,NO2,0.056
2022-10-11T13:00:00+03:00,NO,0.056
2022-10-11T13:00:00+03:00,PM2.5,0.002
2022-10-11T14:00:00+03:00,NO,0.039
2022-10-11T14:00:00+03:00,PM2.5,0.002
2022-10-11T14:00:00+03:00,PM10,0.002
2022-10-11T14:00:00+03:00,CO,0.5
2022-10-11T14:00:00+03:00,NO2,0.056
2022-10-11T15:00:00+03:00,PM10,0.004
2022-10-11T15:00:00+03:00,CO,0.55
2022-10-11T15:00:00+03:00,PM2.5,0.004
2022-10-11T15:00:00+03:00,NO,0.045
2022-10-11T15:00:00+03:00,NO2,0.061
2022-10-11T16:00:00+03:00,PM2.5,0.004
2022-10-11T16:00:00+03:00,CO,0.61
2022-10-11T16:00:00+03:00,NO,0.064
2022-10-11T16:00:00+03:00,PM10,0.004
2022-10-11T16:00:00+03:00,NO2,0.07
2022-10-11T17:00:00+03:00,NO,0.055
2022-10-11T17:00:00+03:00,PM2.5,0.005
2022-10-11T17:00:00+03:00,CO,0.6
2022-10-11T17:00:00+03:00,NO2,0.074
2022-10-11T17:00:00+03:00,PM10,0.005
2022-10-11T18:00:00+03:00,PM10,0.01
2022-10-11T18:00:00+03:00,NO2,0.079
2022-10-11T18:00:00+03:00,PM2.5,0.01
2022-10-11T18:00:00+03:00,CO,0.81
2022-10-11T18:00:00+03:00,NO,0.103
2022-10-11T19:00:00+03:00,PM2.5,0.019
2022-10-11T19:00:00+03:00,NO2,0.076
2022-10-11T19:00:00+03:00,PM10,0.019
2022-10-11T19:00:00+03:00,NO,0.25
2022-10-11T19:00:00+03:00,CO,1.63
2022-10-11T20:00:00+03:00,NO,0.259
2022-10-11T20:00:00+03:00,CO,1.9
2022-10-11T20:00:00+03:00,NO2,0.069
2022-10-11T20:00:00+03:00,PM2.5,0.017
2022-10-11T20:00:00+03:00,PM10,0.017
2022-10-11T21:00:00+03:00,CO,2.02
2022-10-11T21:00:00+03:00,NO2,0.076
2022-10-11T21:00:00+03:00,PM10,0.016
2022-10-11T21:00:00+03:00,PM2.5,0.017
2022-10-11T21:00:00+03:00,NO,0.348
2022-10-11T22:00:00+03:00,CO,2.76
2022-10-11T22:00:00+03:00,PM2.5,0.027
2022-10-11T22:00:00+03:00,NO,0.592
2022-10-11T22:00:00+03:00,NO2,0.09
2022-10-11T22:00:00+03:00,PM10,0.026
2022-10-11T23:00:00+03:00,PM2.5,0.02
2022-10-11T23:00:00+03:00,CO,2.08
2022-10-11T23:00:00+03:00,NO,0.486
2022-10-11T23:00:00+03:00,NO2,0.08
2022-10-11T23:00:00+03:00,PM10,0.02
2022-10-12T00:00:00+03:00,PM10,0.017
2022-10-12T00:00:00+03:00,CO,1.78
2022-10-12T00:00:00+03:00,NO2,0.066
2022-10-12T00:00:00+03:00,PM2.5,0.018
2022-10-12T00:00:00+03:00,NO,0.378
2022-10-12T01:00:00+03:00,NO,0.316
2022-10-12T01:00:00+03:00,NO2,0.054
2022-10-12T01:00:00+03:00,CO,1.76
2022-10-12T01:00:00+03:00,PM10,0.016
2022-10-12T01:00:00+03:00,PM2.5,0.017
2022-10-12T02:00:00+03:00,CO,1.92
2022-10-12T02:00:00+03:00,PM2.5,0.022
2022-10-12T02:00:00+03:00,PM10,0.02
2022-10-12T02:00:00+03:00,NO,0.363
2022-10-12T02:00:00+03:00,NO2,0.058
2022-10-12T03:00:00+03:00,NO2,0.056
2022-10-12T03:00:00+03:00,PM10,0.023
2022-10-12T03:00:00+03:00,CO,1.88
2022-10-12T03:00:00+03:00,PM2.5,0.025
2022-10-12T03:00:00+03:00,NO,0.357
2022-10-12T04:00:00+03:00,PM10,0.024
2022-10-12T04:00:00+03:00,CO,1.8
2022-10-12T04:00:00+03:00,NO,0.351
2022-10-12T04:00:00+03:00,NO2,0.052
2022-10-12T04:00:00+03:00,PM2.5,0.025
2022-10-12T05:00:00+03:00,NO2,0.046
2022-10-12T05:00:00+03:00,NO,0.299
2022-10-12T05:00:00+03:00,CO,1.67
2022-10-12T05:00:00+03:00,PM2.5,0.021
2022-10-12T05:00:00+03:00,PM10,0.019
2022-10-12T06:00:00+03:00,PM2.5,0.02
2022-10-12T06:00:00+03:00,CO,1.72
2022-10-12T06:00:00+03:00,NO2,0.053
2022-10-12T06:00:00+03:00,PM10,0.019
2022-10-12T06:00:00+03:00,NO,0.331
2022-10-12T07:00:00+03:00,NO,0.345
2022-10-12T07:00:00+03:00,PM10,0.02
2022-10-12T07:00:00+03:00,CO,1.63
2022-10-12T07:00:00+03:00,PM2.5,0.022
2022-10-12T07:00:00+03:00,NO2,0.06
2022-10-12T08:00:00+03:00,CO,1.7
2022-10-12T08:00:00+03:00,NO,0.357
2022-10-12T08:00:00+03:00,PM10,0.023
2022-10-12T08:00:00+03:00,PM2.5,0.024
2022-10-12T08:00:00+03:00,NO2,0.06
2022-10-12T09:00:00+03:00,NO,0.288
2022-10-12T09:00:00+03:00,NO2,0.057
2022-10-12T09:00:00+03:00,PM2.5,0.026
2022-10-12T09:00:00+03:00,CO,1.67
2022-10-12T09:00:00+03:00,PM10,0.025
2022-10-12T10:00:00+03:00,PM10,0.014
2022-10-12T10:00:00+03:00,CO,1.18
2022-10-12T10:00:00+03:00,NO2,0.057
2022-10-12T10:00:00+03:00,NO,0.173
2022-10-12T10:00:00+03:00,PM2.5,0.015
2022-10-12T11:00:00+03:00,CO,0.74
2022-10-12T11:00:00+03:00,NO2,0.057
2022-10-12T11:00:00+03:00,NO,0.094
2022-10-12T11:00:00+03:00,PM2.5,0.006
2022-10-12T11:00:00+03:00,PM10,0.006
2022-10-12T12:00:00+03:00,CO,0.64
2022-10-12T12:00:00+03:00,NO,0.057
2022-10-12T12:00:00+03:00,PM2.5,0.004
2022-10-12T12:00:00+03:00,NO2,0.051
2022-10-12T12:00:00+03:00,PM10,0.004
2022-10-12T13:00:00+03:00,PM10,0.005
2022-10-12T13:00:00+03:00,NO,0.046
2022-10-12T13:00:00+03:00,CO,0.62
2022-10-12T13:00:00+03:00,PM2.5,0.005
2022-10-12T13:00:00+03:00,NO2,0.047
2022-10-12T14:00:00+03:00,NO2,0.055
2022-10-12T14:00:00+03:00,NO,0.071
2022-10-12T14:00:00+03:00,PM10,0.008
2022-10-12T14:00:00+03:00,PM2.5,0.008
2022-10-12T14:00:00+03:00,CO,0.69
2022-10-12T15:00:00+03:00,PM2.5,0.007
2022-10-12T15:00:00+03:00,PM10,0.007
2022-10-12T15:00:00+03:00,NO2,0.044
2022-10-12T15:00:00+03:00,CO,0.58
2022-10-12T15:00:00+03:00,NO,0.043
2022-10-12T16:00:00+03:00,NO2,0.043
2022-10-12T16:00:00+03:00,PM2.5,0.008
2022-10-12T16:00:00+03:00,NO,0.034
2022-10-12T16:00:00+03:00,CO,0.58
2022-10-12T16:00:00+03:00,PM10,0.008
2022-10-12T17:00:00+03:00,NO2,0.044
2022-10-12T17:00:00+03:00,PM10,0.008
2022-10-12T17:00:00+03:00,CO,0.63
2022-10-12T17:00:00+03:00,PM2.5,0.009
2022-10-12T17:00:00+03:00,NO,0.047
2022-10-12T18:00:00+03:00,PM10,0.006
2022-10-12T18:00:00+03:00,PM2.5,0.007
2022-10-12T18:00:00+03:00,NO,0.038
2022-10-12T18:00:00+03:00,NO2,0.045
2022-10-12T18:00:00+03:00,CO,0.67
2022-10-12T19:00:00+03:00,CO,0.89
2022-10-12T19:00:00+03:00,NO2,0.056
2022-10-12T19:00:00+03:00,PM2.5,0.008
2022-10-12T19:00:00+03:00,PM10,0.007
2022-10-12T19:00:00+03:00,NO,0.107
2022-10-12T20:00:00+03:00,PM2.5,0.01
2022-10-12T20:00:00+03:00,NO2,0.05
2022-10-12T20:00:00+03:00,PM10,0.009
2022-10-12T20:00:00+03:00,CO,1.03
2022-10-12T20:00:00+03:00,NO,0.111
2022-10-12T21:00:00+03:00,PM10,0.006
2022-10-12T21:00:00+03:00,NO,0.144
2022-10-12T21:00:00+03:00,NO2,0.052
2022-10-12T21:00:00+03:00,CO,0.95
2022-10-12T21:00:00+03:00,PM2.5,0.007
2022-10-12T22:00:00+03:00,NO,0.132
2022-10-12T22:00:00+03:00,NO2,0.05
2022-10-12T22:00:00+03:00,PM2.5,0.011
2022-10-12T22:00:00+03:00,PM10,0.01
2022-10-12T22:00:00+03:00,CO,0.97
2022-10-12T23:00:00+03:00,NO,0.115
2022-10-12T23:00:00+03:00,NO2,0.049
2022-10-12T23:00:00+03:00,CO,0.89
2022-10-12T23:00:00+03:00,PM10,0.01
2022-10-12T23:00:00+03:00,PM2.5,0.01
2022-10-13T00:00:00+03:00,PM10,0.011
2022-10-13T00:00:00+03:00,NO2,0.047
2022-10-13T00:00:00+03:00,NO,0.11
2022-10-13T00:00:00+03:00,PM2.5,0.012
2022-10-13T00:00:00+03:00,CO,0.85
2022-10-13T01:00:00+03:00,PM2.5,0.01
2022-10-13T01:00:00+03:00,NO2,0.051
2022-10-13T01:00:00+03:00,NO,0.101
2022-10-13T01:00:00+03:00,CO,0.81
2022-10-13T01:00:00+03:00,PM10,0.009
2022-10-13T02:00:00+03:00,PM10,0.006
2022-10-13T02:00:00+03:00,CO,0.59
2022-10-13T02:00:00+03:00,NO2,0.049
2022-10-13T02:00:00+03:00,NO,0.053
2022-10-13T02:00:00+03:00,PM2.5,0.006
2022-10-13T03:00:00+03:00,NO2,0.05
2022-10-13T03:00:00+03:00,PM10,0.006
2022-10-13T03:00:00+03:00,NO,0.02
2022-10-13T03:00:00+03:00,CO,0.57
2022-10-13T03:00:00+03:00,PM2.5,0.005
2022-10-13T04:00:00+03:00,PM10,0.003
2022-10-13T04:00:00+03:00,NO,0.026
2022-10-13T04:00:00+03:00,CO,0.64
2022-10-13T04:00:00+03:00,PM2.5,0.003
2022-10-13T04:00:00+03:00,NO2,0.046
2022-10-13T05:00:00+03:00,PM10,0.001
2022-10-13T05:00:00+03:00,PM2.5,0.002
2022-10-13T05:00:00+03:00,NO2,0.044
2022-10-13T05:00:00+03:00,NO,0.028
2022-10-13T05:00:00+03:00,CO,0.76
2022-10-13T06:00:00+03:00,NO2,0.042
2022-10-13T06:00:00+03:00,PM10,0.002
2022-10-13T06:00:00+03:00,NO,0.039
2022-10-13T06:00:00+03:00,PM2.5,0.003
2022-10-13T06:00:00+03:00,CO,0.8
2022-10-13T07:00:00+03:00,NO,0.059
2022-10-13T07:00:00+03:00,NO2,0.049
2022-10-13T07:00:00+03:00,PM2.5,0.004
2022-10-13T07:00:00+03:00,PM10,0.004
2022-10-13T07:00:00+03:00,CO,0.87
2022-10-13T08:00:00+03:00,NO,0.084
2022-10-13T08:00:00+03:00,CO,1.02
2022-10-13T08:00:00+03:00,PM10,0.007
2022-10-13T08:00:00+03:00,PM2.5,0.006
2022-10-13T08:00:00+03:00,NO2,0.045
2022-10-13T09:00:00+03:00,NO2,0.047
2022-10-13T09:00:00+03:00,NO,0.119
2022-10-13T09:00:00+03:00,PM10,0.01
2022-10-13T09:00:00+03:00,PM2.5,0.011
2022-10-13T09:00:00+03:00,CO,1.15
2022-10-13T10:00:00+03:00,PM10,0.011
2022-10-13T10:00:00+03:00,NO2,0.048
2022-10-13T10:00:00+03:00,CO,1.03
2022-10-13T10:00:00+03:00,NO,0.103
2022-10-13T10:00:00+03:00,PM2.5,0.012
2022-10-13T11:00:00+03:00,CO,0.88
2022-10-13T11:00:00+03:00,NO,0.097
2022-10-13T11:00:00+03:00,NO2,0.046
2022-10-13T11:00:00+03:00,PM10,0.008
2022-10-13T11:00:00+03:00,PM2.5,0.008
2022-10-13T12:00:00+03:00,PM10,0.007
2022-10-13T12:00:00+03:00,NO,0.075
2022-10-13T12:00:00+03:00,CO,0.74
2022-10-13T12:00:00+03:00,PM2.5,0.007
2022-10-13T12:00:00+03:00,NO2,0.038
2022-10-13T13:00:00+03:00,NO,0.052
2022-10-13T13:00:00+03:00,CO,0.64
2022-10-13T13:00:00+03:00,PM2.5,0.01
2022-10-13T13:00:00+03:00,NO2,0.035
2022-10-13T13:00:00+03:00,PM10,0.01
2022-10-13T14:00:00+03:00,NO,0.04
2022-10-13T14:00:00+03:00,NO2,0.035
2022-10-13T14:00:00+03:00,CO,0.57
2022-10-13T14:00:00+03:00,PM10,0.005
2022-10-13T14:00:00+03:00,PM2.5,0.005
2022-10-13T15:00:00+03:00,NO2,0.04
2022-10-13T15:00:00+03:00,NO,0.039
2022-10-13T15:00:00+03:00,CO,0.57
2022-10-13T15:00:00+03:00,PM10,0.004
2022-10-13T15:00:00+03:00,PM2.5,0.004
2022-10-13T16:00:00+03:00,CO,0.52
2022-10-13T16:00:00+03:00,PM2.5,0.005
2022-10-13T16:00:00+03:00,NO,0.044
2022-10-13T16:00:00+03:00,NO2,0.042
2022-10-13T16:00:00+03:00,PM10,0.004
2022-10-13T17:00:00+03:00,NO,0.047
2022-10-13T17:00:00+03:00,NO2,0.049
2022-10-13T17:00:00+03:00,CO,0.54
2022-10-13T17:00:00+03:00,PM10,0.006
2022-10-13T17:00:00+03:00,PM2.5,0.007
2022-10-13T18:00:00+03:00,CO,0.63
2022-10-13T18:00:00+03:00,NO2,0.056
2022-10-13T18:00:00+03:00,NO,0.07
2022-10-13T18:00:00+03:00,PM10,0.005
2022-10-13T18:00:00+03:00,PM2.5,0.005
2022-10-13T19:00:00+03:00,CO,0.68
2022-10-13T19:00:00+03:00,PM2.5,0.005
2022-10-13T19:00:00+03:00,PM10,0.005
2022-10-13T19:00:00+03:00,NO2,0.063
2022-10-13T19:00:00+03:00,NO,0.084
2022-10-13T20:00:00+03:00,NO2,0.065
2022-10-13T20:00:00+03:00,NO,0.071
2022-10-13T20:00:00+03:00,CO,0.68
2022-10-13T20:00:00+03:00,PM2.5,0.005
2022-10-13T20:00:00+03:00,PM10,0.005
2022-10-13T21:00:00+03:00,PM2.5,0.006
2022-10-13T21:00:00+03:00,NO,0.089
2022-10-13T21:00:00+03:00,PM10,0.006
2022-10-13T21:00:00+03:00,NO2,0.066
2022-10-13T21:00:00+03:00,CO,0.71
2022-10-13T22:00:00+03:00,NO,0.108
2022-10-13T22:00:00+03:00,PM2.5,0.008
2022-10-13T22:00:00+03:00,CO,0.78
2022-10-13T22:00:00+03:00,NO2,0.068
2022-10-13T22:00:00+03:00,PM10,0.007
2022-10-13T23:00:00+03:00,CO,0.78
2022-10-13T23:00:00+03:00,PM2.5,0.008
2022-10-13T23:00:00+03:00,PM10,0.007
2022-10-13T23:00:00+03:00,NO2,0.068
2022-10-13T23:00:00+03:00,NO,0.127
2022-10-14T00:00:00+03:00,CO,0.66
2022-10-14T00:00:00+03:00,NO2,0.06
2022-10-14T00:00:00+03:00,PM2.5,0.007
2022-10-14T00:00:00+03:00,PM10,0.007
2022-10-14T00:00:00+03:00,NO,0.103
2022-10-14T01:00:00+03:00,NO,0.078
2022-10-14T01:00:00+03:00,NO2,0.06
2022-10-14T01:00:00+03:00,PM10,0.007
2022-10-14T01:00:00+03:00,PM2.5,0.008
2022-10-14T01:00:00+03:00,CO,0.57
2022-10-14T02:00:00+03:00,NO2,0.058
2022-10-14T02:00:00+03:00,CO,0.47
2022-10-14T02:00:00+03:00,NO,0.052
2022-10-14T02:00:00+03:00,PM10,0.007
2022-10-14T02:00:00+03:00,PM2.5,0.008
2022-10-14T03:00:00+03:00,NO,0.059
2022-10-14T03:00:00+03:00,PM10,0.005
2022-10-14T03:00:00+03:00,NO2,0.053
2022-10-14T03:00:00+03:00,PM2.5,0.006
2022-10-14T03:00:00+03:00,CO,0.43
2022-10-14T04:00:00+03:00,PM2.5,0.005
2022-10-14T04:00:00+03:00,NO,0.032
2022-10-14T04:00:00+03:00,NO2,0.051
2022-10-14T04:00:00+03:00,CO,0.38
2022-10-14T04:00:00+03:00,PM10,0.004
2022-10-14T05:00:00+03:00,NO2,0.053
2022-10-14T05:00:00+03:00,CO,0.41
2022-10-14T05:00:00+03:00,PM10,0.004
2022-10-14T05:00:00+03:00,PM2.5,0.004
2022-10-14T05:00:00+03:00,NO,0.049
2022-10-14T06:00:00+03:00,NO2,0.052
2022-10-14T06:00:00+03:00,CO,0.49
2022-10-14T06:00:00+03:00,PM10,0.005
2022-10-14T06:00:00+03:00,NO,0.101
2022-10-14T06:00:00+03:00,PM2.5,0.006
2022-10-14T07:00:00+03:00,NO,0.131
2022-10-14T07:00:00+03:00,PM10,0.007
2022-10-14T07:00:00+03:00,NO2,0.052
2022-10-14T07:00:00+03:00,CO,0.73
2022-10-14T07:00:00+03:00,PM2.5,0.008
2022-10-14T08:00:00+03:00,PM10,0.009
2022-10-14T08:00:00+03:00,CO,0.96
2022-10-14T08:00:00+03:00,NO,0.185
2022-10-14T08:00:00+03:00,NO2,0.05
2022-10-14T08:00:00+03:00,PM2.5,0.01
2022-10-14T09:00:00+03:00,PM10,0.015
2022-10-14T09:00:00+03:00,PM2.5,0.015
2022-10-14T09:00:00+03:00,NO,0.187
2022-10-14T09:00:00+03:00,NO2,0.045
2022-10-14T09:00:00+03:00,CO,1.15
2022-10-14T10:00:00+03:00,CO,1.05
2022-10-14T10:00:00+03:00,NO,0.142
2022-10-14T10:00:00+03:00,PM2.5,0.017
2022-10-14T10:00:00+03:00,NO2,0.047
2022-10-14T10:00:00+03:00,PM10,0.016
2022-10-14T11:00:00+03:00,NO,0.053
2022-10-14T11:00:00+03:00,PM10,0.003
2022-10-14T11:00:00+03:00,PM2.5,0.003
2022-10-14T11:00:00+03:00,NO2,0.039
2022-10-14T11:00:00+03:00,CO,0.47
2022-10-14T12:00:00+03:00,NO2,0.038
2022-10-14T12:00:00+03:00,PM10,0.003
2022-10-14T12:00:00+03:00,PM2.5,0.003
2022-10-14T12:00:00+03:00,NO,0.041
2022-10-14T12:00:00+03:00,CO,0.48
2022-10-14T13:00:00+03:00,PM10,0.001
2022-10-14T13:00:00+03:00,CO,0.48
2022-10-14T13:00:00+03:00,PM2.5,0.001
2022-10-14T13:00:00+03:00,NO2,0.03
2022-10-14T13:00:00+03:00,NO,0.033
2022-10-14T14:00:00+03:00,CO,0.48
2022-10-14T14:00:00+03:00,NO2,0.026
2022-10-14T14:00:00+03:00,PM10,0.003
2022-10-14T14:00:00+03:00,PM2.5,0.003
2022-10-14T14:00:00+03:00,NO,0.039
2022-10-14T15:00:00+03:00,PM10,0.003
2022-10-14T15:00:00+03:00,PM2.5,0.004
2022-10-14T15:00:00+03:00,CO,0.46
2022-10-14T15:00:00+03:00,NO2,0.028
2022-10-14T15:00:00+03:00,NO,0.032
2022-10-14T16:00:00+03:00,CO,0.54
2022-10-14T16:00:00+03:00,NO2,0.033
2022-10-14T16:00:00+03:00,NO,0.039
2022-10-14T16:00:00+03:00,PM10,0.005
2022-10-14T16:00:00+03:00,PM2.5,0.005
2022-10-14T17:00:00+03:00,PM10,0.004
2022-10-14T17:00:00+03:00,PM2.5,0.004
2022-10-14T17:00:00+03:00,NO,0.049
2022-10-14T17:00:00+03:00,NO2,0.04
2022-10-14T17:00:00+03:00,CO,0.57
2022-10-14T18:00:00+03:00,PM2.5,0.007
2022-10-14T18:00:00+03:00,NO,0.065
2022-10-14T18:00:00+03:00,NO2,0.05
2022-10-14T18:00:00+03:00,CO,0.7
2022-10-14T18:00:00+03:00,PM10,0.006
2022-10-14T19:00:00+03:00,NO,0.064
2022-10-14T19:00:00+03:00,CO,0.66
2022-10-14T19:00:00+03:00,NO2,0.046
2022-10-14T19:00:00+03:00,PM10,0.007
2022-10-14T19:00:00+03:00,PM2.5,0.008
2022-10-14T20:00:00+03:00,PM10,0.008
2022-10-14T20:00:00+03:00,CO,0.72
2022-10-14T20:00:00+03:00,NO2,0.047
2022-10-14T20:00:00+03:00,PM2.5,0.009
2022-10-14T20:00:00+03:00,NO,0.079
2022-10-14T21:00:00+03:00,NO2,0.048
2022-10-14T21:00:00+03:00,PM2.5,0.01
2022-10-14T21:00:00+03:00,CO,0.77
2022-10-14T21:00:00+03:00,NO,0.049
2022-10-14T21:00:00+03:00,PM10,0.009
2022-10-14T22:00:00+03:00,PM2.5,0.008
2022-10-14T22:00:00+03:00,PM10,0.007
2022-10-14T22:00:00+03:00,NO,0.064
2022-10-14T22:00:00+03:00,NO2,0.046
2022-10-14T22:00:00+03:00,CO,0.65
2022-10-14T23:00:00+03:00,PM2.5,0.008
2022-10-14T23:00:00+03:00,CO,0.69
2022-10-14T23:00:00+03:00,NO,0.066
2022-10-14T23:00:00+03:00,PM10,0.007
2022-10-14T23:00:00+03:00,NO2,0.049
2022-10-15T00:00:00+03:00,NO,0.05
2022-10-15T00:00:00+03:00,CO,0.66
2022-10-15T00:00:00+03:00,PM10,0.006
2022-10-15T00:00:00+03:00,NO2,0.046
2022-10-15T00:00:00+03:00,PM2.5,0.007
2022-10-15T01:00:00+03:00,PM2.5,0.007
2022-10-15T01:00:00+03:00,NO2,0.045
2022-10-15T01:00:00+03:00,CO,0.61
2022-10-15T01:00:00+03:00,NO,0.055
2022-10-15T01:00:00+03:00,PM10,0.006
2022-10-15T02:00:00+03:00,NO2,0.041
2022-10-15T02:00:00+03:00,PM2.5,0.007
2022-10-15T02:00:00+03:00,NO,0.029
2022-10-15T02:00:00+03:00,CO,0.58
2022-10-15T02:00:00+03:00,PM10,0.006
2022-10-15T03:00:00+03:00,NO,0.052
2022-10-15T03:00:00+03:00,PM10,0.005
2022-10-15T03:00:00+03:00,NO2,0.045
2022-10-15T03:00:00+03:00,CO,0.64
2022-10-15T03:00:00+03:00,PM2.5,0.006
2022-10-15T04:00:00+03:00,CO,0.74
2022-10-15T04:00:00+03:00,PM10,0.007
2022-10-15T04:00:00+03:00,PM2.5,0.007
2022-10-15T04:00:00+03:00,NO,0.057
2022-10-15T04:00:00+03:00,NO2,0.041
2022-10-15T05:00:00+03:00,NO,0.069
2022-10-15T05:00:00+03:00,PM10,0.007
2022-10-15T05:00:00+03:00,NO2,0.043
2022-10-15T05:00:00+03:00,PM2.5,0.007
2022-10-15T05:00:00+03:00,CO,0.65
2022-10-15T06:00:00+03:00,NO,0.026
2022-10-15T06:00:00+03:00,PM10,0.006
2022-10-15T06:00:00+03:00,NO2,0.035
2022-10-15T06:00:00+03:00,PM2.5,0.006
2022-10-15T06:00:00+03:00,CO,0.7
2022-10-15T07:00:00+03:00,NO,0.02
2022-10-15T07:00:00+03:00,PM2.5,0.004
2022-10-15T07:00:00+03:00,CO,0.51
2022-10-15T07:00:00+03:00,NO2,0.032
2022-10-15T07:00:00+03:00,PM10,0.004
2022-10-15T08:00:00+03:00,PM2.5,0.006
2022-10-15T08:00:00+03:00,CO,0.96
2022-10-15T08:00:00+03:00,NO2,0.036
2022-10-15T08:00:00+03:00,NO,0.031
2022-10-15T08:00:00+03:00,PM10,0.005
2022-10-15T09:00:00+03:00,PM10,0.006
2022-10-15T09:00:00+03:00,PM2.5,0.007
2022-10-15T09:00:00+03:00,NO2,0.04
2022-10-15T09:00:00+03:00,CO,1
2022-10-15T09:00:00+03:00,NO,0.047
2022-10-15T10:00:00+03:00,PM2.5,0.008
2022-10-15T10:00:00+03:00,CO,0.94
2022-10-15T10:00:00+03:00,NO2,0.042
2022-10-15T10:00:00+03:00,NO,0.05
2022-10-15T10:00:00+03:00,PM10,0.007
2022-10-15T11:00:00+03:00,NO,0.043
2022-10-15T11:00:00+03:00,PM10,0.009
2022-10-15T11:00:00+03:00,PM2.5,0.009
2022-10-15T11:00:00+03:00,NO2,0.044
2022-10-15T11:00:00+03:00,CO,1.07
2022-10-15T12:00:00+03:00,CO,1.15
2022-10-15T12:00:00+03:00,NO,0.034
2022-10-15T12:00:00+03:00,PM10,0.007
2022-10-15T12:00:00+03:00,NO2,0.046
2022-10-15T12:00:00+03:00,PM2.5,0.007
2022-10-15T13:00:00+03:00,CO,0.63
2022-10-15T13:00:00+03:00,NO2,0.048
2022-10-15T13:00:00+03:00,PM10,0.007
2022-10-15T13:00:00+03:00,NO,0.029
2022-10-15T13:00:00+03:00,PM2.5,0.007
2022-10-15T14:00:00+03:00,CO,0.75
2022-10-15T14:00:00+03:00,NO,0.015
2022-10-15T14:00:00+03:00,PM10,0.007
2022-10-15T14:00:00+03:00,NO2,0.044
2022-10-15T14:00:00+03:00,PM2.5,0.008
2022-10-15T15:00:00+03:00,PM10,0.01
2022-10-15T15:00:00+03:00,NO2,0.041
2022-10-15T15:00:00+03:00,CO,0.65
2022-10-15T15:00:00+03:00,PM2.5,0.01
2022-10-15T15:00:00+03:00,NO,0.016
2022-10-15T16:00:00+03:00,NO,0.012
2022-10-15T16:00:00+03:00,PM2.5,0.008
2022-10-15T16:00:00+03:00,NO2,0.034
2022-10-15T16:00:00+03:00,CO,0.74
2022-10-15T16:00:00+03:00,PM10,0.007
2022-10-15T17:00:00+03:00,CO,1
2022-10-15T17:00:00+03:00,NO,0.013
2022-10-15T17:00:00+03:00,PM10,0.01
2022-10-15T17:00:00+03:00,NO2,0.043
2022-10-15T17:00:00+03:00,PM2.5,0.011
2022-10-15T18:00:00+03:00,NO,0.015
2022-10-15T18:00:00+03:00,PM10,0.012
2022-10-15T18:00:00+03:00,NO2,0.056
2022-10-15T18:00:00+03:00,PM2.5,0.013
2022-10-15T18:00:00+03:00,CO,1.44
2022-10-15T19:00:00+03:00,NO,0.009
2022-10-15T19:00:00+03:00,CO,1
2022-10-15T19:00:00+03:00,PM10,0.026
2022-10-15T19:00:00+03:00,NO2,0.051
2022-10-15T19:00:00+03:00,PM2.5,0.029
2022-10-15T20:00:00+03:00,NO2,0.045
2022-10-15T20:00:00+03:00,PM2.5,0.016
2022-10-15T20:00:00+03:00,CO,0.9
2022-10-15T20:00:00+03:00,NO,0.002
2022-10-15T20:00:00+03:00,PM10,0.015
2022-10-15T21:00:00+03:00,PM2.5,0.016
2022-10-15T21:00:00+03:00,CO,0.9
2022-10-15T21:00:00+03:00,NO2,0.043
2022-10-15T21:00:00+03:00,PM10,0.015
2022-10-15T21:00:00+03:00,NO,0.001
2022-10-15T22:00:00+03:00,NO,0.002
2022-10-15T22:00:00+03:00,PM2.5,0.013
2022-10-15T22:00:00+03:00,CO,0.85
2022-10-15T22:00:00+03:00,PM10,0.012
2022-10-15T22:00:00+03:00,NO2,0.04
2022-10-15T23:00:00+03:00,NO,0.002
2022-10-15T23:00:00+03:00,PM2.5,0.01
2022-10-15T23:00:00+03:00,NO2,0.031
2022-10-15T23:00:00+03:00,PM10,0.009
2022-10-15T23:00:00+03:00,CO,0.55
2022-10-16T00:00:00+03:00,NO2,0.033
2022-10-16T00:00:00+03:00,PM10,0.008
2022-10-16T00:00:00+03:00,PM2.5,0.008
2022-10-16T00:00:00+03:00,NO,0.002
2022-10-16T00:00:00+03:00,CO,0.73
2022-10-16T01:00:00+03:00,NO,0.001
2022-10-16T01:00:00+03:00,NO2,0.027
2022-10-16T01:00:00+03:00,PM10,0.005
2022-10-16T01:00:00+03:00,PM2.5,0.006
2022-10-16T01:00:00+03:00,CO,0.74
2022-10-16T02:00:00+03:00,NO,0.002
2022-10-16T02:00:00+03:00,PM2.5,0.005
2022-10-16T02:00:00+03:00,CO,1.04
2022-10-16T02:00:00+03:00,PM10,0.004
2022-10-16T02:00:00+03:00,NO2,0.02
2022-10-16T03:00:00+03:00,CO,1.02
2022-10-16T03:00:00+03:00,PM10,0.003
2022-10-16T03:00:00+03:00,NO2,0.02
2022-10-16T03:00:00+03:00,NO,0
2022-10-16T03:00:00+03:00,PM2.5,0.004
2022-10-16T04:00:00+03:00,PM2.5,0.004
2022-10-16T04:00:00+03:00,CO,0.75
2022-10-16T04:00:00+03:00,NO2,0.02
2022-10-16T04:00:00+03:00,PM10,0.004
2022-10-16T04:00:00+03:00,NO,0
2022-10-16T05:00:00+03:00,PM10,0.004
2022-10-16T05:00:00+03:00,NO,0
2022-10-16T05:00:00+03:00,NO2,0.021
2022-10-16T05:00:00+03:00,PM2.5,0.005
2022-10-16T05:00:00+03:00,CO,0.56
2022-10-16T06:00:00+03:00,NO,0.002
2022-10-16T06:00:00+03:00,CO,0.64
2022-10-16T06:00:00+03:00,PM10,0.004
2022-10-16T06:00:00+03:00,PM2.5,0.005
2022-10-16T06:00:00+03:00,NO2,0.023
2022-10-16T07:00:00+03:00,NO2,0.026
2022-10-16T07:00:00+03:00,PM2.5,0.005
2022-10-16T07:00:00+03:00,CO,0.53
2022-10-16T07:00:00+03:00,NO,0.002
2022-10-16T07:00:00+03:00,PM10,0.004
2022-10-16T08:00:00+03:00,PM10,0.007
2022-10-16T08:00:00+03:00,CO,0.51
2022-10-16T08:00:00+03:00,NO2,0.028
2022-10-16T08:00:00+03:00,NO,0.003
2022-10-16T08:00:00+03:00,PM2.5,0.008
2022-10-16T09:00:00+03:00,CO,0.94
2022-10-16T09:00:00+03:00,PM2.5,0.013
2022-10-16T09:00:00+03:00,NO,0.016
2022-10-16T09:00:00+03:00,NO2,0.037
2022-10-16T09:00:00+03:00,PM10,0.012
2022-10-16T10:00:00+03:00,CO,0.45
2022-10-16T10:00:00+03:00,NO,0.015
2022-10-16T10:00:00+03:00,PM10,0.009
2022-10-16T10:00:00+03:00,NO2,0.03
2022-10-16T10:00:00+03:00,PM2.5,0.009
2022-10-16T11:00:00+03:00,CO,0.41
2022-10-16T11:00:00+03:00,PM2.5,0.007
2022-10-16T11:00:00+03:00,NO,0.014
2022-10-16T11:00:00+03:00,PM10,0.007
2022-10-16T11:00:00+03:00,NO2,0.03
2022-10-16T12:00:00+03:00,CO,0.41
2022-10-16T12:00:00+03:00,PM2.5,0.006
2022-10-16T12:00:00+03:00,NO2,0.028
2022-10-16T12:00:00+03:00,PM10,0.006
2022-10-16T12:00:00+03:00,NO,0.013
2022-10-16T13:00:00+03:00,NO,0.005
2022-10-16T13:00:00+03:00,PM10,0.004
2022-10-16T13:00:00+03:00,NO2,0.019
2022-10-16T13:00:00+03:00,PM2.5,0.004
2022-10-16T13:00:00+03:00,CO,0.37
2022-10-16T14:00:00+03:00,NO2,0.015
2022-10-16T14:00:00+03:00,NO,0.005
2022-10-16T14:00:00+03:00,CO,0.33
2022-10-16T14:00:00+03:00,PM2.5,0.004
2022-10-16T14:00:00+03:00,PM10,0.003
2022-10-16T15:00:00+03:00,PM10,0.003
2022-10-16T15:00:00+03:00,NO2,0.019
2022-10-16T15:00:00+03:00,PM2.5,0.003
2022-10-16T15:00:00+03:00,CO,0.33
2022-10-16T15:00:00+03:00,NO,0.003
2022-10-16T16:00:00+03:00,PM2.5,0.006
2022-10-16T16:00:00+03:00,PM10,0.005
2022-10-16T16:00:00+03:00,NO2,0.021
2022-10-16T16:00:00+03:00,CO,0.32
2022-10-16T16:00:00+03:00,NO,0.003
2022-10-16T17:00:00+03:00,PM10,0.008
2022-10-16T17:00:00+03:00,PM2.5,0.008
2022-10-16T17:00:00+03:00,NO2,0.023
2022-10-16T17:00:00+03:00,CO,0.34
2022-10-16T17:00:00+03:00,NO,0.002
2022-10-16T18:00:00+03:00,CO,0.31
2022-10-16T18:00:00+03:00,NO2,0.035
2022-10-16T18:00:00+03:00,PM10,0.009
2022-10-16T18:00:00+03:00,PM2.5,0.01
2022-10-16T18:00:00+03:00,NO,0.002
2022-10-16T19:00:00+03:00,PM2.5,0.01
2022-10-16T19:00:00+03:00,NO2,0.052
2022-10-16T19:00:00+03:00,NO,0.003
2022-10-16T19:00:00+03:00,CO,0.37
2022-10-16T19:00:00+03:00,PM10,0.009
2022-10-16T20:00:00+03:00,CO,0.36
2022-10-16T20:00:00+03:00,NO2,0.041
2022-10-16T20:00:00+03:00,NO,0.002
2022-10-16T20:00:00+03:00,PM10,0.005
2022-10-16T20:00:00+03:00,PM2.5,0.006
2022-10-16T21:00:00+03:00,NO,0.001
2022-10-16T21:00:00+03:00,NO2,0.033
2022-10-16T21:00:00+03:00,PM2.5,0.007
2022-10-16T21:00:00+03:00,CO,0.36
2022-10-16T21:00:00+03:00,PM10,0.006
2022-10-16T22:00:00+03:00,PM10,0.005
2022-10-16T22:00:00+03:00,PM2.5,0.006
2022-10-16T22:00:00+03:00,CO,0.37
2022-10-16T22:00:00+03:00,NO,0.001
2022-10-16T22:00:00+03:00,NO2,0.027
2022-10-16T23:00:00+03:00,PM2.5,0.004
2022-10-16T23:00:00+03:00,PM10,0.004
2022-10-16T23:00:00+03:00,NO2,0.022
2022-10-16T23:00:00+03:00,CO,0.34
2022-10-16T23:00:00+03:00,NO,0.002
2022-10-17T00:00:00+03:00,PM10,0.003
2022-10-17T00:00:00+03:00,PM2.5,0.004
2022-10-17T00:00:00+03:00,NO2,0.023
2022-10-17T00:00:00+03:00,NO,0.001
2022-10-17T00:00:00+03:00,CO,0.33
2022-10-17T01:00:00+03:00,PM2.5,0.004
2022-10-17T01:00:00+03:00,NO2,0.021
2022-10-17T01:00:00+03:00,NO,0.001
2022-10-17T01:00:00+03:00,CO,0.31
2022-10-17T01:00:00+03:00,PM10,0.003
2022-10-17T02:00:00+03:00,PM2.5,0.004
2022-10-17T02:00:00+03:00,CO,0.35
2022-10-17T02:00:00+03:00,NO,0.001
2022-10-17T02:00:00+03:00,PM10,0.003
2022-10-17T02:00:00+03:00,NO2,0.02
2022-10-17T03:00:00+03:00,PM2.5,0.003
2022-10-17T03:00:00+03:00,NO,0
2022-10-17T03:00:00+03:00,PM10,0.003
2022-10-17T03:00:00+03:00,CO,0.33
2022-10-17T03:00:00+03:00,NO2,0.02
2022-10-17T04:00:00+03:00,PM2.5,0.003
2022-10-17T04:00:00+03:00,NO,0.001
2022-10-17T04:00:00+03:00,CO,0.35
2022-10-17T04:00:00+03:00,NO2,0.018
2022-10-17T04:00:00+03:00,PM10,0.002
2022-10-17T05:00:00+03:00,CO,0.33
2022-10-17T05:00:00+03:00,PM10,0.001
2022-10-17T05:00:00+03:00,PM2.5,0.002
2022-10-17T05:00:00+03:00,NO2,0.016
2022-10-17T05:00:00+03:00,NO,0.001
2022-10-17T06:00:00+03:00,PM10,0.003
2022-10-17T06:00:00+03:00,NO,0.001
2022-10-17T06:00:00+03:00,PM2.5,0.004
2022-10-17T06:00:00+03:00,CO,0.32
2022-10-17T06:00:00+03:00,NO2,0.022
2022-10-17T07:00:00+03:00,PM10,0.002
2022-10-17T07:00:00+03:00,NO,0.001
2022-10-17T07:00:00+03:00,NO2,0.021
2022-10-17T07:00:00+03:00,PM2.5,0.002
2022-10-17T07:00:00+03:00,CO,0.35
2022-10-17T08:00:00+03:00,PM2.5,0.004
2022-10-17T08:00:00+03:00,PM10,0.004
2022-10-17T08:00:00+03:00,NO2,0.028
2022-10-17T08:00:00+03:00,NO,0.005
2022-10-17T08:00:00+03:00,CO,0.37
2022-10-17T09:00:00+03:00,CO,0.4
2022-10-17T09:00:00+03:00,NO2,0.029
2022-10-17T09:00:00+03:00,NO,0.004
2022-10-17T09:00:00+03:00,PM10,0.004
2022-10-17T09:00:00+03:00,PM2.5,0.005
2022-10-17T10:00:00+03:00,PM10,0.004
2022-10-17T10:00:00+03:00,CO,0.43
2022-10-17T10:00:00+03:00,PM2.5,0.005
2022-10-17T10:00:00+03:00,NO2,0.027
2022-10-17T10:00:00+03:00,NO,0.005
2022-10-17T11:00:00+03:00,NO2,0.024
2022-10-17T11:00:00+03:00,PM10,0.005
2022-10-17T11:00:00+03:00,NO,0.004
2022-10-17T11:00:00+03:00,CO,0.4
2022-10-17T11:00:00+03:00,PM2.5,0.006
2022-10-17T12:00:00+03:00,PM2.5,0.007
2022-10-17T12:00:00+03:00,CO,0.46
2022-10-17T12:00:00+03:00,NO2,0.024
2022-10-17T12:00:00+03:00,NO,0.004
2022-10-17T12:00:00+03:00,PM10,0.006
2022-10-17T13:00:00+03:00,NO,0.005
2022-10-17T13:00:00+03:00,PM10,0.007
2022-10-17T13:00:00+03:00,NO2,0.024
2022-10-17T13:00:00+03:00,CO,0.43
2022-10-17T13:00:00+03:00,PM2.5,0.009
2022-10-17T14:00:00+03:00,PM10,0.005
2022-10-17T14:00:00+03:00,PM2.5,0.005
2022-10-17T14:00:00+03:00,NO,0.007
2022-10-17T14:00:00+03:00,CO,0.4
2022-10-17T14:00:00+03:00,NO2,0.023
2022-10-17T15:00:00+03:00,PM10,0.005
2022-10-17T15:00:00+03:00,NO,0.012
2022-10-17T15:00:00+03:00,NO2,0.021
2022-10-17T15:00:00+03:00,PM2.5,0.006
2022-10-17T15:00:00+03:00,CO,0.38
2022-10-17T16:00:00+03:00,CO,0.4
2022-10-17T16:00:00+03:00,NO2,0.021
2022-10-17T16:00:00+03:00,PM10,0.006
2022-10-17T16:00:00+03:00,NO,0.008
2022-10-17T16:00:00+03:00,PM2.5,0.007
2022-10-17T17:00:00+03:00,NO2,0.021
2022-10-17T17:00:00+03:00,CO,0.38
2022-10-17T17:00:00+03:00,PM2.5,0.009
2022-10-17T17:00:00+03:00,NO,0.011
2022-10-17T17:00:00+03:00,PM10,0.008
2022-10-17T18:00:00+03:00,CO,0.41
2022-10-17T18:00:00+03:00,PM10,0.006
2022-10-17T18:00:00+03:00,PM2.5,0.007
2022-10-17T18:00:00+03:00,NO2,0.024
2022-10-17T18:00:00+03:00,NO,0.013
2022-10-17T19:00:00+03:00,NO,0.012
2022-10-17T19:00:00+03:00,CO,0.36
2022-10-17T19:00:00+03:00,PM10,0.007
2022-10-17T19:00:00+03:00,PM2.5,0.008
2022-10-17T19:00:00+03:00,NO2,0.02
2022-10-17T20:00:00+03:00,NO2,0.02
2022-10-17T20:00:00+03:00,PM10,0.008
2022-10-17T20:00:00+03:00,PM2.5,0.008
2022-10-17T20:00:00+03:00,CO,0.3
2022-10-17T20:00:00+03:00,NO,0.013
2022-10-17T21:00:00+03:00,PM2.5,0.008
2022-10-17T21:00:00+03:00,NO2,0.021
2022-10-17T21:00:00+03:00,PM10,0.007
2022-10-17T21:00:00+03:00,NO,0.012
2022-10-17T21:00:00+03:00,CO,0.3
2022-10-17T22:00:00+03:00,NO,0.009
2022-10-17T22:00:00+03:00,PM10,0.007
2022-10-17T22:00:00+03:00,PM2.5,0.008
2022-10-17T22:00:00+03:00,CO,0.31
2022-10-17T22:00:00+03:00,NO2,0.019
2022-10-17T23:00:00+03:00,CO,0.27
2022-10-17T23:00:00+03:00,PM10,0.006
2022-10-17T23:00:00+03:00,PM2.5,0.007
2022-10-17T23:00:00+03:00,NO2,0.016
2022-10-17T23:00:00+03:00,NO,0.009
2022-10-18T00:00:00+03:00,PM10,0.006
2022-10-18T00:00:00+03:00,CO,0.27
2022-10-18T00:00:00+03:00,NO,0.009
2022-10-18T00:00:00+03:00,NO2,0.019
2022-10-18T00:00:00+03:00,PM2.5,0.007
2022-10-18T01:00:00+03:00,NO2,0.018
2022-10-18T01:00:00+03:00,PM10,0.005
2022-10-18T01:00:00+03:00,NO,0.008
2022-10-18T01:00:00+03:00,PM2.5,0.006
2022-10-18T01:00:00+03:00,CO,0.25
2022-10-18T02:00:00+03:00,NO2,0.023
2022-10-18T02:00:00+03:00,CO,0.32
2022-10-18T02:00:00+03:00,NO,0.008
2022-10-18T02:00:00+03:00,PM10,0.004
2022-10-18T02:00:00+03:00,PM2.5,0.005
2022-10-18T03:00:00+03:00,NO2,0.024
2022-10-18T03:00:00+03:00,CO,0.77
2022-10-18T03:00:00+03:00,NO,0.008
2022-10-18T03:00:00+03:00,PM2.5,0.006
2022-10-18T03:00:00+03:00,PM10,0.005
2022-10-18T04:00:00+03:00,NO2,0.021
2022-10-18T04:00:00+03:00,PM2.5,0.004
2022-10-18T04:00:00+03:00,PM10,0.003
2022-10-18T04:00:00+03:00,CO,0.77
2022-10-18T04:00:00+03:00,NO,0.008
2022-10-18T05:00:00+03:00,CO,0.56
2022-10-18T05:00:00+03:00,PM10,0.003
2022-10-18T05:00:00+03:00,NO2,0.018
2022-10-18T05:00:00+03:00,PM2.5,0.004
2022-10-18T05:00:00+03:00,NO,0.008
2022-10-18T06:00:00+03:00,CO,0.7
2022-10-18T06:00:00+03:00,NO2,0.022
2022-10-18T06:00:00+03:00,PM2.5,0.004
2022-10-18T06:00:00+03:00,PM10,0.003
2022-10-18T06:00:00+03:00,NO,0.012
2022-10-18T07:00:00+03:00,CO,0.61
2022-10-18T07:00:00+03:00,PM2.5,0.004
2022-10-18T07:00:00+03:00,PM10,0.003
2022-10-18T07:00:00+03:00,NO,0.014
2022-10-18T07:00:00+03:00,NO2,0.022
2022-10-18T08:00:00+03:00,NO2,0.026
2022-10-18T08:00:00+03:00,PM10,0.004
2022-10-18T08:00:00+03:00,NO,0.016
2022-10-18T08:00:00+03:00,PM2.5,0.005
2022-10-18T08:00:00+03:00,CO,0.71
2022-10-18T09:00:00+03:00,NO,0.019
2022-10-18T09:00:00+03:00,PM10,0.007
2022-10-18T09:00:00+03:00,NO2,0.026
2022-10-18T09:00:00+03:00,CO,0.6
2022-10-18T09:00:00+03:00,PM2.5,0.007
2022-10-18T10:00:00+03:00,PM2.5,0.006
2022-10-18T10:00:00+03:00,PM10,0.005
2022-10-18T10:00:00+03:00,CO,0.58
2022-10-18T10:00:00+03:00,NO2,0.03
2022-10-18T10:00:00+03:00,NO,0.02
2022-10-18T11:00:00+03:00,CO,0.41
2022-10-18T11:00:00+03:00,NO2,0.04
2022-10-18T11:00:00+03:00,PM2.5,0.002
2022-10-18T11:00:00+03:00,PM10,0.001
2022-10-18T11:00:00+03:00,NO,0.039
2022-10-18T12:00:00+03:00,PM2.5,0.001
2022-10-18T12:00:00+03:00,CO,0.38
2022-10-18T12:00:00+03:00,PM10,0.001
2022-10-18T12:00:00+03:00,NO2,0.044
2022-10-18T12:00:00+03:00,NO,0.032
2022-10-18T13:00:00+03:00,NO,0.013
2022-10-18T13:00:00+03:00,PM2.5,0.003
2022-10-18T13:00:00+03:00,NO2,0.037
2022-10-18T13:00:00+03:00,PM10,0.002
2022-10-18T13:00:00+03:00,CO,0.38
2022-10-18T14:00:00+03:00,NO2,0.022
2022-10-18T14:00:00+03:00,PM2.5,0.004
2022-10-18T14:00:00+03:00,PM10,0.003
2022-10-18T14:00:00+03:00,NO,0.013
2022-10-18T14:00:00+03:00,CO,0.35
2022-10-18T15:00:00+03:00,PM10,0.006
2022-10-18T15:00:00+03:00,NO,0.016
2022-10-18T15:00:00+03:00,PM2.5,0.006
2022-10-18T15:00:00+03:00,NO2,0.024
2022-10-18T15:00:00+03:00,CO,0.34
2022-10-18T16:00:00+03:00,PM10,0.005
2022-10-18T16:00:00+03:00,CO,0.33
2022-10-18T16:00:00+03:00,NO,0.017
2022-10-18T16:00:00+03:00,PM2.5,0.006
2022-10-18T16:00:00+03:00,NO2,0.023
2022-10-18T17:00:00+03:00,NO,0.012
2022-10-18T17:00:00+03:00,PM2.5,0.006
2022-10-18T17:00:00+03:00,CO,0.35
2022-10-18T17:00:00+03:00,PM10,0.006
2022-10-18T17:00:00+03:00,NO2,0.024
2022-10-18T18:00:00+03:00,NO2,0.033
2022-10-18T18:00:00+03:00,NO,0.019
2022-10-18T18:00:00+03:00,PM10,0.007
2022-10-18T18:00:00+03:00,CO,0.38
2022-10-18T18:00:00+03:00,PM2.5,0.005
2022-10-18T19:00:00+03:00,PM10,0.002
2022-10-18T19:00:00+03:00,NO2,0.038
2022-10-18T19:00:00+03:00,NO,0.024
2022-10-18T19:00:00+03:00,PM2.5,0.002
2022-10-18T19:00:00+03:00,CO,0.36
2022-10-18T20:00:00+03:00,PM2.5,0.002
2022-10-18T20:00:00+03:00,NO2,0.039
2022-10-18T20:00:00+03:00,NO,0.022
2022-10-18T20:00:00+03:00,PM10,0.002
2022-10-18T20:00:00+03:00,CO,0.37
2022-10-18T21:00:00+03:00,NO2,0.037
2022-10-18T21:00:00+03:00,CO,0.42
2022-10-18T21:00:00+03:00,PM2.5,0.001
2022-10-18T21:00:00+03:00,NO,0.025
2022-10-18T21:00:00+03:00,PM10,0.001
2022-10-18T22:00:00+03:00,NO2,0.04
2022-10-18T22:00:00+03:00,PM2.5,0.001
2022-10-18T22:00:00+03:00,PM10,0
2022-10-18T22:00:00+03:00,CO,0.4
2022-10-18T22:00:00+03:00,NO,0.029
2022-10-18T23:00:00+03:00,NO,0.037
2022-10-18T23:00:00+03:00,PM10,0.001
2022-10-18T23:00:00+03:00,NO2,0.043
2022-10-18T23:00:00+03:00,CO,0.41
2022-10-18T23:00:00+03:00,PM2.5,0.001
2022-10-19T00:00:00+03:00,NO2,0.045
2022-10-19T00:00:00+03:00,PM2.5,0.001
2022-10-19T00:00:00+03:00,PM10,0
2022-10-19T00:00:00+03:00,NO,0.042
2022-10-19T00:00:00+03:00,CO,0.45
2022-10-19T01:00:00+03:00,CO,0.33
2022-10-19T01:00:00+03:00,NO2,0.041
2022-10-19T01:00:00+03:00,PM10,0.001
2022-10-19T01:00:00+03:00,PM2.5,0.001
2022-10-19T01:00:00+03:00,NO,0.025
2022-10-19T02:00:00+03:00,NO,0.026
2022-10-19T02:00:00+03:00,PM2.5,0.001
2022-10-19T02:00:00+03:00,CO,0.53
2022-10-19T02:00:00+03:00,NO2,0.037
2022-10-19T02:00:00+03:00,PM10,0.001
2022-10-19T03:00:00+03:00,NO,0.047
2022-10-19T03:00:00+03:00,CO,0.43
2022-10-19T03:00:00+03:00,NO2,0.041
2022-10-19T03:00:00+03:00,PM2.5,0.001
2022-10-19T03:00:00+03:00,PM10,0
2022-10-19T04:00:00+03:00,NO2,0.036
2022-10-19T04:00:00+03:00,CO,0.61
2022-10-19T04:00:00+03:00,PM2.5,0.003
2022-10-19T04:00:00+03:00,NO,0.158
2022-10-19T04:00:00+03:00,PM10,0.002
2022-10-19T05:00:00+03:00,PM2.5,0.002
2022-10-19T05:00:00+03:00,PM10,0.001
2022-10-19T05:00:00+03:00,CO,0.5
2022-10-19T05:00:00+03:00,NO,0.049
2022-10-19T05:00:00+03:00,NO2,0.04
2022-10-19T06:00:00+03:00,CO,0.58
2022-10-19T06:00:00+03:00,NO,0.114
2022-10-19T06:00:00+03:00,PM2.5,0.002
2022-10-19T06:00:00+03:00,PM10,0.001
2022-10-19T06:00:00+03:00,NO2,0.04
2022-10-19T07:00:00+03:00,NO2,0.045
2022-10-19T07:00:00+03:00,PM10,0.002
2022-10-19T07:00:00+03:00,CO,0.67
2022-10-19T07:00:00+03:00,NO,0.148
2022-10-19T07:00:00+03:00,PM2.5,0.003
2022-10-19T08:00:00+03:00,PM10,0.004
2022-10-19T08:00:00+03:00,NO,0.161
2022-10-19T08:00:00+03:00,CO,0.81
2022-10-19T08:00:00+03:00,NO2,0.051
2022-10-19T08:00:00+03:00,PM2.5,0.005
2022-10-19T09:00:00+03:00,PM2.5,0.005
2022-10-19T09:00:00+03:00,NO,0.127
2022-10-19T09:00:00+03:00,PM10,0.004
2022-10-19T09:00:00+03:00,NO2,0.045
2022-10-19T09:00:00+03:00,CO,0.76
2022-10-19T10:00:00+03:00,CO,0.45
2022-10-19T10:00:00+03:00,PM2.5,0.005
2022-10-19T10:00:00+03:00,NO2,0.047
2022-10-19T10:00:00+03:00,PM10,0.004
2022-10-19T10:00:00+03:00,NO,0.044
2022-10-19T11:00:00+03:00,CO,0.39
2022-10-19T11:00:00+03:00,NO,0.024
2022-10-19T11:00:00+03:00,PM2.5,0.003
2022-10-19T11:00:00+03:00,NO2,0.049
2022-10-19T11:00:00+03:00,PM10,0.003
2022-10-19T12:00:00+03:00,CO,0.38
2022-10-19T12:00:00+03:00,NO,0.024
2022-10-19T12:00:00+03:00,PM2.5,0.004
2022-10-19T12:00:00+03:00,PM10,0.003
2022-10-19T12:00:00+03:00,NO2,0.047
2022-10-19T13:00:00+03:00,NO,0.021
2022-10-19T13:00:00+03:00,PM10,0.003
2022-10-19T13:00:00+03:00,CO,0.41
2022-10-19T13:00:00+03:00,NO2,0.05
2022-10-19T13:00:00+03:00,PM2.5,0.004
2022-10-19T14:00:00+03:00,CO,0.39
2022-10-19T14:00:00+03:00,PM10,0.001
2022-10-19T14:00:00+03:00,NO,0.019
2022-10-19T14:00:00+03:00,NO2,0.045
2022-10-19T14:00:00+03:00,PM2.5,0.002
2022-10-19T15:00:00+03:00,CO,0.4
2022-10-19T15:00:00+03:00,NO2,0.053
2022-10-19T15:00:00+03:00,PM10,0.002
2022-10-19T15:00:00+03:00,PM2.5,0.002
2022-10-19T15:00:00+03:00,NO,0.03
2022-10-19T16:00:00+03:00,PM2.5,0.004
2022-10-19T16:00:00+03:00,NO2,0.053
2022-10-19T16:00:00+03:00,NO,0.024
2022-10-19T16:00:00+03:00,CO,0.4
2022-10-19T16:00:00+03:00,PM10,0.004
2022-10-19T17:00:00+03:00,NO2,0.053
2022-10-19T17:00:00+03:00,PM2.5,0.004
2022-10-19T17:00:00+03:00,PM10,0.003
2022-10-19T17:00:00+03:00,NO,0.022
2022-10-19T17:00:00+03:00,CO,0.39
2022-10-19T18:00:00+03:00,PM2.5,0.005
2022-10-19T18:00:00+03:00,PM10,0.004
2022-10-19T18:00:00+03:00,NO2,0.055
2022-10-19T18:00:00+03:00,NO,0.027
2022-10-19T18:00:00+03:00,CO,0.42
2022-10-19T19:00:00+03:00,PM2.5,0.004
2022-10-19T19:00:00+03:00,CO,0.47
2022-10-19T19:00:00+03:00,NO2,0.053
2022-10-19T19:00:00+03:00,PM10,0.004
2022-10-19T19:00:00+03:00,NO,0.029
2022-10-19T20:00:00+03:00,NO2,0.056
2022-10-19T20:00:00+03:00,CO,0.44
2022-10-19T20:00:00+03:00,PM2.5,0.005
2022-10-19T20:00:00+03:00,NO,0.025
2022-10-19T20:00:00+03:00,PM10,0.004
2022-10-19T21:00:00+03:00,PM10,0.005
2022-10-19T21:00:00+03:00,CO,0.48
2022-10-19T21:00:00+03:00,NO2,0.05
2022-10-19T21:00:00+03:00,NO,0.037
2022-10-19T21:00:00+03:00,PM2.5,0.006
2022-10-19T22:00:00+03:00,NO,0.017
2022-10-19T22:00:00+03:00,CO,0.39
2022-10-19T22:00:00+03:00,PM10,0.004
2022-10-19T22:00:00+03:00,PM2.5,0.004
2022-10-19T22:00:00+03:00,NO2,0.046
2022-10-19T23:00:00+03:00,NO,0.026
2022-10-19T23:00:00+03:00,PM2.5,0.004
2022-10-19T23:00:00+03:00,PM10,0.004
2022-10-19T23:00:00+03:00,NO2,0.049
2022-10-19T23:00:00+03:00,CO,0.4
2022-10-20T00:00:00+03:00,CO,0.34
2022-10-20T00:00:00+03:00,PM2.5,0.004
2022-10-20T00:00:00+03:00,PM10,0.004
2022-10-20T00:00:00+03:00,NO2,0.047
2022-10-20T00:00:00+03:00,NO,0.016
2022-10-20T01:00:00+03:00,NO2,0.047
2022-10-20T01:00:00+03:00,PM2.5,0.004
2022-10-20T01:00:00+03:00,PM10,0.003
2022-10-20T01:00:00+03:00,CO,0.31
2022-10-20T01:00:00+03:00,NO,0.011
2022-10-20T02:00:00+03:00,CO,0.27
2022-10-20T02:00:00+03:00,PM10,0.003
2022-10-20T02:00:00+03:00,NO2,0.04
2022-10-20T02:00:00+03:00,PM2.5,0.004
2022-10-20T02:00:00+03:00,NO,0.005
2022-10-20T03:00:00+03:00,PM10,0.003
2022-10-20T03:00:00+03:00,PM2.5,0.003
2022-10-20T03:00:00+03:00,CO,0.27
2022-10-20T03:00:00+03:00,NO,0.006
2022-10-20T03:00:00+03:00,NO2,0.04
2022-10-20T04:00:00+03:00,NO,0.011
2022-10-20T04:00:00+03:00,PM10,0.003
2022-10-20T04:00:00+03:00,NO2,0.049
2022-10-20T04:00:00+03:00,PM2.5,0.003
2022-10-20T04:00:00+03:00,CO,0.28
2022-10-20T05:00:00+03:00,PM10,0.003
2022-10-20T05:00:00+03:00,CO,0.3
2022-10-20T05:00:00+03:00,NO,0.009
2022-10-20T05:00:00+03:00,NO2,0.052
2022-10-20T05:00:00+03:00,PM2.5,0.004
2022-10-20T06:00:00+03:00,CO,0.32
2022-10-20T06:00:00+03:00,PM2.5,0.005
2022-10-20T06:00:00+03:00,PM10,0.004
2022-10-20T06:00:00+03:00,NO2,0.051
2022-10-20T06:00:00+03:00,NO,0.013
2022-10-20T07:00:00+03:00,PM2.5,0.003
2022-10-20T07:00:00+03:00,NO,0.039
2022-10-20T07:00:00+03:00,NO2,0.055
2022-10-20T07:00:00+03:00,PM10,0.003
2022-10-20T07:00:00+03:00,CO,0.42
2022-10-20T08:00:00+03:00,CO,0.51
2022-10-20T08:00:00+03:00,NO,0.032
2022-10-20T08:00:00+03:00,PM10,0.004
2022-10-20T08:00:00+03:00,PM2.5,0.005
2022-10-20T08:00:00+03:00,NO2,0.056
2022-10-20T09:00:00+03:00,NO,0.029
2022-10-20T09:00:00+03:00,PM2.5,0.005
2022-10-20T09:00:00+03:00,PM10,0.005
2022-10-20T09:00:00+03:00,NO2,0.046
2022-10-20T09:00:00+03:00,CO,0.41
2022-10-20T10:00:00+03:00,PM2.5,0.004
2022-10-20T10:00:00+03:00,NO,0.029
2022-10-20T10:00:00+03:00,PM10,0.004
2022-10-20T10:00:00+03:00,NO2,0.041
2022-10-20T10:00:00+03:00,CO,0.39
2022-10-20T11:00:00+03:00,CO,0.39
2022-10-20T11:00:00+03:00,PM2.5,0.003
2022-10-20T11:00:00+03:00,NO2,0.042
2022-10-20T11:00:00+03:00,PM10,0.003
2022-10-20T11:00:00+03:00,NO,0.038
2022-10-20T12:00:00+03:00,PM10,0.004
2022-10-20T12:00:00+03:00,NO,0.034
2022-10-20T12:00:00+03:00,NO2,0.042
2022-10-20T12:00:00+03:00,PM2.5,0.004
2022-10-20T12:00:00+03:00,CO,0.41
2022-10-20T13:00:00+03:00,PM2.5,0.004
2022-10-20T13:00:00+03:00,NO,0.029
2022-10-20T13:00:00+03:00,PM10,0.003
2022-10-20T13:00:00+03:00,NO2,0.044
2022-10-20T13:00:00+03:00,CO,0.4
2022-10-20T14:00:00+03:00,PM2.5,0.003
2022-10-20T14:00:00+03:00,PM10,0.002
2022-10-20T14:00:00+03:00,NO,0.045
2022-10-20T14:00:00+03:00,CO,0.48
2022-10-20T14:00:00+03:00,NO2,0.048
2022-10-20T15:00:00+03:00,NO2,0.047
2022-10-20T15:00:00+03:00,PM2.5,0.004
2022-10-20T15:00:00+03:00,CO,0.46
2022-10-20T15:00:00+03:00,PM10,0.004
2022-10-20T15:00:00+03:00,NO,0.057
2022-10-20T16:00:00+03:00,CO,0.47
2022-10-20T16:00:00+03:00,NO2,0.046
2022-10-20T16:00:00+03:00,NO,0.056
2022-10-20T16:00:00+03:00,PM10,0.004
2022-10-20T16:00:00+03:00,PM2.5,0.004
2022-10-20T17:00:00+03:00,CO,0.5
2022-10-20T17:00:00+03:00,PM2.5,0.004
2022-10-20T17:00:00+03:00,NO2,0.047
2022-10-20T17:00:00+03:00,PM10,0.004
2022-10-20T17:00:00+03:00,NO,0.061
2022-10-20T18:00:00+03:00,CO,0.61
2022-10-20T18:00:00+03:00,PM10,0.006
2022-10-20T18:00:00+03:00,NO,0.09
2022-10-20T18:00:00+03:00,NO2,0.058
2022-10-20T18:00:00+03:00,PM2.5,0.007
2022-10-20T19:00:00+03:00,CO,0.63
2022-10-20T19:00:00+03:00,NO,0.078
2022-10-20T19:00:00+03:00,PM2.5,0.008
2022-10-20T19:00:00+03:00,NO2,0.051
2022-10-20T19:00:00+03:00,PM10,0.007
2022-10-20T20:00:00+03:00,NO,0.052
2022-10-20T20:00:00+03:00,CO,0.5
2022-10-20T20:00:00+03:00,PM2.5,0.004
2022-10-20T20:00:00+03:00,PM10,0.003
2022-10-20T20:00:00+03:00,NO2,0.049
2022-10-20T21:00:00+03:00,CO,0.53
2022-10-20T21:00:00+03:00,NO,0.06
2022-10-20T21:00:00+03:00,NO2,0.052
2022-10-20T21:00:00+03:00,PM10,0.005
2022-10-20T21:00:00+03:00,PM2.5,0.005
2022-10-20T22:00:00+03:00,PM2.5,0.005
2022-10-20T22:00:00+03:00,CO,0.44
2022-10-20T22:00:00+03:00,NO,0.044
2022-10-20T22:00:00+03:00,PM10,0.004
2022-10-20T22:00:00+03:00,NO2,0.049
2022-10-20T23:00:00+03:00,NO2,0.04
2022-10-20T23:00:00+03:00,NO,0.029
2022-10-20T23:00:00+03:00,PM10,0.003
2022-10-20T23:00:00+03:00,CO,0.37
2022-10-20T23:00:00+03:00,PM2.5,0.003
2022-10-21T00:00:00+03:00,NO2,0.036
2022-10-21T00:00:00+03:00,PM2.5,0.003
2022-10-21T00:00:00+03:00,PM10,0.003
2022-10-21T00:00:00+03:00,NO,0.014
2022-10-21T00:00:00+03:00,CO,0.34
2022-10-21T01:00:00+03:00,NO2,0.036
2022-10-21T01:00:00+03:00,PM2.5,0.003
2022-10-21T01:00:00+03:00,PM10,0.002
2022-10-21T01:00:00+03:00,NO,0.011
2022-10-21T01:00:00+03:00,CO,0.32
2022-10-21T02:00:00+03:00,NO2,0.04
2022-10-21T02:00:00+03:00,CO,0.28
2022-10-21T02:00:00+03:00,PM2.5,0.002
2022-10-21T02:00:00+03:00,NO,0.013
2022-10-21T02:00:00+03:00,PM10,0.002
