datetime,pollutant,concentration
2022-05-13T00:00:00+03:00,OZ,0.0373
2022-05-13T00:00:00+03:00,NO,0.003
2022-05-13T00:00:00+03:00,NO2,0.019
2022-05-13T00:00:00+03:00,PM2.5,0.004
2022-05-13T00:00:00+03:00,PM10,0.008
2022-05-13T00:00:00+03:00,SO2,0.001
2022-05-14T00:00:00+03:00,NO2,0.023
2022-05-14T00:00:00+03:00,OZ,0.0362
2022-05-14T00:00:00+03:00,PM2.5,0.005
2022-05-14T00:00:00+03:00,NO,0.003
2022-05-14T00:00:00+03:00,PM10,0.01
2022-05-14T00:00:00+03:00,SO2,0.0009
2022-05-15T00:00:00+03:00,NO,0.003
2022-05-15T00:00:00+03:00,PM2.5,0.006
2022-05-15T00:00:00+03:00,NO2,0.029
2022-05-15T00:00:00+03:00,OZ,0.0329
2022-05-15T00:00:00+03:00,PM10,0.011
2022-05-15T00:00:00+03:00,SO2,0.0011
2022-05-16T00:00:00+03:00,PM2.5,0.004
2022-05-16T00:00:00+03:00,NO,0.002
2022-05-16T00:00:00+03:00,NO2,0.017
2022-05-16T00:00:00+03:00,OZ,0.0366
2022-05-16T00:00:00+03:00,SO2,0.0011
2022-05-16T00:00:00+03:00,PM10,0.007
2022-05-17T00:00:00+03:00,NO2,0.019
2022-05-17T00:00:00+03:00,SO2,0.0008
2022-05-17T00:00:00+03:00,PM10,0.008
2022-05-17T00:00:00+03:00,OZ,0.0249
2022-05-17T00:00:00+03:00,PM2.5,0.005
2022-05-17T00:00:00+03:00,NO,0.003
2022-05-18T00:00:00+03:00,PM2.5,0.004
2022-05-18T00:00:00+03:00,NO,0.002
2022-05-18T00:00:00+03:00,NO2,0.012
2022-05-18T00:00:00+03:00,OZ,0.0341
2022-05-18T00:00:00+03:00,PM10,0.007
2022-05-18T00:00:00+03:00,SO2,0.0008
2022-05-19T00:00:00+03:00,SO2,0.0007
2022-05-19T00:00:00+03:00,PM2.5,0.006
2022-05-19T00:00:00+03:00,OZ,0.0248
2022-05-19T00:00:00+03:00,NO,0.004
2022-05-19T00:00:00+03:00,NO2,0.032
2022-05-19T00:00:00+03:00,PM10,0.009
2022-05-20T00:00:00+03:00,PM10,0.007
2022-05-20T00:00:00+03:00,OZ,0.0323
2022-05-20T00:00:00+03:00,SO2,0.0013
2022-05-20T00:00:00+03:00,NO2,0.017
2022-05-20T00:00:00+03:00,PM2.5,0.004
2022-05-20T00:00:00+03:00,NO,0.003
2022-05-21T00:00:00+03:00,NO,0.012
2022-05-21T00:00:00+03:00,OZ,0.0284
2022-05-21T00:00:00+03:00,SO2,0.0023
2022-05-21T00:00:00+03:00,PM2.5,0.012
2022-05-21T00:00:00+03:00,PM10,0.02
2022-05-21T00:00:00+03:00,NO2,0.031
2022-05-22T00:00:00+03:00,OZ,0.0454
2022-05-22T00:00:00+03:00,NO,0.002
2022-05-22T00:00:00+03:00,NO2,0.006
2022-05-22T00:00:00+03:00,SO2,0.0017
2022-05-22T00:00:00+03:00,PM2.5,0.005
2022-05-22T00:00:00+03:00,PM10,0.008
2022-05-23T00:00:00+03:00,SO2,0.0011
2022-05-23T00:00:00+03:00,OZ,0.0397
2022-05-23T00:00:00+03:00,NO2,0.018
2022-05-23T00:00:00+03:00,PM2.5,0.005
2022-05-23T00:00:00+03:00,NO,0.003
2022-05-23T00:00:00+03:00,PM10,0.01
2022-05-24T00:00:00+03:00,NO,0.002
2022-05-24T00:00:00+03:00,NO2,0.014
2022-05-24T00:00:00+03:00,OZ,0.0417
2022-05-24T00:00:00+03:00,PM10,0.01
2022-05-24T00:00:00+03:00,PM2.5,0.006
2022-05-24T00:00:00+03:00,SO2,0.0009
2022-05-25T00:00:00+03:00,SO2,0.0011
2022-05-25T00:00:00+03:00,NO2,0.02
2022-05-25T00:00:00+03:00,PM10,0.008
2022-05-25T00:00:00+03:00,NO,0.005
2022-05-25T00:00:00+03:00,OZ,0.0212
2022-05-25T00:00:00+03:00,PM2.5,0.004
2022-05-26T00:00:00+03:00,SO2,0.0027
2022-05-26T00:00:00+03:00,OZ,0.0296
2022-05-26T00:00:00+03:00,NO2,0.032
2022-05-26T00:00:00+03:00,NO,0.007
2022-05-26T00:00:00+03:00,PM10,0.014
2022-05-26T00:00:00+03:00,PM2.5,0.007
2022-05-27T00:00:00+03:00,NO2,0.029
2022-05-27T00:00:00+03:00,PM10,0.007
2022-05-27T00:00:00+03:00,NO,0.005
2022-05-27T00:00:00+03:00,SO2,0.0012
2022-05-27T00:00:00+03:00,OZ,0.0306
2022-05-27T00:00:00+03:00,PM2.5,0.005
2022-05-28T00:00:00+03:00,SO2,0.0019
2022-05-28T00:00:00+03:00,NO2,0.045
2022-05-28T00:00:00+03:00,NO,0.01
2022-05-28T00:00:00+03:00,PM10,0.011
2022-05-28T00:00:00+03:00,OZ,0.0183
2022-05-28T00:00:00+03:00,PM2.5,0.007
2022-05-29T00:00:00+03:00,NO2,0.033
2022-05-29T00:00:00+03:00,PM10,0.01
2022-05-29T00:00:00+03:00,NO,0.007
2022-05-29T00:00:00+03:00,OZ,0.0278
2022-05-29T00:00:00+03:00,PM2.5,0.006
2022-05-29T00:00:00+03:00,SO2,0.0013
2022-05-30T00:00:00+03:00,NO,0.011
2022-05-30T00:00:00+03:00,SO2,0.0021
2022-05-30T00:00:00+03:00,PM10,0.014
2022-05-30T00:00:00+03:00,PM2.5,0.008
2022-05-30T00:00:00+03:00,OZ,0.0294
2022-05-30T00:00:00+03:00,NO2,0.042
2022-05-31T00:00:00+03:00,OZ,
2022-05-31T00:00:00+03:00,PM10,0.016
2022-05-31T00:00:00+03:00,NO2,0.035
2022-05-31T00:00:00+03:00,SO2,0.0015
2022-05-31T00:00:00+03:00,PM2.5,0.01
2022-05-31T00:00:00+03:00,NO,0.004
2022-06-01T00:00:00+03:00,SO2,0.0021
2022-06-01T00:00:00+03:00,NO,0.016
2022-06-01T00:00:00+03:00,NO2,0.034
2022-06-01T00:00:00+03:00,OZ,
2022-06-01T00:00:00+03:00,PM2.5,0.012
2022-06-01T00:00:00+03:00,PM10,0.018
2022-06-02T00:00:00+03:00,PM10,0.013
2022-06-02T00:00:00+03:00,SO2,0.0017
2022-06-02T00:00:00+03:00,NO,0.004
2022-06-02T00:00:00+03:00,OZ,
2022-06-02T00:00:00+03:00,NO2,0.024
2022-06-02T00:00:00+03:00,PM2.5,0.009
2022-06-03T00:00:00+03:00,PM10,0.01
2022-06-03T00:00:00+03:00,NO2,0.031
2022-06-03T00:00:00+03:00,PM2.5,0.007
2022-06-03T00:00:00+03:00,NO,0.005
2022-06-03T00:00:00+03:00,OZ,
2022-06-03T00:00:00+03:00,SO2,0.0012
2022-06-04T00:00:00+03:00,NO2,0.033
2022-06-04T00:00:00+03:00,NO,0.01
2022-06-04T00:00:00+03:00,PM10,0.011
2022-06-04T00:00:00+03:00,SO2,0.0009
2022-06-04T00:00:00+03:00,PM2.5,0.007
2022-06-04T00:00:00+03:00,OZ,
2022-06-05T00:00:00+03:00,SO2,0.0012
2022-06-05T00:00:00+03:00,PM10,0.014
2022-06-05T00:00:00+03:00,PM2.5,0.01
2022-06-05T00:00:00+03:00,NO2,0.033
2022-06-05T00:00:00+03:00,OZ,
2022-06-05T00:00:00+03:00,NO,0.022
2022-06-06T00:00:00+03:00,NO2,0.025
2022-06-06T00:00:00+03:00,SO2,0.0011
2022-06-06T00:00:00+03:00,NO,0.003
2022-06-06T00:00:00+03:00,PM2.5,0.006
2022-06-06T00:00:00+03:00,PM10,0.008
2022-06-06T00:00:00+03:00,OZ,
2022-06-07T00:00:00+03:00,PM2.5,0.004
2022-06-07T00:00:00+03:00,NO2,0.025
2022-06-07T00:00:00+03:00,SO2,0.0009
2022-06-07T00:00:00+03:00,PM10,0.007
2022-06-07T00:00:00+03:00,NO,0.005
2022-06-07T00:00:00+03:00,OZ,
2022-06-08T00:00:00+03:00,PM10,0.013
2022-06-08T00:00:00+03:00,NO2,0.036
2022-06-08T00:00:00+03:00,OZ,
2022-06-08T00:00:00+03:00,PM2.5,0.009
2022-06-08T00:00:00+03:00,NO,0.028
2022-06-08T00:00:00+03:00,SO2,0.0016
2022-06-09T00:00:00+03:00,PM10,0.02
2022-06-09T00:00:00+03:00,PM2.5,0.015
2022-06-09T00:00:00+03:00,NO,0.011
2022-06-09T00:00:00+03:00,NO2,0.047
2022-06-09T00:00:00+03:00,SO2,0.0019
2022-06-09T00:00:00+03:00,OZ,
2022-06-10T00:00:00+03:00,NO,0.007
2022-06-10T00:00:00+03:00,PM2.5,0.01
2022-06-10T00:00:00+03:00,NO2,0.034
2022-06-10T00:00:00+03:00,PM10,0.012
2022-06-10T00:00:00+03:00,OZ,
2022-06-10T00:00:00+03:00,PM10,0.013
2022-06-10T00:00:00+03:00,SO2,0.0012
2022-06-11T00:00:00+03:00,PM10,0.015
2022-06-11T00:00:00+03:00,SO2,0.0025
2022-06-11T00:00:00+03:00,OZ,
2022-06-11T00:00:00+03:00,NO2,0.032
2022-06-11T00:00:00+03:00,PM2.5,0.012
2022-06-11T00:00:00+03:00,NO,0.006
2022-06-12T00:00:00+03:00,SO2,0.0024
2022-06-12T00:00:00+03:00,NO2,0.021
2022-06-12T00:00:00+03:00,NO,0.008
2022-06-12T00:00:00+03:00,PM10,0.014
2022-06-12T00:00:00+03:00,PM2.5,0.011
2022-06-12T00:00:00+03:00,OZ,
2022-06-13T00:00:00+03:00,PM2.5,0.01
2022-06-13T00:00:00+03:00,SO2,0.0018
2022-06-13T00:00:00+03:00,OZ,
2022-06-13T00:00:00+03:00,PM10,0.013
2022-06-13T00:00:00+03:00,NO2,0.025
2022-06-13T00:00:00+03:00,NO,0.006
2022-06-13T00:00:00+03:00,PM10,0.014
2022-06-14T00:00:00+03:00,NO,0.015
2022-06-14T00:00:00+03:00,PM10,0.014
2022-06-14T00:00:00+03:00,SO2,0.0013
2022-06-14T00:00:00+03:00,OZ,
2022-06-14T00:00:00+03:00,PM10,0.013
2022-06-14T00:00:00+03:00,NO2,0.03
2022-06-14T00:00:00+03:00,PM2.5,0.011
2022-06-15T00:00:00+03:00,PM2.5,0.003
2022-06-15T00:00:00+03:00,OZ,
2022-06-15T00:00:00+03:00,PM10,0.005
2022-06-15T00:00:00+03:00,NO2,0.019
2022-06-15T00:00:00+03:00,NO,0.003
2022-06-15T00:00:00+03:00,SO2,0.0009
2022-06-16T00:00:00+03:00,PM2.5,0.005
2022-06-16T00:00:00+03:00,PM10,0.007
2022-06-16T00:00:00+03:00,OZ,
2022-06-16T00:00:00+03:00,NO,
2022-06-16T00:00:00+03:00,NO2,
2022-06-16T00:00:00+03:00,SO2,0.0005
2022-06-17T00:00:00+03:00,NO2,
2022-06-17T00:00:00+03:00,OZ,
2022-06-17T00:00:00+03:00,NO,
2022-06-17T00:00:00+03:00,SO2,0.0005
2022-06-17T00:00:00+03:00,PM10,0.009
2022-06-17T00:00:00+03:00,PM2.5,0.006
2022-06-18T00:00:00+03:00,NO,
2022-06-18T00:00:00+03:00,PM2.5,0.006
2022-06-18T00:00:00+03:00,NO2,
2022-06-18T00:00:00+03:00,SO2,0.0005
2022-06-18T00:00:00+03:00,PM10,0.008
2022-06-18T00:00:00+03:00,OZ,
2022-06-19T00:00:00+03:00,NO2,
2022-06-19T00:00:00+03:00,NO,
2022-06-19T00:00:00+03:00,PM2.5,0.008
2022-06-19T00:00:00+03:00,PM10,0.011
2022-06-19T00:00:00+03:00,SO2,0.0009
2022-06-19T00:00:00+03:00,OZ,
2022-06-20T00:00:00+03:00,PM10,0.007
2022-06-20T00:00:00+03:00,NO,
2022-06-20T00:00:00+03:00,OZ,
2022-06-20T00:00:00+03:00,NO2,
2022-06-20T00:00:00+03:00,SO2,0.0007
2022-06-20T00:00:00+03:00,PM2.5,0.005
2022-06-21T00:00:00+03:00,NO2,
2022-06-21T00:00:00+03:00,OZ,
2022-06-21T00:00:00+03:00,NO,
2022-06-21T00:00:00+03:00,PM2.5,0.009
2022-06-21T00:00:00+03:00,PM10,0.01
2022-06-21T00:00:00+03:00,SO2,0.001
2022-06-22T00:00:00+03:00,NO,
2022-06-22T00:00:00+03:00,PM2.5,0.006
2022-06-22T00:00:00+03:00,PM10,0.007
2022-06-22T00:00:00+03:00,NO2,
2022-06-22T00:00:00+03:00,SO2,0.0009
2022-06-22T00:00:00+03:00,OZ,
2022-06-23T00:00:00+03:00,PM2.5,0.005
2022-06-23T00:00:00+03:00,OZ,
2022-06-23T00:00:00+03:00,NO2,
2022-06-23T00:00:00+03:00,NO,
2022-06-23T00:00:00+03:00,SO2,0.0014
2022-06-23T00:00:00+03:00,PM10,0.007
2022-06-24T00:00:00+03:00,PM10,0.009
2022-06-24T00:00:00+03:00,SO2,0.002
2022-06-24T00:00:00+03:00,OZ,
2022-06-24T00:00:00+03:00,NO2,
2022-06-24T00:00:00+03:00,PM2.5,0.007
2022-06-24T00:00:00+03:00,NO,
2022-06-25T00:00:00+03:00,PM10,0.013
2022-06-25T00:00:00+03:00,NO,
2022-06-25T00:00:00+03:00,NO2,
2022-06-25T00:00:00+03:00,OZ,
2022-06-25T00:00:00+03:00,PM2.5,0.011
2022-06-25T00:00:00+03:00,SO2,0.0026
2022-06-26T00:00:00+03:00,PM2.5,0.012
2022-06-26T00:00:00+03:00,NO2,
2022-06-26T00:00:00+03:00,SO2,0.0012
2022-06-26T00:00:00+03:00,PM10,0.014
2022-06-26T00:00:00+03:00,OZ,
2022-06-26T00:00:00+03:00,NO,
2022-06-27T00:00:00+03:00,NO2,
2022-06-27T00:00:00+03:00,SO2,0.0009
2022-06-27T00:00:00+03:00,PM2.5,0.014
2022-06-27T00:00:00+03:00,NO,
2022-06-27T00:00:00+03:00,PM10,0.016
2022-06-27T00:00:00+03:00,OZ,
2022-06-28T00:00:00+03:00,PM10,0.009
2022-06-28T00:00:00+03:00,PM2.5,0.008
2022-06-28T00:00:00+03:00,NO,
2022-06-28T00:00:00+03:00,NO2,
2022-06-28T00:00:00+03:00,SO2,0.0019
2022-06-29T00:00:00+03:00,NO2,
2022-06-29T00:00:00+03:00,PM10,0.007
2022-06-29T00:00:00+03:00,PM2.5,0.005
2022-06-29T00:00:00+03:00,NO,
2022-06-29T00:00:00+03:00,SO2,0.0036
2022-06-30T00:00:00+03:00,PM2.5,0.006
2022-06-30T00:00:00+03:00,NO2,
2022-06-30T00:00:00+03:00,PM10,0.008
2022-06-30T00:00:00+03:00,NO,
2022-06-30T00:00:00+03:00,SO2,0.0016
2022-07-01T00:00:00+03:00,NO,
2022-07-01T00:00:00+03:00,NO2,
2022-07-01T00:00:00+03:00,PM2.5,0.004
2022-07-01T00:00:00+03:00,PM10,0.006
2022-07-01T00:00:00+03:00,SO2,0.001
2022-07-02T00:00:00+03:00,SO2,0.0013
2022-07-02T00:00:00+03:00,NO,
2022-07-02T00:00:00+03:00,NO2,
2022-07-02T00:00:00+03:00,PM10,0.009
2022-07-02T00:00:00+03:00,PM2.5,0.007
2022-07-03T00:00:00+03:00,PM2.5,0.009
2022-07-03T00:00:00+03:00,SO2,0.0011
2022-07-03T00:00:00+03:00,PM10,0.01
2022-07-03T00:00:00+03:00,NO,
2022-07-03T00:00:00+03:00,NO2,
2022-07-04T00:00:00+03:00,PM10,0.012
2022-07-04T00:00:00+03:00,PM2.5,0.01
2022-07-04T00:00:00+03:00,NO2,
2022-07-04T00:00:00+03:00,NO,
2022-07-04T00:00:00+03:00,SO2,0.0016
2022-07-05T00:00:00+03:00,PM10,0.016
2022-07-05T00:00:00+03:00,NO2,
2022-07-05T00:00:00+03:00,PM2.5,0.014
2022-07-05T00:00:00+03:00,NO,
2022-07-05T00:00:00+03:00,SO2,0.0013
2022-07-06T00:00:00+03:00,PM10,0.016
2022-07-06T00:00:00+03:00,PM2.5,0.014
2022-07-06T00:00:00+03:00,NO2,
2022-07-06T00:00:00+03:00,NO,
2022-07-06T00:00:00+03:00,SO2,0.001
2022-07-07T00:00:00+03:00,SO2,0.0008
2022-07-07T00:00:00+03:00,NO2,
2022-07-07T00:00:00+03:00,NO,
2022-07-07T00:00:00+03:00,PM10,0.015
2022-07-07T00:00:00+03:00,PM2.5,0.014
2022-07-08T00:00:00+03:00,NO,
2022-07-08T00:00:00+03:00,SO2,0.001
2022-07-08T00:00:00+03:00,NO2,
2022-07-08T00:00:00+03:00,PM2.5,0.003
2022-07-08T00:00:00+03:00,PM10,0.004
2022-07-09T00:00:00+03:00,NO2,
2022-07-09T00:00:00+03:00,PM2.5,0.012
2022-07-09T00:00:00+03:00,NO,
2022-07-09T00:00:00+03:00,PM10,0.014
2022-07-09T00:00:00+03:00,SO2,0.0013
2022-07-10T00:00:00+03:00,SO2,0.0012
2022-07-10T00:00:00+03:00,NO2,
2022-07-10T00:00:00+03:00,NO,
2022-07-10T00:00:00+03:00,PM2.5,0.009
2022-07-10T00:00:00+03:00,PM10,0.011
2022-07-11T00:00:00+03:00,SO2,0.0011
2022-07-11T00:00:00+03:00,NO2,
2022-07-11T00:00:00+03:00,PM2.5,0.008
2022-07-11T00:00:00+03:00,PM10,0.01
2022-07-11T00:00:00+03:00,NO,
2022-07-12T00:00:00+03:00,PM2.5,0.006
2022-07-12T00:00:00+03:00,NO,
2022-07-12T00:00:00+03:00,PM10,0.008
2022-07-12T00:00:00+03:00,SO2,0.0011
2022-07-12T00:00:00+03:00,NO2,
2022-07-13T00:00:00+03:00,OZ,0.0271
2022-07-13T00:00:00+03:00,SO2,0.0013
2022-07-13T00:00:00+03:00,NO,0.014
2022-07-13T00:00:00+03:00,NO2,0.03
2022-07-13T00:00:00+03:00,PM2.5,0.008
2022-07-13T00:00:00+03:00,PM10,0.009
2022-07-14T00:00:00+03:00,SO2,0.002
2022-07-14T00:00:00+03:00,PM10,0.012
2022-07-14T00:00:00+03:00,OZ,0.0264
2022-07-14T00:00:00+03:00,NO2,0.039
2022-07-14T00:00:00+03:00,PM2.5,0.01
2022-07-14T00:00:00+03:00,NO,0.016
2022-07-15T00:00:00+03:00,PM10,0.006
2022-07-15T00:00:00+03:00,PM2.5,0.004
2022-07-15T00:00:00+03:00,SO2,0.0013
2022-07-15T00:00:00+03:00,NO2,0.033
2022-07-15T00:00:00+03:00,NO,0.005
2022-07-15T00:00:00+03:00,OZ,0.0301
2022-07-16T00:00:00+03:00,PM10,0.008
2022-07-16T00:00:00+03:00,OZ,0.0225
2022-07-16T00:00:00+03:00,NO,0.015
2022-07-16T00:00:00+03:00,NO2,0.034
2022-07-16T00:00:00+03:00,PM2.5,0.006
2022-07-16T00:00:00+03:00,SO2,0.0012
2022-07-17T00:00:00+03:00,PM10,0.008
2022-07-17T00:00:00+03:00,NO,0.034
2022-07-17T00:00:00+03:00,NO2,0.03
2022-07-17T00:00:00+03:00,PM2.5,0.007
2022-07-17T00:00:00+03:00,SO2,0.002
2022-07-17T00:00:00+03:00,OZ,0.0221
2022-07-18T00:00:00+03:00,OZ,0.0235
2022-07-18T00:00:00+03:00,NO2,0.038
2022-07-18T00:00:00+03:00,SO2,0.002
2022-07-18T00:00:00+03:00,NO,0.009
2022-07-18T00:00:00+03:00,PM2.5,0.005
2022-07-18T00:00:00+03:00,PM10,0.007
2022-07-19T00:00:00+03:00,PM2.5,0.004
2022-07-19T00:00:00+03:00,NO2,0.023
2022-07-19T00:00:00+03:00,NO,0.005
2022-07-19T00:00:00+03:00,PM10,0.006
2022-07-19T00:00:00+03:00,SO2,0.0014
2022-07-19T00:00:00+03:00,OZ,0.0217
2022-07-20T00:00:00+03:00,PM10,0.006
2022-07-20T00:00:00+03:00,SO2,0.0015
2022-07-20T00:00:00+03:00,OZ,0.0168
2022-07-20T00:00:00+03:00,PM2.5,0.005
2022-07-20T00:00:00+03:00,NO2,
2022-07-20T00:00:00+03:00,NO,
2022-07-21T00:00:00+03:00,NO2,
2022-07-21T00:00:00+03:00,PM10,0.006
2022-07-21T00:00:00+03:00,NO,
2022-07-21T00:00:00+03:00,SO2,0.0003
2022-07-21T00:00:00+03:00,PM2.5,0.004
2022-07-21T00:00:00+03:00,OZ,0.0214
2022-07-22T00:00:00+03:00,OZ,0.0351
2022-07-22T00:00:00+03:00,NO2,
2022-07-22T00:00:00+03:00,PM10,0.007
2022-07-22T00:00:00+03:00,NO,
2022-07-22T00:00:00+03:00,SO2,0.0007
2022-07-22T00:00:00+03:00,PM2.5,0.005
2022-07-23T00:00:00+03:00,PM2.5,0.013
2022-07-23T00:00:00+03:00,PM10,0.014
2022-07-23T00:00:00+03:00,NO2,
2022-07-23T00:00:00+03:00,NO,
2022-07-23T00:00:00+03:00,SO2,0.0004
2022-07-23T00:00:00+03:00,OZ,0.0336
2022-07-24T00:00:00+03:00,OZ,0.0312
2022-07-24T00:00:00+03:00,SO2,0.0006
2022-07-24T00:00:00+03:00,PM2.5,0.012
2022-07-24T00:00:00+03:00,PM10,0.013
2022-07-24T00:00:00+03:00,NO,
2022-07-24T00:00:00+03:00,NO2,
2022-07-25T00:00:00+03:00,SO2,0.0003
2022-07-25T00:00:00+03:00,NO2,
2022-07-25T00:00:00+03:00,PM10,0.012
2022-07-25T00:00:00+03:00,NO,
2022-07-25T00:00:00+03:00,PM2.5,0.01
2022-07-25T00:00:00+03:00,OZ,0.0342
2022-07-26T00:00:00+03:00,PM10,0.011
2022-07-26T00:00:00+03:00,NO,
2022-07-26T00:00:00+03:00,OZ,0.0382
2022-07-26T00:00:00+03:00,NO2,
2022-07-26T00:00:00+03:00,SO2,
2022-07-26T00:00:00+03:00,PM2.5,0.01
2022-07-27T00:00:00+03:00,NO2,0.04
2022-07-27T00:00:00+03:00,NO,0.01
2022-07-27T00:00:00+03:00,PM10,0.019
2022-07-27T00:00:00+03:00,SO2,
2022-07-27T00:00:00+03:00,OZ,0.0362
2022-07-27T00:00:00+03:00,PM2.5,0.017
2022-07-28T00:00:00+03:00,SO2,
2022-07-28T00:00:00+03:00,NO,0.01
2022-07-28T00:00:00+03:00,NO2,0.052
2022-07-28T00:00:00+03:00,PM2.5,0.011
2022-07-28T00:00:00+03:00,PM10,0.013
2022-07-28T00:00:00+03:00,OZ,0.0267
2022-07-29T00:00:00+03:00,NO,0.005
2022-07-29T00:00:00+03:00,PM2.5,0.004
2022-07-29T00:00:00+03:00,NO2,0.024
2022-07-29T00:00:00+03:00,PM10,0.005
2022-07-29T00:00:00+03:00,SO2,
2022-07-29T00:00:00+03:00,OZ,0.0283
2022-07-30T00:00:00+03:00,OZ,0.0267
2022-07-30T00:00:00+03:00,PM2.5,0.007
2022-07-30T00:00:00+03:00,PM10,0.008
2022-07-30T00:00:00+03:00,NO,0.008
2022-07-30T00:00:00+03:00,NO2,0.03
2022-07-30T00:00:00+03:00,SO2,
2022-07-31T00:00:00+03:00,PM2.5,0.007
2022-07-31T00:00:00+03:00,OZ,0.03
2022-07-31T00:00:00+03:00,PM10,0.009
2022-07-31T00:00:00+03:00,NO2,0.033
2022-07-31T00:00:00+03:00,NO,0.029
2022-07-31T00:00:00+03:00,SO2,
2022-08-01T00:00:00+03:00,PM2.5,0.007
2022-08-01T00:00:00+03:00,OZ,0.0395
2022-08-01T00:00:00+03:00,NO2,0.029
2022-08-01T00:00:00+03:00,PM10,0.009
2022-08-01T00:00:00+03:00,SO2,
2022-08-01T00:00:00+03:00,NO,0.006
2022-08-02T00:00:00+03:00,OZ,0.0341
2022-08-02T00:00:00+03:00,PM2.5,0.008
2022-08-02T00:00:00+03:00,NO2,0.026
2022-08-02T00:00:00+03:00,NO,0.009
2022-08-02T00:00:00+03:00,SO2,
2022-08-02T00:00:00+03:00,PM10,0.01
2022-08-03T00:00:00+03:00,SO2,
2022-08-03T00:00:00+03:00,NO2,0.03
2022-08-03T00:00:00+03:00,PM2.5,0.013
2022-08-03T00:00:00+03:00,NO,0.009
2022-08-03T00:00:00+03:00,PM10,0.015
2022-08-03T00:00:00+03:00,OZ,0.038
2022-08-04T00:00:00+03:00,PM2.5,0.014
2022-08-04T00:00:00+03:00,PM10,0.016
2022-08-04T00:00:00+03:00,OZ,0.0351
2022-08-04T00:00:00+03:00,NO,0.011
2022-08-04T00:00:00+03:00,SO2,
2022-08-04T00:00:00+03:00,NO2,0.035
2022-08-05T00:00:00+03:00,NO2,0.04
2022-08-05T00:00:00+03:00,OZ,0.0346
2022-08-05T00:00:00+03:00,PM2.5,0.015
2022-08-05T00:00:00+03:00,PM10,0.017
2022-08-05T00:00:00+03:00,NO,0.011
2022-08-05T00:00:00+03:00,SO2,
2022-08-06T00:00:00+03:00,OZ,0.0487
2022-08-06T00:00:00+03:00,NO,0.005
2022-08-06T00:00:00+03:00,SO2,
2022-08-06T00:00:00+03:00,NO2,0.026
2022-08-06T00:00:00+03:00,PM10,0.018
2022-08-06T00:00:00+03:00,PM2.5,0.015
2022-08-07T00:00:00+03:00,NO2,0.039
2022-08-07T00:00:00+03:00,PM2.5,0.014
2022-08-07T00:00:00+03:00,OZ,0.0351
2022-08-07T00:00:00+03:00,PM10,0.025
2022-08-07T00:00:00+03:00,SO2,
2022-08-07T00:00:00+03:00,NO,0.015
2022-08-08T00:00:00+03:00,PM2.5,0.007
2022-08-08T00:00:00+03:00,NO2,0.02
2022-08-08T00:00:00+03:00,PM10,0.011
2022-08-08T00:00:00+03:00,NO,0.007
2022-08-08T00:00:00+03:00,OZ,0.0244
2022-08-08T00:00:00+03:00,SO2,
2022-08-09T00:00:00+03:00,NO,0.008
2022-08-09T00:00:00+03:00,PM2.5,0.006
2022-08-09T00:00:00+03:00,NO2,0.015
2022-08-09T00:00:00+03:00,SO2,
2022-08-09T00:00:00+03:00,PM10,0.008
2022-08-09T00:00:00+03:00,OZ,0.0212
2022-08-10T00:00:00+03:00,OZ,0.0209
2022-08-10T00:00:00+03:00,SO2,
2022-08-10T00:00:00+03:00,PM2.5,
2022-08-10T00:00:00+03:00,NO2,0.019
2022-08-10T00:00:00+03:00,NO,0.008
2022-08-10T00:00:00+03:00,PM10,
2022-08-11T00:00:00+03:00,NO2,0.021
2022-08-11T00:00:00+03:00,PM2.5,
2022-08-11T00:00:00+03:00,NO,0.008
2022-08-11T00:00:00+03:00,OZ,0.0329
2022-08-11T00:00:00+03:00,PM10,
2022-08-11T00:00:00+03:00,SO2,
2022-08-12T00:00:00+03:00,NO,0.017
2022-08-12T00:00:00+03:00,OZ,0.0325
2022-08-12T00:00:00+03:00,PM10,
2022-08-12T00:00:00+03:00,SO2,
2022-08-12T00:00:00+03:00,PM2.5,
2022-08-12T00:00:00+03:00,NO2,0.052
2022-08-13T00:00:00+03:00,PM10,
2022-08-13T00:00:00+03:00,PM2.5,
2022-08-13T00:00:00+03:00,SO2,
2022-08-13T00:00:00+03:00,NO,0.025
2022-08-13T00:00:00+03:00,OZ,0.0366
2022-08-13T00:00:00+03:00,NO2,0.037
2022-08-14T00:00:00+03:00,PM10,
2022-08-14T00:00:00+03:00,NO,0.016
2022-08-14T00:00:00+03:00,PM2.5,
2022-08-14T00:00:00+03:00,NO2,0.035
2022-08-14T00:00:00+03:00,OZ,0.0393
2022-08-14T00:00:00+03:00,SO2,
2022-08-15T00:00:00+03:00,SO2,
2022-08-15T00:00:00+03:00,OZ,0.0347
2022-08-15T00:00:00+03:00,NO,0.008
2022-08-15T00:00:00+03:00,PM2.5,
2022-08-15T00:00:00+03:00,NO2,0.026
2022-08-15T00:00:00+03:00,PM10,
2022-08-16T00:00:00+03:00,NO2,0.014
2022-08-16T00:00:00+03:00,SO2,
2022-08-16T00:00:00+03:00,PM2.5,
2022-08-16T00:00:00+03:00,OZ,0.0395
2022-08-16T00:00:00+03:00,NO,0.004
2022-08-16T00:00:00+03:00,PM10,
2022-08-17T00:00:00+03:00,PM10,
2022-08-17T00:00:00+03:00,PM2.5,
2022-08-17T00:00:00+03:00,CO,0.17
2022-08-17T00:00:00+03:00,NO2,0.023
2022-08-17T00:00:00+03:00,SO2,0.0038
2022-08-17T00:00:00+03:00,OZ,0.0408
2022-08-17T00:00:00+03:00,NO,0.006
2022-08-18T00:00:00+03:00,OZ,0.0378
2022-08-18T00:00:00+03:00,CO,0.48
2022-08-18T00:00:00+03:00,NO2,0.025
2022-08-18T00:00:00+03:00,PM2.5,
2022-08-18T00:00:00+03:00,SO2,0.0032
2022-08-18T00:00:00+03:00,PM10,
2022-08-18T00:00:00+03:00,NO,0.006
2022-08-19T00:00:00+03:00,PM2.5,
2022-08-19T00:00:00+03:00,CO,0.31
2022-08-19T00:00:00+03:00,NO2,0.012
2022-08-19T00:00:00+03:00,OZ,0.0424
2022-08-19T00:00:00+03:00,PM10,
2022-08-19T00:00:00+03:00,SO2,0.0031
2022-08-19T00:00:00+03:00,NO,0.005
2022-08-20T00:00:00+03:00,NO,0.004
2022-08-20T00:00:00+03:00,NO2,0.01
2022-08-20T00:00:00+03:00,CO,0.22
2022-08-20T00:00:00+03:00,OZ,0.0373
2022-08-20T00:00:00+03:00,SO2,0.0045
2022-08-20T00:00:00+03:00,PM10,
2022-08-20T00:00:00+03:00,PM2.5,
2022-08-21T00:00:00+03:00,NO2,0.011
2022-08-21T00:00:00+03:00,PM2.5,
2022-08-21T00:00:00+03:00,PM10,
2022-08-21T00:00:00+03:00,SO2,0.0034
2022-08-21T00:00:00+03:00,NO,0.005
2022-08-21T00:00:00+03:00,OZ,0.0413
2022-08-21T00:00:00+03:00,CO,0.72
2022-08-22T00:00:00+03:00,CO,0.91
2022-08-22T00:00:00+03:00,NO,0.005
2022-08-22T00:00:00+03:00,OZ,0.0462
2022-08-22T00:00:00+03:00,PM10,
2022-08-22T00:00:00+03:00,SO2,0.0046
2022-08-22T00:00:00+03:00,PM2.5,
2022-08-22T00:00:00+03:00,NO2,0.023
2022-08-23T00:00:00+03:00,CO,0.82
2022-08-23T00:00:00+03:00,PM2.5,
2022-08-23T00:00:00+03:00,PM10,
2022-08-23T00:00:00+03:00,SO2,0.0029
2022-08-23T00:00:00+03:00,OZ,0.0419
2022-08-23T00:00:00+03:00,NO2,0.029
2022-08-23T00:00:00+03:00,NO,0.008
2022-08-24T00:00:00+03:00,CO,0.53
2022-08-24T00:00:00+03:00,PM10,
2022-08-24T00:00:00+03:00,OZ,0.0319
2022-08-24T00:00:00+03:00,NO,0.02
2022-08-24T00:00:00+03:00,SO2,0.0018
2022-08-24T00:00:00+03:00,NO2,0.048
2022-08-24T00:00:00+03:00,PM2.5,
2022-08-25T00:00:00+03:00,SO2,0.0012
2022-08-25T00:00:00+03:00,NO,0.028
2022-08-25T00:00:00+03:00,OZ,0.0329
2022-08-25T00:00:00+03:00,PM10,
2022-08-25T00:00:00+03:00,PM2.5,
2022-08-25T00:00:00+03:00,CO,0.54
2022-08-25T00:00:00+03:00,NO2,0.06
2022-08-26T00:00:00+03:00,NO2,0.067
2022-08-26T00:00:00+03:00,PM10,
2022-08-26T00:00:00+03:00,OZ,0.0303
2022-08-26T00:00:00+03:00,SO2,0.0019
2022-08-26T00:00:00+03:00,PM2.5,
2022-08-26T00:00:00+03:00,CO,0.65
2022-08-26T00:00:00+03:00,NO,0.029
2022-08-27T00:00:00+03:00,NO,0.016
2022-08-27T00:00:00+03:00,PM2.5,
2022-08-27T00:00:00+03:00,CO,0.9
2022-08-27T00:00:00+03:00,OZ,0.0385
2022-08-27T00:00:00+03:00,SO2,0.0011
2022-08-27T00:00:00+03:00,PM10,
2022-08-27T00:00:00+03:00,NO2,0.054
2022-08-28T00:00:00+03:00,SO2,0.0022
2022-08-28T00:00:00+03:00,NO,0.006
2022-08-28T00:00:00+03:00,OZ,0.0404
2022-08-28T00:00:00+03:00,NO2,0.038
2022-08-28T00:00:00+03:00,PM10,
2022-08-28T00:00:00+03:00,CO,0.79
2022-08-28T00:00:00+03:00,PM2.5,
2022-08-29T00:00:00+03:00,CO,0.38
2022-08-29T00:00:00+03:00,PM2.5,
2022-08-29T00:00:00+03:00,NO2,0.036
2022-08-29T00:00:00+03:00,OZ,0.038
2022-08-29T00:00:00+03:00,SO2,0.0023
2022-08-29T00:00:00+03:00,PM10,
2022-08-29T00:00:00+03:00,NO,0.006
2022-08-30T00:00:00+03:00,CO,0.39
2022-08-30T00:00:00+03:00,NO,0.021
2022-08-30T00:00:00+03:00,PM10,0.027
2022-08-30T00:00:00+03:00,OZ,0.0242
2022-08-30T00:00:00+03:00,SO2,0.0005
2022-08-30T00:00:00+03:00,NO2,0.058
2022-08-30T00:00:00+03:00,PM2.5,0.013
2022-08-31T00:00:00+03:00,OZ,0.0231
2022-08-31T00:00:00+03:00,NO2,0.032
2022-08-31T00:00:00+03:00,SO2,0.0002
2022-08-31T00:00:00+03:00,NO,0.009
2022-08-31T00:00:00+03:00,PM10,0.011
2022-08-31T00:00:00+03:00,PM2.5,0.004
2022-08-31T00:00:00+03:00,CO,0.28
2022-09-01T00:00:00+03:00,CO,0.18
2022-09-01T00:00:00+03:00,SO2,0.0003
2022-09-01T00:00:00+03:00,NO,0.008
2022-09-01T00:00:00+03:00,PM2.5,0.002
2022-09-01T00:00:00+03:00,PM10,0.006
2022-09-01T00:00:00+03:00,OZ,0.0202
2022-09-01T00:00:00+03:00,NO2,0.021
2022-09-02T00:00:00+03:00,CO,0.29
2022-09-02T00:00:00+03:00,NO,0.008
2022-09-02T00:00:00+03:00,OZ,0.0195
2022-09-02T00:00:00+03:00,NO2,0.023
2022-09-02T00:00:00+03:00,PM10,0.006
2022-09-02T00:00:00+03:00,PM2.5,0.003
2022-09-02T00:00:00+03:00,SO2,0.0005
2022-09-03T00:00:00+03:00,OZ,0.0162
2022-09-03T00:00:00+03:00,NO,0.014
2022-09-03T00:00:00+03:00,NO2,0.034
2022-09-03T00:00:00+03:00,PM10,0.009
2022-09-03T00:00:00+03:00,CO,0.25
2022-09-03T00:00:00+03:00,SO2,0.0006
2022-09-03T00:00:00+03:00,PM2.5,0.004
2022-09-04T00:00:00+03:00,SO2,0.0006
2022-09-04T00:00:00+03:00,OZ,0.0167
2022-09-04T00:00:00+03:00,PM10,0.008
2022-09-04T00:00:00+03:00,NO,0.015
2022-09-04T00:00:00+03:00,PM2.5,0.004
2022-09-04T00:00:00+03:00,CO,0.43
2022-09-04T00:00:00+03:00,NO2,0.03
2022-09-05T00:00:00+03:00,PM10,0.008
2022-09-05T00:00:00+03:00,OZ,0.0069
2022-09-05T00:00:00+03:00,CO,0.31
2022-09-05T00:00:00+03:00,NO2,0.029
2022-09-05T00:00:00+03:00,SO2,0.0006
2022-09-05T00:00:00+03:00,NO,0.016
2022-09-05T00:00:00+03:00,PM2.5,0.004
2022-09-06T00:00:00+03:00,SO2,0.0007
2022-09-06T00:00:00+03:00,PM2.5,0.003
2022-09-06T00:00:00+03:00,PM10,0.005
2022-09-06T00:00:00+03:00,CO,0.18
2022-09-06T00:00:00+03:00,NO2,0.02
2022-09-06T00:00:00+03:00,OZ,0.0158
2022-09-06T00:00:00+03:00,NO,0.007
2022-09-07T00:00:00+03:00,NO,0.014
2022-09-07T00:00:00+03:00,OZ,0.0131
2022-09-07T00:00:00+03:00,SO2,0.001
2022-09-07T00:00:00+03:00,PM10,0.008
2022-09-07T00:00:00+03:00,CO,0.28
2022-09-07T00:00:00+03:00,NO2,0.034
2022-09-07T00:00:00+03:00,PM2.5,0.004
2022-09-08T00:00:00+03:00,OZ,0.014
2022-09-08T00:00:00+03:00,PM2.5,0.004
2022-09-08T00:00:00+03:00,NO,0.009
2022-09-08T00:00:00+03:00,NO2,0.016
2022-09-08T00:00:00+03:00,PM10,0.006
2022-09-08T00:00:00+03:00,SO2,0.001
2022-09-08T00:00:00+03:00,CO,0.27
2022-09-09T00:00:00+03:00,SO2,0.001
2022-09-09T00:00:00+03:00,PM10,0.008
2022-09-09T00:00:00+03:00,NO,0.014
2022-09-09T00:00:00+03:00,NO2,0.019
2022-09-09T00:00:00+03:00,PM2.5,0.005
2022-09-09T00:00:00+03:00,CO,0.12
2022-09-09T00:00:00+03:00,OZ,0.017
2022-09-10T00:00:00+03:00,CO,0.82
2022-09-10T00:00:00+03:00,SO2,0.0026
2022-09-10T00:00:00+03:00,PM2.5,0.014
2022-09-10T00:00:00+03:00,OZ,0.0084
2022-09-10T00:00:00+03:00,NO,0.142
2022-09-10T00:00:00+03:00,PM10,0.023
2022-09-10T00:00:00+03:00,NO2,0.045
2022-09-11T00:00:00+03:00,NO2,0.038
2022-09-11T00:00:00+03:00,OZ,0.017
2022-09-11T00:00:00+03:00,PM10,0.03
2022-09-11T00:00:00+03:00,PM2.5,0.02
2022-09-11T00:00:00+03:00,CO,0.64
2022-09-11T00:00:00+03:00,SO2,0.0025
2022-09-11T00:00:00+03:00,NO,0.056
2022-09-12T00:00:00+03:00,NO,0.006
2022-09-12T00:00:00+03:00,PM2.5,0.012
2022-09-12T00:00:00+03:00,PM10,0.018
2022-09-12T00:00:00+03:00,NO2,0.024
2022-09-12T00:00:00+03:00,CO,0.24
2022-09-12T00:00:00+03:00,SO2,0.0021
2022-09-12T00:00:00+03:00,OZ,0.019
2022-09-13T00:00:00+03:00,OZ,0.0241
2022-09-13T00:00:00+03:00,NO2,0.018
2022-09-13T00:00:00+03:00,PM10,0.014
2022-09-13T00:00:00+03:00,CO,0.05
2022-09-13T00:00:00+03:00,PM2.5,0.008
2022-09-13T00:00:00+03:00,SO2,0.0038
2022-09-13T00:00:00+03:00,NO,0.007
2022-09-14T00:00:00+03:00,PM10,0.01
2022-09-14T00:00:00+03:00,NO2,0.015
2022-09-14T00:00:00+03:00,NO,0.007
2022-09-14T00:00:00+03:00,SO2,0.0018
2022-09-14T00:00:00+03:00,PM2.5,0.007
2022-09-14T00:00:00+03:00,OZ,0.0161
2022-09-14T00:00:00+03:00,CO,0.11
2022-09-15T00:00:00+03:00,CO,0.27
2022-09-15T00:00:00+03:00,OZ,0.0047
2022-09-15T00:00:00+03:00,PM2.5,0.007
2022-09-15T00:00:00+03:00,NO,0.049
2022-09-15T00:00:00+03:00,NO2,0.028
2022-09-15T00:00:00+03:00,PM10,0.012
2022-09-15T00:00:00+03:00,SO2,0.002
2022-09-16T00:00:00+03:00,NO,0.039
2022-09-16T00:00:00+03:00,SO2,0.0021
2022-09-16T00:00:00+03:00,CO,0.38
2022-09-16T00:00:00+03:00,PM10,0.016
2022-09-16T00:00:00+03:00,OZ,0.0121
2022-09-16T00:00:00+03:00,NO2,0.029
2022-09-16T00:00:00+03:00,PM2.5,0.009
2022-09-17T00:00:00+03:00,SO2,0.0021
2022-09-17T00:00:00+03:00,PM10,0.012
2022-09-17T00:00:00+03:00,NO,0.023
2022-09-17T00:00:00+03:00,OZ,0.0148
2022-09-17T00:00:00+03:00,CO,0.25
2022-09-17T00:00:00+03:00,NO2,0.043
2022-09-17T00:00:00+03:00,PM2.5,0.007
2022-09-18T00:00:00+03:00,OZ,0.0129
2022-09-18T00:00:00+03:00,NO2,0.026
2022-09-18T00:00:00+03:00,PM2.5,0.009
2022-09-18T00:00:00+03:00,NO,0.016
2022-09-18T00:00:00+03:00,CO,0.27
2022-09-18T00:00:00+03:00,SO2,0.0024
2022-09-18T00:00:00+03:00,PM10,0.014
2022-09-19T00:00:00+03:00,NO2,0.014
2022-09-19T00:00:00+03:00,PM10,0.007
2022-09-19T00:00:00+03:00,CO,0.15
2022-09-19T00:00:00+03:00,SO2,0.0017
2022-09-19T00:00:00+03:00,NO,0.004
2022-09-19T00:00:00+03:00,OZ,0.0241
2022-09-19T00:00:00+03:00,PM2.5,0.003
2022-09-20T00:00:00+03:00,PM2.5,0.006
2022-09-20T00:00:00+03:00,NO2,0.023
2022-09-20T00:00:00+03:00,CO,0.25
2022-09-20T00:00:00+03:00,OZ,0.0159
2022-09-20T00:00:00+03:00,PM10,0.01
2022-09-20T00:00:00+03:00,SO2,0.002
2022-09-20T00:00:00+03:00,NO,0.016
2022-09-21T00:00:00+03:00,PM2.5,0.011
2022-09-21T00:00:00+03:00,OZ,0.0099
2022-09-21T00:00:00+03:00,CO,0.46
2022-09-21T00:00:00+03:00,NO2,0.022
2022-09-21T00:00:00+03:00,SO2,0.0026
2022-09-21T00:00:00+03:00,NO,0.076
2022-09-21T00:00:00+03:00,PM10,0.018
2022-09-22T00:00:00+03:00,NO,0.008
2022-09-22T00:00:00+03:00,PM2.5,0.008
2022-09-22T00:00:00+03:00,CO,0.23
2022-09-22T00:00:00+03:00,OZ,0.0148
2022-09-22T00:00:00+03:00,SO2,0.0013
2022-09-22T00:00:00+03:00,NO2,0.018
2022-09-22T00:00:00+03:00,PM10,0.011
2022-09-23T00:00:00+03:00,CO,0.16
2022-09-23T00:00:00+03:00,NO,0.009
2022-09-23T00:00:00+03:00,NO2,0.02
2022-09-23T00:00:00+03:00,OZ,0.0145
2022-09-23T00:00:00+03:00,SO2,0.0012
2022-09-23T00:00:00+03:00,PM10,0.01
2022-09-23T00:00:00+03:00,PM2.5,0.006
2022-09-24T00:00:00+03:00,CO,0.34
2022-09-24T00:00:00+03:00,OZ,0.0053
2022-09-24T00:00:00+03:00,PM2.5,0.002
2022-09-24T00:00:00+03:00,NO,0.017
2022-09-24T00:00:00+03:00,PM10,0.003
2022-09-24T00:00:00+03:00,SO2,0.0006
2022-09-24T00:00:00+03:00,NO2,0.013
2022-09-25T00:00:00+03:00,PM10,0.007
2022-09-25T00:00:00+03:00,OZ,0.0042
2022-09-25T00:00:00+03:00,NO2,0.011
2022-09-25T00:00:00+03:00,SO2,0.0007
2022-09-25T00:00:00+03:00,CO,0.19
2022-09-25T00:00:00+03:00,NO,0.02
2022-09-25T00:00:00+03:00,PM2.5,0.005
2022-09-26T00:00:00+03:00,PM2.5,0.007
2022-09-26T00:00:00+03:00,PM10,0.01
2022-09-26T00:00:00+03:00,OZ,0.0014
2022-09-26T00:00:00+03:00,NO2,0.016
2022-09-26T00:00:00+03:00,NO,0.07
2022-09-26T00:00:00+03:00,SO2,0.0011
2022-09-26T00:00:00+03:00,CO,0.37
2022-09-27T00:00:00+03:00,PM2.5,0.01
2022-09-27T00:00:00+03:00,NO,0.118
2022-09-27T00:00:00+03:00,PM10,0.014
2022-09-27T00:00:00+03:00,SO2,0.0017
2022-09-27T00:00:00+03:00,OZ,0.0092
2022-09-27T00:00:00+03:00,NO2,0.012
2022-09-27T00:00:00+03:00,CO,0.54
2022-09-28T00:00:00+03:00,OZ,0.0103
2022-09-28T00:00:00+03:00,PM2.5,0.005
2022-09-28T00:00:00+03:00,SO2,0.001
2022-09-28T00:00:00+03:00,NO2,0.023
2022-09-28T00:00:00+03:00,PM10,0.008
2022-09-28T00:00:00+03:00,CO,0.28
2022-09-28T00:00:00+03:00,NO,0.021
2022-09-29T00:00:00+03:00,NO,0.03
2022-09-29T00:00:00+03:00,CO,0.46
2022-09-29T00:00:00+03:00,PM10,0.018
2022-09-29T00:00:00+03:00,OZ,0.0036
2022-09-29T00:00:00+03:00,NO2,0.04
2022-09-29T00:00:00+03:00,SO2,0.0012
2022-09-29T00:00:00+03:00,PM2.5,0.011
2022-09-30T00:00:00+03:00,CO,0.42
2022-09-30T00:00:00+03:00,OZ,0.0082
2022-09-30T00:00:00+03:00,NO,0.018
2022-09-30T00:00:00+03:00,SO2,0.0012
2022-09-30T00:00:00+03:00,NO2,0.033
2022-09-30T00:00:00+03:00,PM2.5,0.012
2022-09-30T00:00:00+03:00,PM10,0.019
2022-10-01T00:00:00+03:00,NO,0.025
2022-10-01T00:00:00+03:00,CO,0.3
2022-10-01T00:00:00+03:00,SO2,0.0014
2022-10-01T00:00:00+03:00,OZ,0.0039
2022-10-01T00:00:00+03:00,NO2,0.037
2022-10-01T00:00:00+03:00,PM10,0.018
2022-10-01T00:00:00+03:00,PM2.5,0.013
2022-10-02T00:00:00+03:00,SO2,0.0019
2022-10-02T00:00:00+03:00,OZ,0.0166
2022-10-02T00:00:00+03:00,NO,0.008
2022-10-02T00:00:00+03:00,PM10,0.006
2022-10-02T00:00:00+03:00,CO,0.43
2022-10-02T00:00:00+03:00,NO2,0.027
2022-10-02T00:00:00+03:00,PM2.5,0.004
2022-10-03T00:00:00+03:00,PM2.5,0.006
2022-10-03T00:00:00+03:00,PM10,0.01
2022-10-03T00:00:00+03:00,NO2,0.012
2022-10-03T00:00:00+03:00,CO,0.25
2022-10-03T00:00:00+03:00,NO,0.005
2022-10-03T00:00:00+03:00,SO2,0.0011
2022-10-03T00:00:00+03:00,OZ,0.0251
2022-10-04T00:00:00+03:00,NO,0.007
2022-10-04T00:00:00+03:00,CO,0.14
2022-10-04T00:00:00+03:00,PM10,0.011
2022-10-04T00:00:00+03:00,PM2.5,0.005
2022-10-04T00:00:00+03:00,SO2,0.001
2022-10-04T00:00:00+03:00,NO2,0.02
2022-10-04T00:00:00+03:00,OZ,0.0207
2022-10-05T00:00:00+03:00,CO,0.16
2022-10-05T00:00:00+03:00,SO2,0.0004
2022-10-05T00:00:00+03:00,PM10,0.009
2022-10-05T00:00:00+03:00,OZ,0.0056
2022-10-05T00:00:00+03:00,PM2.5,0.005
2022-10-05T00:00:00+03:00,NO,0.036
2022-10-05T00:00:00+03:00,NO2,0.034
2022-10-06T00:00:00+03:00,NO2,0.036
2022-10-06T00:00:00+03:00,OZ,0.0031
2022-10-06T00:00:00+03:00,CO,0.25
2022-10-06T00:00:00+03:00,PM10,0.014
2022-10-06T00:00:00+03:00,SO2,0.0005
2022-10-06T00:00:00+03:00,NO,0.032
2022-10-06T00:00:00+03:00,PM2.5,0.007
2022-10-07T00:00:00+03:00,CO,0.35
2022-10-07T00:00:00+03:00,PM10,0.014
2022-10-07T00:00:00+03:00,OZ,0.0159
2022-10-07T00:00:00+03:00,NO,0.009
2022-10-07T00:00:00+03:00,NO2,0.03
2022-10-07T00:00:00+03:00,SO2,0.0003
2022-10-07T00:00:00+03:00,PM2.5,0.006
2022-10-08T00:00:00+03:00,NO2,0.048
2022-10-08T00:00:00+03:00,OZ,0.0099
2022-10-08T00:00:00+03:00,CO,0.16
2022-10-08T00:00:00+03:00,NO,0.018
2022-10-08T00:00:00+03:00,PM2.5,0.009
2022-10-08T00:00:00+03:00,SO2,0.0011
2022-10-08T00:00:00+03:00,PM10,0.018
2022-10-09T00:00:00+03:00,NO,0.012
2022-10-09T00:00:00+03:00,CO,0.27
2022-10-09T00:00:00+03:00,SO2,0.0025
2022-10-09T00:00:00+03:00,PM2.5,0.008
2022-10-09T00:00:00+03:00,NO2,0.046
2022-10-09T00:00:00+03:00,PM10,0.017
2022-10-09T00:00:00+03:00,OZ,0.014
2022-10-10T00:00:00+03:00,NO2,0.024
2022-10-10T00:00:00+03:00,CO,0.33
2022-10-10T00:00:00+03:00,NO,0.023
2022-10-10T00:00:00+03:00,PM2.5,0.006
2022-10-10T00:00:00+03:00,SO2,0.0008
2022-10-10T00:00:00+03:00,OZ,0.0219
2022-10-10T00:00:00+03:00,PM10,0.01
2022-10-11T00:00:00+03:00,NO,0.061
2022-10-11T00:00:00+03:00,OZ,0.0096
2022-10-11T00:00:00+03:00,PM10,0.016
2022-10-11T00:00:00+03:00,NO2,0.046
2022-10-11T00:00:00+03:00,PM2.5,0.009
2022-10-11T00:00:00+03:00,CO,0.53
2022-10-11T00:00:00+03:00,SO2,0.0039
2022-10-12T00:00:00+03:00,SO2,0.0032
2022-10-12T00:00:00+03:00,PM2.5,0.02
2022-10-12T00:00:00+03:00,CO,0.89
2022-10-12T00:00:00+03:00,NO,0.159
2022-10-12T00:00:00+03:00,PM10,0.034
2022-10-12T00:00:00+03:00,NO2,0.054
2022-10-12T00:00:00+03:00,OZ,0.0026
2022-10-13T00:00:00+03:00,NO,0.078
2022-10-13T00:00:00+03:00,PM10,0.015
2022-10-13T00:00:00+03:00,PM2.5,0.008
2022-10-13T00:00:00+03:00,OZ,0.006
2022-10-13T00:00:00+03:00,NO2,0.056
2022-10-13T00:00:00+03:00,SO2,0.0019
2022-10-13T00:00:00+03:00,CO,0.48
2022-10-14T00:00:00+03:00,CO,0.26
2022-10-14T00:00:00+03:00,NO2,0.066
2022-10-14T00:00:00+03:00,PM2.5,0.01
2022-10-14T00:00:00+03:00,PM10,0.019
2022-10-14T00:00:00+03:00,OZ,0.0045
2022-10-14T00:00:00+03:00,SO2,0.0017
2022-10-14T00:00:00+03:00,NO,0.07
2022-10-15T00:00:00+03:00,CO,0.4
2022-10-15T00:00:00+03:00,OZ,0.0019
2022-10-15T00:00:00+03:00,PM10,0.022
2022-10-15T00:00:00+03:00,PM2.5,0.011
2022-10-15T00:00:00+03:00,NO,0.045
2022-10-15T00:00:00+03:00,NO2,0.066
2022-10-15T00:00:00+03:00,SO2,0.0024
2022-10-16T00:00:00+03:00,PM2.5,0.012
2022-10-16T00:00:00+03:00,OZ,0.0091
2022-10-16T00:00:00+03:00,NO,0.032
2022-10-16T00:00:00+03:00,PM10,0.023
2022-10-16T00:00:00+03:00,NO2,0.059
2022-10-16T00:00:00+03:00,CO,0.29
2022-10-16T00:00:00+03:00,SO2,0.0063
2022-10-17T00:00:00+03:00,PM2.5,0.01
2022-10-17T00:00:00+03:00,OZ,0.0098
2022-10-17T00:00:00+03:00,NO,0.007
2022-10-17T00:00:00+03:00,SO2,0.0064
2022-10-17T00:00:00+03:00,CO,0.14
2022-10-17T00:00:00+03:00,PM10,0.018
2022-10-17T00:00:00+03:00,NO2,0.063
2022-10-18T00:00:00+03:00,SO2,0.0012
2022-10-18T00:00:00+03:00,OZ,0.0067
2022-10-18T00:00:00+03:00,NO2,0.048
2022-10-18T00:00:00+03:00,CO,0.15
2022-10-18T00:00:00+03:00,NO,0.012
2022-10-18T00:00:00+03:00,PM2.5,0.007
2022-10-18T00:00:00+03:00,PM10,0.012
2022-10-19T00:00:00+03:00,PM10,0.01
2022-10-19T00:00:00+03:00,NO2,0.041
2022-10-19T00:00:00+03:00,SO2,0.0008
2022-10-19T00:00:00+03:00,PM2.5,0.005
2022-10-19T00:00:00+03:00,OZ,0.0096
2022-10-19T00:00:00+03:00,CO,0.26
2022-10-19T00:00:00+03:00,NO,0.007
2022-10-20T00:00:00+03:00,NO,0.003
2022-10-20T00:00:00+03:00,NO2,0.022
2022-10-20T00:00:00+03:00,PM2.5,0.004
2022-10-20T00:00:00+03:00,OZ,0.019
2022-10-20T00:00:00+03:00,CO,0.11
2022-10-20T00:00:00+03:00,SO2,0.0011
2022-10-20T00:00:00+03:00,PM10,0.009
2022-10-21T00:00:00+03:00,NO,0.024
2022-10-21T00:00:00+03:00,OZ,0.0081
2022-10-21T00:00:00+03:00,CO,0.28
2022-10-21T00:00:00+03:00,SO2,0.0013
2022-10-21T00:00:00+03:00,NO2,0.049
2022-10-21T00:00:00+03:00,PM2.5,0.006
2022-10-21T00:00:00+03:00,PM10,0.013
2022-10-22T00:00:00+03:00,OZ,0.0026
2022-10-22T00:00:00+03:00,NO2,0.05
2022-10-22T00:00:00+03:00,PM10,0.016
2022-10-22T00:00:00+03:00,CO,0.41
2022-10-22T00:00:00+03:00,PM2.5,0.008
2022-10-22T00:00:00+03:00,NO,0.035
2022-10-22T00:00:00+03:00,SO2,0.002
2022-10-23T00:00:00+03:00,SO2,0.0019
2022-10-23T00:00:00+03:00,OZ,0.0049
2022-10-23T00:00:00+03:00,NO2,0.04
2022-10-23T00:00:00+03:00,CO,0.2
2022-10-23T00:00:00+03:00,PM2.5,0.01
2022-10-23T00:00:00+03:00,PM10,0.017
2022-10-23T00:00:00+03:00,NO,0.011
2022-10-24T00:00:00+03:00,PM2.5,0.007
2022-10-24T00:00:00+03:00,NO,0.011
2022-10-24T00:00:00+03:00,CO,0.21
2022-10-24T00:00:00+03:00,SO2,0.0016
2022-10-24T00:00:00+03:00,OZ,0.0113
2022-10-24T00:00:00+03:00,NO2,0.041
2022-10-24T00:00:00+03:00,PM10,0.012
2022-10-25T00:00:00+03:00,PM2.5,0.01
2022-10-25T00:00:00+03:00,NO2,0.057
2022-10-25T00:00:00+03:00,OZ,0.0037
2022-10-25T00:00:00+03:00,SO2,0.0024
2022-10-25T00:00:00+03:00,PM10,0.02
2022-10-25T00:00:00+03:00,NO,0.038
2022-10-25T00:00:00+03:00,CO,0.23
2022-10-26T00:00:00+03:00,CO,0.21
2022-10-26T00:00:00+03:00,NO,0.007
2022-10-26T00:00:00+03:00,SO2,0.0026
2022-10-26T00:00:00+03:00,PM10,0.017
2022-10-26T00:00:00+03:00,OZ,0.0102
2022-10-26T00:00:00+03:00,PM2.5,0.009
2022-10-26T00:00:00+03:00,NO2,0.041
2022-10-27T00:00:00+03:00,PM2.5,0.011
2022-10-27T00:00:00+03:00,SO2,0.0023
2022-10-27T00:00:00+03:00,PM10,0.019
2022-10-27T00:00:00+03:00,NO2,0.035
2022-10-27T00:00:00+03:00,NO,0.01
2022-10-27T00:00:00+03:00,CO,0.26
2022-10-27T00:00:00+03:00,OZ,0.0084
2022-10-28T00:00:00+03:00,CO,0.2
2022-10-28T00:00:00+03:00,PM10,0.021
2022-10-28T00:00:00+03:00,NO,0.049
2022-10-28T00:00:00+03:00,NO2,0.045
2022-10-28T00:00:00+03:00,PM2.5,0.012
2022-10-28T00:00:00+03:00,OZ,0.0016
2022-10-28T00:00:00+03:00,SO2,0.007
2022-10-29T00:00:00+03:00,PM2.5,0.004
2022-10-29T00:00:00+03:00,NO,0.012
2022-10-29T00:00:00+03:00,CO,0.49
2022-10-29T00:00:00+03:00,PM10,0.009
2022-10-29T00:00:00+03:00,SO2,
2022-10-29T00:00:00+03:00,NO2,0.048
2022-10-29T00:00:00+03:00,OZ,0.0049
2022-10-30T00:00:00+03:00,SO2,
2022-10-30T00:00:00+03:00,NO2,0.026
2022-10-30T00:00:00+03:00,PM2.5,0.003
2022-10-30T00:00:00+03:00,NO,0.002
2022-10-30T00:00:00+03:00,PM10,0.007
2022-10-30T00:00:00+03:00,OZ,0.0312
2022-10-30T00:00:00+03:00,CO,0.22
2022-10-31T00:00:00+03:00,SO2,
2022-10-31T00:00:00+03:00,PM10,0.008
2022-10-31T00:00:00+03:00,PM2.5,0.004
2022-10-31T00:00:00+03:00,CO,0.08
2022-10-31T00:00:00+03:00,NO2,0.029
2022-10-31T00:00:00+03:00,NO,0.002
2022-10-31T00:00:00+03:00,OZ,0.0318
2022-11-01T00:00:00+03:00,CO,0.14
2022-11-01T00:00:00+03:00,NO,0.009
2022-11-01T00:00:00+03:00,PM2.5,0.004
2022-11-01T00:00:00+03:00,SO2,
2022-11-01T00:00:00+03:00,PM10,0.01
2022-11-01T00:00:00+03:00,OZ,0.0264
2022-11-01T00:00:00+03:00,NO2,0.037
2022-11-02T00:00:00+03:00,CO,0.23
2022-11-02T00:00:00+03:00,SO2,
2022-11-02T00:00:00+03:00,NO2,0.036
2022-11-02T00:00:00+03:00,PM10,0.013
2022-11-02T00:00:00+03:00,NO,0.004
2022-11-02T00:00:00+03:00,OZ,0.0186
2022-11-02T00:00:00+03:00,PM2.5,0.007
2022-11-03T00:00:00+03:00,PM2.5,0.004
2022-11-03T00:00:00+03:00,CO,0.19
2022-11-03T00:00:00+03:00,OZ,0.0168
2022-11-03T00:00:00+03:00,NO,0.008
2022-11-03T00:00:00+03:00,SO2,
2022-11-03T00:00:00+03:00,PM10,0.01
2022-11-03T00:00:00+03:00,NO2,0.021
2022-11-04T00:00:00+03:00,OZ,0.0105
2022-11-04T00:00:00+03:00,PM2.5,0.008
2022-11-04T00:00:00+03:00,SO2,
2022-11-04T00:00:00+03:00,CO,0.24
2022-11-04T00:00:00+03:00,NO2,0.028
2022-11-04T00:00:00+03:00,PM10,0.013
2022-11-04T00:00:00+03:00,NO,0.005
2022-11-05T00:00:00+03:00,CO,0.15
2022-11-05T00:00:00+03:00,NO2,0.026
2022-11-05T00:00:00+03:00,OZ,0.0132
2022-11-05T00:00:00+03:00,PM10,0.011
2022-11-05T00:00:00+03:00,PM2.5,0.006
2022-11-05T00:00:00+03:00,SO2,
2022-11-05T00:00:00+03:00,NO,0.007
2022-11-06T00:00:00+03:00,SO2,
2022-11-06T00:00:00+03:00,PM2.5,0.009
2022-11-06T00:00:00+03:00,NO2,0.046
2022-11-06T00:00:00+03:00,NO,0.014
2022-11-06T00:00:00+03:00,OZ,0.0058
2022-11-06T00:00:00+03:00,PM10,0.018
2022-11-06T00:00:00+03:00,CO,0.18
2022-11-07T00:00:00+03:00,CO,0.24
2022-11-07T00:00:00+03:00,PM2.5,0.008
2022-11-07T00:00:00+03:00,OZ,0.0043
2022-11-07T00:00:00+03:00,NO2,0.037
2022-11-07T00:00:00+03:00,NO,0.026
2022-11-07T00:00:00+03:00,SO2,
2022-11-07T00:00:00+03:00,PM10,0.013
2022-11-08T00:00:00+03:00,PM10,0.015
2022-11-08T00:00:00+03:00,NO2,0.031
2022-11-08T00:00:00+03:00,PM2.5,0.01
2022-11-08T00:00:00+03:00,OZ,0.0016
2022-11-08T00:00:00+03:00,NO,0.029
2022-11-08T00:00:00+03:00,SO2,
2022-11-08T00:00:00+03:00,CO,0.24
2022-11-09T00:00:00+03:00,NO2,0.041
2022-11-09T00:00:00+03:00,OZ,0.0063
2022-11-09T00:00:00+03:00,SO2,0.001
2022-11-09T00:00:00+03:00,CO,0.41
2022-11-09T00:00:00+03:00,PM2.5,0.009
2022-11-09T00:00:00+03:00,NO,0.014
2022-11-09T00:00:00+03:00,PM10,0.014
2022-11-10T00:00:00+03:00,OZ,0.0176
2022-11-10T00:00:00+03:00,NO2,0.041
2022-11-10T00:00:00+03:00,NO,0.006
2022-11-10T00:00:00+03:00,PM2.5,0.013
2022-11-10T00:00:00+03:00,SO2,0.0016
2022-11-10T00:00:00+03:00,PM10,0.023
2022-11-10T00:00:00+03:00,CO,0.22
2022-11-11T00:00:00+03:00,SO2,0.0009
2022-11-11T00:00:00+03:00,PM2.5,0.009
2022-11-11T00:00:00+03:00,NO2,0.037
2022-11-11T00:00:00+03:00,CO,0.28
2022-11-11T00:00:00+03:00,NO,0.014
2022-11-11T00:00:00+03:00,PM10,0.015
2022-11-11T00:00:00+03:00,OZ,0.0101
2022-11-12T00:00:00+03:00,OZ,0.0187
2022-11-12T00:00:00+03:00,SO2,0.0007
2022-11-12T00:00:00+03:00,PM10,0.007
2022-11-12T00:00:00+03:00,NO,0.004
2022-11-12T00:00:00+03:00,NO2,0.028
2022-11-12T00:00:00+03:00,CO,0.18
2022-11-12T00:00:00+03:00,PM2.5,0.003
2022-11-13T00:00:00+03:00,PM2.5,0.003
2022-11-13T00:00:00+03:00,SO2,0.0003
2022-11-13T00:00:00+03:00,CO,0.17
2022-11-13T00:00:00+03:00,OZ,0.0369
2022-11-13T00:00:00+03:00,PM10,0.008
2022-11-13T00:00:00+03:00,NO2,0.016
2022-11-13T00:00:00+03:00,NO,0.001
2022-11-14T00:00:00+03:00,NO,0.001
2022-11-14T00:00:00+03:00,PM2.5,0.004
2022-11-14T00:00:00+03:00,OZ,0.0475
2022-11-14T00:00:00+03:00,SO2,0.0004
2022-11-14T00:00:00+03:00,NO2,0.015
2022-11-14T00:00:00+03:00,CO,0.26
2022-11-14T00:00:00+03:00,PM10,0.01
2022-11-15T00:00:00+03:00,NO,0.008
2022-11-15T00:00:00+03:00,CO,0.17
2022-11-15T00:00:00+03:00,SO2,0.0005
2022-11-15T00:00:00+03:00,PM10,0.015
2022-11-15T00:00:00+03:00,NO2,0.042
2022-11-15T00:00:00+03:00,OZ,0.0314
2022-11-15T00:00:00+03:00,PM2.5,0.006
2022-11-16T00:00:00+03:00,CO,0.24
2022-11-16T00:00:00+03:00,PM10,0.019
2022-11-16T00:00:00+03:00,OZ,0.0163
2022-11-16T00:00:00+03:00,SO2,0.0014
2022-11-16T00:00:00+03:00,PM2.5,0.011
2022-11-16T00:00:00+03:00,NO,0.019
2022-11-16T00:00:00+03:00,NO2,0.045
2022-11-17T00:00:00+03:00,PM10,0.019
2022-11-17T00:00:00+03:00,PM2.5,0.011
2022-11-17T00:00:00+03:00,OZ,0.0212
2022-11-17T00:00:00+03:00,NO2,0.048
2022-11-17T00:00:00+03:00,SO2,0.0011
2022-11-17T00:00:00+03:00,NO,0.038
2022-11-17T00:00:00+03:00,CO,0.53
2022-11-18T00:00:00+03:00,NO2,0.024
2022-11-18T00:00:00+03:00,OZ,0.0218
2022-11-18T00:00:00+03:00,PM10,0.011
2022-11-18T00:00:00+03:00,CO,0.16
2022-11-18T00:00:00+03:00,SO2,0.0004
2022-11-18T00:00:00+03:00,PM2.5,0.007
2022-11-18T00:00:00+03:00,NO,0.004
2022-11-19T00:00:00+03:00,NO2,0.034
2022-11-19T00:00:00+03:00,PM10,0.016
2022-11-19T00:00:00+03:00,NO,0.023
2022-11-19T00:00:00+03:00,SO2,0.0015
2022-11-19T00:00:00+03:00,OZ,0.0096
2022-11-19T00:00:00+03:00,CO,0.23
2022-11-19T00:00:00+03:00,PM2.5,0.011
2022-11-20T00:00:00+03:00,OZ,0.012
2022-11-20T00:00:00+03:00,PM2.5,0.015
2022-11-20T00:00:00+03:00,CO,0.32
2022-11-20T00:00:00+03:00,NO2,0.037
2022-11-20T00:00:00+03:00,NO,0.02
2022-11-20T00:00:00+03:00,PM10,0.022
2022-11-20T00:00:00+03:00,SO2,0.0016
2022-11-21T00:00:00+03:00,SO2,0.0024
2022-11-21T00:00:00+03:00,PM10,0.016
2022-11-21T00:00:00+03:00,NO,0.016
2022-11-21T00:00:00+03:00,PM2.5,0.011
2022-11-21T00:00:00+03:00,NO2,0.041
2022-11-21T00:00:00+03:00,CO,0.17
2022-11-21T00:00:00+03:00,OZ,0.0052
2022-11-22T00:00:00+03:00,OZ,0.0085
2022-11-22T00:00:00+03:00,NO,0.004
2022-11-22T00:00:00+03:00,NO2,0.027
2022-11-22T00:00:00+03:00,PM10,0.01
2022-11-22T00:00:00+03:00,SO2,0.0016
2022-11-22T00:00:00+03:00,CO,0.2
2022-11-22T00:00:00+03:00,PM2.5,0.007
2022-11-23T00:00:00+03:00,PM2.5,0.005
2022-11-23T00:00:00+03:00,NO,0.006
2022-11-23T00:00:00+03:00,PM10,0.009
2022-11-23T00:00:00+03:00,OZ,0.0119
2022-11-23T00:00:00+03:00,SO2,0.0008
2022-11-23T00:00:00+03:00,NO2,0.024
2022-11-23T00:00:00+03:00,CO,0.14
2022-11-24T00:00:00+03:00,OZ,0.0186
2022-11-24T00:00:00+03:00,NO,0.007
2022-11-24T00:00:00+03:00,CO,0.2
2022-11-24T00:00:00+03:00,PM10,0.014
2022-11-24T00:00:00+03:00,SO2,0.0005
2022-11-24T00:00:00+03:00,PM2.5,0.01
2022-11-24T00:00:00+03:00,NO2,0.025
2022-11-25T00:00:00+03:00,PM2.5,0.01
2022-11-25T00:00:00+03:00,NO,0.005
2022-11-25T00:00:00+03:00,NO2,0.025
2022-11-25T00:00:00+03:00,OZ,0.0263
2022-11-25T00:00:00+03:00,SO2,0.0009
2022-11-25T00:00:00+03:00,PM10,0.014
2022-11-25T00:00:00+03:00,CO,0.17
2022-11-26T00:00:00+03:00,OZ,0.0258
2022-11-26T00:00:00+03:00,NO,0.004
2022-11-26T00:00:00+03:00,SO2,0.0017
2022-11-26T00:00:00+03:00,NO2,0.028
2022-11-26T00:00:00+03:00,PM10,0.013
2022-11-26T00:00:00+03:00,PM2.5,0.009
2022-11-26T00:00:00+03:00,CO,0.21
2022-11-27T00:00:00+03:00,NO,0.004
2022-11-27T00:00:00+03:00,CO,0.26
2022-11-27T00:00:00+03:00,NO2,0.031
2022-11-27T00:00:00+03:00,PM10,0.014
2022-11-27T00:00:00+03:00,OZ,0.0153
2022-11-27T00:00:00+03:00,PM2.5,0.011
2022-11-27T00:00:00+03:00,SO2,0.003
2022-11-28T00:00:00+03:00,PM2.5,0.009
2022-11-28T00:00:00+03:00,CO,0.18
2022-11-28T00:00:00+03:00,SO2,0.0018
2022-11-28T00:00:00+03:00,NO,0.001
2022-11-28T00:00:00+03:00,NO2,0.018
2022-11-28T00:00:00+03:00,PM10,0.014
2022-11-28T00:00:00+03:00,OZ,0.0423
2022-11-29T00:00:00+03:00,OZ,0.0334
2022-11-29T00:00:00+03:00,NO2,0.033
2022-11-29T00:00:00+03:00,CO,0.25
2022-11-29T00:00:00+03:00,NO,0.004
2022-11-29T00:00:00+03:00,PM2.5,0.01
2022-11-29T00:00:00+03:00,PM10,0.014
2022-11-29T00:00:00+03:00,SO2,0.0014
2022-11-30T00:00:00+03:00,PM2.5,0.018
2022-11-30T00:00:00+03:00,OZ,0.0044
2022-11-30T00:00:00+03:00,CO,0.47
2022-11-30T00:00:00+03:00,NO2,0.067
2022-11-30T00:00:00+03:00,SO2,0.0031
2022-11-30T00:00:00+03:00,NO,0.044
2022-11-30T00:00:00+03:00,PM10,0.025
2022-12-01T00:00:00+03:00,PM10,0.038
2022-12-01T00:00:00+03:00,PM2.5,0.03
2022-12-01T00:00:00+03:00,SO2,0.0036
2022-12-01T00:00:00+03:00,OZ,0.0035
2022-12-01T00:00:00+03:00,NO2,0.067
2022-12-01T00:00:00+03:00,NO,0.104
2022-12-01T00:00:00+03:00,CO,0.59
2022-12-02T00:00:00+03:00,PM2.5,0.03
2022-12-02T00:00:00+03:00,NO,0.074
2022-12-02T00:00:00+03:00,SO2,0.0045
2022-12-02T00:00:00+03:00,CO,0.62
2022-12-02T00:00:00+03:00,NO2,0.061
2022-12-02T00:00:00+03:00,OZ,0.0038
2022-12-02T00:00:00+03:00,PM10,0.037
2022-12-03T00:00:00+03:00,SO2,0.0022
2022-12-03T00:00:00+03:00,NO,0.004
2022-12-03T00:00:00+03:00,PM10,0.019
2022-12-03T00:00:00+03:00,PM2.5,0.014
2022-12-03T00:00:00+03:00,CO,0.1
2022-12-03T00:00:00+03:00,NO2,0.045
2022-12-03T00:00:00+03:00,OZ,0.0167
2022-12-04T00:00:00+03:00,OZ,0.0135
2022-12-04T00:00:00+03:00,PM10,0.015
2022-12-04T00:00:00+03:00,SO2,0.0037
2022-12-04T00:00:00+03:00,CO,0.26
2022-12-04T00:00:00+03:00,PM2.5,0.01
2022-12-04T00:00:00+03:00,NO2,0.052
2022-12-04T00:00:00+03:00,NO,0.007
2022-12-05T00:00:00+03:00,NO,0.024
2022-12-05T00:00:00+03:00,CO,0.2
2022-12-05T00:00:00+03:00,SO2,0.0021
2022-12-05T00:00:00+03:00,NO2,0.078
2022-12-05T00:00:00+03:00,OZ,0.0048
2022-12-05T00:00:00+03:00,PM2.5,0.011
2022-12-05T00:00:00+03:00,PM10,0.017
2022-12-06T00:00:00+03:00,NO2,0.076
2022-12-06T00:00:00+03:00,OZ,0.0099
2022-12-06T00:00:00+03:00,SO2,0.0033
2022-12-06T00:00:00+03:00,CO,0.35
2022-12-06T00:00:00+03:00,PM2.5,0.007
2022-12-06T00:00:00+03:00,PM10,0.013
2022-12-06T00:00:00+03:00,NO,0.013
2022-12-07T00:00:00+03:00,CO,0.23
2022-12-07T00:00:00+03:00,SO2,0.0021
2022-12-07T00:00:00+03:00,OZ,0.019
2022-12-07T00:00:00+03:00,NO,0.003
2022-12-07T00:00:00+03:00,NO2,0.05
2022-12-07T00:00:00+03:00,PM2.5,0.008
2022-12-07T00:00:00+03:00,PM10,0.014
2022-12-08T00:00:00+03:00,PM2.5,0.008
2022-12-08T00:00:00+03:00,CO,0.26
2022-12-08T00:00:00+03:00,NO2,0.034
2022-12-08T00:00:00+03:00,SO2,0.0015
2022-12-08T00:00:00+03:00,OZ,0.0206
2022-12-08T00:00:00+03:00,NO,0.003
2022-12-08T00:00:00+03:00,PM10,0.015
2022-12-09T00:00:00+03:00,CO,0.36
2022-12-09T00:00:00+03:00,PM10,0.018
2022-12-09T00:00:00+03:00,NO,0.009
2022-12-09T00:00:00+03:00,OZ,0.005
2022-12-09T00:00:00+03:00,PM2.5,0.012
2022-12-09T00:00:00+03:00,NO2,0.043
2022-12-09T00:00:00+03:00,SO2,0.0018
2022-12-10T00:00:00+03:00,NO2,0.04
2022-12-10T00:00:00+03:00,OZ,0.003
2022-12-10T00:00:00+03:00,CO,0.39
2022-12-10T00:00:00+03:00,PM2.5,0.016
2022-12-10T00:00:00+03:00,NO,0.018
2022-12-10T00:00:00+03:00,PM10,0.022
2022-12-10T00:00:00+03:00,SO2,0.002
2022-12-11T00:00:00+03:00,CO,0.16
2022-12-11T00:00:00+03:00,SO2,0.001
2022-12-11T00:00:00+03:00,PM2.5,0.005
2022-12-11T00:00:00+03:00,PM10,0.009
2022-12-11T00:00:00+03:00,OZ,0.0087
2022-12-11T00:00:00+03:00,NO,0.006
2022-12-11T00:00:00+03:00,NO2,0.029
2022-12-12T00:00:00+03:00,PM2.5,0.006
2022-12-12T00:00:00+03:00,OZ,0.0308
2022-12-12T00:00:00+03:00,PM10,0.01
2022-12-12T00:00:00+03:00,CO,0.16
2022-12-12T00:00:00+03:00,NO,0.001
2022-12-12T00:00:00+03:00,SO2,0.0008
2022-12-12T00:00:00+03:00,NO2,0.031
2022-12-13T00:00:00+03:00,NO,0.016
2022-12-13T00:00:00+03:00,OZ,0.0212
2022-12-13T00:00:00+03:00,CO,0.22
2022-12-13T00:00:00+03:00,SO2,0.0006
2022-12-13T00:00:00+03:00,PM10,0.009
2022-12-13T00:00:00+03:00,PM2.5,0.005
2022-12-13T00:00:00+03:00,NO2,0.032
2022-12-14T00:00:00+03:00,PM10,0.012
2022-12-14T00:00:00+03:00,PM2.5,0.008
2022-12-14T00:00:00+03:00,NO,0.008
2022-12-14T00:00:00+03:00,CO,0.25
2022-12-14T00:00:00+03:00,OZ,0.0308
2022-12-14T00:00:00+03:00,NO2,0.042
2022-12-14T00:00:00+03:00,SO2,0.0007
2022-12-15T00:00:00+03:00,CO,0.32
2022-12-15T00:00:00+03:00,PM2.5,0.008
2022-12-15T00:00:00+03:00,PM10,0.013
2022-12-15T00:00:00+03:00,NO,0.008
2022-12-15T00:00:00+03:00,SO2,0.0009
2022-12-15T00:00:00+03:00,OZ,0.0179
2022-12-15T00:00:00+03:00,NO2,0.052
2022-12-16T00:00:00+03:00,NO,0.01
2022-12-16T00:00:00+03:00,OZ,0.0158
2022-12-16T00:00:00+03:00,PM2.5,0.011
2022-12-16T00:00:00+03:00,CO,0.25
2022-12-16T00:00:00+03:00,NO2,0.051
2022-12-16T00:00:00+03:00,PM10,0.015
2022-12-16T00:00:00+03:00,SO2,0.0017
2022-12-17T00:00:00+03:00,NO,0.007
2022-12-17T00:00:00+03:00,NO2,0.046
2022-12-17T00:00:00+03:00,PM10,0.017
2022-12-17T00:00:00+03:00,SO2,0.0016
2022-12-17T00:00:00+03:00,PM2.5,0.012
2022-12-17T00:00:00+03:00,CO,0.3
2022-12-17T00:00:00+03:00,OZ,0.0143
2022-12-18T00:00:00+03:00,PM10,0.012
2022-12-18T00:00:00+03:00,NO,0.001
2022-12-18T00:00:00+03:00,NO2,0.024
2022-12-18T00:00:00+03:00,PM2.5,0.007
2022-12-18T00:00:00+03:00,CO,0.27
2022-12-18T00:00:00+03:00,OZ,0.0342
2022-12-18T00:00:00+03:00,SO2,0.0008
2022-12-19T00:00:00+03:00,PM2.5,0.008
2022-12-19T00:00:00+03:00,NO,0.009
2022-12-19T00:00:00+03:00,OZ,0.0143
2022-12-19T00:00:00+03:00,CO,0.25
2022-12-19T00:00:00+03:00,PM10,0.012
2022-12-19T00:00:00+03:00,SO2,0.0006
2022-12-19T00:00:00+03:00,NO2,0.059
2022-12-20T00:00:00+03:00,PM2.5,0.006
2022-12-20T00:00:00+03:00,NO2,0.064
2022-12-20T00:00:00+03:00,SO2,0.0015
2022-12-20T00:00:00+03:00,OZ,0.0157
2022-12-20T00:00:00+03:00,NO,0.019
2022-12-20T00:00:00+03:00,PM10,0.01
2022-12-20T00:00:00+03:00,CO,0.33
2022-12-21T00:00:00+03:00,OZ,0.0088
2022-12-21T00:00:00+03:00,NO2,0.062
2022-12-21T00:00:00+03:00,SO2,0.001
2022-12-21T00:00:00+03:00,PM2.5,0.015
2022-12-21T00:00:00+03:00,CO,0.52
2022-12-21T00:00:00+03:00,PM10,0.02
2022-12-21T00:00:00+03:00,NO,0.053
2022-12-22T00:00:00+03:00,PM2.5,0.007
2022-12-22T00:00:00+03:00,CO,0.45
2022-12-22T00:00:00+03:00,PM10,0.011
2022-12-22T00:00:00+03:00,NO2,0.051
2022-12-22T00:00:00+03:00,NO,0.02
2022-12-22T00:00:00+03:00,SO2,0.001
2022-12-22T00:00:00+03:00,OZ,0.0068
2022-12-23T00:00:00+03:00,SO2,0.0014
2022-12-23T00:00:00+03:00,PM2.5,0.01
2022-12-23T00:00:00+03:00,NO,0.018
2022-12-23T00:00:00+03:00,PM10,0.014
2022-12-23T00:00:00+03:00,OZ,0.0047
2022-12-23T00:00:00+03:00,NO2,0.043
2022-12-23T00:00:00+03:00,CO,0.4
2022-12-24T00:00:00+03:00,PM10,0.013
2022-12-24T00:00:00+03:00,NO2,0.04
2022-12-24T00:00:00+03:00,CO,0.45
2022-12-24T00:00:00+03:00,OZ,0.008
2022-12-24T00:00:00+03:00,PM2.5,0.009
2022-12-24T00:00:00+03:00,SO2,0.0018
2022-12-24T00:00:00+03:00,NO,0.013
2022-12-25T00:00:00+03:00,SO2,0.0007
2022-12-25T00:00:00+03:00,NO2,0.041
2022-12-25T00:00:00+03:00,NO,0.004
2022-12-25T00:00:00+03:00,CO,0.24
2022-12-25T00:00:00+03:00,OZ,0.0306
2022-12-25T00:00:00+03:00,PM10,0.009
2022-12-25T00:00:00+03:00,PM2.5,0.005
2022-12-26T00:00:00+03:00,PM2.5,0.006
2022-12-26T00:00:00+03:00,NO,0.002
2022-12-26T00:00:00+03:00,OZ,0.04
2022-12-26T00:00:00+03:00,NO2,0.039
2022-12-26T00:00:00+03:00,SO2,0.0012
2022-12-26T00:00:00+03:00,CO,0.24
2022-12-26T00:00:00+03:00,PM10,0.01
2022-12-27T00:00:00+03:00,NO2,0.03
2022-12-27T00:00:00+03:00,OZ,0.035
2022-12-27T00:00:00+03:00,PM10,0.011
2022-12-27T00:00:00+03:00,NO,0.002
2022-12-27T00:00:00+03:00,SO2,0.0015
2022-12-27T00:00:00+03:00,CO,0.23
2022-12-27T00:00:00+03:00,PM2.5,0.006
2022-12-28T00:00:00+03:00,CO,0.29
2022-12-28T00:00:00+03:00,NO,0.014
2022-12-28T00:00:00+03:00,SO2,0.0018
2022-12-28T00:00:00+03:00,OZ,0.0143
2022-12-28T00:00:00+03:00,PM10,0.008
2022-12-28T00:00:00+03:00,NO2,0.034
2022-12-28T00:00:00+03:00,PM2.5,0.006
2022-12-29T00:00:00+03:00,OZ,0.0143
2022-12-29T00:00:00+03:00,CO,0.35
2022-12-29T00:00:00+03:00,NO,0.023
2022-12-29T00:00:00+03:00,PM2.5,0.006
2022-12-29T00:00:00+03:00,PM10,0.008
2022-12-29T00:00:00+03:00,NO2,0.062
2022-12-29T00:00:00+03:00,SO2,0.0016
2022-12-30T00:00:00+03:00,NO,0.018
2022-12-30T00:00:00+03:00,OZ,0.0056
2022-12-30T00:00:00+03:00,PM2.5,0.008
2022-12-30T00:00:00+03:00,CO,0.24
2022-12-30T00:00:00+03:00,PM10,0.011
2022-12-30T00:00:00+03:00,NO2,0.045
2022-12-30T00:00:00+03:00,SO2,0.0023
2022-12-31T00:00:00+03:00,NO,0.021
2022-12-31T00:00:00+03:00,OZ,0.0068
2022-12-31T00:00:00+03:00,PM10,0.008
2022-12-31T00:00:00+03:00,CO,0.5
2022-12-31T00:00:00+03:00,SO2,0.0024
2022-12-31T00:00:00+03:00,NO2,0.043
2022-12-31T00:00:00+03:00,PM2.5,0.007
2023-01-01T00:00:00+03:00,SO2,0.0022
2023-01-01T00:00:00+03:00,PM10,0.005
2023-01-01T00:00:00+03:00,NO,0.004
2023-01-01T00:00:00+03:00,NO2,0.032
2023-01-01T00:00:00+03:00,OZ,0.022
2023-01-01T00:00:00+03:00,CO,0.28
2023-01-01T00:00:00+03:00,PM2.5,0.004
2023-01-02T00:00:00+03:00,NO,0.001
2023-01-02T00:00:00+03:00,PM10,0.003
2023-01-02T00:00:00+03:00,NO2,0.027
2023-01-02T00:00:00+03:00,OZ,0.0452
2023-01-02T00:00:00+03:00,PM2.5,0.002
2023-01-02T00:00:00+03:00,SO2,0.0018
2023-01-02T00:00:00+03:00,CO,0.09
2023-01-03T00:00:00+03:00,PM10,0.005
2023-01-03T00:00:00+03:00,NO,0.005
2023-01-03T00:00:00+03:00,NO2,0.051
2023-01-03T00:00:00+03:00,OZ,0.0274
2023-01-03T00:00:00+03:00,PM2.5,0.003
2023-01-03T00:00:00+03:00,CO,0.12
2023-01-03T00:00:00+03:00,SO2,0.0017
2023-01-04T00:00:00+03:00,SO2,0.0015
2023-01-04T00:00:00+03:00,PM10,0.009
2023-01-04T00:00:00+03:00,NO2,0.031
2023-01-04T00:00:00+03:00,PM2.5,0.005
2023-01-04T00:00:00+03:00,NO,0.002
2023-01-04T00:00:00+03:00,CO,0.2
2023-01-04T00:00:00+03:00,OZ,0.039
2023-01-05T00:00:00+03:00,PM10,0.009
2023-01-05T00:00:00+03:00,PM2.5,0.005
2023-01-05T00:00:00+03:00,SO2,0.0018
2023-01-05T00:00:00+03:00,CO,0.1
2023-01-05T00:00:00+03:00,OZ,0.0371
2023-01-05T00:00:00+03:00,NO,0.003
2023-01-05T00:00:00+03:00,NO2,0.032
2023-01-06T00:00:00+03:00,SO2,0.0052
2023-01-06T00:00:00+03:00,NO2,0.037
2023-01-06T00:00:00+03:00,OZ,0.0165
2023-01-06T00:00:00+03:00,CO,0.26
2023-01-06T00:00:00+03:00,PM2.5,0.011
2023-01-06T00:00:00+03:00,NO,0.007
2023-01-06T00:00:00+03:00,PM10,0.015
2023-01-07T00:00:00+03:00,PM10,0.016
2023-01-07T00:00:00+03:00,SO2,0.0039
2023-01-07T00:00:00+03:00,NO2,0.062
2023-01-07T00:00:00+03:00,PM2.5,0.012
2023-01-07T00:00:00+03:00,NO,0.019
2023-01-07T00:00:00+03:00,OZ,0.0157
2023-01-07T00:00:00+03:00,CO,0.16
2023-01-08T00:00:00+03:00,OZ,0.0074
2023-01-08T00:00:00+03:00,CO,0.53
2023-01-08T00:00:00+03:00,PM10,0.017
2023-01-08T00:00:00+03:00,PM2.5,0.012
2023-01-08T00:00:00+03:00,NO2,0.096
2023-01-08T00:00:00+03:00,NO,0.05
2023-01-08T00:00:00+03:00,SO2,0.0028
2023-01-09T00:00:00+03:00,CO,0.26
2023-01-09T00:00:00+03:00,NO2,0.058
2023-01-09T00:00:00+03:00,NO,0.009
2023-01-09T00:00:00+03:00,PM10,0.018
2023-01-09T00:00:00+03:00,SO2,0.0047
2023-01-09T00:00:00+03:00,PM2.5,0.013
2023-01-09T00:00:00+03:00,OZ,0.025
2023-01-10T00:00:00+03:00,PM10,0.013
2023-01-10T00:00:00+03:00,PM2.5,0.008
2023-01-10T00:00:00+03:00,SO2,0.0041
2023-01-10T00:00:00+03:00,NO,0.001
2023-01-10T00:00:00+03:00,CO,0.15
2023-01-10T00:00:00+03:00,NO2,0.039
2023-01-10T00:00:00+03:00,OZ,0.0384
2023-01-11T00:00:00+03:00,OZ,0.0394
2023-01-11T00:00:00+03:00,NO2,0.038
2023-01-11T00:00:00+03:00,SO2,0.0032
2023-01-11T00:00:00+03:00,PM2.5,0.006
2023-01-11T00:00:00+03:00,NO,0.002
2023-01-11T00:00:00+03:00,PM10,0.011
2023-01-11T00:00:00+03:00,CO,0.12
2023-01-12T00:00:00+03:00,SO2,0.0019
2023-01-12T00:00:00+03:00,NO2,0.033
2023-01-12T00:00:00+03:00,PM2.5,0.007
2023-01-12T00:00:00+03:00,NO,0.002
2023-01-12T00:00:00+03:00,OZ,0.0392
2023-01-12T00:00:00+03:00,CO,0.2
2023-01-12T00:00:00+03:00,PM10,0.013
2023-01-13T00:00:00+03:00,PM2.5,0.008
2023-01-13T00:00:00+03:00,NO,0.003
2023-01-13T00:00:00+03:00,CO,0.08
2023-01-13T00:00:00+03:00,OZ,0.0286
2023-01-13T00:00:00+03:00,SO2,0.0012
2023-01-13T00:00:00+03:00,PM10,0.013
2023-01-13T00:00:00+03:00,NO2,0.04
2023-01-14T00:00:00+03:00,NO2,0.037
2023-01-14T00:00:00+03:00,PM10,0.018
2023-01-14T00:00:00+03:00,NO,0.002
2023-01-14T00:00:00+03:00,CO,0.15
2023-01-14T00:00:00+03:00,SO2,0.0009
2023-01-14T00:00:00+03:00,OZ,0.029
2023-01-14T00:00:00+03:00,PM2.5,0.01
2023-01-15T00:00:00+03:00,SO2,0.0011
2023-01-15T00:00:00+03:00,PM10,0.018
2023-01-15T00:00:00+03:00,PM2.5,0.011
2023-01-15T00:00:00+03:00,CO,0.08
2023-01-15T00:00:00+03:00,OZ,0.0359
2023-01-15T00:00:00+03:00,NO2,0.031
2023-01-15T00:00:00+03:00,NO,0.001
2023-01-16T00:00:00+03:00,CO,0.14
2023-01-16T00:00:00+03:00,PM2.5,0.013
2023-01-16T00:00:00+03:00,PM10,0.023
2023-01-16T00:00:00+03:00,SO2,0.0011
2023-01-16T00:00:00+03:00,OZ,0.0373
2023-01-16T00:00:00+03:00,NO2,0.031
2023-01-16T00:00:00+03:00,NO,0.001
2023-01-17T00:00:00+03:00,PM10,0.016
2023-01-17T00:00:00+03:00,PM2.5,0.011
2023-01-17T00:00:00+03:00,NO2,0.036
2023-01-17T00:00:00+03:00,NO,0.002
2023-01-17T00:00:00+03:00,CO,0.18
2023-01-17T00:00:00+03:00,SO2,0.0022
2023-01-17T00:00:00+03:00,OZ,0.0311
2023-01-18T00:00:00+03:00,PM2.5,0.014
2023-01-18T00:00:00+03:00,PM10,0.02
2023-01-18T00:00:00+03:00,OZ,0.055
2023-01-18T00:00:00+03:00,CO,0.23
2023-01-18T00:00:00+03:00,NO,0.001
2023-01-18T00:00:00+03:00,NO2,0.022
2023-01-18T00:00:00+03:00,SO2,0.0031
2023-01-19T00:00:00+03:00,NO,0.001
2023-01-19T00:00:00+03:00,SO2,0.002
2023-01-19T00:00:00+03:00,PM2.5,0.014
2023-01-19T00:00:00+03:00,NO2,0.029
2023-01-19T00:00:00+03:00,OZ,0.0396
2023-01-19T00:00:00+03:00,CO,0.03
2023-01-19T00:00:00+03:00,PM10,0.021
2023-01-20T00:00:00+03:00,NO,0.001
2023-01-20T00:00:00+03:00,OZ,0.0352
2023-01-20T00:00:00+03:00,PM2.5,0.017
2023-01-20T00:00:00+03:00,SO2,0.0032
2023-01-20T00:00:00+03:00,PM10,0.023
2023-01-20T00:00:00+03:00,NO2,0.041
2023-01-20T00:00:00+03:00,CO,0.12
2023-01-21T00:00:00+03:00,SO2,0.005
2023-01-21T00:00:00+03:00,NO2,0.033
2023-01-21T00:00:00+03:00,CO,0.22
2023-01-21T00:00:00+03:00,PM2.5,0.008
2023-01-21T00:00:00+03:00,OZ,0.0482
2023-01-21T00:00:00+03:00,NO,0.001
2023-01-21T00:00:00+03:00,PM10,0.015
2023-01-22T00:00:00+03:00,NO,0.004
2023-01-22T00:00:00+03:00,PM2.5,0.013
2023-01-22T00:00:00+03:00,PM10,0.02
2023-01-22T00:00:00+03:00,NO2,0.045
2023-01-22T00:00:00+03:00,OZ,0.0272
2023-01-22T00:00:00+03:00,CO,0.23
2023-01-22T00:00:00+03:00,SO2,0.0027
2023-01-23T00:00:00+03:00,PM10,0.018
2023-01-23T00:00:00+03:00,CO,0.35
2023-01-23T00:00:00+03:00,NO,0.003
2023-01-23T00:00:00+03:00,SO2,0.0024
2023-01-23T00:00:00+03:00,OZ,0.024
2023-01-23T00:00:00+03:00,PM2.5,0.013
2023-01-23T00:00:00+03:00,NO2,0.048
2023-01-24T00:00:00+03:00,CO,0.28
2023-01-24T00:00:00+03:00,OZ,0.0088
2023-01-24T00:00:00+03:00,PM2.5,0.008
2023-01-24T00:00:00+03:00,NO2,0.071
2023-01-24T00:00:00+03:00,SO2,0.0028
2023-01-24T00:00:00+03:00,NO,0.02
2023-01-24T00:00:00+03:00,PM10,0.014
2023-01-25T00:00:00+03:00,SO2,0.0022
2023-01-25T00:00:00+03:00,NO2,0.056
2023-01-25T00:00:00+03:00,OZ,0.0142
2023-01-25T00:00:00+03:00,CO,0.29
2023-01-25T00:00:00+03:00,NO,0.009
2023-01-25T00:00:00+03:00,PM10,0.019
2023-01-25T00:00:00+03:00,PM2.5,0.008
2023-01-26T00:00:00+03:00,PM2.5,0.007
2023-01-26T00:00:00+03:00,NO,0.008
2023-01-26T00:00:00+03:00,CO,0.22
2023-01-26T00:00:00+03:00,PM10,0.011
2023-01-26T00:00:00+03:00,NO2,0.049
2023-01-26T00:00:00+03:00,OZ,0.0167
2023-01-26T00:00:00+03:00,SO2,0.0014
2023-01-27T00:00:00+03:00,NO,0.016
2023-01-27T00:00:00+03:00,NO2,0.056
2023-01-27T00:00:00+03:00,CO,0.22
2023-01-27T00:00:00+03:00,PM10,0.011
2023-01-27T00:00:00+03:00,PM2.5,0.007
2023-01-27T00:00:00+03:00,SO2,0.001
2023-01-27T00:00:00+03:00,OZ,0.0158
2023-01-28T00:00:00+03:00,SO2,0.0012
2023-01-28T00:00:00+03:00,CO,0.29
2023-01-28T00:00:00+03:00,PM10,0.013
2023-01-28T00:00:00+03:00,NO,0.01
2023-01-28T00:00:00+03:00,NO2,0.045
2023-01-28T00:00:00+03:00,OZ,0.0279
2023-01-28T00:00:00+03:00,PM2.5,0.008
2023-01-29T00:00:00+03:00,OZ,0.0137
2023-01-29T00:00:00+03:00,SO2,0.0012
2023-01-29T00:00:00+03:00,CO,0.28
2023-01-29T00:00:00+03:00,NO,0.014
2023-01-29T00:00:00+03:00,NO2,0.064
2023-01-29T00:00:00+03:00,PM2.5,0.006
2023-01-29T00:00:00+03:00,PM10,0.01
2023-01-30T00:00:00+03:00,PM10,0.01
2023-01-30T00:00:00+03:00,OZ,0.0222
2023-01-30T00:00:00+03:00,CO,0.26
2023-01-30T00:00:00+03:00,PM2.5,0.006
2023-01-30T00:00:00+03:00,SO2,0.0016
2023-01-30T00:00:00+03:00,NO2,0.047
2023-01-30T00:00:00+03:00,NO,0.006
2023-01-31T00:00:00+03:00,OZ,0.0204
2023-01-31T00:00:00+03:00,PM2.5,0.009
2023-01-31T00:00:00+03:00,PM10,0.013
2023-01-31T00:00:00+03:00,CO,0.32
2023-01-31T00:00:00+03:00,NO2,0.051
2023-01-31T00:00:00+03:00,NO,0.007
2023-01-31T00:00:00+03:00,SO2,0.0021
2023-02-01T00:00:00+03:00,PM2.5,0.012
2023-02-01T00:00:00+03:00,CO,0.24
2023-02-01T00:00:00+03:00,NO,0.005
2023-02-01T00:00:00+03:00,OZ,0.0168
2023-02-01T00:00:00+03:00,NO2,0.045
2023-02-01T00:00:00+03:00,SO2,0.0017
2023-02-01T00:00:00+03:00,PM10,0.017
2023-02-02T00:00:00+03:00,SO2,0.0019
2023-02-02T00:00:00+03:00,PM10,0.017
2023-02-02T00:00:00+03:00,NO,0.002
2023-02-02T00:00:00+03:00,NO2,0.035
2023-02-02T00:00:00+03:00,PM2.5,0.012
2023-02-02T00:00:00+03:00,CO,0.23
2023-02-02T00:00:00+03:00,OZ,0.0297
2023-02-03T00:00:00+03:00,OZ,0.0164
2023-02-03T00:00:00+03:00,SO2,0.0021
2023-02-03T00:00:00+03:00,PM2.5,0.013
2023-02-03T00:00:00+03:00,NO,0.008
2023-02-03T00:00:00+03:00,CO,0.25
2023-02-03T00:00:00+03:00,PM10,0.018
2023-02-03T00:00:00+03:00,NO2,0.046
2023-02-04T00:00:00+03:00,NO,0.021
2023-02-04T00:00:00+03:00,SO2,0.0019
2023-02-04T00:00:00+03:00,PM2.5,0.01
2023-02-04T00:00:00+03:00,OZ,0.0122
2023-02-04T00:00:00+03:00,CO,0.27
2023-02-04T00:00:00+03:00,PM10,0.015
2023-02-04T00:00:00+03:00,NO2,0.05
2023-02-05T00:00:00+03:00,CO,0.18
2023-02-05T00:00:00+03:00,NO,0.005
2023-02-05T00:00:00+03:00,OZ,0.0187
2023-02-05T00:00:00+03:00,PM10,0.011
2023-02-05T00:00:00+03:00,NO2,0.032
2023-02-05T00:00:00+03:00,PM2.5,0.007
2023-02-05T00:00:00+03:00,SO2,0.0019
2023-02-06T00:00:00+03:00,PM2.5,0.009
2023-02-06T00:00:00+03:00,PM10,0.013
2023-02-06T00:00:00+03:00,NO2,0.047
2023-02-06T00:00:00+03:00,OZ,0.027
2023-02-06T00:00:00+03:00,NO,0.016
2023-02-06T00:00:00+03:00,SO2,0.0017
2023-02-06T00:00:00+03:00,CO,0.14
2023-02-07T00:00:00+03:00,SO2,0.0025
2023-02-07T00:00:00+03:00,CO,0.5
2023-02-07T00:00:00+03:00,PM2.5,0.012
2023-02-07T00:00:00+03:00,OZ,0.0056
2023-02-07T00:00:00+03:00,NO,0.037
2023-02-07T00:00:00+03:00,PM10,0.018
2023-02-07T00:00:00+03:00,NO2,0.073
2023-02-08T00:00:00+03:00,OZ,0.025
2023-02-08T00:00:00+03:00,NO2,0.06
2023-02-08T00:00:00+03:00,CO,0.27
2023-02-08T00:00:00+03:00,NO,0.01
2023-02-08T00:00:00+03:00,PM2.5,0.007
2023-02-08T00:00:00+03:00,PM10,0.012
2023-02-08T00:00:00+03:00,SO2,0.0016
2023-02-09T00:00:00+03:00,CO,0.29
2023-02-09T00:00:00+03:00,PM10,0.012
2023-02-09T00:00:00+03:00,SO2,0.0017
2023-02-09T00:00:00+03:00,NO,0.022
2023-02-09T00:00:00+03:00,NO2,0.064
2023-02-09T00:00:00+03:00,PM2.5,0.007
2023-02-09T00:00:00+03:00,OZ,0.0178
2023-02-10T00:00:00+03:00,PM2.5,0.009
2023-02-10T00:00:00+03:00,CO,0.21
2023-02-10T00:00:00+03:00,NO2,0.044
2023-02-10T00:00:00+03:00,PM10,0.014
2023-02-10T00:00:00+03:00,SO2,0.0034
2023-02-10T00:00:00+03:00,OZ,0.0507
2023-02-10T00:00:00+03:00,NO,0.005
2023-02-11T00:00:00+03:00,OZ,0.052
2023-02-11T00:00:00+03:00,PM2.5,0.008
2023-02-11T00:00:00+03:00,NO,0.003
2023-02-11T00:00:00+03:00,NO2,0.038
2023-02-11T00:00:00+03:00,SO2,0.0018
2023-02-11T00:00:00+03:00,PM10,0.013
2023-02-11T00:00:00+03:00,CO,0.23
2023-02-12T00:00:00+03:00,PM2.5,0.006
2023-02-12T00:00:00+03:00,PM10,0.009
2023-02-12T00:00:00+03:00,CO,0.22
2023-02-12T00:00:00+03:00,SO2,0.0014
2023-02-12T00:00:00+03:00,OZ,0.0608
2023-02-12T00:00:00+03:00,NO2,0.026
2023-02-12T00:00:00+03:00,NO,0.001
2023-02-13T00:00:00+03:00,NO2,0.085
2023-02-13T00:00:00+03:00,OZ,0.0118
2023-02-13T00:00:00+03:00,NO,0.018
2023-02-13T00:00:00+03:00,PM10,0.01
2023-02-13T00:00:00+03:00,PM2.5,0.005
2023-02-13T00:00:00+03:00,CO,0.28
2023-02-13T00:00:00+03:00,SO2,0.0012
2023-02-14T00:00:00+03:00,PM10,0.008
2023-02-14T00:00:00+03:00,NO2,0.024
2023-02-14T00:00:00+03:00,CO,0.13
2023-02-14T00:00:00+03:00,PM2.5,0.004
2023-02-14T00:00:00+03:00,SO2,0.0013
2023-02-14T00:00:00+03:00,NO,0.002
2023-02-14T00:00:00+03:00,OZ,0.0633
2023-02-15T00:00:00+03:00,CO,0.24
2023-02-15T00:00:00+03:00,PM10,0.008
2023-02-15T00:00:00+03:00,OZ,0.0726
2023-02-15T00:00:00+03:00,PM2.5,0.004
2023-02-15T00:00:00+03:00,NO2,0.013
2023-02-15T00:00:00+03:00,SO2,0.0009
2023-02-15T00:00:00+03:00,NO,0.001
2023-02-16T00:00:00+03:00,OZ,0.0558
2023-02-16T00:00:00+03:00,PM10,0.01
2023-02-16T00:00:00+03:00,SO2,0.0008
2023-02-16T00:00:00+03:00,CO,0.27
2023-02-16T00:00:00+03:00,PM2.5,0.006
2023-02-16T00:00:00+03:00,NO2,0.028
2023-02-16T00:00:00+03:00,NO,0.004
2023-02-17T00:00:00+03:00,NO,0.011
2023-02-17T00:00:00+03:00,OZ,0.0268
2023-02-17T00:00:00+03:00,PM10,0.018
2023-02-17T00:00:00+03:00,CO,0.31
2023-02-17T00:00:00+03:00,PM2.5,0.013
2023-02-17T00:00:00+03:00,NO2,0.066
2023-02-17T00:00:00+03:00,SO2,0.0011
2023-02-18T00:00:00+03:00,PM10,0.015
2023-02-18T00:00:00+03:00,NO2,0.039
2023-02-18T00:00:00+03:00,SO2,0.0012
2023-02-18T00:00:00+03:00,CO,0.21
2023-02-18T00:00:00+03:00,OZ,0.0577
2023-02-18T00:00:00+03:00,NO,0.001
2023-02-18T00:00:00+03:00,PM2.5,0.011
2023-02-19T00:00:00+03:00,PM2.5,0.01
2023-02-19T00:00:00+03:00,NO2,0.022
2023-02-19T00:00:00+03:00,SO2,0.0016
2023-02-19T00:00:00+03:00,CO,0.19
2023-02-19T00:00:00+03:00,OZ,0.0756
2023-02-19T00:00:00+03:00,PM10,0.014
2023-02-19T00:00:00+03:00,NO,0.001
2023-02-20T00:00:00+03:00,PM10,0.02
2023-02-20T00:00:00+03:00,CO,0.3
2023-02-20T00:00:00+03:00,SO2,0.0021
2023-02-20T00:00:00+03:00,PM2.5,0.016
2023-02-20T00:00:00+03:00,NO2,0.039
2023-02-20T00:00:00+03:00,OZ,0.0593
2023-02-20T00:00:00+03:00,NO,0.007
2023-02-21T00:00:00+03:00,CO,0.22
2023-02-21T00:00:00+03:00,NO2,0.061
2023-02-21T00:00:00+03:00,NO,0.009
2023-02-21T00:00:00+03:00,PM10,0.026
2023-02-21T00:00:00+03:00,SO2,0.0037
2023-02-21T00:00:00+03:00,OZ,0.0449
2023-02-21T00:00:00+03:00,PM2.5,0.021
2023-02-22T00:00:00+03:00,SO2,0.0052
2023-02-22T00:00:00+03:00,PM2.5,0.02
2023-02-22T00:00:00+03:00,PM10,0.025
2023-02-22T00:00:00+03:00,NO,0.004
2023-02-22T00:00:00+03:00,OZ,0.0559
2023-02-22T00:00:00+03:00,NO2,0.04
2023-02-22T00:00:00+03:00,CO,0.21
2023-02-23T00:00:00+03:00,CO,0.23
2023-02-23T00:00:00+03:00,OZ,0.0547
2023-02-23T00:00:00+03:00,PM2.5,0.011
2023-02-23T00:00:00+03:00,SO2,0.0022
2023-02-23T00:00:00+03:00,PM10,0.016
2023-02-23T00:00:00+03:00,NO,0.005
2023-02-23T00:00:00+03:00,NO2,0.05
2023-02-24T00:00:00+03:00,PM10,0.017
2023-02-24T00:00:00+03:00,CO,0.29
2023-02-24T00:00:00+03:00,SO2,0.0047
2023-02-24T00:00:00+03:00,NO,0.007
2023-02-24T00:00:00+03:00,PM2.5,0.012
2023-02-24T00:00:00+03:00,OZ,0.0317
2023-02-24T00:00:00+03:00,NO2,0.072
2023-02-25T00:00:00+03:00,NO2,0.054
2023-02-25T00:00:00+03:00,PM10,0.015
2023-02-25T00:00:00+03:00,OZ,0.0274
2023-02-25T00:00:00+03:00,NO,0.008
2023-02-25T00:00:00+03:00,SO2,0.0019
2023-02-25T00:00:00+03:00,CO,0.39
2023-02-25T00:00:00+03:00,PM2.5,0.011
2023-02-26T00:00:00+03:00,NO2,0.028
2023-02-26T00:00:00+03:00,CO,0.31
2023-02-26T00:00:00+03:00,OZ,0.0529
2023-02-26T00:00:00+03:00,PM10,0.01
2023-02-26T00:00:00+03:00,NO,0.004
2023-02-26T00:00:00+03:00,SO2,0.0019
2023-02-26T00:00:00+03:00,PM2.5,0.006
2023-02-27T00:00:00+03:00,PM2.5,0.008
2023-02-27T00:00:00+03:00,SO2,0.0007
2023-02-27T00:00:00+03:00,CO,0.22
2023-02-27T00:00:00+03:00,NO2,0.031
2023-02-27T00:00:00+03:00,OZ,0.0525
2023-02-27T00:00:00+03:00,PM10,0.012
2023-02-27T00:00:00+03:00,NO,0.003
2023-02-28T00:00:00+03:00,PM2.5,0.005
2023-02-28T00:00:00+03:00,SO2,0.0006
2023-02-28T00:00:00+03:00,PM10,0.008
2023-02-28T00:00:00+03:00,NO,0.003
2023-02-28T00:00:00+03:00,NO2,0.05
2023-02-28T00:00:00+03:00,OZ,0.0481
2023-02-28T00:00:00+03:00,CO,0.21
2023-03-01T00:00:00+03:00,CO,0.13
2023-03-01T00:00:00+03:00,NO2,0.036
2023-03-01T00:00:00+03:00,SO2,0.0006
2023-03-01T00:00:00+03:00,PM10,0.008
2023-03-01T00:00:00+03:00,OZ,0.0656
2023-03-01T00:00:00+03:00,NO,0.004
2023-03-01T00:00:00+03:00,PM2.5,0.004
2023-03-02T00:00:00+03:00,OZ,0.0562
2023-03-02T00:00:00+03:00,SO2,0.0005
2023-03-02T00:00:00+03:00,PM10,0.008
2023-03-02T00:00:00+03:00,PM2.5,0.004
2023-03-02T00:00:00+03:00,NO2,0.041
2023-03-02T00:00:00+03:00,NO,0.003
2023-03-02T00:00:00+03:00,CO,0.12
2023-03-03T00:00:00+03:00,NO2,0.056
2023-03-03T00:00:00+03:00,PM10,0.009
2023-03-03T00:00:00+03:00,OZ,0.0434
2023-03-03T00:00:00+03:00,PM2.5,0.005
2023-03-03T00:00:00+03:00,NO,0.004
2023-03-03T00:00:00+03:00,SO2,0.0007
2023-03-03T00:00:00+03:00,CO,0.16
2023-03-04T00:00:00+03:00,CO,0.26
2023-03-04T00:00:00+03:00,NO2,0.06
2023-03-04T00:00:00+03:00,NO,0.006
2023-03-04T00:00:00+03:00,PM2.5,0.005
2023-03-04T00:00:00+03:00,SO2,0.001
2023-03-04T00:00:00+03:00,PM10,0.009
2023-03-04T00:00:00+03:00,OZ,0.0349
2023-03-05T00:00:00+03:00,CO,0.32
2023-03-05T00:00:00+03:00,OZ,0.0502
2023-03-05T00:00:00+03:00,SO2,0.0007
2023-03-05T00:00:00+03:00,NO2,0.041
2023-03-05T00:00:00+03:00,PM10,0.009
2023-03-05T00:00:00+03:00,PM2.5,0.005
2023-03-05T00:00:00+03:00,NO,0.005
2023-03-06T00:00:00+03:00,NO,0.014
2023-03-06T00:00:00+03:00,CO,0.32
2023-03-06T00:00:00+03:00,OZ,0.022
2023-03-06T00:00:00+03:00,NO2,0.073
2023-03-06T00:00:00+03:00,PM2.5,0.006
2023-03-06T00:00:00+03:00,SO2,0.0008
2023-03-06T00:00:00+03:00,PM10,0.01
2023-03-07T00:00:00+03:00,PM10,0.011
2023-03-07T00:00:00+03:00,CO,0.16
2023-03-07T00:00:00+03:00,NO,0.007
2023-03-07T00:00:00+03:00,PM2.5,0.007
2023-03-07T00:00:00+03:00,OZ,0.0461
2023-03-07T00:00:00+03:00,NO2,0.052
2023-03-07T00:00:00+03:00,SO2,0.0011
2023-03-08T00:00:00+03:00,CO,0.26
2023-03-08T00:00:00+03:00,NO2,0.05
2023-03-08T00:00:00+03:00,SO2,0.0013
2023-03-08T00:00:00+03:00,PM10,0.013
2023-03-08T00:00:00+03:00,PM2.5,0.008
2023-03-08T00:00:00+03:00,NO,0.017
2023-03-08T00:00:00+03:00,OZ,0.0456
2023-03-09T00:00:00+03:00,CO,0.3
2023-03-09T00:00:00+03:00,PM10,0.009
2023-03-09T00:00:00+03:00,SO2,0.0011
2023-03-09T00:00:00+03:00,PM2.5,0.005
2023-03-09T00:00:00+03:00,NO2,0.057
2023-03-09T00:00:00+03:00,OZ,0.0485
2023-03-09T00:00:00+03:00,NO,0.013
2023-03-10T00:00:00+03:00,NO,0.024
2023-03-10T00:00:00+03:00,OZ,0.0361
2023-03-10T00:00:00+03:00,NO2,0.06
2023-03-10T00:00:00+03:00,CO,0.25
2023-03-10T00:00:00+03:00,SO2,0.0004
2023-03-10T00:00:00+03:00,PM10,0.012
2023-03-10T00:00:00+03:00,PM2.5,0.008
2023-03-11T00:00:00+03:00,PM2.5,0.01
2023-03-11T00:00:00+03:00,CO,0.34
2023-03-11T00:00:00+03:00,NO,0.011
2023-03-11T00:00:00+03:00,PM10,0.015
2023-03-11T00:00:00+03:00,NO2,0.046
2023-03-11T00:00:00+03:00,SO2,0.0006
2023-03-11T00:00:00+03:00,OZ,0.0494
2023-03-12T00:00:00+03:00,SO2,0.0004
2023-03-12T00:00:00+03:00,NO,0.002
2023-03-12T00:00:00+03:00,PM10,0.008
2023-03-12T00:00:00+03:00,PM2.5,0.004
2023-03-12T00:00:00+03:00,CO,0.09
2023-03-12T00:00:00+03:00,OZ,0.0599
2023-03-12T00:00:00+03:00,NO2,0.026
2023-03-13T00:00:00+03:00,CO,0.23
2023-03-13T00:00:00+03:00,SO2,0.0005
2023-03-13T00:00:00+03:00,NO2,0.049
2023-03-13T00:00:00+03:00,NO,0.007
2023-03-13T00:00:00+03:00,PM2.5,0.006
2023-03-13T00:00:00+03:00,PM10,0.011
2023-03-13T00:00:00+03:00,OZ,0.0568
2023-03-14T00:00:00+03:00,OZ,0.0534
2023-03-14T00:00:00+03:00,PM2.5,0.007
2023-03-14T00:00:00+03:00,NO,0.004
2023-03-14T00:00:00+03:00,CO,0.33
2023-03-14T00:00:00+03:00,SO2,0.002
2023-03-14T00:00:00+03:00,PM10,0.013
2023-03-14T00:00:00+03:00,NO2,0.051
2023-03-15T00:00:00+03:00,PM10,0.014
2023-03-15T00:00:00+03:00,NO2,0.031
2023-03-15T00:00:00+03:00,OZ,0.069
2023-03-15T00:00:00+03:00,NO,0.002
2023-03-15T00:00:00+03:00,SO2,0.0025
2023-03-15T00:00:00+03:00,PM2.5,0.008
2023-03-15T00:00:00+03:00,CO,0.24
2023-03-16T00:00:00+03:00,PM10,0.017
2023-03-16T00:00:00+03:00,NO2,0.061
2023-03-16T00:00:00+03:00,CO,0.43
2023-03-16T00:00:00+03:00,NO,0.022
2023-03-16T00:00:00+03:00,PM2.5,0.012
2023-03-16T00:00:00+03:00,SO2,0.0014
2023-03-16T00:00:00+03:00,OZ,0.02
2023-03-17T00:00:00+03:00,SO2,0.0011
2023-03-17T00:00:00+03:00,NO,0.002
2023-03-17T00:00:00+03:00,PM10,0.009
2023-03-17T00:00:00+03:00,CO,0.2
2023-03-17T00:00:00+03:00,OZ,0.0744
2023-03-17T00:00:00+03:00,PM2.5,0.005
2023-03-17T00:00:00+03:00,NO2,0.021
2023-03-18T00:00:00+03:00,SO2,0.0032
2023-03-18T00:00:00+03:00,NO2,0.031
2023-03-18T00:00:00+03:00,PM10,0.013
2023-03-18T00:00:00+03:00,PM2.5,0.007
2023-03-18T00:00:00+03:00,NO,0.002
2023-03-18T00:00:00+03:00,CO,0.23
2023-03-18T00:00:00+03:00,OZ,0.07
2023-03-19T00:00:00+03:00,PM10,0.016
2023-03-19T00:00:00+03:00,SO2,0.0017
2023-03-19T00:00:00+03:00,OZ,0.0557
2023-03-19T00:00:00+03:00,PM2.5,0.008
2023-03-19T00:00:00+03:00,NO,0.01
2023-03-19T00:00:00+03:00,CO,0.2
2023-03-19T00:00:00+03:00,NO2,0.047
2023-03-20T00:00:00+03:00,SO2,0.0045
2023-03-20T00:00:00+03:00,NO,0.069
2023-03-20T00:00:00+03:00,OZ,0.0145
2023-03-20T00:00:00+03:00,CO,0.73
2023-03-20T00:00:00+03:00,NO2,0.104
2023-03-20T00:00:00+03:00,PM2.5,0.018
2023-03-20T00:00:00+03:00,PM10,0.029
2023-03-21T00:00:00+03:00,SO2,0.0029
2023-03-21T00:00:00+03:00,NO2,0.084
2023-03-21T00:00:00+03:00,CO,0.34
2023-03-21T00:00:00+03:00,PM2.5,0.009
2023-03-21T00:00:00+03:00,PM10,0.02
2023-03-21T00:00:00+03:00,OZ,0.0296
2023-03-21T00:00:00+03:00,NO,0.025
2023-03-22T00:00:00+03:00,CO,0.2
2023-03-22T00:00:00+03:00,PM10,0.012
2023-03-22T00:00:00+03:00,NO2,0.051
2023-03-22T00:00:00+03:00,OZ,0.0281
2023-03-22T00:00:00+03:00,SO2,0.0011
2023-03-22T00:00:00+03:00,NO,0.014
2023-03-22T00:00:00+03:00,PM2.5,0.006
2023-03-23T00:00:00+03:00,NO,0.006
2023-03-23T00:00:00+03:00,PM2.5,0.007
2023-03-23T00:00:00+03:00,OZ,0.0445
2023-03-23T00:00:00+03:00,CO,0.32
2023-03-23T00:00:00+03:00,PM10,0.016
2023-03-23T00:00:00+03:00,NO2,0.058
2023-03-23T00:00:00+03:00,SO2,0.0055
2023-03-24T00:00:00+03:00,CO,0.39
2023-03-24T00:00:00+03:00,PM10,0.016
2023-03-24T00:00:00+03:00,SO2,0.0051
2023-03-24T00:00:00+03:00,NO2,0.066
2023-03-24T00:00:00+03:00,OZ,0.0351
2023-03-24T00:00:00+03:00,NO,0.01
2023-03-24T00:00:00+03:00,PM2.5,0.01
2023-03-25T00:00:00+03:00,NO2,0.068
2023-03-25T00:00:00+03:00,PM2.5,0.01
2023-03-25T00:00:00+03:00,OZ,0.0193
2023-03-25T00:00:00+03:00,CO,0.31
2023-03-25T00:00:00+03:00,NO,0.014
2023-03-25T00:00:00+03:00,SO2,0.0022
2023-03-25T00:00:00+03:00,PM10,0.016
2023-03-26T00:00:00+03:00,PM10,0.014
2023-03-26T00:00:00+03:00,NO2,0.051
2023-03-26T00:00:00+03:00,NO,0.022
2023-03-26T00:00:00+03:00,CO,0.48
2023-03-26T00:00:00+03:00,OZ,0.0117
2023-03-26T00:00:00+03:00,SO2,0.001
2023-03-26T00:00:00+03:00,PM2.5,0.01
2023-03-27T00:00:00+03:00,PM2.5,0.006
2023-03-27T00:00:00+03:00,PM10,0.012
2023-03-27T00:00:00+03:00,NO,0.012
2023-03-27T00:00:00+03:00,CO,0.33
2023-03-27T00:00:00+03:00,OZ,0.031
2023-03-27T00:00:00+03:00,NO2,0.064
2023-03-27T00:00:00+03:00,SO2,0.0015
2023-03-28T00:00:00+03:00,NO,0.029
2023-03-28T00:00:00+03:00,PM10,0.014
2023-03-28T00:00:00+03:00,NO2,0.043
2023-03-28T00:00:00+03:00,PM2.5,0.007
2023-03-28T00:00:00+03:00,CO,0.31
2023-03-28T00:00:00+03:00,SO2,0.0017
2023-03-28T00:00:00+03:00,OZ,0.0346
2023-03-29T00:00:00+03:00,NO2,0.02
2023-03-29T00:00:00+03:00,SO2,0.001
2023-03-29T00:00:00+03:00,NO,0.001
2023-03-29T00:00:00+03:00,OZ,0.0683
2023-03-29T00:00:00+03:00,PM2.5,0.006
2023-03-29T00:00:00+03:00,CO,0.19
2023-03-29T00:00:00+03:00,PM10,0.012
2023-03-30T00:00:00+03:00,NO,0.007
2023-03-30T00:00:00+03:00,PM10,0.012
2023-03-30T00:00:00+03:00,NO2,0.047
2023-03-30T00:00:00+03:00,PM2.5,0.006
2023-03-30T00:00:00+03:00,OZ,0.031
2023-03-30T00:00:00+03:00,CO,0.27
2023-03-30T00:00:00+03:00,SO2,0.001
2023-03-31T00:00:00+03:00,PM2.5,0.006
2023-03-31T00:00:00+03:00,SO2,0.0008
2023-03-31T00:00:00+03:00,NO2,0.028
2023-03-31T00:00:00+03:00,OZ,0.0416
2023-03-31T00:00:00+03:00,CO,0.22
2023-03-31T00:00:00+03:00,NO,0.004
2023-03-31T00:00:00+03:00,PM10,0.01
2023-04-01T00:00:00+03:00,PM10,0.018
2023-04-01T00:00:00+03:00,SO2,0.0035
2023-04-01T00:00:00+03:00,NO,0.033
2023-04-01T00:00:00+03:00,CO,0.33
2023-04-01T00:00:00+03:00,PM2.5,0.012
2023-04-01T00:00:00+03:00,NO2,0.048
2023-04-01T00:00:00+03:00,OZ,0.026
2023-04-02T00:00:00+03:00,PM2.5,0.011
2023-04-02T00:00:00+03:00,CO,0.27
2023-04-02T00:00:00+03:00,SO2,0.0018
2023-04-02T00:00:00+03:00,PM10,0.019
2023-04-02T00:00:00+03:00,NO,0.001
2023-04-02T00:00:00+03:00,NO2,0.031
2023-04-02T00:00:00+03:00,OZ,0.0543
2023-04-03T00:00:00+03:00,OZ,0.0421
2023-04-03T00:00:00+03:00,NO2,0.056
2023-04-03T00:00:00+03:00,NO,0.009
2023-04-03T00:00:00+03:00,CO,0.19
2023-04-03T00:00:00+03:00,SO2,0.0034
2023-04-03T00:00:00+03:00,PM10,0.027
2023-04-03T00:00:00+03:00,PM2.5,0.014
2023-04-04T00:00:00+03:00,SO2,0.0036
2023-04-04T00:00:00+03:00,PM2.5,0.012
2023-04-04T00:00:00+03:00,PM10,0.023
2023-04-04T00:00:00+03:00,CO,0.32
2023-04-04T00:00:00+03:00,NO,0.005
2023-04-04T00:00:00+03:00,NO2,0.049
2023-04-04T00:00:00+03:00,OZ,0.045
2023-04-05T00:00:00+03:00,SO2,0.004
2023-04-05T00:00:00+03:00,PM10,0.024
2023-04-05T00:00:00+03:00,NO,0.007
2023-04-05T00:00:00+03:00,PM2.5,0.012
2023-04-05T00:00:00+03:00,OZ,0.0315
2023-04-05T00:00:00+03:00,NO2,0.036
2023-04-05T00:00:00+03:00,CO,0.26
2023-04-06T00:00:00+03:00,CO,0.23
2023-04-06T00:00:00+03:00,SO2,0.0022
2023-04-06T00:00:00+03:00,NO,0.003
2023-04-06T00:00:00+03:00,OZ,0.0681
2023-04-06T00:00:00+03:00,PM10,0.016
2023-04-06T00:00:00+03:00,NO2,0.015
2023-04-06T00:00:00+03:00,PM2.5,0.007
2023-04-07T00:00:00+03:00,NO2,0.025
2023-04-07T00:00:00+03:00,NO,0.004
2023-04-07T00:00:00+03:00,CO,0.14
2023-04-07T00:00:00+03:00,SO2,0.0024
2023-04-07T00:00:00+03:00,OZ,0.0749
2023-04-07T00:00:00+03:00,PM2.5,0.006
2023-04-07T00:00:00+03:00,PM10,0.017
2023-04-08T00:00:00+03:00,SO2,0.0047
2023-04-08T00:00:00+03:00,PM10,0.029
2023-04-08T00:00:00+03:00,NO2,0.04
2023-04-08T00:00:00+03:00,OZ,0.0713
2023-04-08T00:00:00+03:00,PM2.5,0.015
2023-04-08T00:00:00+03:00,CO,0.18
2023-04-08T00:00:00+03:00,NO,0.004
2023-04-09T00:00:00+03:00,SO2,0.0035
2023-04-09T00:00:00+03:00,CO,0.35
2023-04-09T00:00:00+03:00,NO,0.009
2023-04-09T00:00:00+03:00,PM2.5,0.025
2023-04-09T00:00:00+03:00,PM10,0.042
2023-04-09T00:00:00+03:00,NO2,0.061
2023-04-09T00:00:00+03:00,OZ,0.0502
2023-04-10T00:00:00+03:00,SO2,0.0046
2023-04-10T00:00:00+03:00,PM2.5,0.024
2023-04-10T00:00:00+03:00,CO,0.55
2023-04-10T00:00:00+03:00,PM10,0.045
2023-04-10T00:00:00+03:00,NO2,0.084
2023-04-10T00:00:00+03:00,NO,0.035
2023-04-10T00:00:00+03:00,OZ,0.0331
2023-04-11T00:00:00+03:00,NO,0.027
2023-04-11T00:00:00+03:00,PM2.5,0.026
2023-04-11T00:00:00+03:00,PM10,0.041
2023-04-11T00:00:00+03:00,OZ,0.0439
2023-04-11T00:00:00+03:00,CO,0.61
2023-04-11T00:00:00+03:00,NO2,0.076
2023-04-11T00:00:00+03:00,SO2,0.0044
2023-04-12T00:00:00+03:00,NO2,0.068
2023-04-12T00:00:00+03:00,NO,0.025
2023-04-12T00:00:00+03:00,PM2.5,0.029
2023-04-12T00:00:00+03:00,CO,0.48
2023-04-12T00:00:00+03:00,SO2,0.0033
2023-04-12T00:00:00+03:00,OZ,0.0659
2023-04-12T00:00:00+03:00,PM10,0.048
2023-04-13T00:00:00+03:00,NO,0.003
2023-04-13T00:00:00+03:00,PM2.5,0.016
2023-04-13T00:00:00+03:00,CO,0.25
2023-04-13T00:00:00+03:00,OZ,0.091
2023-04-13T00:00:00+03:00,SO2,0.0035
2023-04-13T00:00:00+03:00,NO2,0.041
2023-04-13T00:00:00+03:00,PM10,0.031
2023-04-14T00:00:00+03:00,PM2.5,0.005
2023-04-14T00:00:00+03:00,CO,0.21
2023-04-14T00:00:00+03:00,PM10,0.015
2023-04-14T00:00:00+03:00,SO2,0.0012
2023-04-14T00:00:00+03:00,NO,0.003
2023-04-14T00:00:00+03:00,NO2,0.012
2023-04-14T00:00:00+03:00,OZ,0.0885
2023-04-15T00:00:00+03:00,PM2.5,0.007
2023-04-15T00:00:00+03:00,OZ,0.0829
2023-04-15T00:00:00+03:00,NO2,0.019
2023-04-15T00:00:00+03:00,PM10,0.017
2023-04-15T00:00:00+03:00,CO,0.08
2023-04-15T00:00:00+03:00,NO,0.003
2023-04-15T00:00:00+03:00,SO2,0.0022
2023-04-16T00:00:00+03:00,NO,0.002
2023-04-16T00:00:00+03:00,NO2,0.035
2023-04-16T00:00:00+03:00,SO2,0.003
2023-04-16T00:00:00+03:00,OZ,0.0799
2023-04-16T00:00:00+03:00,PM2.5,0.014
2023-04-16T00:00:00+03:00,PM10,0.028
2023-04-16T00:00:00+03:00,CO,0.2
2023-04-17T00:00:00+03:00,PM10,0.035
2023-04-17T00:00:00+03:00,NO,0.015
2023-04-17T00:00:00+03:00,PM2.5,0.018
2023-04-17T00:00:00+03:00,OZ,0.0477
2023-04-17T00:00:00+03:00,CO,0.42
2023-04-17T00:00:00+03:00,SO2,0.0072
2023-04-17T00:00:00+03:00,NO2,0.075
2023-04-18T00:00:00+03:00,PM10,0.035
2023-04-18T00:00:00+03:00,CO,0.34
2023-04-18T00:00:00+03:00,NO2,0.074
2023-04-18T00:00:00+03:00,PM2.5,0.018
2023-04-18T00:00:00+03:00,NO,0.033
2023-04-18T00:00:00+03:00,OZ,0.0493
2023-04-18T00:00:00+03:00,SO2,0.0044
2023-04-19T00:00:00+03:00,PM10,0.024
2023-04-19T00:00:00+03:00,NO2,0.036
2023-04-19T00:00:00+03:00,SO2,0.0032
2023-04-19T00:00:00+03:00,OZ,0.0949
2023-04-19T00:00:00+03:00,PM2.5,0.013
2023-04-19T00:00:00+03:00,NO,0.003
2023-04-19T00:00:00+03:00,CO,0.16
2023-04-20T00:00:00+03:00,PM10,0.024
2023-04-20T00:00:00+03:00,OZ,0.0836
2023-04-20T00:00:00+03:00,SO2,0.0032
2023-04-20T00:00:00+03:00,NO2,0.046
2023-04-20T00:00:00+03:00,CO,0.2
2023-04-20T00:00:00+03:00,PM2.5,0.012
2023-04-20T00:00:00+03:00,NO,0.004
2023-04-21T00:00:00+03:00,SO2,0.0031
2023-04-21T00:00:00+03:00,PM10,0.016
2023-04-21T00:00:00+03:00,NO2,0.026
2023-04-21T00:00:00+03:00,PM2.5,0.007
2023-04-21T00:00:00+03:00,OZ,0.0933
2023-04-21T00:00:00+03:00,CO,0.24
2023-04-21T00:00:00+03:00,NO,0.002
2023-04-22T00:00:00+03:00,NO2,0.032
2023-04-22T00:00:00+03:00,SO2,0.003
2023-04-22T00:00:00+03:00,NO,0.007
2023-04-22T00:00:00+03:00,CO,0.2
2023-04-22T00:00:00+03:00,PM10,0.018
2023-04-22T00:00:00+03:00,OZ,0.0763
2023-04-22T00:00:00+03:00,PM2.5,0.009
2023-04-23T00:00:00+03:00,PM2.5,0.017
2023-04-23T00:00:00+03:00,OZ,0.0454
2023-04-23T00:00:00+03:00,NO2,0.073
2023-04-23T00:00:00+03:00,PM10,0.035
2023-04-23T00:00:00+03:00,SO2,0.0013
2023-04-23T00:00:00+03:00,NO,0.063
2023-04-23T00:00:00+03:00,CO,0.53
2023-04-24T00:00:00+03:00,PM10,0.043
2023-04-24T00:00:00+03:00,CO,0.55
2023-04-24T00:00:00+03:00,OZ,0.0613
2023-04-24T00:00:00+03:00,PM2.5,0.02
2023-04-24T00:00:00+03:00,NO2,0.07
2023-04-24T00:00:00+03:00,NO,0.048
2023-04-24T00:00:00+03:00,SO2,0.0033
2023-04-25T00:00:00+03:00,NO2,0.043
2023-04-25T00:00:00+03:00,OZ,0.0663
2023-04-25T00:00:00+03:00,NO,0.008
2023-04-25T00:00:00+03:00,CO,0.22
2023-04-25T00:00:00+03:00,PM10,0.029
2023-04-25T00:00:00+03:00,SO2,0.0028
2023-04-25T00:00:00+03:00,PM2.5,0.013
2023-04-26T00:00:00+03:00,PM2.5,0.005
2023-04-26T00:00:00+03:00,SO2,0.0011
2023-04-26T00:00:00+03:00,CO,0.24
2023-04-26T00:00:00+03:00,PM10,0.011
2023-04-26T00:00:00+03:00,OZ,0.0522
2023-04-26T00:00:00+03:00,NO,0.004
2023-04-26T00:00:00+03:00,NO2,0.037
2023-04-27T00:00:00+03:00,NO,0.025
2023-04-27T00:00:00+03:00,PM2.5,0.013
2023-04-27T00:00:00+03:00,SO2,0.0026
2023-04-27T00:00:00+03:00,NO2,0.055
2023-04-27T00:00:00+03:00,OZ,0.0513
2023-04-27T00:00:00+03:00,PM10,0.024
2023-04-27T00:00:00+03:00,CO,0.39
2023-04-28T00:00:00+03:00,NO2,0.05
2023-04-28T00:00:00+03:00,NO,0.007
2023-04-28T00:00:00+03:00,PM10,0.02
2023-04-28T00:00:00+03:00,CO,0.26
2023-04-28T00:00:00+03:00,SO2,0.0014
2023-04-28T00:00:00+03:00,PM2.5,0.012
2023-04-28T00:00:00+03:00,OZ,0.034
2023-04-29T00:00:00+03:00,NO2,0.024
2023-04-29T00:00:00+03:00,PM2.5,0.005
2023-04-29T00:00:00+03:00,CO,0.16
2023-04-29T00:00:00+03:00,OZ,0.0686
2023-04-29T00:00:00+03:00,NO,0.005
2023-04-29T00:00:00+03:00,SO2,0.0003
2023-04-29T00:00:00+03:00,PM10,0.01
2023-04-30T00:00:00+03:00,NO,0.015
2023-04-30T00:00:00+03:00,PM10,0.021
2023-04-30T00:00:00+03:00,PM2.5,0.012
2023-04-30T00:00:00+03:00,NO2,0.026
2023-04-30T00:00:00+03:00,CO,0.29
2023-04-30T00:00:00+03:00,OZ,0.0492
2023-04-30T00:00:00+03:00,SO2,0.0011
2023-05-01T00:00:00+03:00,NO,0.003
2023-05-01T00:00:00+03:00,OZ,0.057
2023-05-01T00:00:00+03:00,PM2.5,0.005
2023-05-01T00:00:00+03:00,CO,0.1
2023-05-01T00:00:00+03:00,SO2,0.0005
2023-05-01T00:00:00+03:00,PM10,0.01
2023-05-01T00:00:00+03:00,NO2,0.026
2023-05-02T00:00:00+03:00,CO,0.13
2023-05-02T00:00:00+03:00,OZ,0.0548
2023-05-02T00:00:00+03:00,PM2.5,0.005
2023-05-02T00:00:00+03:00,SO2,0.0007
2023-05-02T00:00:00+03:00,PM10,0.013
2023-05-02T00:00:00+03:00,NO,0.007
2023-05-02T00:00:00+03:00,NO2,0.041
2023-05-03T00:00:00+03:00,PM10,0.019
2023-05-03T00:00:00+03:00,SO2,0.0021
2023-05-03T00:00:00+03:00,NO,0.005
2023-05-03T00:00:00+03:00,CO,0.28
2023-05-03T00:00:00+03:00,OZ,0.0468
2023-05-03T00:00:00+03:00,NO2,0.052
2023-05-03T00:00:00+03:00,PM2.5,0.009
2023-05-04T00:00:00+03:00,NO,0.025
2023-05-04T00:00:00+03:00,SO2,0.0009
2023-05-04T00:00:00+03:00,OZ,0.0463
2023-05-04T00:00:00+03:00,CO,
2023-05-04T00:00:00+03:00,PM10,0.015
2023-05-04T00:00:00+03:00,NO2,0.053
2023-05-04T00:00:00+03:00,PM2.5,0.006
2023-05-05T00:00:00+03:00,NO,0.009
2023-05-05T00:00:00+03:00,NO2,0.04
2023-05-05T00:00:00+03:00,PM2.5,0.006
2023-05-05T00:00:00+03:00,SO2,0.001
2023-05-05T00:00:00+03:00,PM10,0.015
2023-05-05T00:00:00+03:00,CO,
2023-05-05T00:00:00+03:00,OZ,0.0478
2023-05-06T00:00:00+03:00,PM2.5,0.005
2023-05-06T00:00:00+03:00,CO,
2023-05-06T00:00:00+03:00,NO2,0.026
2023-05-06T00:00:00+03:00,SO2,0.0012
2023-05-06T00:00:00+03:00,NO,0.003
2023-05-06T00:00:00+03:00,PM10,0.012
2023-05-06T00:00:00+03:00,OZ,0.0552
2023-05-07T00:00:00+03:00,SO2,0.0013
2023-05-07T00:00:00+03:00,PM10,0.012
2023-05-07T00:00:00+03:00,NO2,0.025
2023-05-07T00:00:00+03:00,NO,0.002
2023-05-07T00:00:00+03:00,PM2.5,0.006
2023-05-07T00:00:00+03:00,OZ,0.0718
2023-05-07T00:00:00+03:00,CO,
2023-05-08T00:00:00+03:00,PM10,0.015
2023-05-08T00:00:00+03:00,CO,
2023-05-08T00:00:00+03:00,OZ,0.0607
2023-05-08T00:00:00+03:00,NO2,0.035
2023-05-08T00:00:00+03:00,NO,0.009
2023-05-08T00:00:00+03:00,SO2,0.0015
2023-05-08T00:00:00+03:00,PM2.5,0.009
2023-05-09T00:00:00+03:00,CO,
2023-05-09T00:00:00+03:00,NO,0.055
2023-05-09T00:00:00+03:00,NO2,0.053
2023-05-09T00:00:00+03:00,OZ,0.0526
2023-05-09T00:00:00+03:00,PM10,0.024
2023-05-09T00:00:00+03:00,SO2,0.0026
2023-05-09T00:00:00+03:00,PM2.5,0.015
2023-05-10T00:00:00+03:00,CO,
2023-05-10T00:00:00+03:00,NO,0.034
2023-05-10T00:00:00+03:00,SO2,0.0021
2023-05-10T00:00:00+03:00,NO2,0.062
2023-05-10T00:00:00+03:00,PM2.5,0.012
2023-05-10T00:00:00+03:00,OZ,0.0458
2023-05-10T00:00:00+03:00,PM10,0.025
2023-05-11T00:00:00+03:00,NO,0.023
2023-05-11T00:00:00+03:00,SO2,0.0039
2023-05-11T00:00:00+03:00,OZ,0.0453
2023-05-11T00:00:00+03:00,CO,
2023-05-11T00:00:00+03:00,PM10,0.026
2023-05-11T00:00:00+03:00,NO2,0.06
2023-05-11T00:00:00+03:00,PM2.5,0.013
2023-05-12T00:00:00+03:00,NO,0.036
2023-05-12T00:00:00+03:00,CO,
2023-05-12T00:00:00+03:00,NO2,0.052
2023-05-12T00:00:00+03:00,PM10,0.021
2023-05-12T00:00:00+03:00,SO2,0.0024
2023-05-12T00:00:00+03:00,PM2.5,0.01
2023-05-12T00:00:00+03:00,OZ,0.0655
2023-05-13T00:00:00+03:00,SO2,0.002
2023-05-13T00:00:00+03:00,OZ,0.084
2023-05-13T00:00:00+03:00,PM10,0.024
2023-05-13T00:00:00+03:00,NO2,0.042
2023-05-13T00:00:00+03:00,PM2.5,0.011
2023-05-13T00:00:00+03:00,NO,0.013
2023-05-13T00:00:00+03:00,CO,
2023-05-14T00:00:00+03:00,NO2,0.013
2023-05-14T00:00:00+03:00,PM2.5,0.006
2023-05-14T00:00:00+03:00,PM10,0.014
2023-05-14T00:00:00+03:00,OZ,0.08
2023-05-14T00:00:00+03:00,CO,
2023-05-14T00:00:00+03:00,SO2,0.0031
2023-05-14T00:00:00+03:00,NO,0.002
2023-05-15T00:00:00+03:00,OZ,0.0605
2023-05-15T00:00:00+03:00,NO2,0.032
2023-05-15T00:00:00+03:00,PM10,0.016
2023-05-15T00:00:00+03:00,NO,0.006
2023-05-15T00:00:00+03:00,CO,
2023-05-15T00:00:00+03:00,PM2.5,0.007
2023-05-15T00:00:00+03:00,SO2,0.0027
2023-05-16T00:00:00+03:00,SO2,0.0026
2023-05-16T00:00:00+03:00,OZ,0.0562
2023-05-16T00:00:00+03:00,NO2,0.038
2023-05-16T00:00:00+03:00,NO,0.023
2023-05-16T00:00:00+03:00,PM2.5,0.011
2023-05-16T00:00:00+03:00,PM10,0.025
2023-05-16T00:00:00+03:00,CO,
2023-05-17T00:00:00+03:00,CO,
2023-05-17T00:00:00+03:00,NO,0.016
2023-05-17T00:00:00+03:00,OZ,0.0631
2023-05-17T00:00:00+03:00,PM10,0.029
2023-05-17T00:00:00+03:00,SO2,0.0026
2023-05-17T00:00:00+03:00,PM2.5,0.013
2023-05-17T00:00:00+03:00,NO2,0.048
2023-05-18T00:00:00+03:00,CO,
2023-05-18T00:00:00+03:00,OZ,0.068
2023-05-18T00:00:00+03:00,NO2,0.055
2023-05-18T00:00:00+03:00,PM2.5,0.017
2023-05-18T00:00:00+03:00,NO,0.022
2023-05-18T00:00:00+03:00,SO2,0.0043
2023-05-18T00:00:00+03:00,PM10,0.035
2023-05-19T00:00:00+03:00,SO2,0.0021
2023-05-19T00:00:00+03:00,CO,
2023-05-19T00:00:00+03:00,NO,0.002
2023-05-19T00:00:00+03:00,NO2,0.015
2023-05-19T00:00:00+03:00,PM10,0.012
2023-05-19T00:00:00+03:00,OZ,0.0708
2023-05-19T00:00:00+03:00,PM2.5,0.006
2023-05-20T00:00:00+03:00,SO2,0.0019
2023-05-20T00:00:00+03:00,PM10,0.012
2023-05-20T00:00:00+03:00,CO,
2023-05-20T00:00:00+03:00,NO2,0.013
2023-05-20T00:00:00+03:00,PM2.5,0.005
2023-05-20T00:00:00+03:00,NO,0.002
2023-05-20T00:00:00+03:00,OZ,0.06
2023-05-21T00:00:00+03:00,NO,0.005
2023-05-21T00:00:00+03:00,NO2,0.021
2023-05-21T00:00:00+03:00,PM2.5,0.007
2023-05-21T00:00:00+03:00,PM10,0.013
2023-05-21T00:00:00+03:00,OZ,0.0466
2023-05-21T00:00:00+03:00,SO2,0.0021
2023-05-21T00:00:00+03:00,CO,
2023-05-22T00:00:00+03:00,PM10,0.024
2023-05-22T00:00:00+03:00,NO2,0.046
2023-05-22T00:00:00+03:00,OZ,0.0304
2023-05-22T00:00:00+03:00,NO,0.017
2023-05-22T00:00:00+03:00,CO,
2023-05-22T00:00:00+03:00,SO2,0.0022
2023-05-22T00:00:00+03:00,PM2.5,0.015
2023-05-23T00:00:00+03:00,NO,0.004
2023-05-23T00:00:00+03:00,OZ,0.0425
2023-05-23T00:00:00+03:00,NO2,0.042
2023-05-23T00:00:00+03:00,PM10,0.022
2023-05-23T00:00:00+03:00,PM2.5,0.013
2023-05-23T00:00:00+03:00,CO,
2023-05-23T00:00:00+03:00,SO2,0.0027
2023-05-24T00:00:00+03:00,OZ,0.0621
2023-05-24T00:00:00+03:00,SO2,0.0027
2023-05-24T00:00:00+03:00,PM10,0.022
2023-05-24T00:00:00+03:00,CO,
2023-05-24T00:00:00+03:00,NO2,0.033
2023-05-24T00:00:00+03:00,PM2.5,0.012
2023-05-24T00:00:00+03:00,NO,0.006
2023-05-25T00:00:00+03:00,OZ,0.0178
2023-05-25T00:00:00+03:00,CO,
2023-05-25T00:00:00+03:00,NO,0.036
2023-05-25T00:00:00+03:00,PM10,0.03
2023-05-25T00:00:00+03:00,PM2.5,0.021
2023-05-25T00:00:00+03:00,NO2,0.043
2023-05-25T00:00:00+03:00,SO2,0.0023
2023-05-26T00:00:00+03:00,NO,0.05
2023-05-26T00:00:00+03:00,CO,
2023-05-26T00:00:00+03:00,NO2,0.042
2023-05-26T00:00:00+03:00,PM10,0.024
2023-05-26T00:00:00+03:00,PM2.5,0.013
2023-05-26T00:00:00+03:00,OZ,0.0436
2023-05-26T00:00:00+03:00,SO2,0.0018
2023-05-27T00:00:00+03:00,NO,0.014
2023-05-27T00:00:00+03:00,CO,
2023-05-27T00:00:00+03:00,PM2.5,0.009
2023-05-27T00:00:00+03:00,SO2,0.0015
2023-05-27T00:00:00+03:00,NO2,0.03
2023-05-27T00:00:00+03:00,PM10,0.017
2023-05-27T00:00:00+03:00,OZ,0.0668
2023-05-28T00:00:00+03:00,NO,0.003
2023-05-28T00:00:00+03:00,OZ,0.0653
2023-05-28T00:00:00+03:00,PM2.5,0.006
2023-05-28T00:00:00+03:00,SO2,0.0012
2023-05-28T00:00:00+03:00,NO2,0.021
2023-05-28T00:00:00+03:00,PM10,0.012
2023-05-28T00:00:00+03:00,CO,
2023-05-29T00:00:00+03:00,PM10,0.014
2023-05-29T00:00:00+03:00,SO2,0.0015
2023-05-29T00:00:00+03:00,NO,0.011
2023-05-29T00:00:00+03:00,NO2,0.046
2023-05-29T00:00:00+03:00,CO,
2023-05-29T00:00:00+03:00,OZ,0.0489
2023-05-29T00:00:00+03:00,PM2.5,0.006
2023-05-30T00:00:00+03:00,NO2,0.056
2023-05-30T00:00:00+03:00,PM2.5,0.014
2023-05-30T00:00:00+03:00,SO2,0.0025
2023-05-30T00:00:00+03:00,NO,0.038
2023-05-30T00:00:00+03:00,CO,
2023-05-30T00:00:00+03:00,PM10,0.03
2023-05-30T00:00:00+03:00,OZ,
2023-05-31T00:00:00+03:00,CO,
2023-05-31T00:00:00+03:00,NO,0.016
2023-05-31T00:00:00+03:00,OZ,
2023-05-31T00:00:00+03:00,NO2,0.046
2023-05-31T00:00:00+03:00,PM10,0.015
2023-05-31T00:00:00+03:00,PM2.5,0.008
2023-05-31T00:00:00+03:00,SO2,0.0009
2023-06-01T00:00:00+03:00,SO2,0.0026
2023-06-01T00:00:00+03:00,PM10,0.017
2023-06-01T00:00:00+03:00,PM2.5,0.008
2023-06-01T00:00:00+03:00,CO,
2023-06-01T00:00:00+03:00,NO2,0.038
2023-06-01T00:00:00+03:00,OZ,
2023-06-01T00:00:00+03:00,NO,0.023
2023-06-02T00:00:00+03:00,PM2.5,0.011
2023-06-02T00:00:00+03:00,OZ,
2023-06-02T00:00:00+03:00,NO,0.015
2023-06-02T00:00:00+03:00,SO2,0.0013
2023-06-02T00:00:00+03:00,PM10,0.022
2023-06-02T00:00:00+03:00,NO2,0.045
2023-06-03T00:00:00+03:00,PM2.5,0.005
2023-06-03T00:00:00+03:00,NO,0.008
2023-06-03T00:00:00+03:00,NO2,0.034
2023-06-03T00:00:00+03:00,PM10,0.011
2023-06-03T00:00:00+03:00,OZ,
2023-06-03T00:00:00+03:00,SO2,0.0003
2023-06-04T00:00:00+03:00,PM10,0.012
2023-06-04T00:00:00+03:00,OZ,
2023-06-04T00:00:00+03:00,NO2,0.032
2023-06-04T00:00:00+03:00,SO2,0.0003
2023-06-04T00:00:00+03:00,PM2.5,0.005
2023-06-04T00:00:00+03:00,NO,0.01
2023-06-05T00:00:00+03:00,SO2,0.0015
2023-06-05T00:00:00+03:00,NO,0.027
2023-06-05T00:00:00+03:00,PM2.5,0.008
2023-06-05T00:00:00+03:00,OZ,
2023-06-05T00:00:00+03:00,PM10,0.017
2023-06-05T00:00:00+03:00,NO2,0.051
2023-06-06T00:00:00+03:00,NO,0.015
2023-06-06T00:00:00+03:00,NO2,0.036
2023-06-06T00:00:00+03:00,OZ,
2023-06-06T00:00:00+03:00,PM2.5,0.006
2023-06-06T00:00:00+03:00,SO2,0.0006
2023-06-06T00:00:00+03:00,PM10,0.013
2023-06-07T00:00:00+03:00,PM2.5,0.007
2023-06-07T00:00:00+03:00,OZ,
2023-06-07T00:00:00+03:00,SO2,0.0008
2023-06-07T00:00:00+03:00,PM10,0.016
2023-06-07T00:00:00+03:00,NO,0.026
2023-06-07T00:00:00+03:00,NO2,0.049
2023-06-08T00:00:00+03:00,OZ,
2023-06-08T00:00:00+03:00,NO2,0.043
2023-06-08T00:00:00+03:00,PM10,0.02
2023-06-08T00:00:00+03:00,PM2.5,0.011
2023-06-08T00:00:00+03:00,SO2,0.0014
2023-06-08T00:00:00+03:00,NO,0.031
2023-06-09T00:00:00+03:00,PM2.5,0.011
2023-06-09T00:00:00+03:00,NO2,0.044
2023-06-09T00:00:00+03:00,SO2,0.0011
2023-06-09T00:00:00+03:00,OZ,
2023-06-09T00:00:00+03:00,PM10,0.02
2023-06-09T00:00:00+03:00,NO,0.009
2023-06-10T00:00:00+03:00,PM10,0.011
2023-06-10T00:00:00+03:00,PM2.5,0.005
2023-06-10T00:00:00+03:00,SO2,0.0016
2023-06-10T00:00:00+03:00,OZ,
2023-06-10T00:00:00+03:00,NO,0.003
2023-06-10T00:00:00+03:00,NO2,0.01
2023-06-11T00:00:00+03:00,NO,0.003
2023-06-11T00:00:00+03:00,PM10,0.012
2023-06-11T00:00:00+03:00,PM2.5,0.006
2023-06-11T00:00:00+03:00,NO2,0.01
2023-06-11T00:00:00+03:00,OZ,
2023-06-11T00:00:00+03:00,SO2,0.001
2023-06-12T00:00:00+03:00,NO,0.003
2023-06-12T00:00:00+03:00,SO2,0.0013
2023-06-12T00:00:00+03:00,OZ,
2023-06-12T00:00:00+03:00,PM2.5,0.006
2023-06-12T00:00:00+03:00,PM10,0.015
2023-06-12T00:00:00+03:00,NO2,0.012
2023-06-13T00:00:00+03:00,NO,0.003
2023-06-13T00:00:00+03:00,OZ,
2023-06-13T00:00:00+03:00,SO2,0.0023
2023-06-13T00:00:00+03:00,PM10,0.016
2023-06-13T00:00:00+03:00,PM2.5,0.008
2023-06-13T00:00:00+03:00,NO2,0.02
2023-06-14T00:00:00+03:00,OZ,
2023-06-14T00:00:00+03:00,PM2.5,0.01
2023-06-14T00:00:00+03:00,PM10,0.018
2023-06-14T00:00:00+03:00,NO,0.006
2023-06-14T00:00:00+03:00,NO2,0.03
2023-06-14T00:00:00+03:00,SO2,0.0011
2023-06-15T00:00:00+03:00,PM10,0.019
2023-06-15T00:00:00+03:00,NO2,0.033
2023-06-15T00:00:00+03:00,NO,0.005
2023-06-15T00:00:00+03:00,SO2,0.0038
2023-06-15T00:00:00+03:00,PM2.5,0.01
2023-06-15T00:00:00+03:00,OZ,
2023-06-16T00:00:00+03:00,PM10,0.023
2023-06-16T00:00:00+03:00,OZ,
2023-06-16T00:00:00+03:00,NO,0.005
2023-06-16T00:00:00+03:00,NO2,0.04
2023-06-16T00:00:00+03:00,SO2,0.0037
2023-06-16T00:00:00+03:00,PM2.5,0.014
2023-06-17T00:00:00+03:00,SO2,0.0032
2023-06-17T00:00:00+03:00,NO2,0.03
2023-06-17T00:00:00+03:00,PM2.5,0.013
2023-06-17T00:00:00+03:00,PM10,0.021
2023-06-17T00:00:00+03:00,NO,0.006
2023-06-17T00:00:00+03:00,OZ,
2023-06-18T00:00:00+03:00,NO,0.003
2023-06-18T00:00:00+03:00,OZ,
2023-06-18T00:00:00+03:00,PM10,0.017
2023-06-18T00:00:00+03:00,NO2,0.016
2023-06-18T00:00:00+03:00,SO2,0.0026
2023-06-18T00:00:00+03:00,PM2.5,0.009
2023-06-19T00:00:00+03:00,PM10,0.014
2023-06-19T00:00:00+03:00,NO2,0.017
2023-06-19T00:00:00+03:00,OZ,
2023-06-19T00:00:00+03:00,SO2,0.0021
2023-06-19T00:00:00+03:00,PM2.5,0.006
2023-06-19T00:00:00+03:00,NO,0.003
2023-06-20T00:00:00+03:00,NO2,0.032
2023-06-20T00:00:00+03:00,SO2,0.0013
2023-06-20T00:00:00+03:00,PM2.5,0.008
2023-06-20T00:00:00+03:00,OZ,
2023-06-20T00:00:00+03:00,PM10,0.015
2023-06-20T00:00:00+03:00,NO,0.01
2023-06-21T00:00:00+03:00,NO,0.008
2023-06-21T00:00:00+03:00,PM10,0.01
2023-06-21T00:00:00+03:00,OZ,0.0472
2023-06-21T00:00:00+03:00,SO2,0.0012
2023-06-21T00:00:00+03:00,NO2,0.02
2023-06-21T00:00:00+03:00,PM2.5,0.005
2023-06-21T00:00:00+03:00,CO,0.21
2023-06-22T00:00:00+03:00,PM2.5,
2023-06-22T00:00:00+03:00,SO2,
2023-06-22T00:00:00+03:00,OZ,0.0496
2023-06-22T00:00:00+03:00,PM10,
2023-06-22T00:00:00+03:00,NO2,0.039
2023-06-22T00:00:00+03:00,NO,0.022
2023-06-22T00:00:00+03:00,CO,0.39
2023-06-23T00:00:00+03:00,OZ,0.0372
2023-06-23T00:00:00+03:00,SO2,
2023-06-23T00:00:00+03:00,PM10,0.016
2023-06-23T00:00:00+03:00,NO2,0.032
2023-06-23T00:00:00+03:00,CO,0.2
2023-06-23T00:00:00+03:00,NO,0.006
2023-06-23T00:00:00+03:00,PM2.5,0.009
2023-06-24T00:00:00+03:00,PM10,0.013
2023-06-24T00:00:00+03:00,PM2.5,0.008
2023-06-24T00:00:00+03:00,OZ,0.0316
2023-06-24T00:00:00+03:00,SO2,
2023-06-24T00:00:00+03:00,NO2,0.025
2023-06-24T00:00:00+03:00,NO,0.011
2023-06-24T00:00:00+03:00,CO,0.3
2023-06-25T00:00:00+03:00,PM10,0.018
2023-06-25T00:00:00+03:00,PM2.5,0.011
2023-06-25T00:00:00+03:00,SO2,
2023-06-25T00:00:00+03:00,OZ,0.0456
2023-06-25T00:00:00+03:00,NO,0.015
2023-06-25T00:00:00+03:00,NO2,0.022
2023-06-25T00:00:00+03:00,CO,0.24
2023-06-26T00:00:00+03:00,PM10,0.026
2023-06-26T00:00:00+03:00,NO2,0.036
2023-06-26T00:00:00+03:00,SO2,
2023-06-26T00:00:00+03:00,CO,0.38
2023-06-26T00:00:00+03:00,NO,0.015
2023-06-26T00:00:00+03:00,OZ,0.0426
2023-06-26T00:00:00+03:00,PM2.5,0.014
2023-06-27T00:00:00+03:00,NO,0.003
2023-06-27T00:00:00+03:00,PM2.5,0.009
2023-06-27T00:00:00+03:00,CO,0.11
2023-06-27T00:00:00+03:00,SO2,
2023-06-27T00:00:00+03:00,PM10,0.022
2023-06-27T00:00:00+03:00,NO2,0.026
2023-06-27T00:00:00+03:00,OZ,0.054
2023-06-28T00:00:00+03:00,SO2,
2023-06-28T00:00:00+03:00,OZ,0.0619
2023-06-28T00:00:00+03:00,PM2.5,0.009
2023-06-28T00:00:00+03:00,NO,0.002
2023-06-28T00:00:00+03:00,NO2,0.021
2023-06-28T00:00:00+03:00,CO,0.2
2023-06-28T00:00:00+03:00,PM10,0.022
2023-06-29T00:00:00+03:00,NO,0.003
2023-06-29T00:00:00+03:00,CO,0.23
2023-06-29T00:00:00+03:00,PM2.5,0.008
2023-06-29T00:00:00+03:00,PM10,0.015
2023-06-29T00:00:00+03:00,OZ,0.0512
2023-06-29T00:00:00+03:00,NO2,0.026
2023-06-29T00:00:00+03:00,SO2,
2023-06-30T00:00:00+03:00,NO2,0.027
2023-06-30T00:00:00+03:00,SO2,
2023-06-30T00:00:00+03:00,NO,0.006
2023-06-30T00:00:00+03:00,CO,0.19
2023-06-30T00:00:00+03:00,PM2.5,0.011
2023-06-30T00:00:00+03:00,PM10,0.02
2023-06-30T00:00:00+03:00,OZ,0.0391
2023-07-01T00:00:00+03:00,NO,0.011
2023-07-01T00:00:00+03:00,PM2.5,0.009
2023-07-01T00:00:00+03:00,OZ,0.0428
2023-07-01T00:00:00+03:00,CO,0.35
2023-07-01T00:00:00+03:00,SO2,
2023-07-01T00:00:00+03:00,PM10,0.017
2023-07-01T00:00:00+03:00,NO2,0.039
2023-07-02T00:00:00+03:00,NO,0.005
2023-07-02T00:00:00+03:00,PM10,0.02
2023-07-02T00:00:00+03:00,PM2.5,0.01
2023-07-02T00:00:00+03:00,OZ,0.0501
2023-07-02T00:00:00+03:00,SO2,
2023-07-02T00:00:00+03:00,NO2,0.031
2023-07-02T00:00:00+03:00,CO,0.23
2023-07-03T00:00:00+03:00,CO,0.63
2023-07-03T00:00:00+03:00,SO2,
2023-07-03T00:00:00+03:00,PM2.5,0.011
2023-07-03T00:00:00+03:00,NO,0.015
2023-07-03T00:00:00+03:00,OZ,0.0474
2023-07-03T00:00:00+03:00,PM10,0.027
2023-07-03T00:00:00+03:00,NO2,0.036
2023-07-04T00:00:00+03:00,PM2.5,0.012
2023-07-04T00:00:00+03:00,NO,0.018
2023-07-04T00:00:00+03:00,SO2,
2023-07-04T00:00:00+03:00,PM10,0.028
2023-07-04T00:00:00+03:00,OZ,0.0542
2023-07-04T00:00:00+03:00,CO,
2023-07-04T00:00:00+03:00,NO2,0.048
2023-07-05T00:00:00+03:00,PM10,0.041
2023-07-05T00:00:00+03:00,SO2,
2023-07-05T00:00:00+03:00,OZ,0.042
2023-07-05T00:00:00+03:00,NO2,0.055
2023-07-05T00:00:00+03:00,PM2.5,0.017
2023-07-05T00:00:00+03:00,NO,0.023
2023-07-05T00:00:00+03:00,CO,
2023-07-06T00:00:00+03:00,SO2,
2023-07-06T00:00:00+03:00,CO,
2023-07-06T00:00:00+03:00,OZ,0.0645
2023-07-06T00:00:00+03:00,NO2,0.039
2023-07-06T00:00:00+03:00,PM10,0.038
2023-07-06T00:00:00+03:00,NO,0.02
2023-07-06T00:00:00+03:00,PM2.5,0.016
2023-07-07T00:00:00+03:00,NO2,0.044
2023-07-07T00:00:00+03:00,OZ,0.0487
2023-07-07T00:00:00+03:00,NO,0.005
2023-07-07T00:00:00+03:00,PM2.5,0.015
2023-07-07T00:00:00+03:00,PM10,0.033
2023-07-07T00:00:00+03:00,CO,
2023-07-07T00:00:00+03:00,SO2,
2023-07-08T00:00:00+03:00,NO,0.009
2023-07-08T00:00:00+03:00,NO2,0.029
2023-07-08T00:00:00+03:00,OZ,0.0396
2023-07-08T00:00:00+03:00,CO,
2023-07-08T00:00:00+03:00,PM10,0.018
2023-07-08T00:00:00+03:00,SO2,
2023-07-08T00:00:00+03:00,PM2.5,0.01
2023-07-09T00:00:00+03:00,PM10,0.018
2023-07-09T00:00:00+03:00,NO2,0.019
2023-07-09T00:00:00+03:00,NO,0.009
2023-07-09T00:00:00+03:00,OZ,0.0528
2023-07-09T00:00:00+03:00,SO2,
2023-07-09T00:00:00+03:00,CO,
2023-07-09T00:00:00+03:00,PM2.5,0.009
2023-07-10T00:00:00+03:00,NO,0.002
2023-07-10T00:00:00+03:00,NO2,0.007
2023-07-10T00:00:00+03:00,PM2.5,0.005
2023-07-10T00:00:00+03:00,PM10,0.013
2023-07-10T00:00:00+03:00,SO2,
2023-07-10T00:00:00+03:00,OZ,0.0422
2023-07-10T00:00:00+03:00,CO,
2023-07-11T00:00:00+03:00,PM10,0.009
2023-07-11T00:00:00+03:00,NO,0.003
2023-07-11T00:00:00+03:00,CO,
2023-07-11T00:00:00+03:00,OZ,0.0303
2023-07-11T00:00:00+03:00,SO2,
2023-07-11T00:00:00+03:00,NO2,0.01
2023-07-11T00:00:00+03:00,PM2.5,0.003
2023-07-12T00:00:00+03:00,NO2,0.028
2023-07-12T00:00:00+03:00,PM10,0.013
2023-07-12T00:00:00+03:00,OZ,0.0263
2023-07-12T00:00:00+03:00,PM2.5,0.005
2023-07-12T00:00:00+03:00,NO,0.005
2023-07-12T00:00:00+03:00,SO2,
2023-07-12T00:00:00+03:00,CO,
2023-07-13T00:00:00+03:00,SO2,
2023-07-13T00:00:00+03:00,NO2,0.056
2023-07-13T00:00:00+03:00,CO,
2023-07-13T00:00:00+03:00,PM10,0.017
2023-07-13T00:00:00+03:00,NO,0.013
2023-07-13T00:00:00+03:00,PM2.5,0.008
2023-07-13T00:00:00+03:00,OZ,0.0118
2023-07-14T00:00:00+03:00,PM10,0.013
2023-07-14T00:00:00+03:00,NO2,0.026
2023-07-14T00:00:00+03:00,NO,0.011
2023-07-14T00:00:00+03:00,PM2.5,0.007
2023-07-14T00:00:00+03:00,SO2,
2023-07-14T00:00:00+03:00,OZ,0.0155
2023-07-14T00:00:00+03:00,CO,
2023-07-15T00:00:00+03:00,NO2,0.02
2023-07-15T00:00:00+03:00,CO,
2023-07-15T00:00:00+03:00,NO,0.03
2023-07-15T00:00:00+03:00,PM10,0.015
2023-07-15T00:00:00+03:00,OZ,0.026
2023-07-15T00:00:00+03:00,PM2.5,0.008
2023-07-15T00:00:00+03:00,SO2,
2023-07-16T00:00:00+03:00,PM2.5,0.008
2023-07-16T00:00:00+03:00,NO2,0.022
2023-07-16T00:00:00+03:00,PM10,0.016
2023-07-16T00:00:00+03:00,NO,0.003
2023-07-16T00:00:00+03:00,CO,
2023-07-16T00:00:00+03:00,OZ,0.0392
2023-07-16T00:00:00+03:00,SO2,
2023-07-17T00:00:00+03:00,CO,
2023-07-17T00:00:00+03:00,SO2,
2023-07-17T00:00:00+03:00,NO,0.006
2023-07-17T00:00:00+03:00,PM2.5,0.012
2023-07-17T00:00:00+03:00,OZ,0.0509
2023-07-17T00:00:00+03:00,PM10,0.023
2023-07-17T00:00:00+03:00,NO2,0.036
2023-07-18T00:00:00+03:00,OZ,0.0365
2023-07-18T00:00:00+03:00,NO2,
2023-07-18T00:00:00+03:00,CO,
2023-07-18T00:00:00+03:00,NO,
2023-07-18T00:00:00+03:00,PM10,0.04
2023-07-18T00:00:00+03:00,SO2,
2023-07-18T00:00:00+03:00,PM2.5,0.017
2023-07-19T00:00:00+03:00,OZ,0.045
2023-07-19T00:00:00+03:00,SO2,
2023-07-19T00:00:00+03:00,NO,
2023-07-19T00:00:00+03:00,NO2,
2023-07-19T00:00:00+03:00,CO,
2023-07-19T00:00:00+03:00,PM2.5,0.004
2023-07-19T00:00:00+03:00,PM10,0.01
2023-07-20T00:00:00+03:00,NO2,
2023-07-20T00:00:00+03:00,NO,
2023-07-20T00:00:00+03:00,CO,
2023-07-20T00:00:00+03:00,PM10,0.014
2023-07-20T00:00:00+03:00,SO2,
2023-07-20T00:00:00+03:00,OZ,0.0402
2023-07-20T00:00:00+03:00,PM2.5,0.006
2023-07-21T00:00:00+03:00,NO2,
2023-07-21T00:00:00+03:00,CO,0.37
2023-07-21T00:00:00+03:00,OZ,0.0296
2023-07-21T00:00:00+03:00,PM10,0.019
2023-07-21T00:00:00+03:00,NO,
2023-07-21T00:00:00+03:00,PM2.5,0.007
2023-07-21T00:00:00+03:00,SO2,0.0015
2023-07-22T00:00:00+03:00,CO,0.2
2023-07-22T00:00:00+03:00,NO,
2023-07-22T00:00:00+03:00,NO2,
2023-07-22T00:00:00+03:00,SO2,0.0006
2023-07-22T00:00:00+03:00,OZ,0.038
2023-07-22T00:00:00+03:00,PM10,0.02
2023-07-22T00:00:00+03:00,PM2.5,0.008
2023-07-23T00:00:00+03:00,NO2,
2023-07-23T00:00:00+03:00,PM2.5,0.01
2023-07-23T00:00:00+03:00,OZ,0.0335
2023-07-23T00:00:00+03:00,SO2,0.0013
2023-07-23T00:00:00+03:00,NO,
2023-07-23T00:00:00+03:00,PM10,0.02
2023-07-23T00:00:00+03:00,CO,0.37
2023-07-24T00:00:00+03:00,SO2,0.001
2023-07-24T00:00:00+03:00,PM2.5,0.009
2023-07-24T00:00:00+03:00,PM10,0.018
2023-07-24T00:00:00+03:00,OZ,0.0166
2023-07-24T00:00:00+03:00,CO,0.17
2023-07-24T00:00:00+03:00,NO,
2023-07-24T00:00:00+03:00,NO2,
2023-07-25T00:00:00+03:00,SO2,
2023-07-25T00:00:00+03:00,NO2,
2023-07-25T00:00:00+03:00,PM10,0.027
2023-07-25T00:00:00+03:00,OZ,0.0327
2023-07-25T00:00:00+03:00,NO,
2023-07-25T00:00:00+03:00,CO,
2023-07-25T00:00:00+03:00,PM2.5,0.014
2023-07-26T00:00:00+03:00,PM2.5,0.015
2023-07-26T00:00:00+03:00,SO2,
2023-07-26T00:00:00+03:00,OZ,0.0408
2023-07-26T00:00:00+03:00,PM10,0.028
2023-07-26T00:00:00+03:00,NO2,
2023-07-26T00:00:00+03:00,NO,
2023-07-26T00:00:00+03:00,CO,
2023-07-27T00:00:00+03:00,CO,
2023-07-27T00:00:00+03:00,PM10,0.019
2023-07-27T00:00:00+03:00,PM2.5,0.009
2023-07-27T00:00:00+03:00,NO2,
2023-07-27T00:00:00+03:00,OZ,0.0497
2023-07-27T00:00:00+03:00,SO2,
2023-07-27T00:00:00+03:00,NO,
2023-07-28T00:00:00+03:00,SO2,
2023-07-28T00:00:00+03:00,NO2,
2023-07-28T00:00:00+03:00,NO,
2023-07-28T00:00:00+03:00,CO,
2023-07-28T00:00:00+03:00,PM2.5,0.011
2023-07-28T00:00:00+03:00,OZ,0.0348
2023-07-28T00:00:00+03:00,PM10,0.023
2023-07-29T00:00:00+03:00,NO2,
2023-07-29T00:00:00+03:00,NO,
2023-07-29T00:00:00+03:00,PM10,0.01
2023-07-29T00:00:00+03:00,CO,
2023-07-29T00:00:00+03:00,SO2,
2023-07-29T00:00:00+03:00,PM2.5,0.005
2023-07-29T00:00:00+03:00,OZ,0.0322
2023-07-30T00:00:00+03:00,CO,
2023-07-30T00:00:00+03:00,PM2.5,0.008
2023-07-30T00:00:00+03:00,OZ,0.0393
2023-07-30T00:00:00+03:00,SO2,
2023-07-30T00:00:00+03:00,NO,
2023-07-30T00:00:00+03:00,PM10,0.017
2023-07-30T00:00:00+03:00,NO2,
2023-07-31T00:00:00+03:00,PM2.5,0.01
2023-07-31T00:00:00+03:00,NO2,
2023-07-31T00:00:00+03:00,CO,
2023-07-31T00:00:00+03:00,SO2,
2023-07-31T00:00:00+03:00,OZ,0.0292
2023-07-31T00:00:00+03:00,NO,
2023-07-31T00:00:00+03:00,PM10,0.025
2023-08-01T00:00:00+03:00,NO2,
2023-08-01T00:00:00+03:00,SO2,
2023-08-01T00:00:00+03:00,OZ,0.0438
2023-08-01T00:00:00+03:00,CO,
2023-08-01T00:00:00+03:00,NO,
2023-08-01T00:00:00+03:00,PM2.5,0.016
2023-08-01T00:00:00+03:00,PM10,0.041
2023-08-02T00:00:00+03:00,NO2,
2023-08-02T00:00:00+03:00,NO,
2023-08-02T00:00:00+03:00,PM2.5,0.015
2023-08-02T00:00:00+03:00,CO,
2023-08-02T00:00:00+03:00,OZ,0.0404
2023-08-02T00:00:00+03:00,SO2,
2023-08-02T00:00:00+03:00,PM10,0.034
2023-08-03T00:00:00+03:00,PM2.5,0.014
2023-08-03T00:00:00+03:00,CO,
2023-08-03T00:00:00+03:00,PM10,0.031
2023-08-03T00:00:00+03:00,OZ,0.0484
2023-08-03T00:00:00+03:00,NO,
2023-08-03T00:00:00+03:00,NO2,
2023-08-03T00:00:00+03:00,SO2,
2023-08-04T00:00:00+03:00,SO2,
2023-08-04T00:00:00+03:00,CO,
2023-08-04T00:00:00+03:00,OZ,0.0427
2023-08-04T00:00:00+03:00,PM10,0.033
2023-08-04T00:00:00+03:00,NO2,
2023-08-04T00:00:00+03:00,NO,
2023-08-04T00:00:00+03:00,PM2.5,0.015
2023-08-05T00:00:00+03:00,NO,
2023-08-05T00:00:00+03:00,CO,
2023-08-05T00:00:00+03:00,SO2,
2023-08-05T00:00:00+03:00,NO2,
2023-08-05T00:00:00+03:00,PM2.5,0.013
2023-08-05T00:00:00+03:00,OZ,0.0507
2023-08-05T00:00:00+03:00,PM10,0.031
2023-08-06T00:00:00+03:00,CO,
2023-08-06T00:00:00+03:00,NO2,
2023-08-06T00:00:00+03:00,OZ,0.0713
2023-08-06T00:00:00+03:00,PM2.5,0.019
2023-08-06T00:00:00+03:00,PM10,0.046
2023-08-06T00:00:00+03:00,NO,
2023-08-06T00:00:00+03:00,SO2,
2023-08-07T00:00:00+03:00,CO,
2023-08-07T00:00:00+03:00,OZ,0.0641
2023-08-07T00:00:00+03:00,PM10,0.031
2023-08-07T00:00:00+03:00,NO2,
2023-08-07T00:00:00+03:00,NO,
2023-08-07T00:00:00+03:00,PM2.5,0.009
2023-08-07T00:00:00+03:00,SO2,
2023-08-08T00:00:00+03:00,OZ,0.0468
2023-08-08T00:00:00+03:00,NO,
2023-08-08T00:00:00+03:00,CO,
2023-08-08T00:00:00+03:00,PM2.5,0.011
2023-08-08T00:00:00+03:00,SO2,
2023-08-08T00:00:00+03:00,PM10,0.03
2023-08-08T00:00:00+03:00,NO2,
2023-08-09T00:00:00+03:00,PM10,0.018
2023-08-09T00:00:00+03:00,SO2,
2023-08-09T00:00:00+03:00,CO,
2023-08-09T00:00:00+03:00,NO2,
2023-08-09T00:00:00+03:00,OZ,0.0306
2023-08-09T00:00:00+03:00,PM2.5,0.007
2023-08-09T00:00:00+03:00,NO,
2023-08-10T00:00:00+03:00,OZ,0.0511
2023-08-10T00:00:00+03:00,SO2,0.0011
2023-08-10T00:00:00+03:00,NO2,0.026
2023-08-10T00:00:00+03:00,NO,0.005
2023-08-10T00:00:00+03:00,PM10,0.017
2023-08-10T00:00:00+03:00,CO,0.29
2023-08-10T00:00:00+03:00,PM2.5,0.007
2023-08-11T00:00:00+03:00,PM2.5,
2023-08-11T00:00:00+03:00,CO,0.33
2023-08-11T00:00:00+03:00,NO,0.006
2023-08-11T00:00:00+03:00,SO2,0.0011
2023-08-11T00:00:00+03:00,OZ,0.0327
2023-08-11T00:00:00+03:00,PM10,
2023-08-11T00:00:00+03:00,NO2,0.03
2023-08-12T00:00:00+03:00,OZ,0.0403
2023-08-12T00:00:00+03:00,PM10,
2023-08-12T00:00:00+03:00,CO,0.28
2023-08-12T00:00:00+03:00,NO2,0.021
2023-08-12T00:00:00+03:00,PM2.5,
2023-08-12T00:00:00+03:00,NO,0.003
2023-08-12T00:00:00+03:00,SO2,0.0009
2023-08-13T00:00:00+03:00,PM10,
2023-08-13T00:00:00+03:00,PM2.5,
2023-08-13T00:00:00+03:00,OZ,0.0374
2023-08-13T00:00:00+03:00,CO,0.09
2023-08-13T00:00:00+03:00,SO2,0.0011
2023-08-13T00:00:00+03:00,NO2,0.016
2023-08-13T00:00:00+03:00,NO,0.002
2023-08-14T00:00:00+03:00,CO,0.07
2023-08-14T00:00:00+03:00,SO2,0.0013
2023-08-14T00:00:00+03:00,NO,0.012
2023-08-14T00:00:00+03:00,NO2,0.034
2023-08-14T00:00:00+03:00,PM2.5,
2023-08-14T00:00:00+03:00,OZ,0.017
2023-08-14T00:00:00+03:00,PM10,
2023-08-15T00:00:00+03:00,SO2,0.0016
2023-08-15T00:00:00+03:00,NO,0.029
2023-08-15T00:00:00+03:00,NO2,0.034
2023-08-15T00:00:00+03:00,PM2.5,
2023-08-15T00:00:00+03:00,CO,0.21
2023-08-15T00:00:00+03:00,OZ,0.0376
2023-08-15T00:00:00+03:00,PM10,
2023-08-16T00:00:00+03:00,PM10,
2023-08-16T00:00:00+03:00,SO2,0.0017
2023-08-16T00:00:00+03:00,NO2,0.025
2023-08-16T00:00:00+03:00,NO,0.009
2023-08-16T00:00:00+03:00,PM2.5,
2023-08-16T00:00:00+03:00,OZ,0.0447
2023-08-16T00:00:00+03:00,CO,0.36
2023-08-17T00:00:00+03:00,NO,0.021
2023-08-17T00:00:00+03:00,CO,0.35
2023-08-17T00:00:00+03:00,NO2,0.026
2023-08-17T00:00:00+03:00,OZ,0.044
2023-08-17T00:00:00+03:00,PM10,
2023-08-17T00:00:00+03:00,PM2.5,
2023-08-17T00:00:00+03:00,SO2,0.0022
2023-08-18T00:00:00+03:00,NO,0.03
2023-08-18T00:00:00+03:00,PM2.5,
2023-08-18T00:00:00+03:00,CO,0.55
2023-08-18T00:00:00+03:00,PM10,
2023-08-18T00:00:00+03:00,NO2,0.047
2023-08-18T00:00:00+03:00,SO2,0.002
2023-08-18T00:00:00+03:00,OZ,0.0367
2023-08-19T00:00:00+03:00,OZ,0.0596
2023-08-19T00:00:00+03:00,PM2.5,
2023-08-19T00:00:00+03:00,SO2,0.0016
2023-08-19T00:00:00+03:00,CO,0.25
2023-08-19T00:00:00+03:00,NO2,0.024
2023-08-19T00:00:00+03:00,NO,0.003
2023-08-19T00:00:00+03:00,PM10,
2023-08-20T00:00:00+03:00,SO2,0.0016
2023-08-20T00:00:00+03:00,NO2,0.032
2023-08-20T00:00:00+03:00,PM2.5,
2023-08-20T00:00:00+03:00,OZ,0.0364
2023-08-20T00:00:00+03:00,NO,0.008
2023-08-20T00:00:00+03:00,PM10,
2023-08-20T00:00:00+03:00,CO,0.35
2023-08-21T00:00:00+03:00,PM10,
2023-08-21T00:00:00+03:00,NO,0.004
2023-08-21T00:00:00+03:00,CO,0.14
2023-08-21T00:00:00+03:00,PM2.5,
2023-08-21T00:00:00+03:00,NO2,0.012
2023-08-21T00:00:00+03:00,SO2,0.0027
2023-08-21T00:00:00+03:00,OZ,0.048
2023-08-22T00:00:00+03:00,PM10,
2023-08-22T00:00:00+03:00,NO,0.038
2023-08-22T00:00:00+03:00,OZ,0.0154
2023-08-22T00:00:00+03:00,PM2.5,
2023-08-22T00:00:00+03:00,SO2,0.0037
2023-08-22T00:00:00+03:00,NO2,0.05
2023-08-22T00:00:00+03:00,CO,0.37
2023-08-23T00:00:00+03:00,SO2,0.0025
2023-08-23T00:00:00+03:00,NO2,0.04
2023-08-23T00:00:00+03:00,PM2.5,
2023-08-23T00:00:00+03:00,PM10,
2023-08-23T00:00:00+03:00,OZ,0.0183
2023-08-23T00:00:00+03:00,CO,0.35
2023-08-23T00:00:00+03:00,NO,0.032
2023-08-24T00:00:00+03:00,CO,0.13
2023-08-24T00:00:00+03:00,OZ,0.0194
2023-08-24T00:00:00+03:00,SO2,0.0018
2023-08-24T00:00:00+03:00,NO2,0.026
2023-08-24T00:00:00+03:00,NO,0.008
2023-08-24T00:00:00+03:00,PM10,
2023-08-24T00:00:00+03:00,PM2.5,
2023-08-25T00:00:00+03:00,OZ,0.0241
2023-08-25T00:00:00+03:00,PM10,
2023-08-25T00:00:00+03:00,NO2,0.026
2023-08-25T00:00:00+03:00,PM2.5,
2023-08-25T00:00:00+03:00,CO,0.29
2023-08-25T00:00:00+03:00,SO2,0.003
2023-08-25T00:00:00+03:00,NO,0.022
2023-08-26T00:00:00+03:00,NO2,0.04
2023-08-26T00:00:00+03:00,SO2,0.0029
2023-08-26T00:00:00+03:00,PM2.5,
2023-08-26T00:00:00+03:00,NO,0.085
2023-08-26T00:00:00+03:00,CO,0.73
2023-08-26T00:00:00+03:00,OZ,0.0115
2023-08-26T00:00:00+03:00,PM10,
2023-08-27T00:00:00+03:00,OZ,0.0248
2023-08-27T00:00:00+03:00,PM10,
2023-08-27T00:00:00+03:00,CO,0.4
2023-08-27T00:00:00+03:00,SO2,0.0019
2023-08-27T00:00:00+03:00,NO2,0.028
2023-08-27T00:00:00+03:00,NO,0.024
2023-08-27T00:00:00+03:00,PM2.5,
2023-08-28T00:00:00+03:00,NO2,0.029
2023-08-28T00:00:00+03:00,NO,0.015
2023-08-28T00:00:00+03:00,CO,0.31
2023-08-28T00:00:00+03:00,OZ,0.0329
2023-08-28T00:00:00+03:00,PM10,
2023-08-28T00:00:00+03:00,PM2.5,
2023-08-28T00:00:00+03:00,SO2,0.003
2023-08-29T00:00:00+03:00,CO,0.27
2023-08-29T00:00:00+03:00,OZ,0.0211
2023-08-29T00:00:00+03:00,NO,0.013
2023-08-29T00:00:00+03:00,SO2,0.0028
2023-08-29T00:00:00+03:00,PM2.5,
2023-08-29T00:00:00+03:00,PM10,
2023-08-29T00:00:00+03:00,NO2,0.036
2023-08-30T00:00:00+03:00,NO2,0.028
2023-08-30T00:00:00+03:00,CO,0.31
2023-08-30T00:00:00+03:00,PM10,
2023-08-30T00:00:00+03:00,OZ,0.0354
2023-08-30T00:00:00+03:00,NO,0.013
2023-08-30T00:00:00+03:00,PM2.5,
2023-08-30T00:00:00+03:00,SO2,0.0025
2023-08-31T00:00:00+03:00,SO2,0.002
2023-08-31T00:00:00+03:00,CO,0.38
2023-08-31T00:00:00+03:00,PM10,
2023-08-31T00:00:00+03:00,NO,0.005
2023-08-31T00:00:00+03:00,PM2.5,
2023-08-31T00:00:00+03:00,OZ,0.0487
2023-08-31T00:00:00+03:00,NO2,0.031
2023-09-01T00:00:00+03:00,CO,0.25
2023-09-01T00:00:00+03:00,NO2,0.03
2023-09-01T00:00:00+03:00,NO,0.002
2023-09-01T00:00:00+03:00,PM2.5,0.014
2023-09-01T00:00:00+03:00,SO2,0.0017
2023-09-01T00:00:00+03:00,OZ,0.0622
2023-09-01T00:00:00+03:00,PM10,0.046
2023-09-02T00:00:00+03:00,PM10,0.051
2023-09-02T00:00:00+03:00,OZ,0.018
2023-09-02T00:00:00+03:00,PM2.5,0.023
2023-09-02T00:00:00+03:00,SO2,0.0019
2023-09-02T00:00:00+03:00,NO,0.017
2023-09-02T00:00:00+03:00,CO,0.48
2023-09-02T00:00:00+03:00,NO2,0.065
2023-09-03T00:00:00+03:00,SO2,0.0012
2023-09-03T00:00:00+03:00,OZ,0.0326
2023-09-03T00:00:00+03:00,CO,0.22
2023-09-03T00:00:00+03:00,NO2,0.033
2023-09-03T00:00:00+03:00,PM2.5,0.008
2023-09-03T00:00:00+03:00,PM10,0.015
2023-09-03T00:00:00+03:00,NO,0.006
2023-09-04T00:00:00+03:00,NO,0.031
2023-09-04T00:00:00+03:00,SO2,0.0015
2023-09-04T00:00:00+03:00,OZ,0.0231
2023-09-04T00:00:00+03:00,CO,0.42
2023-09-04T00:00:00+03:00,NO2,0.037
2023-09-04T00:00:00+03:00,PM10,0.026
2023-09-04T00:00:00+03:00,PM2.5,0.013
2023-09-05T00:00:00+03:00,PM2.5,0.006
2023-09-05T00:00:00+03:00,CO,0.11
2023-09-05T00:00:00+03:00,SO2,0.0011
2023-09-05T00:00:00+03:00,NO,0.011
2023-09-05T00:00:00+03:00,PM10,0.014
2023-09-05T00:00:00+03:00,NO2,0.031
2023-09-05T00:00:00+03:00,OZ,0.023
2023-09-06T00:00:00+03:00,CO,0.35
2023-09-06T00:00:00+03:00,NO,0.008
2023-09-06T00:00:00+03:00,SO2,0.0013
2023-09-06T00:00:00+03:00,NO2,0.037
2023-09-06T00:00:00+03:00,PM10,0.023
2023-09-06T00:00:00+03:00,OZ,0.0319
2023-09-06T00:00:00+03:00,PM2.5,0.007
2023-09-07T00:00:00+03:00,CO,0.13
2023-09-07T00:00:00+03:00,OZ,0.036
2023-09-07T00:00:00+03:00,SO2,0.0011
2023-09-07T00:00:00+03:00,PM2.5,0.004
2023-09-07T00:00:00+03:00,PM10,0.012
2023-09-07T00:00:00+03:00,NO,0.002
2023-09-07T00:00:00+03:00,NO2,0.022
2023-09-08T00:00:00+03:00,OZ,0.0368
2023-09-08T00:00:00+03:00,SO2,0.0013
2023-09-08T00:00:00+03:00,CO,0.18
2023-09-08T00:00:00+03:00,NO,0.002
2023-09-08T00:00:00+03:00,PM10,0.012
2023-09-08T00:00:00+03:00,NO2,0.02
2023-09-08T00:00:00+03:00,PM2.5,0.005
2023-09-09T00:00:00+03:00,NO,0.002
2023-09-09T00:00:00+03:00,NO2,0.014
2023-09-09T00:00:00+03:00,OZ,0.0223
2023-09-09T00:00:00+03:00,PM2.5,0.007
2023-09-09T00:00:00+03:00,PM10,0.015
2023-09-09T00:00:00+03:00,CO,0.28
2023-09-09T00:00:00+03:00,SO2,0.002
2023-09-10T00:00:00+03:00,CO,0.36
2023-09-10T00:00:00+03:00,PM10,0.023
2023-09-10T00:00:00+03:00,SO2,0.0022
2023-09-10T00:00:00+03:00,OZ,0.0325
2023-09-10T00:00:00+03:00,NO,0.004
2023-09-10T00:00:00+03:00,NO2,0.019
2023-09-10T00:00:00+03:00,PM2.5,0.013
2023-09-11T00:00:00+03:00,PM10,0.041
2023-09-11T00:00:00+03:00,NO,0.026
2023-09-11T00:00:00+03:00,NO2,0.028
2023-09-11T00:00:00+03:00,CO,0.47
2023-09-11T00:00:00+03:00,OZ,0.0159
2023-09-11T00:00:00+03:00,SO2,0.0024
2023-09-11T00:00:00+03:00,PM2.5,0.02
2023-09-12T00:00:00+03:00,NO,0.022
2023-09-12T00:00:00+03:00,SO2,0.0018
2023-09-12T00:00:00+03:00,CO,0.27
2023-09-12T00:00:00+03:00,NO2,0.029
2023-09-12T00:00:00+03:00,PM10,0.035
2023-09-12T00:00:00+03:00,PM2.5,0.015
2023-09-12T00:00:00+03:00,OZ,0.0219
2023-09-13T00:00:00+03:00,SO2,0.0026
2023-09-13T00:00:00+03:00,OZ,0.0224
2023-09-13T00:00:00+03:00,NO2,0.031
2023-09-13T00:00:00+03:00,NO,0.041
2023-09-13T00:00:00+03:00,PM2.5,0.016
2023-09-13T00:00:00+03:00,CO,0.33
2023-09-13T00:00:00+03:00,PM10,0.037
2023-09-14T00:00:00+03:00,SO2,0.0029
2023-09-14T00:00:00+03:00,NO2,0.036
2023-09-14T00:00:00+03:00,OZ,0.0254
2023-09-14T00:00:00+03:00,PM2.5,0.013
2023-09-14T00:00:00+03:00,CO,0.48
2023-09-14T00:00:00+03:00,NO,0.043
2023-09-14T00:00:00+03:00,PM10,0.038
2023-09-15T00:00:00+03:00,PM10,0.042
2023-09-15T00:00:00+03:00,NO2,0.049
2023-09-15T00:00:00+03:00,SO2,0.0026
2023-09-15T00:00:00+03:00,NO,0.035
2023-09-15T00:00:00+03:00,CO,0.34
2023-09-15T00:00:00+03:00,PM2.5,0.017
2023-09-15T00:00:00+03:00,OZ,0.0241
2023-09-16T00:00:00+03:00,CO,0.2
2023-09-16T00:00:00+03:00,PM10,0.017
2023-09-16T00:00:00+03:00,PM2.5,0.008
2023-09-16T00:00:00+03:00,NO,0.008
2023-09-16T00:00:00+03:00,OZ,0.0184
2023-09-16T00:00:00+03:00,SO2,0.0019
2023-09-16T00:00:00+03:00,NO2,0.031
2023-09-17T00:00:00+03:00,NO,0.042
2023-09-17T00:00:00+03:00,SO2,0.0032
2023-09-17T00:00:00+03:00,PM2.5,0.012
2023-09-17T00:00:00+03:00,PM10,0.03
2023-09-17T00:00:00+03:00,OZ,0.0175
2023-09-17T00:00:00+03:00,NO2,0.034
2023-09-17T00:00:00+03:00,CO,0.4
2023-09-18T00:00:00+03:00,NO,0.049
2023-09-18T00:00:00+03:00,PM10,0.026
2023-09-18T00:00:00+03:00,NO2,0.046
2023-09-18T00:00:00+03:00,SO2,0.0023
2023-09-18T00:00:00+03:00,CO,0.41
2023-09-18T00:00:00+03:00,OZ,0.0066
2023-09-18T00:00:00+03:00,PM2.5,0.011
2023-09-19T00:00:00+03:00,PM10,0.043
2023-09-19T00:00:00+03:00,SO2,0.0026
2023-09-19T00:00:00+03:00,OZ,0.0128
2023-09-19T00:00:00+03:00,PM2.5,0.016
2023-09-19T00:00:00+03:00,CO,0.37
2023-09-19T00:00:00+03:00,NO2,0.039
2023-09-19T00:00:00+03:00,NO,0.041
2023-09-20T00:00:00+03:00,CO,0.31
2023-09-20T00:00:00+03:00,OZ,0.0452
2023-09-20T00:00:00+03:00,PM2.5,0.017
2023-09-20T00:00:00+03:00,SO2,0.0076
2023-09-20T00:00:00+03:00,NO,0.007
2023-09-20T00:00:00+03:00,PM10,0.049
2023-09-20T00:00:00+03:00,NO2,0.059
2023-09-21T00:00:00+03:00,NO,0.021
2023-09-21T00:00:00+03:00,SO2,0.0043
2023-09-21T00:00:00+03:00,PM2.5,0.015
2023-09-21T00:00:00+03:00,NO2,0.05
2023-09-21T00:00:00+03:00,OZ,0.0388
2023-09-21T00:00:00+03:00,PM10,0.039
2023-09-21T00:00:00+03:00,CO,0.39
2023-09-22T00:00:00+03:00,NO,0.062
2023-09-22T00:00:00+03:00,PM2.5,0.02
2023-09-22T00:00:00+03:00,NO2,0.045
2023-09-22T00:00:00+03:00,SO2,0.0031
2023-09-22T00:00:00+03:00,PM10,0.057
2023-09-22T00:00:00+03:00,OZ,0.0315
2023-09-22T00:00:00+03:00,CO,0.58
2023-09-23T00:00:00+03:00,PM10,0.05
2023-09-23T00:00:00+03:00,NO,0.014
2023-09-23T00:00:00+03:00,CO,0.35
2023-09-23T00:00:00+03:00,PM2.5,0.015
2023-09-23T00:00:00+03:00,NO2,0.051
2023-09-23T00:00:00+03:00,OZ,0.0388
2023-09-23T00:00:00+03:00,SO2,0.0035
2023-09-24T00:00:00+03:00,OZ,0.0494
2023-09-24T00:00:00+03:00,NO2,0.043
2023-09-24T00:00:00+03:00,PM2.5,0.015
2023-09-24T00:00:00+03:00,NO,0.003
2023-09-24T00:00:00+03:00,PM10,0.049
2023-09-24T00:00:00+03:00,CO,0.23
2023-09-24T00:00:00+03:00,SO2,0.0045
2023-09-25T00:00:00+03:00,SO2,0.0032
2023-09-25T00:00:00+03:00,NO2,0.033
2023-09-25T00:00:00+03:00,PM2.5,0.009
2023-09-25T00:00:00+03:00,CO,0.21
2023-09-25T00:00:00+03:00,OZ,0.0368
2023-09-25T00:00:00+03:00,NO,0.004
2023-09-25T00:00:00+03:00,PM10,0.019
2023-09-26T00:00:00+03:00,NO,0.043
2023-09-26T00:00:00+03:00,PM2.5,0.01
2023-09-26T00:00:00+03:00,CO,0.39
2023-09-26T00:00:00+03:00,PM10,0.026
2023-09-26T00:00:00+03:00,OZ,0.0135
2023-09-26T00:00:00+03:00,SO2,0.0043
2023-09-26T00:00:00+03:00,NO2,0.043
2023-09-27T00:00:00+03:00,SO2,0.0038
2023-09-27T00:00:00+03:00,PM2.5,0.016
2023-09-27T00:00:00+03:00,NO,0.139
2023-09-27T00:00:00+03:00,OZ,0.0136
2023-09-27T00:00:00+03:00,CO,0.82
2023-09-27T00:00:00+03:00,NO2,0.048
2023-09-27T00:00:00+03:00,PM10,0.038
2023-09-28T00:00:00+03:00,SO2,0.0031
2023-09-28T00:00:00+03:00,PM2.5,0.016
2023-09-28T00:00:00+03:00,PM10,0.038
2023-09-28T00:00:00+03:00,CO,0.51
2023-09-28T00:00:00+03:00,OZ,0.0179
2023-09-28T00:00:00+03:00,NO,0.067
2023-09-28T00:00:00+03:00,NO2,0.055
2023-09-29T00:00:00+03:00,SO2,0.003
2023-09-29T00:00:00+03:00,CO,0.45
2023-09-29T00:00:00+03:00,PM10,0.038
2023-09-29T00:00:00+03:00,NO,0.051
2023-09-29T00:00:00+03:00,NO2,0.07
2023-09-29T00:00:00+03:00,PM2.5,0.014
2023-09-29T00:00:00+03:00,OZ,0.0138
2023-09-30T00:00:00+03:00,PM2.5,0.02
2023-09-30T00:00:00+03:00,NO,0.06
2023-09-30T00:00:00+03:00,CO,0.59
2023-09-30T00:00:00+03:00,OZ,0.0285
2023-09-30T00:00:00+03:00,SO2,0.0042
2023-09-30T00:00:00+03:00,NO2,0.056
2023-09-30T00:00:00+03:00,PM10,0.047
2023-10-01T00:00:00+03:00,NO2,0.035
2023-10-01T00:00:00+03:00,CO,0.17
2023-10-01T00:00:00+03:00,NO,0.003
2023-10-01T00:00:00+03:00,SO2,0.0052
2023-10-01T00:00:00+03:00,OZ,0.0425
2023-10-01T00:00:00+03:00,PM2.5,0.011
2023-10-01T00:00:00+03:00,PM10,0.024
2023-10-02T00:00:00+03:00,CO,0.36
2023-10-02T00:00:00+03:00,OZ,0.0096
2023-10-02T00:00:00+03:00,NO2,0.042
2023-10-02T00:00:00+03:00,PM2.5,0.007
2023-10-02T00:00:00+03:00,SO2,0.0027
2023-10-02T00:00:00+03:00,PM10,0.019
2023-10-02T00:00:00+03:00,NO,0.021
2023-10-03T00:00:00+03:00,PM2.5,0.006
2023-10-03T00:00:00+03:00,CO,0.22
2023-10-03T00:00:00+03:00,NO2,0.042
2023-10-03T00:00:00+03:00,OZ,0.0226
2023-10-03T00:00:00+03:00,SO2,0.0036
2023-10-03T00:00:00+03:00,PM10,0.018
2023-10-03T00:00:00+03:00,NO,0.008
2023-10-04T00:00:00+03:00,PM10,0.031
2023-10-04T00:00:00+03:00,CO,0.25
2023-10-04T00:00:00+03:00,NO,0.004
2023-10-04T00:00:00+03:00,SO2,0.0058
2023-10-04T00:00:00+03:00,NO2,0.037
2023-10-04T00:00:00+03:00,PM2.5,0.01
2023-10-04T00:00:00+03:00,OZ,0.0352
2023-10-05T00:00:00+03:00,PM2.5,0.007
2023-10-05T00:00:00+03:00,NO2,0.048
2023-10-05T00:00:00+03:00,NO,0.016
2023-10-05T00:00:00+03:00,SO2,0.0035
2023-10-05T00:00:00+03:00,OZ,0.016
2023-10-05T00:00:00+03:00,PM10,0.017
2023-10-05T00:00:00+03:00,CO,0.33
2023-10-06T00:00:00+03:00,PM10,0.012
2023-10-06T00:00:00+03:00,NO,0.005
2023-10-06T00:00:00+03:00,SO2,0.0035
2023-10-06T00:00:00+03:00,OZ,0.0223
2023-10-06T00:00:00+03:00,PM2.5,0.006
2023-10-06T00:00:00+03:00,CO,0.14
2023-10-06T00:00:00+03:00,NO2,0.035
2023-10-07T00:00:00+03:00,NO2,0.037
2023-10-07T00:00:00+03:00,NO,0.009
2023-10-07T00:00:00+03:00,CO,0.32
2023-10-07T00:00:00+03:00,OZ,0.0172
2023-10-07T00:00:00+03:00,SO2,0.0028
2023-10-07T00:00:00+03:00,PM10,0.009
2023-10-07T00:00:00+03:00,PM2.5,0.003
2023-10-08T00:00:00+03:00,PM2.5,0.003
2023-10-08T00:00:00+03:00,OZ,0.0329
2023-10-08T00:00:00+03:00,SO2,0.0025
2023-10-08T00:00:00+03:00,NO2,0.019
2023-10-08T00:00:00+03:00,NO,0.003
2023-10-08T00:00:00+03:00,PM10,0.007
2023-10-08T00:00:00+03:00,CO,0.28
2023-10-09T00:00:00+03:00,SO2,0.0024
2023-10-09T00:00:00+03:00,CO,0.16
2023-10-09T00:00:00+03:00,NO,0.004
2023-10-09T00:00:00+03:00,PM10,0.008
2023-10-09T00:00:00+03:00,PM2.5,0.005
2023-10-09T00:00:00+03:00,OZ,0.0188
2023-10-09T00:00:00+03:00,NO2,0.025
2023-10-10T00:00:00+03:00,PM10,0.009
2023-10-10T00:00:00+03:00,NO2,0.028
2023-10-10T00:00:00+03:00,CO,0.37
2023-10-10T00:00:00+03:00,SO2,0.0026
2023-10-10T00:00:00+03:00,PM2.5,0.005
2023-10-10T00:00:00+03:00,OZ,0.0194
2023-10-10T00:00:00+03:00,NO,0.006
2023-10-11T00:00:00+03:00,PM10,0.017
2023-10-11T00:00:00+03:00,NO2,0.044
2023-10-11T00:00:00+03:00,NO,0.025
2023-10-11T00:00:00+03:00,PM2.5,0.007
2023-10-11T00:00:00+03:00,SO2,0.0032
2023-10-11T00:00:00+03:00,OZ,0.0159
2023-10-11T00:00:00+03:00,CO,0.36
2023-10-12T00:00:00+03:00,NO2,0.039
2023-10-12T00:00:00+03:00,CO,0.29
2023-10-12T00:00:00+03:00,PM10,0.019
2023-10-12T00:00:00+03:00,OZ,0.0301
2023-10-12T00:00:00+03:00,PM2.5,0.009
2023-10-12T00:00:00+03:00,NO,0.005
2023-10-12T00:00:00+03:00,SO2,0.0036
2023-10-13T00:00:00+03:00,PM2.5,0.006
2023-10-13T00:00:00+03:00,NO2,0.034
2023-10-13T00:00:00+03:00,SO2,0.0006
2023-10-13T00:00:00+03:00,CO,0.22
2023-10-13T00:00:00+03:00,OZ,0.0361
2023-10-13T00:00:00+03:00,PM10,0.018
2023-10-13T00:00:00+03:00,NO,0.006
2023-10-14T00:00:00+03:00,PM2.5,0.01
2023-10-14T00:00:00+03:00,NO2,0.054
2023-10-14T00:00:00+03:00,NO,0.011
2023-10-14T00:00:00+03:00,PM10,0.023
2023-10-14T00:00:00+03:00,SO2,0.0033
2023-10-14T00:00:00+03:00,OZ,0.0134
2023-10-14T00:00:00+03:00,CO,0.23
2023-10-15T00:00:00+03:00,SO2,0.0027
2023-10-15T00:00:00+03:00,OZ,0.0177
2023-10-15T00:00:00+03:00,NO,0.009
2023-10-15T00:00:00+03:00,CO,0.25
2023-10-15T00:00:00+03:00,PM2.5,0.008
2023-10-15T00:00:00+03:00,PM10,0.017
2023-10-15T00:00:00+03:00,NO2,0.049
2023-10-16T00:00:00+03:00,OZ,0.0042
2023-10-16T00:00:00+03:00,PM2.5,0.006
2023-10-16T00:00:00+03:00,NO2,0.057
2023-10-16T00:00:00+03:00,PM10,0.015
2023-10-16T00:00:00+03:00,NO,0.025
2023-10-16T00:00:00+03:00,CO,0.3
2023-10-16T00:00:00+03:00,SO2,0.001
2023-10-17T00:00:00+03:00,PM2.5,0.005
2023-10-17T00:00:00+03:00,CO,0.22
2023-10-17T00:00:00+03:00,NO,0.006
2023-10-17T00:00:00+03:00,SO2,0.0006
2023-10-17T00:00:00+03:00,OZ,0.0202
2023-10-17T00:00:00+03:00,PM10,0.01
2023-10-17T00:00:00+03:00,NO2,0.032
2023-10-18T00:00:00+03:00,SO2,0.0009
2023-10-18T00:00:00+03:00,CO,0.39
2023-10-18T00:00:00+03:00,NO2,0.038
2023-10-18T00:00:00+03:00,NO,0.014
2023-10-18T00:00:00+03:00,PM10,0.013
2023-10-18T00:00:00+03:00,OZ,0.0165
2023-10-18T00:00:00+03:00,PM2.5,0.006
2023-10-19T00:00:00+03:00,PM2.5,0.009
2023-10-19T00:00:00+03:00,PM10,0.014
2023-10-19T00:00:00+03:00,NO2,0.044
2023-10-19T00:00:00+03:00,OZ,0.0061
2023-10-19T00:00:00+03:00,CO,0.41
2023-10-19T00:00:00+03:00,SO2,0.0013
2023-10-19T00:00:00+03:00,NO,0.019
2023-10-20T00:00:00+03:00,PM2.5,0.009
2023-10-20T00:00:00+03:00,PM10,0.014
2023-10-20T00:00:00+03:00,OZ,0.0075
2023-10-20T00:00:00+03:00,NO,0.019
2023-10-20T00:00:00+03:00,CO,0.37
2023-10-20T00:00:00+03:00,NO2,0.028
2023-10-20T00:00:00+03:00,SO2,0.0011
2023-10-21T00:00:00+03:00,NO,0.02
2023-10-21T00:00:00+03:00,OZ,0.0153
2023-10-21T00:00:00+03:00,PM10,0.015
2023-10-21T00:00:00+03:00,PM2.5,0.009
2023-10-21T00:00:00+03:00,SO2,0.0012
2023-10-21T00:00:00+03:00,NO2,0.016
2023-10-21T00:00:00+03:00,CO,0.31
2023-10-22T00:00:00+03:00,PM2.5,0.017
2023-10-22T00:00:00+03:00,NO,0.065
2023-10-22T00:00:00+03:00,SO2,0.0018
2023-10-22T00:00:00+03:00,OZ,0.0034
2023-10-22T00:00:00+03:00,NO2,0.033
2023-10-22T00:00:00+03:00,CO,0.6
2023-10-22T00:00:00+03:00,PM10,0.032
2023-10-23T00:00:00+03:00,PM2.5,0.006
2023-10-23T00:00:00+03:00,SO2,0.0013
2023-10-23T00:00:00+03:00,NO,0.028
2023-10-23T00:00:00+03:00,CO,0.18
2023-10-23T00:00:00+03:00,PM10,0.011
2023-10-23T00:00:00+03:00,OZ,0.0017
2023-10-23T00:00:00+03:00,NO2,0.024
2023-10-24T00:00:00+03:00,CO,0.18
2023-10-24T00:00:00+03:00,PM2.5,0.008
2023-10-24T00:00:00+03:00,NO,0.012
2023-10-24T00:00:00+03:00,OZ,0.0196
2023-10-24T00:00:00+03:00,PM10,0.011
2023-10-24T00:00:00+03:00,NO2,0.02
2023-10-24T00:00:00+03:00,SO2,0.0015
2023-10-25T00:00:00+03:00,OZ,0.0376
2023-10-25T00:00:00+03:00,PM10,0.014
2023-10-25T00:00:00+03:00,NO2,0.021
2023-10-25T00:00:00+03:00,NO,0.007
2023-10-25T00:00:00+03:00,SO2,0.0018
2023-10-25T00:00:00+03:00,CO,0.25
2023-10-25T00:00:00+03:00,PM2.5,0.006
2023-10-26T00:00:00+03:00,OZ,0.0368
2023-10-26T00:00:00+03:00,CO,0.16
2023-10-26T00:00:00+03:00,NO,0.006
2023-10-26T00:00:00+03:00,NO2,0.023
2023-10-26T00:00:00+03:00,PM10,0.022
2023-10-26T00:00:00+03:00,SO2,0.001
2023-10-26T00:00:00+03:00,PM2.5,0.007
2023-10-27T00:00:00+03:00,CO,0.31
2023-10-27T00:00:00+03:00,SO2,0.0008
2023-10-27T00:00:00+03:00,NO,0.012
2023-10-27T00:00:00+03:00,NO2,0.022
2023-10-27T00:00:00+03:00,PM2.5,0.007
2023-10-27T00:00:00+03:00,PM10,0.015
2023-10-27T00:00:00+03:00,OZ,0.0223
2023-10-28T00:00:00+03:00,OZ,0.0091
2023-10-28T00:00:00+03:00,PM10,0.01
2023-10-28T00:00:00+03:00,SO2,0.0012
2023-10-28T00:00:00+03:00,PM2.5,0.007
2023-10-28T00:00:00+03:00,NO2,0.02
2023-10-28T00:00:00+03:00,CO,0.19
2023-10-28T00:00:00+03:00,NO,0.012
2023-10-29T00:00:00+03:00,PM10,0.011
2023-10-29T00:00:00+03:00,PM2.5,0.007
2023-10-29T00:00:00+03:00,CO,0.21
2023-10-29T00:00:00+03:00,SO2,0.0012
2023-10-29T00:00:00+03:00,OZ,0.0036
2023-10-29T00:00:00+03:00,NO2,0.022
2023-10-29T00:00:00+03:00,NO,0.013
2023-10-30T00:00:00+03:00,PM2.5,0.01
2023-10-30T00:00:00+03:00,NO2,0.037
2023-10-30T00:00:00+03:00,PM10,0.017
2023-10-30T00:00:00+03:00,CO,0.39
2023-10-30T00:00:00+03:00,OZ,0.0026
2023-10-30T00:00:00+03:00,SO2,0.0025
2023-10-30T00:00:00+03:00,NO,0.073
2023-10-31T00:00:00+03:00,SO2,0.0039
2023-10-31T00:00:00+03:00,NO,0.066
2023-10-31T00:00:00+03:00,OZ,0.0072
2023-10-31T00:00:00+03:00,PM2.5,0.013
2023-10-31T00:00:00+03:00,NO2,0.05
2023-10-31T00:00:00+03:00,PM10,0.022
2023-10-31T00:00:00+03:00,CO,0.45
2023-11-01T00:00:00+03:00,PM2.5,0.013
2023-11-01T00:00:00+03:00,NO2,0.052
2023-11-01T00:00:00+03:00,SO2,0.0033
2023-11-01T00:00:00+03:00,PM10,0.032
2023-11-01T00:00:00+03:00,OZ,0.0126
2023-11-01T00:00:00+03:00,NO,0.01
2023-11-01T00:00:00+03:00,CO,0.38
2023-11-02T00:00:00+03:00,OZ,0.0144
2023-11-02T00:00:00+03:00,NO2,0.039
2023-11-02T00:00:00+03:00,PM10,0.014
2023-11-02T00:00:00+03:00,NO,0.008
2023-11-02T00:00:00+03:00,SO2,0.0022
2023-11-02T00:00:00+03:00,CO,0.26
2023-11-02T00:00:00+03:00,PM2.5,0.007
2023-11-03T00:00:00+03:00,NO2,0.035
2023-11-03T00:00:00+03:00,NO,0.012
2023-11-03T00:00:00+03:00,OZ,0.0192
2023-11-03T00:00:00+03:00,SO2,0.0068
2023-11-03T00:00:00+03:00,CO,0.23
2023-11-03T00:00:00+03:00,PM10,0.022
2023-11-03T00:00:00+03:00,PM2.5,0.008
2023-11-04T00:00:00+03:00,NO2,0.026
2023-11-04T00:00:00+03:00,CO,0.23
2023-11-04T00:00:00+03:00,OZ,0.0198
2023-11-04T00:00:00+03:00,PM2.5,0.008
2023-11-04T00:00:00+03:00,PM10,0.019
2023-11-04T00:00:00+03:00,NO,0.008
2023-11-04T00:00:00+03:00,SO2,0.0002
2023-11-05T00:00:00+03:00,SO2,0.0008
2023-11-05T00:00:00+03:00,NO2,0.019
2023-11-05T00:00:00+03:00,CO,0.1
2023-11-05T00:00:00+03:00,OZ,0.0252
2023-11-05T00:00:00+03:00,PM10,0.02
2023-11-05T00:00:00+03:00,PM2.5,0.009
2023-11-05T00:00:00+03:00,NO,0.004
2023-11-06T00:00:00+03:00,PM10,0.013
2023-11-06T00:00:00+03:00,NO2,0.032
2023-11-06T00:00:00+03:00,OZ,0.0185
2023-11-06T00:00:00+03:00,PM2.5,0.007
2023-11-06T00:00:00+03:00,NO,0.005
2023-11-06T00:00:00+03:00,CO,0.1
2023-11-06T00:00:00+03:00,SO2,0.0009
2023-11-07T00:00:00+03:00,NO2,0.037
2023-11-07T00:00:00+03:00,PM10,0.012
2023-11-07T00:00:00+03:00,NO,0.007
2023-11-07T00:00:00+03:00,CO,0.17
2023-11-07T00:00:00+03:00,OZ,0.0182
2023-11-07T00:00:00+03:00,PM2.5,0.006
2023-11-07T00:00:00+03:00,SO2,0.0087
2023-11-08T00:00:00+03:00,PM2.5,0.008
2023-11-08T00:00:00+03:00,NO,0.02
2023-11-08T00:00:00+03:00,SO2,0.0022
2023-11-08T00:00:00+03:00,NO2,0.044
2023-11-08T00:00:00+03:00,OZ,0.0124
2023-11-08T00:00:00+03:00,CO,0.3
2023-11-08T00:00:00+03:00,PM10,0.026
2023-11-09T00:00:00+03:00,PM2.5,0.011
2023-11-09T00:00:00+03:00,SO2,0.0031
2023-11-09T00:00:00+03:00,CO,0.45
2023-11-09T00:00:00+03:00,NO2,0.037
2023-11-09T00:00:00+03:00,PM10,0.031
2023-11-09T00:00:00+03:00,NO,0.075
2023-11-09T00:00:00+03:00,OZ,0.0075
2023-11-10T00:00:00+03:00,NO2,0.042
2023-11-10T00:00:00+03:00,PM10,0.031
2023-11-10T00:00:00+03:00,SO2,0.0055
2023-11-10T00:00:00+03:00,CO,0.27
2023-11-10T00:00:00+03:00,OZ,0.009
2023-11-10T00:00:00+03:00,PM2.5,0.009
2023-11-10T00:00:00+03:00,NO,0.021
2023-11-11T00:00:00+03:00,CO,0.15
2023-11-11T00:00:00+03:00,PM2.5,0.011
2023-11-11T00:00:00+03:00,OZ,0.014
2023-11-11T00:00:00+03:00,SO2,0.018
2023-11-11T00:00:00+03:00,NO2,0.043
2023-11-11T00:00:00+03:00,NO,0.008
2023-11-11T00:00:00+03:00,PM10,0.028
2023-11-12T00:00:00+03:00,NO,0.007
2023-11-12T00:00:00+03:00,OZ,0.032
2023-11-12T00:00:00+03:00,PM2.5,0.006
2023-11-12T00:00:00+03:00,SO2,0.0018
2023-11-12T00:00:00+03:00,NO2,0.021
2023-11-12T00:00:00+03:00,PM10,0.013
2023-11-12T00:00:00+03:00,CO,0.25
2023-11-13T00:00:00+03:00,SO2,0.0027
2023-11-13T00:00:00+03:00,NO2,0.026
2023-11-13T00:00:00+03:00,NO,0.008
2023-11-13T00:00:00+03:00,OZ,0.0175
2023-11-13T00:00:00+03:00,PM10,0.009
2023-11-13T00:00:00+03:00,CO,0.14
2023-11-13T00:00:00+03:00,PM2.5,0.004
2023-11-14T00:00:00+03:00,OZ,0.0153
2023-11-14T00:00:00+03:00,SO2,0.0029
2023-11-14T00:00:00+03:00,CO,0.27
2023-11-14T00:00:00+03:00,PM2.5,0.005
2023-11-14T00:00:00+03:00,NO,0.009
2023-11-14T00:00:00+03:00,NO2,0.038
2023-11-14T00:00:00+03:00,PM10,0.008
2023-11-15T00:00:00+03:00,PM2.5,0.015
2023-11-15T00:00:00+03:00,PM10,0.036
2023-11-15T00:00:00+03:00,OZ,0.0052
2023-11-15T00:00:00+03:00,SO2,0.0028
2023-11-15T00:00:00+03:00,CO,0.35
2023-11-15T00:00:00+03:00,NO2,0.05
2023-11-15T00:00:00+03:00,NO,0.062
2023-11-16T00:00:00+03:00,OZ,0.002
2023-11-16T00:00:00+03:00,SO2,0.0022
2023-11-16T00:00:00+03:00,CO,0.19
2023-11-16T00:00:00+03:00,NO,0.036
2023-11-16T00:00:00+03:00,PM10,0.02
2023-11-16T00:00:00+03:00,NO2,0.031
2023-11-16T00:00:00+03:00,PM2.5,0.009
2023-11-17T00:00:00+03:00,SO2,0.0018
2023-11-17T00:00:00+03:00,OZ,0.045
2023-11-17T00:00:00+03:00,NO2,0.019
2023-11-17T00:00:00+03:00,NO,0.004
2023-11-17T00:00:00+03:00,PM10,0.008
2023-11-17T00:00:00+03:00,PM2.5,0.005
2023-11-17T00:00:00+03:00,CO,0.22
2023-11-18T00:00:00+03:00,CO,0.38
2023-11-18T00:00:00+03:00,NO2,0.059
2023-11-18T00:00:00+03:00,NO,0.04
2023-11-18T00:00:00+03:00,SO2,0.0034
2023-11-18T00:00:00+03:00,PM2.5,0.015
2023-11-18T00:00:00+03:00,PM10,0.03
2023-11-18T00:00:00+03:00,OZ,0.0121
2023-11-19T00:00:00+03:00,PM2.5,0.022
2023-11-19T00:00:00+03:00,OZ,0.0049
2023-11-19T00:00:00+03:00,PM10,0.035
2023-11-19T00:00:00+03:00,NO2,0.059
2023-11-19T00:00:00+03:00,SO2,0.0025
2023-11-19T00:00:00+03:00,CO,0.75
2023-11-19T00:00:00+03:00,NO,0.095
2023-11-20T00:00:00+03:00,NO,0.012
2023-11-20T00:00:00+03:00,OZ,0.0209
2023-11-20T00:00:00+03:00,NO2,0.031
2023-11-20T00:00:00+03:00,SO2,0.0052
2023-11-20T00:00:00+03:00,PM10,0.019
2023-11-20T00:00:00+03:00,CO,0.37
2023-11-20T00:00:00+03:00,PM2.5,0.011
2023-11-21T00:00:00+03:00,PM10,0.015
2023-11-21T00:00:00+03:00,OZ,0.0242
2023-11-21T00:00:00+03:00,CO,0.12
2023-11-21T00:00:00+03:00,PM2.5,0.007
2023-11-21T00:00:00+03:00,NO,0.003
2023-11-21T00:00:00+03:00,SO2,0.0024
2023-11-21T00:00:00+03:00,NO2,0.027
2023-11-22T00:00:00+03:00,OZ,0.0263
2023-11-22T00:00:00+03:00,PM2.5,0.006
2023-11-22T00:00:00+03:00,NO,0.004
2023-11-22T00:00:00+03:00,PM10,0.012
2023-11-22T00:00:00+03:00,SO2,0.0014
2023-11-22T00:00:00+03:00,NO2,0.036
2023-11-22T00:00:00+03:00,CO,0.12
2023-11-23T00:00:00+03:00,CO,0.12
2023-11-23T00:00:00+03:00,PM10,0.011
2023-11-23T00:00:00+03:00,NO2,0.036
2023-11-23T00:00:00+03:00,SO2,0.0016
2023-11-23T00:00:00+03:00,PM2.5,0.003
2023-11-23T00:00:00+03:00,OZ,0.0355
2023-11-23T00:00:00+03:00,NO,0.004
2023-11-24T00:00:00+03:00,CO,0.33
2023-11-24T00:00:00+03:00,NO2,0.042
2023-11-24T00:00:00+03:00,PM10,0.019
2023-11-24T00:00:00+03:00,OZ,0.0132
2023-11-24T00:00:00+03:00,NO,0.019
2023-11-24T00:00:00+03:00,PM2.5,0.012
2023-11-24T00:00:00+03:00,SO2,0.002
2023-11-25T00:00:00+03:00,PM10,0.023
2023-11-25T00:00:00+03:00,SO2,0.0031
2023-11-25T00:00:00+03:00,NO,0.049
2023-11-25T00:00:00+03:00,NO2,0.046
2023-11-25T00:00:00+03:00,CO,0.46
2023-11-25T00:00:00+03:00,OZ,0.0049
2023-11-25T00:00:00+03:00,PM2.5,0.017
2023-11-26T00:00:00+03:00,CO,0.49
2023-11-26T00:00:00+03:00,PM10,0.022
2023-11-26T00:00:00+03:00,OZ,0.0051
2023-11-26T00:00:00+03:00,SO2,0.0035
2023-11-26T00:00:00+03:00,NO2,0.045
2023-11-26T00:00:00+03:00,PM2.5,0.016
2023-11-26T00:00:00+03:00,NO,0.061
2023-11-27T00:00:00+03:00,PM2.5,0.005
2023-11-27T00:00:00+03:00,SO2,0.0025
2023-11-27T00:00:00+03:00,NO,0.013
2023-11-27T00:00:00+03:00,OZ,0.0229
2023-11-27T00:00:00+03:00,CO,0.17
2023-11-27T00:00:00+03:00,PM10,0.011
2023-11-27T00:00:00+03:00,NO2,0.025
2023-11-28T00:00:00+03:00,NO,0.009
2023-11-28T00:00:00+03:00,SO2,0.0019
2023-11-28T00:00:00+03:00,NO2,0.037
2023-11-28T00:00:00+03:00,PM10,0.015
2023-11-28T00:00:00+03:00,OZ,0.0146
2023-11-28T00:00:00+03:00,CO,0.23
2023-11-28T00:00:00+03:00,PM2.5,0.009
2023-11-29T00:00:00+03:00,NO,0.016
2023-11-29T00:00:00+03:00,NO2,0.043
2023-11-29T00:00:00+03:00,CO,0.2
2023-11-29T00:00:00+03:00,SO2,0.0038
2023-11-29T00:00:00+03:00,OZ,0.0187
2023-11-29T00:00:00+03:00,PM10,0.018
2023-11-29T00:00:00+03:00,PM2.5,0.01
2023-11-30T00:00:00+03:00,NO2,0.031
2023-11-30T00:00:00+03:00,SO2,0.0022
2023-11-30T00:00:00+03:00,NO,0.006
2023-11-30T00:00:00+03:00,CO,0.24
2023-11-30T00:00:00+03:00,PM10,0.013
2023-11-30T00:00:00+03:00,PM2.5,0.007
2023-11-30T00:00:00+03:00,OZ,0.0255
2023-12-01T00:00:00+03:00,OZ,0.0176
2023-12-01T00:00:00+03:00,PM10,0.018
2023-12-01T00:00:00+03:00,NO,0.014
2023-12-01T00:00:00+03:00,SO2,0.0034
2023-12-01T00:00:00+03:00,CO,0.22
2023-12-01T00:00:00+03:00,NO2,0.047
2023-12-01T00:00:00+03:00,PM2.5,0.012
2023-12-02T00:00:00+03:00,CO,0.59
2023-12-02T00:00:00+03:00,OZ,0.0021
2023-12-02T00:00:00+03:00,SO2,0.0049
2023-12-02T00:00:00+03:00,PM10,0.026
2023-12-02T00:00:00+03:00,PM2.5,0.019
2023-12-02T00:00:00+03:00,NO2,0.061
2023-12-02T00:00:00+03:00,NO,0.055
2023-12-03T00:00:00+03:00,PM2.5,0.013
2023-12-03T00:00:00+03:00,CO,0.29
2023-12-03T00:00:00+03:00,SO2,0.0034
2023-12-03T00:00:00+03:00,OZ,0.0144
2023-12-03T00:00:00+03:00,PM10,0.017
2023-12-03T00:00:00+03:00,NO2,0.046
2023-12-03T00:00:00+03:00,NO,0.016
2023-12-04T00:00:00+03:00,CO,0.39
2023-12-04T00:00:00+03:00,PM2.5,0.012
2023-12-04T00:00:00+03:00,PM10,0.016
2023-12-04T00:00:00+03:00,OZ,0.0089
2023-12-04T00:00:00+03:00,SO2,0.0025
2023-12-04T00:00:00+03:00,NO,0.013
2023-12-04T00:00:00+03:00,NO2,0.042
2023-12-05T00:00:00+03:00,CO,0.58
2023-12-05T00:00:00+03:00,PM10,0.021
2023-12-05T00:00:00+03:00,SO2,0.0032
2023-12-05T00:00:00+03:00,NO,0.128
2023-12-05T00:00:00+03:00,PM2.5,0.016
2023-12-05T00:00:00+03:00,OZ,0.0018
2023-12-05T00:00:00+03:00,NO2,0.062
2023-12-06T00:00:00+03:00,SO2,0.0057
2023-12-06T00:00:00+03:00,CO,0.51
2023-12-06T00:00:00+03:00,NO2,0.058
2023-12-06T00:00:00+03:00,OZ,0.0015
2023-12-06T00:00:00+03:00,PM10,0.022
2023-12-06T00:00:00+03:00,PM2.5,0.016
2023-12-06T00:00:00+03:00,NO,0.09
