datetime,pollutant,concentration
2022-05-13T00:00:00+03:00,CO,0.25
2022-05-13T00:00:00+03:00,PM2.5,0.006
2022-05-13T00:00:00+03:00,C6H5OH (фенол),0.001
2022-05-13T00:00:00+03:00,SO2,0.0008
2022-05-13T00:00:00+03:00,OZ,0.0365
2022-05-13T00:00:00+03:00,NO2,0.036
2022-05-13T00:00:00+03:00,CH2O (формальдегид),0.0046
2022-05-13T00:00:00+03:00,C6H6 (бензол),0.003
2022-05-13T00:00:00+03:00,NO,0.016
2022-05-14T00:00:00+03:00,CO,0.34
2022-05-14T00:00:00+03:00,CH2O (формальдегид),0.0061
2022-05-14T00:00:00+03:00,C6H6 (бензол),0.003
2022-05-14T00:00:00+03:00,NO,0.016
2022-05-14T00:00:00+03:00,PM2.5,0.008
2022-05-14T00:00:00+03:00,NO2,0.037
2022-05-14T00:00:00+03:00,C6H5OH (фенол),0.0009
2022-05-14T00:00:00+03:00,OZ,0.0286
2022-05-14T00:00:00+03:00,SO2,0.0007
2022-05-15T00:00:00+03:00,OZ,0.0286
2022-05-15T00:00:00+03:00,C6H6 (бензол),0.003
2022-05-15T00:00:00+03:00,PM2.5,0.008
2022-05-15T00:00:00+03:00,CH2O (формальдегид),0.0045
2022-05-15T00:00:00+03:00,NO,0.018
2022-05-15T00:00:00+03:00,SO2,0.0007
2022-05-15T00:00:00+03:00,C6H5OH (фенол),0.0009
2022-05-15T00:00:00+03:00,NO2,0.042
2022-05-15T00:00:00+03:00,CO,0.24
2022-05-16T00:00:00+03:00,NO,0.013
2022-05-16T00:00:00+03:00,OZ,0.0316
2022-05-16T00:00:00+03:00,CH2O (формальдегид),0.0055
2022-05-16T00:00:00+03:00,PM2.5,0.006
2022-05-16T00:00:00+03:00,CO,0.17
2022-05-16T00:00:00+03:00,NO2,0.031
2022-05-16T00:00:00+03:00,SO2,0.0008
2022-05-16T00:00:00+03:00,C6H5OH (фенол),0.0009
2022-05-16T00:00:00+03:00,C6H6 (бензол),0.003
2022-05-17T00:00:00+03:00,NO2,0.034
2022-05-17T00:00:00+03:00,OZ,0.0195
2022-05-17T00:00:00+03:00,CO,0.48
2022-05-17T00:00:00+03:00,PM2.5,0.008
2022-05-17T00:00:00+03:00,C6H5OH (фенол),0.0003
2022-05-17T00:00:00+03:00,SO2,0.0006
2022-05-17T00:00:00+03:00,NO,0.02
2022-05-17T00:00:00+03:00,CH2O (формальдегид),0.0051
2022-05-17T00:00:00+03:00,C6H6 (бензол),0.002
2022-05-18T00:00:00+03:00,PM2.5,0.007
2022-05-18T00:00:00+03:00,NO,0.013
2022-05-18T00:00:00+03:00,OZ,0.0306
2022-05-18T00:00:00+03:00,CH2O (формальдегид),0.006
2022-05-18T00:00:00+03:00,C6H5OH (фенол),0.0006
2022-05-18T00:00:00+03:00,SO2,0.001
2022-05-18T00:00:00+03:00,NO2,0.031
2022-05-18T00:00:00+03:00,C6H6 (бензол),0.003
2022-05-18T00:00:00+03:00,CO,0.16
2022-05-19T00:00:00+03:00,SO2,0.0005
2022-05-19T00:00:00+03:00,CO,0.19
2022-05-19T00:00:00+03:00,PM2.5,0.009
2022-05-19T00:00:00+03:00,NO,0.02
2022-05-19T00:00:00+03:00,CH2O (формальдегид),0.0051
2022-05-19T00:00:00+03:00,C6H6 (бензол),0.003
2022-05-19T00:00:00+03:00,C6H5OH (фенол),0.001
2022-05-19T00:00:00+03:00,OZ,0.0239
2022-05-19T00:00:00+03:00,NO2,0.042
2022-05-20T00:00:00+03:00,C6H5OH (фенол),0.0016
2022-05-20T00:00:00+03:00,NO2,0.037
2022-05-20T00:00:00+03:00,CO,0.37
2022-05-20T00:00:00+03:00,C6H6 (бензол),0.002
2022-05-20T00:00:00+03:00,PM2.5,0.006
2022-05-20T00:00:00+03:00,SO2,0.0009
2022-05-20T00:00:00+03:00,CH2O (формальдегид),0.0038
2022-05-20T00:00:00+03:00,OZ,0.0344
2022-05-20T00:00:00+03:00,NO,0.028
2022-05-21T00:00:00+03:00,SO2,0.0019
2022-05-21T00:00:00+03:00,OZ,0.0268
2022-05-21T00:00:00+03:00,PM2.5,0.014
2022-05-21T00:00:00+03:00,CO,0.72
2022-05-21T00:00:00+03:00,C6H6 (бензол),0.001
2022-05-21T00:00:00+03:00,NO,0.077
2022-05-21T00:00:00+03:00,NO2,0.058
2022-05-21T00:00:00+03:00,C6H5OH (фенол),0.0012
2022-05-21T00:00:00+03:00,CH2O (формальдегид),0.0043
2022-05-22T00:00:00+03:00,C6H6 (бензол),0.001
2022-05-22T00:00:00+03:00,C6H5OH (фенол),0.0013
2022-05-22T00:00:00+03:00,NO,0.014
2022-05-22T00:00:00+03:00,CO,0.07
2022-05-22T00:00:00+03:00,CH2O (формальдегид),0.0034
2022-05-22T00:00:00+03:00,OZ,0.0527
2022-05-22T00:00:00+03:00,SO2,0.0018
2022-05-22T00:00:00+03:00,PM2.5,0.008
2022-05-22T00:00:00+03:00,NO2,0.026
2022-05-23T00:00:00+03:00,OZ,0.0434
2022-05-23T00:00:00+03:00,C6H6 (бензол),0.001
2022-05-23T00:00:00+03:00,CO,0.37
2022-05-23T00:00:00+03:00,NO,0.014
2022-05-23T00:00:00+03:00,C6H5OH (фенол),0.0011
2022-05-23T00:00:00+03:00,SO2,0.0008
2022-05-23T00:00:00+03:00,NO2,0.031
2022-05-23T00:00:00+03:00,PM2.5,0.008
2022-05-23T00:00:00+03:00,CH2O (формальдегид),0.0015
2022-05-24T00:00:00+03:00,C6H6 (бензол),0.001
2022-05-24T00:00:00+03:00,PM2.5,0.009
2022-05-24T00:00:00+03:00,C6H5OH (фенол),0.0007
2022-05-24T00:00:00+03:00,CH2O (формальдегид),0.0033
2022-05-24T00:00:00+03:00,SO2,0.0007
2022-05-24T00:00:00+03:00,OZ,0.036
2022-05-24T00:00:00+03:00,CO,0.3
2022-05-24T00:00:00+03:00,NO2,0.039
2022-05-24T00:00:00+03:00,NO,0.018
2022-05-25T00:00:00+03:00,C6H5OH (фенол),0.0008
2022-05-25T00:00:00+03:00,CO,0.28
2022-05-25T00:00:00+03:00,C6H6 (бензол),0
2022-05-25T00:00:00+03:00,CH2O (формальдегид),0.0026
2022-05-25T00:00:00+03:00,NO2,0.031
2022-05-25T00:00:00+03:00,SO2,0.0008
2022-05-25T00:00:00+03:00,NO,0.023
2022-05-25T00:00:00+03:00,PM2.5,0.007
2022-05-25T00:00:00+03:00,OZ,0.0244
2022-05-26T00:00:00+03:00,SO2,0.0005
2022-05-26T00:00:00+03:00,C6H6 (бензол),0.001
2022-05-26T00:00:00+03:00,CO,0.37
2022-05-26T00:00:00+03:00,PM2.5,0.013
2022-05-26T00:00:00+03:00,OZ,0.0189
2022-05-26T00:00:00+03:00,C6H5OH (фенол),0.0009
2022-05-26T00:00:00+03:00,CH2O (формальдегид),0.0047
2022-05-26T00:00:00+03:00,NO2,0.053
2022-05-26T00:00:00+03:00,NO,0.045
2022-05-27T00:00:00+03:00,C6H5OH (фенол),0.0012
2022-05-27T00:00:00+03:00,PM2.5,0.007
2022-05-27T00:00:00+03:00,CO,0.39
2022-05-27T00:00:00+03:00,OZ,0.0306
2022-05-27T00:00:00+03:00,C6H6 (бензол),0
2022-05-27T00:00:00+03:00,NO2,0.042
2022-05-27T00:00:00+03:00,SO2,0.0005
2022-05-27T00:00:00+03:00,NO,0.021
2022-05-27T00:00:00+03:00,CH2O (формальдегид),0.0031
2022-05-28T00:00:00+03:00,PM2.5,0.011
2022-05-28T00:00:00+03:00,C6H5OH (фенол),0.0008
2022-05-28T00:00:00+03:00,C6H6 (бензол),0
2022-05-28T00:00:00+03:00,NO,0.044
2022-05-28T00:00:00+03:00,SO2,0.0005
2022-05-28T00:00:00+03:00,OZ,0.0213
2022-05-28T00:00:00+03:00,CO,0.27
2022-05-28T00:00:00+03:00,CH2O (формальдегид),0.0042
2022-05-28T00:00:00+03:00,NO2,0.052
2022-05-29T00:00:00+03:00,NO,0.032
2022-05-29T00:00:00+03:00,CH2O (формальдегид),0.0032
2022-05-29T00:00:00+03:00,OZ,0.0299
2022-05-29T00:00:00+03:00,C6H5OH (фенол),0.0009
2022-05-29T00:00:00+03:00,C6H6 (бензол),0.001
2022-05-29T00:00:00+03:00,SO2,0.0006
2022-05-29T00:00:00+03:00,PM2.5,0.009
2022-05-29T00:00:00+03:00,CO,0.29
2022-05-29T00:00:00+03:00,NO2,0.047
2022-05-30T00:00:00+03:00,CO,0.46
2022-05-30T00:00:00+03:00,CH2O (формальдегид),0.0048
2022-05-30T00:00:00+03:00,C6H5OH (фенол),0.0009
2022-05-30T00:00:00+03:00,C6H6 (бензол),0.001
2022-05-30T00:00:00+03:00,OZ,0.0265
2022-05-30T00:00:00+03:00,SO2,0.0009
2022-05-30T00:00:00+03:00,NO2,0.064
2022-05-30T00:00:00+03:00,PM2.5,0.012
2022-05-30T00:00:00+03:00,NO,0.051
2022-05-31T00:00:00+03:00,C6H5OH (фенол),0.0007
2022-05-31T00:00:00+03:00,PM2.5,0.017
2022-05-31T00:00:00+03:00,C6H6 (бензол),0.001
2022-05-31T00:00:00+03:00,OZ,0.0129
2022-05-31T00:00:00+03:00,NO,0.075
2022-05-31T00:00:00+03:00,CO,0.61
2022-05-31T00:00:00+03:00,SO2,0.0022
2022-05-31T00:00:00+03:00,CH2O (формальдегид),0.0056
2022-05-31T00:00:00+03:00,NO2,0.074
2022-06-01T00:00:00+03:00,OZ,0.0268
2022-06-01T00:00:00+03:00,NO2,0.062
2022-06-01T00:00:00+03:00,CO,0.63
2022-06-01T00:00:00+03:00,PM2.5,0.017
2022-06-01T00:00:00+03:00,C6H5OH (фенол),0.0008
2022-06-01T00:00:00+03:00,C6H6 (бензол),0.001
2022-06-01T00:00:00+03:00,NO,0.058
2022-06-01T00:00:00+03:00,SO2,0.002
2022-06-01T00:00:00+03:00,CH2O (формальдегид),0.006
2022-06-02T00:00:00+03:00,C6H5OH (фенол),0.0011
2022-06-02T00:00:00+03:00,OZ,0.0323
2022-06-02T00:00:00+03:00,C6H6 (бензол),0.001
2022-06-02T00:00:00+03:00,NO2,0.059
2022-06-02T00:00:00+03:00,PM2.5,0.015
2022-06-02T00:00:00+03:00,SO2,0.0019
2022-06-02T00:00:00+03:00,NO,0.051
2022-06-02T00:00:00+03:00,CO,0.43
2022-06-02T00:00:00+03:00,CH2O (формальдегид),0.005
2022-06-03T00:00:00+03:00,CH2O (формальдегид),0.0045
2022-06-03T00:00:00+03:00,NO2,0.051
2022-06-03T00:00:00+03:00,PM2.5,0.014
2022-06-03T00:00:00+03:00,OZ,0.0207
2022-06-03T00:00:00+03:00,C6H5OH (фенол),0.001
2022-06-03T00:00:00+03:00,SO2,0.0006
2022-06-03T00:00:00+03:00,C6H6 (бензол),0.001
2022-06-03T00:00:00+03:00,NO,0.034
2022-06-03T00:00:00+03:00,CO,0.51
2022-06-04T00:00:00+03:00,CO,0.32
2022-06-04T00:00:00+03:00,NO,0.034
2022-06-04T00:00:00+03:00,CH2O (формальдегид),0.0047
2022-06-04T00:00:00+03:00,SO2,0.0007
2022-06-04T00:00:00+03:00,NO2,0.05
2022-06-04T00:00:00+03:00,OZ,0.0282
2022-06-04T00:00:00+03:00,C6H5OH (фенол),0.001
2022-06-04T00:00:00+03:00,PM2.5,0.01
2022-06-04T00:00:00+03:00,C6H6 (бензол),0.001
2022-06-05T00:00:00+03:00,C6H5OH (фенол),0.0012
2022-06-05T00:00:00+03:00,SO2,0.0005
2022-06-05T00:00:00+03:00,NO2,0.048
2022-06-05T00:00:00+03:00,CO,0.86
2022-06-05T00:00:00+03:00,C6H6 (бензол),0.002
2022-06-05T00:00:00+03:00,CH2O (формальдегид),0.0044
2022-06-05T00:00:00+03:00,OZ,0.026
2022-06-05T00:00:00+03:00,NO,0.096
2022-06-05T00:00:00+03:00,PM2.5,0.017
2022-06-06T00:00:00+03:00,CH2O (формальдегид),0.0041
2022-06-06T00:00:00+03:00,C6H6 (бензол),0.001
2022-06-06T00:00:00+03:00,SO2,0.0007
2022-06-06T00:00:00+03:00,NO,0.023
2022-06-06T00:00:00+03:00,C6H5OH (фенол),0.001
2022-06-06T00:00:00+03:00,NO2,0.044
2022-06-06T00:00:00+03:00,PM2.5,0.01
2022-06-06T00:00:00+03:00,CO,0.28
2022-06-06T00:00:00+03:00,OZ,0.0245
2022-06-07T00:00:00+03:00,CO,0.43
2022-06-07T00:00:00+03:00,C6H5OH (фенол),0.0011
2022-06-07T00:00:00+03:00,C6H5OH (фенол),0.001
2022-06-07T00:00:00+03:00,NO2,0.044
2022-06-07T00:00:00+03:00,C6H6 (бензол),0.001
2022-06-07T00:00:00+03:00,OZ,0.0275
2022-06-07T00:00:00+03:00,NO,0.03
2022-06-07T00:00:00+03:00,SO2,0.0008
2022-06-07T00:00:00+03:00,CH2O (формальдегид),0.0037
2022-06-07T00:00:00+03:00,SO2,0.0007
2022-06-07T00:00:00+03:00,OZ,0.0295
2022-06-07T00:00:00+03:00,PM2.5,
2022-06-08T00:00:00+03:00,PM2.5,
2022-06-08T00:00:00+03:00,C6H6 (бензол),0.002
2022-06-08T00:00:00+03:00,NO,0.107
2022-06-08T00:00:00+03:00,NO2,0.071
2022-06-08T00:00:00+03:00,OZ,0.0282
2022-06-08T00:00:00+03:00,OZ,0.0309
2022-06-08T00:00:00+03:00,CH2O (формальдегид),0.0065
2022-06-08T00:00:00+03:00,CH2O (формальдегид),0.0068
2022-06-08T00:00:00+03:00,C6H5OH (фенол),0.0013
2022-06-08T00:00:00+03:00,SO2,0.001
2022-06-08T00:00:00+03:00,CO,0.84
2022-06-08T00:00:00+03:00,SO2,0.0009
2022-06-08T00:00:00+03:00,C6H5OH (фенол),0.0014
2022-06-09T00:00:00+03:00,SO2,0.0011
2022-06-09T00:00:00+03:00,PM2.5,
2022-06-09T00:00:00+03:00,C6H5OH (фенол),0.0018
2022-06-09T00:00:00+03:00,NO,0.138
2022-06-09T00:00:00+03:00,OZ,0.0316
2022-06-09T00:00:00+03:00,C6H6 (бензол),0.003
2022-06-09T00:00:00+03:00,CH2O (формальдегид),0.0084
2022-06-09T00:00:00+03:00,CO,0.97
2022-06-09T00:00:00+03:00,NO2,0.094
2022-06-09T00:00:00+03:00,OZ,0.0315
2022-06-10T00:00:00+03:00,CH2O (формальдегид),0.008
2022-06-10T00:00:00+03:00,C6H5OH (фенол),0.0015
2022-06-10T00:00:00+03:00,OZ,0.0242
2022-06-10T00:00:00+03:00,SO2,0.001
2022-06-10T00:00:00+03:00,C6H5OH (фенол),0.0017
2022-06-10T00:00:00+03:00,NO,0.035
2022-06-10T00:00:00+03:00,SO2,0.0009
2022-06-10T00:00:00+03:00,C6H6 (бензол),0.002
2022-06-10T00:00:00+03:00,PM2.5,
2022-06-10T00:00:00+03:00,NO2,0.052
2022-06-10T00:00:00+03:00,OZ,0.0246
2022-06-10T00:00:00+03:00,CO,0.45
2022-06-11T00:00:00+03:00,C6H6 (бензол),0.002
2022-06-11T00:00:00+03:00,SO2,0.0011
2022-06-11T00:00:00+03:00,C6H5OH (фенол),0.0017
2022-06-11T00:00:00+03:00,CH2O (формальдегид),0.0078
2022-06-11T00:00:00+03:00,NO,0.067
2022-06-11T00:00:00+03:00,PM2.5,
2022-06-11T00:00:00+03:00,NO2,0.067
2022-06-11T00:00:00+03:00,CO,0.72
2022-06-11T00:00:00+03:00,OZ,0.0209
2022-06-12T00:00:00+03:00,OZ,0.0228
2022-06-12T00:00:00+03:00,NO,0.06
2022-06-12T00:00:00+03:00,CH2O (формальдегид),0.0094
2022-06-12T00:00:00+03:00,PM2.5,
2022-06-12T00:00:00+03:00,SO2,0.0021
2022-06-12T00:00:00+03:00,C6H5OH (фенол),0.0018
2022-06-12T00:00:00+03:00,C6H6 (бензол),0.002
2022-06-12T00:00:00+03:00,CO,0.71
2022-06-12T00:00:00+03:00,NO2,0.064
2022-06-12T00:00:00+03:00,C6H5OH (фенол),0.0017
2022-06-12T00:00:00+03:00,SO2,0.0024
2022-06-12T00:00:00+03:00,OZ,0.0225
2022-06-13T00:00:00+03:00,NO,0.051
2022-06-13T00:00:00+03:00,NO2,0.061
2022-06-13T00:00:00+03:00,CO,0.56
2022-06-13T00:00:00+03:00,CH2O (формальдегид),0.0072
2022-06-13T00:00:00+03:00,C6H5OH (фенол),0.0017
2022-06-13T00:00:00+03:00,SO2,0.0018
2022-06-13T00:00:00+03:00,C6H6 (бензол),0.002
2022-06-13T00:00:00+03:00,PM2.5,
2022-06-13T00:00:00+03:00,OZ,0.0168
2022-06-14T00:00:00+03:00,NO,0.065
2022-06-14T00:00:00+03:00,C6H5OH (фенол),0.0015
2022-06-14T00:00:00+03:00,SO2,0.0018
2022-06-14T00:00:00+03:00,NO2,0.063
2022-06-14T00:00:00+03:00,OZ,0.0164
2022-06-14T00:00:00+03:00,PM2.5,
2022-06-14T00:00:00+03:00,C6H6 (бензол),0.002
2022-06-14T00:00:00+03:00,CH2O (формальдегид),0.0084
2022-06-14T00:00:00+03:00,CO,0.64
2022-06-15T00:00:00+03:00,OZ,0.029
2022-06-15T00:00:00+03:00,C6H6 (бензол),0.001
2022-06-15T00:00:00+03:00,NO,0.028
2022-06-15T00:00:00+03:00,C6H5OH (фенол),0.0012
2022-06-15T00:00:00+03:00,CH2O (формальдегид),0.0034
2022-06-15T00:00:00+03:00,SO2,0.0008
2022-06-15T00:00:00+03:00,NO2,0.036
2022-06-15T00:00:00+03:00,PM2.5,
2022-06-15T00:00:00+03:00,CO,0.16
2022-06-16T00:00:00+03:00,CO,0.23
2022-06-16T00:00:00+03:00,OZ,0.0181
2022-06-16T00:00:00+03:00,NO2,0.034
2022-06-16T00:00:00+03:00,NO,0.029
2022-06-16T00:00:00+03:00,C6H5OH (фенол),0.001
2022-06-16T00:00:00+03:00,C6H6 (бензол),0.001
2022-06-16T00:00:00+03:00,SO2,0.0011
2022-06-16T00:00:00+03:00,PM2.5,
2022-06-16T00:00:00+03:00,CH2O (формальдегид),0.0043
2022-06-17T00:00:00+03:00,OZ,0.0155
2022-06-17T00:00:00+03:00,C6H5OH (фенол),0.0009
2022-06-17T00:00:00+03:00,NO,0.043
2022-06-17T00:00:00+03:00,SO2,0.0009
2022-06-17T00:00:00+03:00,CO,0.27
2022-06-17T00:00:00+03:00,C6H6 (бензол),0.001
2022-06-17T00:00:00+03:00,PM2.5,
2022-06-17T00:00:00+03:00,NO2,0.046
2022-06-17T00:00:00+03:00,CH2O (формальдегид),0.0042
2022-06-18T00:00:00+03:00,C6H5OH (фенол),0.0011
2022-06-18T00:00:00+03:00,CO,0.52
2022-06-18T00:00:00+03:00,SO2,0.0012
2022-06-18T00:00:00+03:00,NO2,0.037
2022-06-18T00:00:00+03:00,PM2.5,
2022-06-18T00:00:00+03:00,C6H6 (бензол),0.001
2022-06-18T00:00:00+03:00,OZ,0.0187
2022-06-18T00:00:00+03:00,CH2O (формальдегид),0.0059
2022-06-18T00:00:00+03:00,NO,0.044
2022-06-19T00:00:00+03:00,PM2.5,
2022-06-19T00:00:00+03:00,OZ,0.0282
2022-06-19T00:00:00+03:00,NO,0.027
2022-06-19T00:00:00+03:00,NO2,0.037
2022-06-19T00:00:00+03:00,C6H6 (бензол),0.001
2022-06-19T00:00:00+03:00,CO,0.22
2022-06-19T00:00:00+03:00,CH2O (формальдегид),0.004
2022-06-19T00:00:00+03:00,C6H5OH (фенол),0.0012
2022-06-19T00:00:00+03:00,SO2,0.0009
2022-06-20T00:00:00+03:00,C6H5OH (фенол),0.0011
2022-06-20T00:00:00+03:00,NO2,0.031
2022-06-20T00:00:00+03:00,PM2.5,0.012
2022-06-20T00:00:00+03:00,OZ,0.0262
2022-06-20T00:00:00+03:00,CO,0.21
2022-06-20T00:00:00+03:00,PM2.5,
2022-06-20T00:00:00+03:00,NO,0.019
2022-06-20T00:00:00+03:00,CH2O (формальдегид),0.0052
2022-06-20T00:00:00+03:00,SO2,0.0011
2022-06-20T00:00:00+03:00,C6H6 (бензол),0.001
2022-06-21T00:00:00+03:00,OZ,0.0027
2022-06-21T00:00:00+03:00,NO,0.088
2022-06-21T00:00:00+03:00,C6H6 (бензол),0.001
2022-06-21T00:00:00+03:00,PM2.5,0.016
2022-06-21T00:00:00+03:00,NO2,0.059
2022-06-21T00:00:00+03:00,SO2,0.0014
2022-06-21T00:00:00+03:00,PM2.5,
2022-06-21T00:00:00+03:00,CH2O (формальдегид),0.0063
2022-06-21T00:00:00+03:00,CO,0.75
2022-06-21T00:00:00+03:00,C6H5OH (фенол),0.001
2022-06-22T00:00:00+03:00,CO,0.31
2022-06-22T00:00:00+03:00,CH2O (формальдегид),0.0056
2022-06-22T00:00:00+03:00,OZ,0.0187
2022-06-22T00:00:00+03:00,PM2.5,0.01
2022-06-22T00:00:00+03:00,NO,0.027
2022-06-22T00:00:00+03:00,C6H6 (бензол),0.001
2022-06-22T00:00:00+03:00,C6H5OH (фенол),0.0013
2022-06-22T00:00:00+03:00,PM2.5,
2022-06-22T00:00:00+03:00,SO2,0.0015
2022-06-22T00:00:00+03:00,NO2,0.04
2022-06-23T00:00:00+03:00,NO,0.028
2022-06-23T00:00:00+03:00,CO,0.31
2022-06-23T00:00:00+03:00,SO2,0.0017
2022-06-23T00:00:00+03:00,C6H5OH (фенол),0.0013
2022-06-23T00:00:00+03:00,NO2,0.037
2022-06-23T00:00:00+03:00,PM2.5,0.008
2022-06-23T00:00:00+03:00,C6H6 (бензол),0.001
2022-06-23T00:00:00+03:00,CH2O (формальдегид),0.0051
2022-06-23T00:00:00+03:00,OZ,0.031
2022-06-24T00:00:00+03:00,OZ,0.0241
2022-06-24T00:00:00+03:00,C6H6 (бензол),0.002
2022-06-24T00:00:00+03:00,CO,0.55
2022-06-24T00:00:00+03:00,CH2O (формальдегид),0.0064
2022-06-24T00:00:00+03:00,C6H5OH (фенол),0.0016
2022-06-24T00:00:00+03:00,NO2,0.047
2022-06-24T00:00:00+03:00,SO2,0.0015
2022-06-24T00:00:00+03:00,PM2.5,0.013
2022-06-24T00:00:00+03:00,NO,0.05
2022-06-25T00:00:00+03:00,OZ,0.0321
2022-06-25T00:00:00+03:00,NO,0.064
2022-06-25T00:00:00+03:00,CH2O (формальдегид),0.0076
2022-06-25T00:00:00+03:00,CO,0.49
2022-06-25T00:00:00+03:00,SO2,0.0014
2022-06-25T00:00:00+03:00,NO2,0.052
2022-06-25T00:00:00+03:00,PM2.5,0.018
2022-06-25T00:00:00+03:00,C6H6 (бензол),0.002
2022-06-25T00:00:00+03:00,C6H5OH (фенол),0.0018
2022-06-26T00:00:00+03:00,C6H6 (бензол),0.003
2022-06-26T00:00:00+03:00,C6H5OH (фенол),0.0018
2022-06-26T00:00:00+03:00,OZ,0.0371
2022-06-26T00:00:00+03:00,NO,0.122
2022-06-26T00:00:00+03:00,CO,0.92
2022-06-26T00:00:00+03:00,NO2,0.06
2022-06-26T00:00:00+03:00,SO2,0.0011
2022-06-26T00:00:00+03:00,PM2.5,0.023
2022-06-26T00:00:00+03:00,CH2O (формальдегид),0.0102
2022-06-27T00:00:00+03:00,SO2,0.001
2022-06-27T00:00:00+03:00,NO2,0.049
2022-06-27T00:00:00+03:00,PM2.5,0.022
2022-06-27T00:00:00+03:00,OZ,0.0267
2022-06-27T00:00:00+03:00,CH2O (формальдегид),0.0109
2022-06-27T00:00:00+03:00,C6H5OH (фенол),0.0017
2022-06-27T00:00:00+03:00,NO,0.073
2022-06-27T00:00:00+03:00,C6H6 (бензол),0.002
2022-06-27T00:00:00+03:00,CO,0.66
2022-06-28T00:00:00+03:00,NO2,0.046
2022-06-28T00:00:00+03:00,PM2.5,0.034
2022-06-28T00:00:00+03:00,SO2,0.002
2022-06-28T00:00:00+03:00,NO,0.038
2022-06-28T00:00:00+03:00,C6H5OH (фенол),0.0013
2022-06-28T00:00:00+03:00,CO,0.63
2022-06-28T00:00:00+03:00,CH2O (формальдегид),0.0091
2022-06-28T00:00:00+03:00,C6H6 (бензол),0.002
2022-06-28T00:00:00+03:00,OZ,0.0346
2022-06-29T00:00:00+03:00,NO,0.028
2022-06-29T00:00:00+03:00,NO2,0.046
2022-06-29T00:00:00+03:00,PM2.5,0.026
2022-06-29T00:00:00+03:00,C6H5OH (фенол),0.0012
2022-06-29T00:00:00+03:00,CH2O (формальдегид),0.0073
2022-06-29T00:00:00+03:00,CO,0.25
2022-06-29T00:00:00+03:00,C6H6 (бензол),0.002
2022-06-29T00:00:00+03:00,SO2,0.0026
2022-06-29T00:00:00+03:00,OZ,0.0447
2022-06-30T00:00:00+03:00,SO2,0.0013
2022-06-30T00:00:00+03:00,C6H5OH (фенол),0.0013
2022-06-30T00:00:00+03:00,C6H6 (бензол),0.002
2022-06-30T00:00:00+03:00,CO,0.48
2022-06-30T00:00:00+03:00,OZ,0.0309
2022-06-30T00:00:00+03:00,PM2.5,0.015
2022-06-30T00:00:00+03:00,NO2,0.051
2022-06-30T00:00:00+03:00,NO,0.05
2022-06-30T00:00:00+03:00,CH2O (формальдегид),0.0068
2022-07-01T00:00:00+03:00,CO,0.19
2022-07-01T00:00:00+03:00,NO2,0.039
2022-07-01T00:00:00+03:00,OZ,0.0379
2022-07-01T00:00:00+03:00,NO,0.02
2022-07-01T00:00:00+03:00,C6H5OH (фенол),0.0013
2022-07-01T00:00:00+03:00,C6H6 (бензол),0.002
2022-07-01T00:00:00+03:00,SO2,0.0015
2022-07-01T00:00:00+03:00,PM2.5,0.006
2022-07-01T00:00:00+03:00,CH2O (формальдегид),0.007
2022-07-02T00:00:00+03:00,NO,0.042
2022-07-02T00:00:00+03:00,C6H6 (бензол),0.002
2022-07-02T00:00:00+03:00,NO2,0.053
2022-07-02T00:00:00+03:00,CH2O (формальдегид),0.0067
2022-07-02T00:00:00+03:00,CO,0.4
2022-07-02T00:00:00+03:00,OZ,0.0327
2022-07-02T00:00:00+03:00,C6H5OH (фенол),0.0012
2022-07-02T00:00:00+03:00,SO2,0.0011
2022-07-02T00:00:00+03:00,PM2.5,0.009
2022-07-03T00:00:00+03:00,NO2,0.052
2022-07-03T00:00:00+03:00,CH2O (формальдегид),0.0096
2022-07-03T00:00:00+03:00,SO2,0.0011
2022-07-03T00:00:00+03:00,PM2.5,0.011
2022-07-03T00:00:00+03:00,C6H6 (бензол),0.002
2022-07-03T00:00:00+03:00,CO,0.36
2022-07-03T00:00:00+03:00,NO,0.023
2022-07-03T00:00:00+03:00,OZ,0.0316
2022-07-03T00:00:00+03:00,C6H5OH (фенол),0.0015
2022-07-04T00:00:00+03:00,NO2,0.063
2022-07-04T00:00:00+03:00,C6H6 (бензол),0.002
2022-07-04T00:00:00+03:00,CO,0.59
2022-07-04T00:00:00+03:00,SO2,0.001
2022-07-04T00:00:00+03:00,OZ,0.0311
2022-07-04T00:00:00+03:00,C6H5OH (фенол),0.0017
2022-07-04T00:00:00+03:00,CH2O (формальдегид),0.0079
2022-07-04T00:00:00+03:00,NO,0.059
2022-07-04T00:00:00+03:00,PM2.5,0.015
2022-07-05T00:00:00+03:00,CH2O (формальдегид),0.0111
2022-07-05T00:00:00+03:00,SO2,0.0015
2022-07-05T00:00:00+03:00,NO2,0.075
2022-07-05T00:00:00+03:00,PM2.5,0.028
2022-07-05T00:00:00+03:00,NO,0.063
2022-07-05T00:00:00+03:00,CO,0.8
2022-07-05T00:00:00+03:00,OZ,0.02
2022-07-05T00:00:00+03:00,C6H5OH (фенол),0.0014
2022-07-05T00:00:00+03:00,C6H6 (бензол),0.002
2022-07-06T00:00:00+03:00,SO2,0.0006
2022-07-06T00:00:00+03:00,C6H6 (бензол),0.002
2022-07-06T00:00:00+03:00,NO2,
2022-07-06T00:00:00+03:00,CO,0.73
2022-07-06T00:00:00+03:00,PM2.5,0.023
2022-07-06T00:00:00+03:00,C6H5OH (фенол),0.0016
2022-07-06T00:00:00+03:00,OZ,0.024
2022-07-06T00:00:00+03:00,NO,
2022-07-06T00:00:00+03:00,CH2O (формальдегид),0.0081
2022-07-07T00:00:00+03:00,OZ,0.0203
2022-07-07T00:00:00+03:00,C6H6 (бензол),0.002
2022-07-07T00:00:00+03:00,CO,0.62
2022-07-07T00:00:00+03:00,SO2,0.001
2022-07-07T00:00:00+03:00,NO2,
2022-07-07T00:00:00+03:00,NO,
2022-07-07T00:00:00+03:00,PM2.5,0.02
2022-07-07T00:00:00+03:00,C6H5OH (фенол),0.0014
2022-07-07T00:00:00+03:00,CH2O (формальдегид),0.0103
2022-07-08T00:00:00+03:00,C6H6 (бензол),0.002
2022-07-08T00:00:00+03:00,PM2.5,0.007
2022-07-08T00:00:00+03:00,OZ,0.0313
2022-07-08T00:00:00+03:00,NO,
2022-07-08T00:00:00+03:00,SO2,0.0011
2022-07-08T00:00:00+03:00,NO2,
2022-07-08T00:00:00+03:00,CH2O (формальдегид),0.007
2022-07-08T00:00:00+03:00,C6H5OH (фенол),0.0014
2022-07-08T00:00:00+03:00,CO,0.27
2022-07-09T00:00:00+03:00,NO2,
2022-07-09T00:00:00+03:00,OZ,0.0225
2022-07-09T00:00:00+03:00,SO2,0.0017
2022-07-09T00:00:00+03:00,CO,0.69
2022-07-09T00:00:00+03:00,NO,
2022-07-09T00:00:00+03:00,PM2.5,0.018
2022-07-09T00:00:00+03:00,CH2O (формальдегид),0.0104
2022-07-09T00:00:00+03:00,C6H6 (бензол),0.002
2022-07-09T00:00:00+03:00,C6H5OH (фенол),0.0013
2022-07-10T00:00:00+03:00,C6H5OH (фенол),0.0016
2022-07-10T00:00:00+03:00,NO2,
2022-07-10T00:00:00+03:00,SO2,0.0026
2022-07-10T00:00:00+03:00,NO,
2022-07-10T00:00:00+03:00,CO,0.6
2022-07-10T00:00:00+03:00,OZ,0.0357
2022-07-10T00:00:00+03:00,CH2O (формальдегид),0.0078
2022-07-10T00:00:00+03:00,PM2.5,0.015
2022-07-10T00:00:00+03:00,C6H6 (бензол),0.002
2022-07-11T00:00:00+03:00,CO,0.37
2022-07-11T00:00:00+03:00,C6H6 (бензол),0.002
2022-07-11T00:00:00+03:00,SO2,0.0032
2022-07-11T00:00:00+03:00,C6H5OH (фенол),0.0016
2022-07-11T00:00:00+03:00,NO2,
2022-07-11T00:00:00+03:00,CH2O (формальдегид),0.0094
2022-07-11T00:00:00+03:00,OZ,0.0273
2022-07-11T00:00:00+03:00,PM2.5,0.017
2022-07-11T00:00:00+03:00,NO,
2022-07-12T00:00:00+03:00,CH2O (формальдегид),0.0065
2022-07-12T00:00:00+03:00,C6H5OH (фенол),0.0015
2022-07-12T00:00:00+03:00,CO,0.49
2022-07-12T00:00:00+03:00,NO,
2022-07-12T00:00:00+03:00,C6H6 (бензол),0.002
2022-07-12T00:00:00+03:00,NO2,
2022-07-12T00:00:00+03:00,PM2.5,0.014
2022-07-12T00:00:00+03:00,OZ,0.0348
2022-07-12T00:00:00+03:00,SO2,0.0021
2022-07-13T00:00:00+03:00,C6H5OH (фенол),0.0009
2022-07-13T00:00:00+03:00,CO,0.81
2022-07-13T00:00:00+03:00,OZ,0.0122
2022-07-13T00:00:00+03:00,NO,0.089
2022-07-13T00:00:00+03:00,PM2.5,0.016
2022-07-13T00:00:00+03:00,C6H6 (бензол),0.001
2022-07-13T00:00:00+03:00,SO2,0.0014
2022-07-13T00:00:00+03:00,NO2,0.062
2022-07-13T00:00:00+03:00,CH2O (формальдегид),0.0079
2022-07-14T00:00:00+03:00,NO,0.087
2022-07-14T00:00:00+03:00,SO2,0.0015
2022-07-14T00:00:00+03:00,C6H6 (бензол),0.002
2022-07-14T00:00:00+03:00,C6H5OH (фенол),0.0014
2022-07-14T00:00:00+03:00,OZ,0.0236
2022-07-14T00:00:00+03:00,NO2,0.065
2022-07-14T00:00:00+03:00,PM2.5,0.019
2022-07-14T00:00:00+03:00,CH2O (формальдегид),0.0076
2022-07-14T00:00:00+03:00,CO,0.95
2022-07-15T00:00:00+03:00,NO,0.022
2022-07-15T00:00:00+03:00,C6H5OH (фенол),0.0013
2022-07-15T00:00:00+03:00,CO,0.28
2022-07-15T00:00:00+03:00,NO2,0.039
2022-07-15T00:00:00+03:00,OZ,0.0184
2022-07-15T00:00:00+03:00,CH2O (формальдегид),0.0082
2022-07-15T00:00:00+03:00,PM2.5,0.01
2022-07-15T00:00:00+03:00,SO2,0.0008
2022-07-15T00:00:00+03:00,C6H6 (бензол),0.002
2022-07-16T00:00:00+03:00,NO2,0.048
2022-07-16T00:00:00+03:00,PM2.5,0.011
2022-07-16T00:00:00+03:00,C6H5OH (фенол),0.0012
2022-07-16T00:00:00+03:00,CO,0.47
2022-07-16T00:00:00+03:00,NO,0.037
2022-07-16T00:00:00+03:00,C6H6 (бензол),0.001
2022-07-16T00:00:00+03:00,SO2,0.0007
2022-07-16T00:00:00+03:00,CH2O (формальдегид),0.0068
2022-07-16T00:00:00+03:00,OZ,0.0184
2022-07-17T00:00:00+03:00,SO2,0.0008
2022-07-17T00:00:00+03:00,PM2.5,0.01
2022-07-17T00:00:00+03:00,OZ,0.0204
2022-07-17T00:00:00+03:00,CO,0.29
2022-07-17T00:00:00+03:00,C6H5OH (фенол),0.0011
2022-07-17T00:00:00+03:00,C6H6 (бензол),0.001
2022-07-17T00:00:00+03:00,NO,0.028
2022-07-17T00:00:00+03:00,CH2O (формальдегид),0.0072
2022-07-17T00:00:00+03:00,NO2,0.044
2022-07-18T00:00:00+03:00,PM2.5,0.009
2022-07-18T00:00:00+03:00,SO2,0.0009
2022-07-18T00:00:00+03:00,C6H6 (бензол),0.001
2022-07-18T00:00:00+03:00,NO,0.025
2022-07-18T00:00:00+03:00,NO2,0.049
2022-07-18T00:00:00+03:00,C6H5OH (фенол),0.0011
2022-07-18T00:00:00+03:00,CO,0.07
2022-07-18T00:00:00+03:00,OZ,0.0189
2022-07-18T00:00:00+03:00,CH2O (формальдегид),0.0067
2022-07-19T00:00:00+03:00,NO,0.022
2022-07-19T00:00:00+03:00,CH2O (формальдегид),0.0075
2022-07-19T00:00:00+03:00,NO2,0.034
2022-07-19T00:00:00+03:00,OZ,0.0125
2022-07-19T00:00:00+03:00,PM2.5,0.007
2022-07-19T00:00:00+03:00,CO,0.29
2022-07-19T00:00:00+03:00,C6H6 (бензол),0.001
2022-07-19T00:00:00+03:00,SO2,0.0009
2022-07-19T00:00:00+03:00,C6H5OH (фенол),0.0013
2022-07-20T00:00:00+03:00,PM2.5,0.008
2022-07-20T00:00:00+03:00,CO,0.4
2022-07-20T00:00:00+03:00,NO2,0.039
2022-07-20T00:00:00+03:00,CH2O (формальдегид),0.0066
2022-07-20T00:00:00+03:00,OZ,0.0148
2022-07-20T00:00:00+03:00,NO,0.035
2022-07-20T00:00:00+03:00,C6H5OH (фенол),0.001
2022-07-20T00:00:00+03:00,C6H6 (бензол),0.001
2022-07-20T00:00:00+03:00,SO2,0.0009
2022-07-21T00:00:00+03:00,NO,0.028
2022-07-21T00:00:00+03:00,CO,0.33
2022-07-21T00:00:00+03:00,C6H6 (бензол),0.001
2022-07-21T00:00:00+03:00,OZ,0.0178
2022-07-21T00:00:00+03:00,NO2,0.034
2022-07-21T00:00:00+03:00,CH2O (формальдегид),0.0073
2022-07-21T00:00:00+03:00,PM2.5,0.008
2022-07-21T00:00:00+03:00,C6H5OH (фенол),0.0011
2022-07-21T00:00:00+03:00,SO2,0.0012
2022-07-22T00:00:00+03:00,OZ,0.0289
2022-07-22T00:00:00+03:00,SO2,0.0014
2022-07-22T00:00:00+03:00,CH2O (формальдегид),0.0082
2022-07-22T00:00:00+03:00,C6H6 (бензол),0.002
2022-07-22T00:00:00+03:00,C6H5OH (фенол),0.0013
2022-07-22T00:00:00+03:00,CO,0.47
2022-07-22T00:00:00+03:00,NO2,0.038
2022-07-22T00:00:00+03:00,NO,0.025
2022-07-22T00:00:00+03:00,PM2.5,0.01
2022-07-23T00:00:00+03:00,NO2,0.051
2022-07-23T00:00:00+03:00,OZ,0.0309
2022-07-23T00:00:00+03:00,SO2,0.0016
2022-07-23T00:00:00+03:00,CH2O (формальдегид),0.0097
2022-07-23T00:00:00+03:00,CO,0.79
2022-07-23T00:00:00+03:00,C6H5OH (фенол),0.0012
2022-07-23T00:00:00+03:00,C6H6 (бензол),0.002
2022-07-23T00:00:00+03:00,PM2.5,0.023
2022-07-23T00:00:00+03:00,NO,0.088
2022-07-24T00:00:00+03:00,CO,0.77
2022-07-24T00:00:00+03:00,C6H6 (бензол),0.001
2022-07-24T00:00:00+03:00,C6H5OH (фенол),0.0012
2022-07-24T00:00:00+03:00,NO,0.07
2022-07-24T00:00:00+03:00,SO2,0.0014
2022-07-24T00:00:00+03:00,CH2O (формальдегид),0.0107
2022-07-24T00:00:00+03:00,NO2,0.055
2022-07-24T00:00:00+03:00,OZ,0.0236
2022-07-24T00:00:00+03:00,PM2.5,0.018
2022-07-25T00:00:00+03:00,CH2O (формальдегид),0.0089
2022-07-25T00:00:00+03:00,C6H6 (бензол),0.002
2022-07-25T00:00:00+03:00,PM2.5,0.014
2022-07-25T00:00:00+03:00,NO2,0.048
2022-07-25T00:00:00+03:00,CO,0.34
2022-07-25T00:00:00+03:00,NO,0.02
2022-07-25T00:00:00+03:00,C6H5OH (фенол),0.0011
2022-07-25T00:00:00+03:00,SO2,0.0011
2022-07-25T00:00:00+03:00,OZ,0.0303
2022-07-26T00:00:00+03:00,NO2,0.049
2022-07-26T00:00:00+03:00,PM2.5,0.016
2022-07-26T00:00:00+03:00,C6H5OH (фенол),0.0013
2022-07-26T00:00:00+03:00,OZ,0.0268
2022-07-26T00:00:00+03:00,NO,0.032
2022-07-26T00:00:00+03:00,C6H6 (бензол),0.002
2022-07-26T00:00:00+03:00,SO2,0.0011
2022-07-26T00:00:00+03:00,CO,0.48
2022-07-26T00:00:00+03:00,CH2O (формальдегид),0.0083
2022-07-27T00:00:00+03:00,CH2O (формальдегид),0.0035
2022-07-27T00:00:00+03:00,C6H6 (бензол),0.003
2022-07-27T00:00:00+03:00,NO,0.094
2022-07-27T00:00:00+03:00,CO,1.01
2022-07-27T00:00:00+03:00,OZ,0.0233
2022-07-27T00:00:00+03:00,C6H5OH (фенол),0.0014
2022-07-27T00:00:00+03:00,NO2,0.075
2022-07-27T00:00:00+03:00,SO2,0.0026
2022-07-27T00:00:00+03:00,PM2.5,0.032
2022-07-28T00:00:00+03:00,SO2,0.0014
2022-07-28T00:00:00+03:00,CO,0.64
2022-07-28T00:00:00+03:00,C6H6 (бензол),0.002
2022-07-28T00:00:00+03:00,C6H5OH (фенол),0.0012
2022-07-28T00:00:00+03:00,OZ,0.0187
2022-07-28T00:00:00+03:00,NO2,0.056
2022-07-28T00:00:00+03:00,CH2O (формальдегид),0.0024
2022-07-28T00:00:00+03:00,PM2.5,0.017
2022-07-28T00:00:00+03:00,NO,0.038
2022-07-29T00:00:00+03:00,C6H6 (бензол),0.003
2022-07-29T00:00:00+03:00,C6H5OH (фенол),0.0008
2022-07-29T00:00:00+03:00,OZ,0.0191
2022-07-29T00:00:00+03:00,SO2,0.0015
2022-07-29T00:00:00+03:00,CO,0.38
2022-07-29T00:00:00+03:00,CH2O (формальдегид),0.001
2022-07-29T00:00:00+03:00,NO2,0.03
2022-07-29T00:00:00+03:00,PM2.5,0.005
2022-07-29T00:00:00+03:00,NO,0.016
2022-07-30T00:00:00+03:00,CH2O (формальдегид),0.0039
2022-07-30T00:00:00+03:00,NO,0.027
2022-07-30T00:00:00+03:00,PM2.5,0.008
2022-07-30T00:00:00+03:00,C6H5OH (фенол),0.0009
2022-07-30T00:00:00+03:00,SO2,0.0015
2022-07-30T00:00:00+03:00,OZ,0.0198
2022-07-30T00:00:00+03:00,CO,0.16
2022-07-30T00:00:00+03:00,NO2,0.038
2022-07-30T00:00:00+03:00,C6H6 (бензол),0.003
2022-07-31T00:00:00+03:00,C6H5OH (фенол),0.0011
2022-07-31T00:00:00+03:00,OZ,0.0303
2022-07-31T00:00:00+03:00,CO,0.61
2022-07-31T00:00:00+03:00,C6H6 (бензол),0.005
2022-07-31T00:00:00+03:00,NO2,0.053
2022-07-31T00:00:00+03:00,CH2O (формальдегид),0.0041
2022-07-31T00:00:00+03:00,PM2.5,0.016
2022-07-31T00:00:00+03:00,SO2,0.0016
2022-07-31T00:00:00+03:00,NO,0.079
2022-08-01T00:00:00+03:00,C6H6 (бензол),0.004
2022-08-01T00:00:00+03:00,OZ,0.0233
2022-08-01T00:00:00+03:00,PM2.5,0.018
2022-08-01T00:00:00+03:00,CO,0.58
2022-08-01T00:00:00+03:00,CH2O (формальдегид),0.0055
2022-08-01T00:00:00+03:00,NO2,0.072
2022-08-01T00:00:00+03:00,SO2,0.0043
2022-08-01T00:00:00+03:00,C6H5OH (фенол),0.001
2022-08-01T00:00:00+03:00,NO,0.06
2022-08-02T00:00:00+03:00,OZ,0.0222
2022-08-02T00:00:00+03:00,CH2O (формальдегид),0.004
2022-08-02T00:00:00+03:00,CO,0.9
2022-08-02T00:00:00+03:00,PM2.5,0.02
2022-08-02T00:00:00+03:00,NO,0.077
2022-08-02T00:00:00+03:00,NO2,0.068
2022-08-02T00:00:00+03:00,C6H5OH (фенол),0.0011
2022-08-02T00:00:00+03:00,SO2,0.003
2022-08-02T00:00:00+03:00,C6H6 (бензол),0.004
2022-08-03T00:00:00+03:00,NO,0.115
2022-08-03T00:00:00+03:00,PM2.5,0.026
2022-08-03T00:00:00+03:00,CH2O (формальдегид),0.0072
2022-08-03T00:00:00+03:00,C6H5OH (фенол),0.0013
2022-08-03T00:00:00+03:00,NO2,0.076
2022-08-03T00:00:00+03:00,OZ,0.0218
2022-08-03T00:00:00+03:00,C6H6 (бензол),0.003
2022-08-03T00:00:00+03:00,CO,1.05
2022-08-03T00:00:00+03:00,SO2,0.0045
2022-08-04T00:00:00+03:00,NO2,0.068
2022-08-04T00:00:00+03:00,C6H6 (бензол),0.003
2022-08-04T00:00:00+03:00,CH2O (формальдегид),0.0056
2022-08-04T00:00:00+03:00,OZ,0.0297
2022-08-04T00:00:00+03:00,NO,0.073
2022-08-04T00:00:00+03:00,C6H5OH (фенол),0.0013
2022-08-04T00:00:00+03:00,CO,0.89
2022-08-04T00:00:00+03:00,SO2,0.0029
2022-08-04T00:00:00+03:00,PM2.5,0.024
2022-08-05T00:00:00+03:00,SO2,0.0029
2022-08-05T00:00:00+03:00,C6H6 (бензол),0.003
2022-08-05T00:00:00+03:00,C6H5OH (фенол),0.0012
2022-08-05T00:00:00+03:00,PM2.5,0.03
2022-08-05T00:00:00+03:00,CH2O (формальдегид),0.0087
2022-08-05T00:00:00+03:00,CO,0.97
2022-08-05T00:00:00+03:00,NO,0.097
2022-08-05T00:00:00+03:00,OZ,0.0219
2022-08-05T00:00:00+03:00,NO2,0.076
2022-08-06T00:00:00+03:00,NO2,0.071
2022-08-06T00:00:00+03:00,SO2,0.0029
2022-08-06T00:00:00+03:00,C6H5OH (фенол),0.0016
2022-08-06T00:00:00+03:00,NO,0.082
2022-08-06T00:00:00+03:00,CH2O (формальдегид),0.0069
2022-08-06T00:00:00+03:00,OZ,0.0305
2022-08-06T00:00:00+03:00,CO,0.86
2022-08-06T00:00:00+03:00,C6H6 (бензол),0.003
2022-08-06T00:00:00+03:00,PM2.5,0.029
2022-08-07T00:00:00+03:00,C6H5OH (фенол),0.0011
2022-08-07T00:00:00+03:00,PM2.5,0.018
2022-08-07T00:00:00+03:00,OZ,0.0258
2022-08-07T00:00:00+03:00,CO,0.57
2022-08-07T00:00:00+03:00,C6H6 (бензол),0.002
2022-08-07T00:00:00+03:00,NO2,0.053
2022-08-07T00:00:00+03:00,SO2,0.0016
2022-08-07T00:00:00+03:00,CH2O (формальдегид),0.0061
2022-08-07T00:00:00+03:00,NO,0.031
2022-08-08T00:00:00+03:00,C6H6 (бензол),0.001
2022-08-08T00:00:00+03:00,CO,0.3
2022-08-08T00:00:00+03:00,C6H5OH (фенол),0.0008
2022-08-08T00:00:00+03:00,SO2,0.0013
2022-08-08T00:00:00+03:00,NO,0.028
2022-08-08T00:00:00+03:00,CH2O (формальдегид),0.0024
2022-08-08T00:00:00+03:00,PM2.5,0.01
2022-08-08T00:00:00+03:00,OZ,0.0129
2022-08-08T00:00:00+03:00,NO2,0.04
2022-08-09T00:00:00+03:00,CH2O (формальдегид),0.0034
2022-08-09T00:00:00+03:00,NO2,0.031
2022-08-09T00:00:00+03:00,PM2.5,0.006
2022-08-09T00:00:00+03:00,SO2,0.0016
2022-08-09T00:00:00+03:00,C6H5OH (фенол),0.001
2022-08-09T00:00:00+03:00,CO,0.28
2022-08-09T00:00:00+03:00,NO,0.022
2022-08-09T00:00:00+03:00,C6H6 (бензол),0.001
2022-08-09T00:00:00+03:00,OZ,0.024
2022-08-10T00:00:00+03:00,CH2O (формальдегид),0.0027
2022-08-10T00:00:00+03:00,OZ,0.0209
2022-08-10T00:00:00+03:00,PM2.5,0.007
2022-08-10T00:00:00+03:00,CO,0.36
2022-08-10T00:00:00+03:00,C6H5OH (фенол),0.0009
2022-08-10T00:00:00+03:00,C6H6 (бензол),0.002
2022-08-10T00:00:00+03:00,SO2,0.0017
2022-08-10T00:00:00+03:00,NO2,0.031
2022-08-10T00:00:00+03:00,NO,0.026
2022-08-11T00:00:00+03:00,CO,0.28
2022-08-11T00:00:00+03:00,NO,0.036
2022-08-11T00:00:00+03:00,C6H6 (бензол),0.002
2022-08-11T00:00:00+03:00,CH2O (формальдегид),0.005
2022-08-11T00:00:00+03:00,SO2,0.002
2022-08-11T00:00:00+03:00,C6H5OH (фенол),0.001
2022-08-11T00:00:00+03:00,OZ,0.0264
2022-08-11T00:00:00+03:00,NO2,0.052
2022-08-11T00:00:00+03:00,PM2.5,0.01
2022-08-12T00:00:00+03:00,C6H5OH (фенол),0.0012
2022-08-12T00:00:00+03:00,CH2O (формальдегид),0.0064
2022-08-12T00:00:00+03:00,PM2.5,0.018
2022-08-12T00:00:00+03:00,OZ,0.0313
2022-08-12T00:00:00+03:00,NO2,0.062
2022-08-12T00:00:00+03:00,CO,0.9
2022-08-12T00:00:00+03:00,C6H6 (бензол),0.003
2022-08-12T00:00:00+03:00,SO2,0.0025
2022-08-12T00:00:00+03:00,NO,0.085
2022-08-13T00:00:00+03:00,SO2,0.0017
2022-08-13T00:00:00+03:00,CO,1
2022-08-13T00:00:00+03:00,NO,0.119
2022-08-13T00:00:00+03:00,PM2.5,0.023
2022-08-13T00:00:00+03:00,C6H6 (бензол),0.004
2022-08-13T00:00:00+03:00,CH2O (формальдегид),0.0085
2022-08-13T00:00:00+03:00,C6H5OH (фенол),0.0013
2022-08-13T00:00:00+03:00,OZ,0.0249
2022-08-13T00:00:00+03:00,NO2,0.084
2022-08-14T00:00:00+03:00,SO2,0.0034
2022-08-14T00:00:00+03:00,NO2,0.094
2022-08-14T00:00:00+03:00,C6H6 (бензол),0.005
2022-08-14T00:00:00+03:00,NO,0.114
2022-08-14T00:00:00+03:00,OZ,0.0321
2022-08-14T00:00:00+03:00,CO,1.19
2022-08-14T00:00:00+03:00,C6H5OH (фенол),0.0015
2022-08-14T00:00:00+03:00,PM2.5,0.034
2022-08-14T00:00:00+03:00,CH2O (формальдегид),0.0081
2022-08-15T00:00:00+03:00,NO,0.069
2022-08-15T00:00:00+03:00,CH2O (формальдегид),0.0066
2022-08-15T00:00:00+03:00,C6H6 (бензол),0.003
2022-08-15T00:00:00+03:00,C6H5OH (фенол),0.0011
2022-08-15T00:00:00+03:00,CO,0.7
2022-08-15T00:00:00+03:00,OZ,0.0208
2022-08-15T00:00:00+03:00,NO2,0.07
2022-08-15T00:00:00+03:00,PM2.5,0.03
2022-08-15T00:00:00+03:00,SO2,0.0042
2022-08-16T00:00:00+03:00,CO,0.68
2022-08-16T00:00:00+03:00,NO,0.051
2022-08-16T00:00:00+03:00,OZ,0.0049
2022-08-16T00:00:00+03:00,C6H6 (бензол),0.001
2022-08-16T00:00:00+03:00,CH2O (формальдегид),0.0034
2022-08-16T00:00:00+03:00,SO2,0.0021
2022-08-16T00:00:00+03:00,NO2,0.062
2022-08-16T00:00:00+03:00,C6H5OH (фенол),0.0005
2022-08-16T00:00:00+03:00,PM2.5,0.017
2022-08-17T00:00:00+03:00,C6H6 (бензол),0.003
2022-08-17T00:00:00+03:00,CH2O (формальдегид),0.0051
2022-08-17T00:00:00+03:00,CO,0.34
2022-08-17T00:00:00+03:00,NO,0.029
2022-08-17T00:00:00+03:00,NO2,0.05
2022-08-17T00:00:00+03:00,OZ,0.0299
2022-08-17T00:00:00+03:00,C6H5OH (фенол),0.0012
2022-08-17T00:00:00+03:00,SO2,0.0025
2022-08-17T00:00:00+03:00,PM2.5,0.019
2022-08-18T00:00:00+03:00,CH2O (формальдегид),0.0064
2022-08-18T00:00:00+03:00,NO2,0.059
2022-08-18T00:00:00+03:00,SO2,0.0043
2022-08-18T00:00:00+03:00,OZ,0.0251
2022-08-18T00:00:00+03:00,NO,0.041
2022-08-18T00:00:00+03:00,C6H5OH (фенол),0.0012
2022-08-18T00:00:00+03:00,CO,0.57
2022-08-18T00:00:00+03:00,C6H6 (бензол),0.003
2022-08-18T00:00:00+03:00,PM2.5,0.025
2022-08-19T00:00:00+03:00,OZ,0.0291
2022-08-19T00:00:00+03:00,CO,0.44
2022-08-19T00:00:00+03:00,CH2O (формальдегид),0.0035
2022-08-19T00:00:00+03:00,PM2.5,0.013
2022-08-19T00:00:00+03:00,NO2,0.04
2022-08-19T00:00:00+03:00,NO,0.02
2022-08-19T00:00:00+03:00,SO2,0.0024
2022-08-19T00:00:00+03:00,C6H5OH (фенол),0.0013
2022-08-19T00:00:00+03:00,C6H6 (бензол),0.003
2022-08-20T00:00:00+03:00,C6H5OH (фенол),0.0012
2022-08-20T00:00:00+03:00,PM2.5,0.019
2022-08-20T00:00:00+03:00,C6H6 (бензол),0.003
2022-08-20T00:00:00+03:00,NO,0.024
2022-08-20T00:00:00+03:00,CO,0.17
2022-08-20T00:00:00+03:00,CH2O (формальдегид),0.0039
2022-08-20T00:00:00+03:00,OZ,0.0208
2022-08-20T00:00:00+03:00,NO2,0.042
2022-08-20T00:00:00+03:00,SO2,0.0034
2022-08-21T00:00:00+03:00,SO2,0.0069
2022-08-21T00:00:00+03:00,OZ,0.0196
2022-08-21T00:00:00+03:00,CO,0.57
2022-08-21T00:00:00+03:00,C6H5OH (фенол),0.0013
2022-08-21T00:00:00+03:00,CH2O (формальдегид),0.0058
2022-08-21T00:00:00+03:00,C6H6 (бензол),0.004
2022-08-21T00:00:00+03:00,NO,0.038
2022-08-21T00:00:00+03:00,PM2.5,0.033
2022-08-21T00:00:00+03:00,NO2,0.053
2022-08-22T00:00:00+03:00,CO,0.85
2022-08-22T00:00:00+03:00,C6H6 (бензол),0.005
2022-08-22T00:00:00+03:00,NO,0.054
2022-08-22T00:00:00+03:00,C6H5OH (фенол),0.0013
2022-08-22T00:00:00+03:00,OZ,0.0184
2022-08-22T00:00:00+03:00,NO2,0.071
2022-08-22T00:00:00+03:00,PM2.5,0.036
2022-08-22T00:00:00+03:00,CH2O (формальдегид),0.0082
2022-08-22T00:00:00+03:00,SO2,0.0057
2022-08-23T00:00:00+03:00,OZ,0.0178
2022-08-23T00:00:00+03:00,CH2O (формальдегид),0.0067
2022-08-23T00:00:00+03:00,NO2,0.074
2022-08-23T00:00:00+03:00,C6H5OH (фенол),0.0011
2022-08-23T00:00:00+03:00,NO,0.065
2022-08-23T00:00:00+03:00,C6H6 (бензол),0.004
2022-08-23T00:00:00+03:00,CO,0.95
2022-08-23T00:00:00+03:00,SO2,0.0041
2022-08-23T00:00:00+03:00,PM2.5,0.033
2022-08-24T00:00:00+03:00,CO,1.07
2022-08-24T00:00:00+03:00,OZ,0.015
2022-08-24T00:00:00+03:00,PM2.5,0.025
2022-08-24T00:00:00+03:00,C6H5OH (фенол),0.0013
2022-08-24T00:00:00+03:00,CH2O (формальдегид),0.0082
2022-08-24T00:00:00+03:00,SO2,0.0026
2022-08-24T00:00:00+03:00,NO,0.124
2022-08-24T00:00:00+03:00,C6H6 (бензол),0.005
2022-08-24T00:00:00+03:00,NO2,0.092
2022-08-25T00:00:00+03:00,CO,1.64
2022-08-25T00:00:00+03:00,C6H5OH (фенол),0.0018
2022-08-25T00:00:00+03:00,NO,0.19
2022-08-25T00:00:00+03:00,NO2,0.099
2022-08-25T00:00:00+03:00,PM2.5,0.033
2022-08-25T00:00:00+03:00,OZ,0.0254
2022-08-25T00:00:00+03:00,CH2O (формальдегид),0.008
2022-08-25T00:00:00+03:00,SO2,0.0021
2022-08-25T00:00:00+03:00,C6H6 (бензол),0.006
2022-08-26T00:00:00+03:00,NO,0.199
2022-08-26T00:00:00+03:00,NO2,0.105
2022-08-26T00:00:00+03:00,OZ,0.0183
2022-08-26T00:00:00+03:00,CO,1.67
2022-08-26T00:00:00+03:00,C6H5OH (фенол),0.0016
2022-08-26T00:00:00+03:00,PM2.5,0.036
2022-08-26T00:00:00+03:00,SO2,0.0018
2022-08-26T00:00:00+03:00,C6H6 (бензол),0.006
2022-08-26T00:00:00+03:00,CH2O (формальдегид),0.0102
2022-08-27T00:00:00+03:00,C6H5OH (фенол),0.0018
2022-08-27T00:00:00+03:00,NO,0.159
2022-08-27T00:00:00+03:00,SO2,0.0037
2022-08-27T00:00:00+03:00,PM2.5,0.043
2022-08-27T00:00:00+03:00,NO2,0.1
2022-08-27T00:00:00+03:00,C6H6 (бензол),0.006
2022-08-27T00:00:00+03:00,OZ,0.0286
2022-08-27T00:00:00+03:00,CH2O (формальдегид),0.0097
2022-08-27T00:00:00+03:00,CO,1.58
2022-08-28T00:00:00+03:00,C6H6 (бензол),0.008
2022-08-28T00:00:00+03:00,OZ,0.0208
2022-08-28T00:00:00+03:00,C6H5OH (фенол),0.0019
2022-08-28T00:00:00+03:00,CO,1.5
2022-08-28T00:00:00+03:00,PM2.5,0.061
2022-08-28T00:00:00+03:00,SO2,0.007
2022-08-28T00:00:00+03:00,NO,0.084
2022-08-28T00:00:00+03:00,CH2O (формальдегид),0.0138
2022-08-28T00:00:00+03:00,NO2,0.084
2022-08-29T00:00:00+03:00,OZ,0.02
2022-08-29T00:00:00+03:00,SO2,0.0034
2022-08-29T00:00:00+03:00,CO,1.02
2022-08-29T00:00:00+03:00,C6H5OH (фенол),0.0014
2022-08-29T00:00:00+03:00,PM2.5,0.032
2022-08-29T00:00:00+03:00,NO2,0.065
2022-08-29T00:00:00+03:00,C6H6 (бензол),0.005
2022-08-29T00:00:00+03:00,CH2O (формальдегид),0.0064
2022-08-29T00:00:00+03:00,NO,0.049
2022-08-30T00:00:00+03:00,NO,0.043
2022-08-30T00:00:00+03:00,CH2O (формальдегид),0.0067
2022-08-30T00:00:00+03:00,C6H6 (бензол),0.003
2022-08-30T00:00:00+03:00,SO2,0.0017
2022-08-30T00:00:00+03:00,PM2.5,0.02
2022-08-30T00:00:00+03:00,NO2,0.054
2022-08-30T00:00:00+03:00,OZ,0.0179
2022-08-30T00:00:00+03:00,CO,0.6
2022-08-30T00:00:00+03:00,C6H5OH (фенол),0.001
2022-08-31T00:00:00+03:00,OZ,0.015
2022-08-31T00:00:00+03:00,NO,0.026
2022-08-31T00:00:00+03:00,C6H5OH (фенол),0.0008
2022-08-31T00:00:00+03:00,SO2,0.0013
2022-08-31T00:00:00+03:00,PM2.5,0.008
2022-08-31T00:00:00+03:00,CO,0.39
2022-08-31T00:00:00+03:00,CH2O (формальдегид),0.0018
2022-08-31T00:00:00+03:00,NO2,0.042
2022-08-31T00:00:00+03:00,C6H6 (бензол),0.002
2022-09-01T00:00:00+03:00,NO,0.024
2022-09-01T00:00:00+03:00,CO,0.11
2022-09-01T00:00:00+03:00,OZ,0.0119
2022-09-01T00:00:00+03:00,C6H5OH (фенол),0.0007
2022-09-01T00:00:00+03:00,CH2O (формальдегид),0.0021
2022-09-01T00:00:00+03:00,C6H6 (бензол),0.001
2022-09-01T00:00:00+03:00,PM2.5,0.004
2022-09-01T00:00:00+03:00,SO2,0.0015
2022-09-01T00:00:00+03:00,NO2,0.036
2022-09-02T00:00:00+03:00,NO,0.021
2022-09-02T00:00:00+03:00,NO2,0.033
2022-09-02T00:00:00+03:00,C6H6 (бензол),0.001
2022-09-02T00:00:00+03:00,OZ,0.0172
2022-09-02T00:00:00+03:00,SO2,0.0015
2022-09-02T00:00:00+03:00,PM2.5,0.005
2022-09-02T00:00:00+03:00,C6H5OH (фенол),0.0007
2022-09-02T00:00:00+03:00,CO,0.16
2022-09-02T00:00:00+03:00,CH2O (формальдегид),0.0009
2022-09-03T00:00:00+03:00,CO,0.17
2022-09-03T00:00:00+03:00,NO,0.029
2022-09-03T00:00:00+03:00,C6H5OH (фенол),0.0006
2022-09-03T00:00:00+03:00,SO2,0.0014
2022-09-03T00:00:00+03:00,OZ,0.0119
2022-09-03T00:00:00+03:00,NO2,0.038
2022-09-03T00:00:00+03:00,C6H6 (бензол),0.002
2022-09-03T00:00:00+03:00,PM2.5,0.006
2022-09-03T00:00:00+03:00,CH2O (формальдегид),0.0024
2022-09-04T00:00:00+03:00,OZ,0.014
2022-09-04T00:00:00+03:00,CH2O (формальдегид),0.0023
2022-09-04T00:00:00+03:00,SO2,0.0015
2022-09-04T00:00:00+03:00,C6H5OH (фенол),0.0007
2022-09-04T00:00:00+03:00,NO,0.028
2022-09-04T00:00:00+03:00,CO,0.44
2022-09-04T00:00:00+03:00,PM2.5,0.007
2022-09-04T00:00:00+03:00,C6H6 (бензол),0.002
2022-09-04T00:00:00+03:00,NO2,0.037
2022-09-05T00:00:00+03:00,PM2.5,0.006
2022-09-05T00:00:00+03:00,NO2,0.035
2022-09-05T00:00:00+03:00,C6H5OH (фенол),0.0005
2022-09-05T00:00:00+03:00,SO2,0.0015
2022-09-05T00:00:00+03:00,CO,0.39
2022-09-05T00:00:00+03:00,OZ,0.004
2022-09-05T00:00:00+03:00,C6H6 (бензол),0.001
2022-09-05T00:00:00+03:00,NO,0.033
2022-09-05T00:00:00+03:00,CH2O (формальдегид),0.0025
2022-09-06T00:00:00+03:00,CO,0.27
2022-09-06T00:00:00+03:00,C6H6 (бензол),0.001
2022-09-06T00:00:00+03:00,NO,0.02
2022-09-06T00:00:00+03:00,NO2,0.033
2022-09-06T00:00:00+03:00,OZ,0.0108
2022-09-06T00:00:00+03:00,PM2.5,0.005
2022-09-06T00:00:00+03:00,CH2O (формальдегид),0.0018
2022-09-06T00:00:00+03:00,C6H5OH (фенол),0.0006
2022-09-06T00:00:00+03:00,SO2,0.0016
2022-09-07T00:00:00+03:00,PM2.5,0.006
2022-09-07T00:00:00+03:00,SO2,0.0015
2022-09-07T00:00:00+03:00,CO,0.31
2022-09-07T00:00:00+03:00,OZ,0.0075
2022-09-07T00:00:00+03:00,C6H6 (бензол),0.001
2022-09-07T00:00:00+03:00,NO2,0.037
2022-09-07T00:00:00+03:00,CH2O (формальдегид),0.0019
2022-09-07T00:00:00+03:00,C6H5OH (фенол),0.0006
2022-09-07T00:00:00+03:00,NO,0.033
2022-09-08T00:00:00+03:00,C6H5OH (фенол),0.0006
2022-09-08T00:00:00+03:00,OZ,0.0054
2022-09-08T00:00:00+03:00,SO2,0.0016
2022-09-08T00:00:00+03:00,CO,0.24
2022-09-08T00:00:00+03:00,CH2O (формальдегид),0.0023
2022-09-08T00:00:00+03:00,C6H6 (бензол),0.001
2022-09-08T00:00:00+03:00,NO2,0.032
2022-09-08T00:00:00+03:00,NO,0.027
2022-09-08T00:00:00+03:00,PM2.5,0.006
2022-09-09T00:00:00+03:00,CO,0.39
2022-09-09T00:00:00+03:00,PM2.5,0.009
2022-09-09T00:00:00+03:00,OZ,0.0137
2022-09-09T00:00:00+03:00,C6H6 (бензол),0.002
2022-09-09T00:00:00+03:00,NO,0.055
2022-09-09T00:00:00+03:00,SO2,0.0016
2022-09-09T00:00:00+03:00,NO2,0.038
2022-09-09T00:00:00+03:00,CH2O (формальдегид),0.0024
2022-09-09T00:00:00+03:00,C6H5OH (фенол),0.0006
2022-09-10T00:00:00+03:00,CO,1.37
2022-09-10T00:00:00+03:00,NO,0.216
2022-09-10T00:00:00+03:00,C6H6 (бензол),0.004
2022-09-10T00:00:00+03:00,OZ,0.0077
2022-09-10T00:00:00+03:00,C6H5OH (фенол),0.001
2022-09-10T00:00:00+03:00,SO2,0.0014
2022-09-10T00:00:00+03:00,CH2O (формальдегид),0.0068
2022-09-10T00:00:00+03:00,PM2.5,0.02
2022-09-10T00:00:00+03:00,NO2,0.058
2022-09-11T00:00:00+03:00,CO,1.23
2022-09-11T00:00:00+03:00,PM2.5,0.021
2022-09-11T00:00:00+03:00,C6H5OH (фенол),0.0011
2022-09-11T00:00:00+03:00,NO2,0.064
2022-09-11T00:00:00+03:00,CH2O (формальдегид),0.0055
2022-09-11T00:00:00+03:00,NO,0.177
2022-09-11T00:00:00+03:00,OZ,0.0095
2022-09-11T00:00:00+03:00,SO2,0.0016
2022-09-11T00:00:00+03:00,C6H6 (бензол),0.004
2022-09-12T00:00:00+03:00,CO,0.58
2022-09-12T00:00:00+03:00,NO,0.051
2022-09-12T00:00:00+03:00,PM2.5,0.015
2022-09-12T00:00:00+03:00,C6H5OH (фенол),0.0008
2022-09-12T00:00:00+03:00,SO2,0.0025
2022-09-12T00:00:00+03:00,C6H6 (бензол),0.002
2022-09-12T00:00:00+03:00,OZ,0.0063
2022-09-12T00:00:00+03:00,CH2O (формальдегид),0.0035
2022-09-12T00:00:00+03:00,NO2,0.05
2022-09-13T00:00:00+03:00,OZ,0.0126
2022-09-13T00:00:00+03:00,NO2,0.042
2022-09-13T00:00:00+03:00,CO,0.33
2022-09-13T00:00:00+03:00,SO2,0.0017
2022-09-13T00:00:00+03:00,C6H5OH (фенол),0.0009
2022-09-13T00:00:00+03:00,CH2O (формальдегид),0.0003
2022-09-13T00:00:00+03:00,NO,0.028
2022-09-13T00:00:00+03:00,C6H6 (бензол),0.002
2022-09-13T00:00:00+03:00,PM2.5,0.01
2022-09-14T00:00:00+03:00,PM2.5,0.012
2022-09-14T00:00:00+03:00,SO2,0.0009
2022-09-14T00:00:00+03:00,C6H6 (бензол),0.002
2022-09-14T00:00:00+03:00,CH2O (формальдегид),0.0015
2022-09-14T00:00:00+03:00,NO2,0.039
2022-09-14T00:00:00+03:00,CO,0.55
2022-09-14T00:00:00+03:00,C6H5OH (фенол),0.0007
2022-09-14T00:00:00+03:00,OZ,0.0054
2022-09-14T00:00:00+03:00,NO,0.058
2022-09-15T00:00:00+03:00,SO2,0.0006
2022-09-15T00:00:00+03:00,CH2O (формальдегид),0.0008
2022-09-15T00:00:00+03:00,CO,0.66
2022-09-15T00:00:00+03:00,NO,0.078
2022-09-15T00:00:00+03:00,C6H6 (бензол),0.002
2022-09-15T00:00:00+03:00,OZ,0.0003
2022-09-15T00:00:00+03:00,NO2,0.038
2022-09-15T00:00:00+03:00,PM2.5,0.01
2022-09-15T00:00:00+03:00,C6H5OH (фенол),0.0007
2022-09-16T00:00:00+03:00,NO,0.103
2022-09-16T00:00:00+03:00,C6H5OH (фенол),0.0006
2022-09-16T00:00:00+03:00,OZ,0.0006
2022-09-16T00:00:00+03:00,NO2,0.051
2022-09-16T00:00:00+03:00,SO2,0.0005
2022-09-16T00:00:00+03:00,CO,0.62
2022-09-16T00:00:00+03:00,PM2.5,0.016
2022-09-16T00:00:00+03:00,C6H6 (бензол),0.003
2022-09-16T00:00:00+03:00,CH2O (формальдегид),0.0028
2022-09-17T00:00:00+03:00,NO2,0.047
2022-09-17T00:00:00+03:00,CO,0.28
2022-09-17T00:00:00+03:00,PM2.5,0.01
2022-09-17T00:00:00+03:00,OZ,0.0104
2022-09-17T00:00:00+03:00,C6H5OH (фенол),0.0009
2022-09-17T00:00:00+03:00,C6H6 (бензол),0.002
2022-09-17T00:00:00+03:00,NO,0.058
2022-09-17T00:00:00+03:00,CH2O (формальдегид),0.0006
2022-09-17T00:00:00+03:00,SO2,0.0006
2022-09-18T00:00:00+03:00,OZ,0.0037
2022-09-18T00:00:00+03:00,CH2O (формальдегид),0.0017
2022-09-18T00:00:00+03:00,CO,0.42
2022-09-18T00:00:00+03:00,SO2,0.0009
2022-09-18T00:00:00+03:00,C6H5OH (фенол),0.0007
2022-09-18T00:00:00+03:00,C6H6 (бензол),0.002
2022-09-18T00:00:00+03:00,NO2,0.04
2022-09-18T00:00:00+03:00,NO,0.047
2022-09-18T00:00:00+03:00,PM2.5,0.011
2022-09-19T00:00:00+03:00,C6H5OH (фенол),0.001
2022-09-19T00:00:00+03:00,OZ,0.0139
2022-09-19T00:00:00+03:00,C6H6 (бензол),0.002
2022-09-19T00:00:00+03:00,NO2,0.037
2022-09-19T00:00:00+03:00,CH2O (формальдегид),0.0001
2022-09-19T00:00:00+03:00,NO,0.035
2022-09-19T00:00:00+03:00,SO2,0.0007
2022-09-19T00:00:00+03:00,PM2.5,0.006
2022-09-19T00:00:00+03:00,CO,0.4
2022-09-20T00:00:00+03:00,C6H5OH (фенол),0.001
2022-09-20T00:00:00+03:00,CO,0.55
2022-09-20T00:00:00+03:00,PM2.5,0.009
2022-09-20T00:00:00+03:00,NO,0.055
2022-09-20T00:00:00+03:00,OZ,0.0088
2022-09-20T00:00:00+03:00,C6H6 (бензол),0.002
2022-09-20T00:00:00+03:00,NO2,0.034
2022-09-20T00:00:00+03:00,SO2,0.0006
2022-09-20T00:00:00+03:00,CH2O (формальдегид),0.0005
2022-09-21T00:00:00+03:00,SO2,0.0009
2022-09-21T00:00:00+03:00,CO,0.75
2022-09-21T00:00:00+03:00,C6H5OH (фенол),0.0006
2022-09-21T00:00:00+03:00,NO2,0.044
2022-09-21T00:00:00+03:00,OZ,0.0025
2022-09-21T00:00:00+03:00,C6H6 (бензол),0.003
2022-09-21T00:00:00+03:00,PM2.5,0.015
2022-09-21T00:00:00+03:00,CH2O (формальдегид),0.0015
2022-09-21T00:00:00+03:00,NO,0.134
2022-09-22T00:00:00+03:00,CO,0.4
2022-09-22T00:00:00+03:00,C6H6 (бензол),0.002
2022-09-22T00:00:00+03:00,CH2O (формальдегид),0.0008
2022-09-22T00:00:00+03:00,PM2.5,0.011
2022-09-22T00:00:00+03:00,C6H5OH (фенол),0.0006
2022-09-22T00:00:00+03:00,NO2,0.037
2022-09-22T00:00:00+03:00,SO2,0.0009
2022-09-22T00:00:00+03:00,OZ,0.0029
2022-09-22T00:00:00+03:00,NO,0.038
2022-09-23T00:00:00+03:00,NO2,0.038
2022-09-23T00:00:00+03:00,NO,0.031
2022-09-23T00:00:00+03:00,CO,0.22
2022-09-23T00:00:00+03:00,OZ,0.0072
2022-09-23T00:00:00+03:00,C6H5OH (фенол),0.0007
2022-09-23T00:00:00+03:00,CH2O (формальдегид),0.0007
2022-09-23T00:00:00+03:00,C6H6 (бензол),0.002
2022-09-23T00:00:00+03:00,PM2.5,0.006
2022-09-23T00:00:00+03:00,SO2,0.001
2022-09-24T00:00:00+03:00,CH2O (формальдегид),0.0003
2022-09-24T00:00:00+03:00,OZ,0.0001
2022-09-24T00:00:00+03:00,C6H6 (бензол),0.001
2022-09-24T00:00:00+03:00,NO,0.031
2022-09-24T00:00:00+03:00,NO2,0.024
2022-09-24T00:00:00+03:00,C6H5OH (фенол),0.0005
2022-09-24T00:00:00+03:00,PM2.5,0.002
2022-09-24T00:00:00+03:00,CO,0.2
2022-09-24T00:00:00+03:00,SO2,0.0006
2022-09-25T00:00:00+03:00,CH2O (формальдегид),0.001
2022-09-25T00:00:00+03:00,NO,0.056
2022-09-25T00:00:00+03:00,SO2,0.0009
2022-09-25T00:00:00+03:00,PM2.5,0.007
2022-09-25T00:00:00+03:00,C6H5OH (фенол),0.0004
2022-09-25T00:00:00+03:00,CO,0.4
2022-09-25T00:00:00+03:00,OZ,0
2022-09-25T00:00:00+03:00,C6H6 (бензол),0.001
2022-09-25T00:00:00+03:00,NO2,0.024
2022-09-26T00:00:00+03:00,PM2.5,0.008
2022-09-26T00:00:00+03:00,C6H6 (бензол),0.002
2022-09-26T00:00:00+03:00,NO2,0.025
2022-09-26T00:00:00+03:00,CH2O (формальдегид),0.0008
2022-09-26T00:00:00+03:00,C6H5OH (фенол),0.0005
2022-09-26T00:00:00+03:00,CO,0.46
2022-09-26T00:00:00+03:00,OZ,0.003
2022-09-26T00:00:00+03:00,NO,0.067
2022-09-26T00:00:00+03:00,SO2,0.0008
2022-09-27T00:00:00+03:00,NO2,0.038
2022-09-27T00:00:00+03:00,C6H6 (бензол),0.003
2022-09-27T00:00:00+03:00,CO,0.75
2022-09-27T00:00:00+03:00,CH2O (формальдегид),0.0016
2022-09-27T00:00:00+03:00,OZ,0.0087
2022-09-27T00:00:00+03:00,NO,0.133
2022-09-27T00:00:00+03:00,C6H5OH (фенол),0.0006
2022-09-27T00:00:00+03:00,PM2.5,0.014
2022-09-27T00:00:00+03:00,SO2,0.0036
2022-09-28T00:00:00+03:00,C6H6 (бензол),0.002
2022-09-28T00:00:00+03:00,OZ,0.0141
2022-09-28T00:00:00+03:00,CH2O (формальдегид),0.0003
2022-09-28T00:00:00+03:00,PM2.5,0.007
2022-09-28T00:00:00+03:00,NO,0.036
2022-09-28T00:00:00+03:00,CO,0.34
2022-09-28T00:00:00+03:00,NO2,0.031
2022-09-28T00:00:00+03:00,SO2,0.0012
2022-09-28T00:00:00+03:00,C6H5OH (фенол),0.0007
2022-09-29T00:00:00+03:00,CH2O (формальдегид),0.0032
2022-09-29T00:00:00+03:00,PM2.5,0.016
2022-09-29T00:00:00+03:00,C6H5OH (фенол),0.0005
2022-09-29T00:00:00+03:00,NO,0.114
2022-09-29T00:00:00+03:00,C6H6 (бензол),0.002
2022-09-29T00:00:00+03:00,OZ,0.0046
2022-09-29T00:00:00+03:00,SO2,0.0007
2022-09-29T00:00:00+03:00,NO2,0.046
2022-09-29T00:00:00+03:00,CO,0.78
2022-09-30T00:00:00+03:00,NO2,0.05
2022-09-30T00:00:00+03:00,CH2O (формальдегид),0.0022
2022-09-30T00:00:00+03:00,CO,0.96
2022-09-30T00:00:00+03:00,OZ,0.0079
2022-09-30T00:00:00+03:00,SO2,0.0008
2022-09-30T00:00:00+03:00,C6H6 (бензол),0.003
2022-09-30T00:00:00+03:00,PM2.5,0.019
2022-09-30T00:00:00+03:00,NO,0.107
2022-09-30T00:00:00+03:00,C6H5OH (фенол),0.0006
2022-10-01T00:00:00+03:00,PM2.5,0.019
2022-10-01T00:00:00+03:00,NO,0.11
2022-10-01T00:00:00+03:00,OZ,0.0033
2022-10-01T00:00:00+03:00,NO2,0.044
2022-10-01T00:00:00+03:00,SO2,0.0009
2022-10-01T00:00:00+03:00,C6H6 (бензол),0.004
2022-10-01T00:00:00+03:00,C6H5OH (фенол),0.0006
2022-10-01T00:00:00+03:00,CO,1
2022-10-01T00:00:00+03:00,CH2O (формальдегид),0.0039
2022-10-02T00:00:00+03:00,C6H5OH (фенол),0.0009
2022-10-02T00:00:00+03:00,CH2O (формальдегид),0.0007
2022-10-02T00:00:00+03:00,PM2.5,0.005
2022-10-02T00:00:00+03:00,NO2,0.036
2022-10-02T00:00:00+03:00,NO,0.029
2022-10-02T00:00:00+03:00,SO2,0.0007
2022-10-02T00:00:00+03:00,CO,0.35
2022-10-02T00:00:00+03:00,C6H6 (бензол),0.002
2022-10-02T00:00:00+03:00,OZ,0.0197
2022-10-03T00:00:00+03:00,OZ,0.0177
2022-10-03T00:00:00+03:00,C6H5OH (фенол),0.0008
2022-10-03T00:00:00+03:00,PM2.5,0.009
2022-10-03T00:00:00+03:00,SO2,0.001
2022-10-03T00:00:00+03:00,C6H6 (бензол),0.002
2022-10-03T00:00:00+03:00,NO,0.04
2022-10-03T00:00:00+03:00,CH2O (формальдегид),0.0025
2022-10-03T00:00:00+03:00,NO2,0.039
2022-10-03T00:00:00+03:00,CO,0.41
2022-10-04T00:00:00+03:00,C6H6 (бензол),0.002
2022-10-04T00:00:00+03:00,CH2O (формальдегид),0.0038
2022-10-04T00:00:00+03:00,C6H5OH (фенол),0.0007
2022-10-04T00:00:00+03:00,OZ,0.0161
2022-10-04T00:00:00+03:00,SO2,0.0006
2022-10-04T00:00:00+03:00,CO,0.55
2022-10-04T00:00:00+03:00,PM2.5,0.009
2022-10-04T00:00:00+03:00,NO,0.056
2022-10-04T00:00:00+03:00,NO2,0.042
2022-10-05T00:00:00+03:00,CH2O (формальдегид),0.0026
2022-10-05T00:00:00+03:00,PM2.5,0.007
2022-10-05T00:00:00+03:00,NO,0.057
2022-10-05T00:00:00+03:00,SO2,0.0007
2022-10-05T00:00:00+03:00,C6H6 (бензол),0.002
2022-10-05T00:00:00+03:00,OZ,0.007
2022-10-05T00:00:00+03:00,C6H5OH (фенол),0.0005
2022-10-05T00:00:00+03:00,CO,0.58
2022-10-05T00:00:00+03:00,NO2,0.034
2022-10-06T00:00:00+03:00,CO,0.55
2022-10-06T00:00:00+03:00,SO2,0.0007
2022-10-06T00:00:00+03:00,C6H5OH (фенол),0.0005
2022-10-06T00:00:00+03:00,NO2,0.035
2022-10-06T00:00:00+03:00,OZ,0.0068
2022-10-06T00:00:00+03:00,C6H6 (бензол),0.002
2022-10-06T00:00:00+03:00,NO,0.071
2022-10-06T00:00:00+03:00,PM2.5,0.01
2022-10-06T00:00:00+03:00,CH2O (формальдегид),0.0017
2022-10-07T00:00:00+03:00,NO,0.022
2022-10-07T00:00:00+03:00,PM2.5,0.009
2022-10-07T00:00:00+03:00,C6H5OH (фенол),0.0008
2022-10-07T00:00:00+03:00,OZ,0.0177
2022-10-07T00:00:00+03:00,NO2,0.032
2022-10-07T00:00:00+03:00,SO2,0.0007
2022-10-07T00:00:00+03:00,CO,0.26
2022-10-07T00:00:00+03:00,CH2O (формальдегид),0.0021
2022-10-07T00:00:00+03:00,C6H6 (бензол),0.002
2022-10-08T00:00:00+03:00,NO2,0.043
2022-10-08T00:00:00+03:00,NO,0.046
2022-10-08T00:00:00+03:00,PM2.5,0.01
2022-10-08T00:00:00+03:00,C6H6 (бензол),0.002
2022-10-08T00:00:00+03:00,C6H5OH (фенол),0.0007
2022-10-08T00:00:00+03:00,CH2O (формальдегид),0.0024
2022-10-08T00:00:00+03:00,OZ,0.0158
2022-10-08T00:00:00+03:00,CO,0.38
2022-10-08T00:00:00+03:00,SO2,0.0007
2022-10-09T00:00:00+03:00,NO2,0.039
2022-10-09T00:00:00+03:00,NO,0.028
2022-10-09T00:00:00+03:00,PM2.5,0.01
2022-10-09T00:00:00+03:00,SO2,0.0009
2022-10-09T00:00:00+03:00,OZ,0.0232
2022-10-09T00:00:00+03:00,CO,0.45
2022-10-09T00:00:00+03:00,C6H6 (бензол),0.002
2022-10-09T00:00:00+03:00,C6H5OH (фенол),0.001
2022-10-09T00:00:00+03:00,CH2O (формальдегид),0.0018
2022-10-10T00:00:00+03:00,SO2,0.001
2022-10-10T00:00:00+03:00,NO2,0.035
2022-10-10T00:00:00+03:00,C6H6 (бензол),0.002
2022-10-10T00:00:00+03:00,PM2.5,0.008
2022-10-10T00:00:00+03:00,OZ,0.0233
2022-10-10T00:00:00+03:00,NO,0.028
2022-10-10T00:00:00+03:00,CH2O (формальдегид),0.0019
2022-10-10T00:00:00+03:00,CO,0.33
2022-10-10T00:00:00+03:00,C6H5OH (фенол),0.0007
2022-10-11T00:00:00+03:00,SO2,0.0017
2022-10-11T00:00:00+03:00,CH2O (формальдегид),0.0034
2022-10-11T00:00:00+03:00,OZ,0.0148
2022-10-11T00:00:00+03:00,C6H6 (бензол),0.003
2022-10-11T00:00:00+03:00,C6H5OH (фенол),0.0007
2022-10-11T00:00:00+03:00,NO2,0.054
2022-10-11T00:00:00+03:00,NO,0.131
2022-10-11T00:00:00+03:00,PM2.5,0.014
2022-10-11T00:00:00+03:00,CO,0.83
2022-10-12T00:00:00+03:00,PM2.5,0.022
2022-10-12T00:00:00+03:00,CH2O (формальдегид),0.004
2022-10-12T00:00:00+03:00,C6H6 (бензол),0.004
2022-10-12T00:00:00+03:00,CO,1.16
2022-10-12T00:00:00+03:00,NO2,0.052
2022-10-12T00:00:00+03:00,NO,0.196
2022-10-12T00:00:00+03:00,OZ,0.0065
2022-10-12T00:00:00+03:00,C6H5OH (фенол),0.0006
2022-10-12T00:00:00+03:00,SO2,0.0007
2022-10-13T00:00:00+03:00,CO,0.25
2022-10-13T00:00:00+03:00,OZ,
2022-10-13T00:00:00+03:00,CH2O (формальдегид),
2022-10-13T00:00:00+03:00,PM2.5,0.009
2022-10-13T00:00:00+03:00,C6H5OH (фенол),
2022-10-13T00:00:00+03:00,NO,0.039
2022-10-13T00:00:00+03:00,C6H6 (бензол),
2022-10-13T00:00:00+03:00,SO2,
2022-10-13T00:00:00+03:00,NO2,0.04
2022-10-14T00:00:00+03:00,SO2,
2022-10-14T00:00:00+03:00,PM2.5,0.013
2022-10-14T00:00:00+03:00,C6H6 (бензол),
2022-10-14T00:00:00+03:00,NO,0.068
2022-10-14T00:00:00+03:00,CO,0.54
2022-10-14T00:00:00+03:00,NO2,0.045
2022-10-14T00:00:00+03:00,OZ,
2022-10-14T00:00:00+03:00,C6H5OH (фенол),
2022-10-14T00:00:00+03:00,CH2O (формальдегид),
2022-10-15T00:00:00+03:00,PM2.5,0.015
2022-10-15T00:00:00+03:00,C6H5OH (фенол),
2022-10-15T00:00:00+03:00,NO2,0.055
2022-10-15T00:00:00+03:00,CO,0.54
2022-10-15T00:00:00+03:00,C6H6 (бензол),
2022-10-15T00:00:00+03:00,OZ,
2022-10-15T00:00:00+03:00,CH2O (формальдегид),
2022-10-15T00:00:00+03:00,SO2,
2022-10-15T00:00:00+03:00,NO,0.078
2022-10-16T00:00:00+03:00,PM2.5,0.012
2022-10-16T00:00:00+03:00,C6H5OH (фенол),
2022-10-16T00:00:00+03:00,SO2,
2022-10-16T00:00:00+03:00,NO2,0.054
2022-10-16T00:00:00+03:00,CH2O (формальдегид),
2022-10-16T00:00:00+03:00,NO,0.064
2022-10-16T00:00:00+03:00,OZ,
2022-10-16T00:00:00+03:00,CO,0.45
2022-10-16T00:00:00+03:00,C6H6 (бензол),
2022-10-17T00:00:00+03:00,CO,0.22
2022-10-17T00:00:00+03:00,NO2,0.04
2022-10-17T00:00:00+03:00,C6H6 (бензол),
2022-10-17T00:00:00+03:00,OZ,
2022-10-17T00:00:00+03:00,PM2.5,0.012
2022-10-17T00:00:00+03:00,SO2,
2022-10-17T00:00:00+03:00,CH2O (формальдегид),
2022-10-17T00:00:00+03:00,C6H5OH (фенол),
2022-10-17T00:00:00+03:00,NO,0.03
2022-10-18T00:00:00+03:00,C6H5OH (фенол),
2022-10-18T00:00:00+03:00,CO,0.39
2022-10-18T00:00:00+03:00,NO2,0.038
2022-10-18T00:00:00+03:00,NO,0.043
2022-10-18T00:00:00+03:00,CH2O (формальдегид),
2022-10-18T00:00:00+03:00,PM2.5,0.01
2022-10-18T00:00:00+03:00,OZ,
2022-10-18T00:00:00+03:00,C6H6 (бензол),
2022-10-18T00:00:00+03:00,SO2,
2022-10-19T00:00:00+03:00,C6H5OH (фенол),
2022-10-19T00:00:00+03:00,NO,0.039
2022-10-19T00:00:00+03:00,CO,0.29
2022-10-19T00:00:00+03:00,OZ,
2022-10-19T00:00:00+03:00,CH2O (формальдегид),
2022-10-19T00:00:00+03:00,NO2,0.044
2022-10-19T00:00:00+03:00,PM2.5,0.007
2022-10-19T00:00:00+03:00,C6H6 (бензол),
2022-10-19T00:00:00+03:00,SO2,
2022-10-20T00:00:00+03:00,PM2.5,0.007
2022-10-20T00:00:00+03:00,SO2,0.0017
2022-10-20T00:00:00+03:00,C6H5OH (фенол),0.0009
2022-10-20T00:00:00+03:00,NO,0.025
2022-10-20T00:00:00+03:00,CO,0.24
2022-10-20T00:00:00+03:00,OZ,0.0334
2022-10-20T00:00:00+03:00,NO2,0.035
2022-10-20T00:00:00+03:00,C6H6 (бензол),0.002
2022-10-20T00:00:00+03:00,CH2O (формальдегид),0.0018
2022-10-21T00:00:00+03:00,C6H6 (бензол),0.002
2022-10-21T00:00:00+03:00,OZ,0.0234
2022-10-21T00:00:00+03:00,PM2.5,0.008
2022-10-21T00:00:00+03:00,C6H5OH (фенол),0.0007
2022-10-21T00:00:00+03:00,CO,0.42
2022-10-21T00:00:00+03:00,SO2,0.0004
2022-10-21T00:00:00+03:00,NO,0.039
2022-10-21T00:00:00+03:00,NO2,0.039
2022-10-21T00:00:00+03:00,CH2O (формальдегид),0.0022
2022-10-22T00:00:00+03:00,PM2.5,0.01
2022-10-22T00:00:00+03:00,OZ,0.0176
2022-10-22T00:00:00+03:00,SO2,0.0002
2022-10-22T00:00:00+03:00,C6H5OH (фенол),0.0007
2022-10-22T00:00:00+03:00,CO,0.48
2022-10-22T00:00:00+03:00,NO2,0.046
2022-10-22T00:00:00+03:00,C6H6 (бензол),0.002
2022-10-22T00:00:00+03:00,CH2O (формальдегид),0.0022
2022-10-22T00:00:00+03:00,NO,0.068
2022-10-23T00:00:00+03:00,SO2,0.0009
2022-10-23T00:00:00+03:00,CO,0.62
2022-10-23T00:00:00+03:00,NO2,0.04
2022-10-23T00:00:00+03:00,PM2.5,0.013
2022-10-23T00:00:00+03:00,NO,0.077
2022-10-23T00:00:00+03:00,C6H5OH (фенол),0.0011
2022-10-23T00:00:00+03:00,CH2O (формальдегид),0.0033
2022-10-23T00:00:00+03:00,OZ,0.0185
2022-10-23T00:00:00+03:00,C6H6 (бензол),0.002
2022-10-24T00:00:00+03:00,SO2,0.0004
2022-10-24T00:00:00+03:00,NO,0.042
2022-10-24T00:00:00+03:00,NO2,0.038
2022-10-24T00:00:00+03:00,CH2O (формальдегид),0.0017
2022-10-24T00:00:00+03:00,C6H5OH (фенол),0.0008
2022-10-24T00:00:00+03:00,OZ,0.0264
2022-10-24T00:00:00+03:00,C6H6 (бензол),0.002
2022-10-24T00:00:00+03:00,PM2.5,0.01
2022-10-24T00:00:00+03:00,CO,0.37
2022-10-25T00:00:00+03:00,SO2,0.0009
2022-10-25T00:00:00+03:00,CH2O (формальдегид),0.004
2022-10-25T00:00:00+03:00,C6H5OH (фенол),0.0008
2022-10-25T00:00:00+03:00,C6H6 (бензол),0.002
2022-10-25T00:00:00+03:00,PM2.5,0.015
2022-10-25T00:00:00+03:00,CO,0.68
2022-10-25T00:00:00+03:00,OZ,0.0184
2022-10-25T00:00:00+03:00,NO,0.123
2022-10-25T00:00:00+03:00,NO2,0.053
2022-10-26T00:00:00+03:00,CO,0.42
2022-10-26T00:00:00+03:00,NO2,0.049
2022-10-26T00:00:00+03:00,C6H6 (бензол),0.002
2022-10-26T00:00:00+03:00,OZ,0.0225
2022-10-26T00:00:00+03:00,C6H5OH (фенол),0.0019
2022-10-26T00:00:00+03:00,NO,0.074
2022-10-26T00:00:00+03:00,CH2O (формальдегид),0.0025
2022-10-26T00:00:00+03:00,PM2.5,0.014
2022-10-26T00:00:00+03:00,SO2,0.0021
2022-10-27T00:00:00+03:00,CH2O (формальдегид),0.0027
2022-10-27T00:00:00+03:00,C6H6 (бензол),0.003
2022-10-27T00:00:00+03:00,OZ,0.0213
2022-10-27T00:00:00+03:00,SO2,0.0045
2022-10-27T00:00:00+03:00,NO2,0.051
2022-10-27T00:00:00+03:00,CO,0.82
2022-10-27T00:00:00+03:00,C6H5OH (фенол),0.0014
2022-10-27T00:00:00+03:00,NO,0.116
2022-10-27T00:00:00+03:00,PM2.5,0.02
2022-10-28T00:00:00+03:00,C6H5OH (фенол),0.0009
2022-10-28T00:00:00+03:00,SO2,0.0002
2022-10-28T00:00:00+03:00,NO,0.098
2022-10-28T00:00:00+03:00,CO,0.69
2022-10-28T00:00:00+03:00,C6H6 (бензол),0.002
2022-10-28T00:00:00+03:00,CH2O (формальдегид),0.0002
2022-10-28T00:00:00+03:00,OZ,0.0212
2022-10-28T00:00:00+03:00,NO2,0.04
2022-10-28T00:00:00+03:00,PM2.5,0.014
2022-10-29T00:00:00+03:00,SO2,0.0001
2022-10-29T00:00:00+03:00,NO2,0.036
2022-10-29T00:00:00+03:00,C6H6 (бензол),0.002
2022-10-29T00:00:00+03:00,CH2O (формальдегид),0.0007
2022-10-29T00:00:00+03:00,PM2.5,0.007
2022-10-29T00:00:00+03:00,CO,0.25
2022-10-29T00:00:00+03:00,OZ,0.0242
2022-10-29T00:00:00+03:00,C6H5OH (фенол),0.0007
2022-10-29T00:00:00+03:00,NO,0.045
2022-10-30T00:00:00+03:00,OZ,0.0464
2022-10-30T00:00:00+03:00,CO,0.27
2022-10-30T00:00:00+03:00,CH2O (формальдегид),0.0002
2022-10-30T00:00:00+03:00,PM2.5,0.004
2022-10-30T00:00:00+03:00,C6H6 (бензол),0.002
2022-10-30T00:00:00+03:00,C6H5OH (фенол),0.0014
2022-10-30T00:00:00+03:00,SO2,0.0004
2022-10-30T00:00:00+03:00,NO2,0.03
2022-10-30T00:00:00+03:00,NO,0.013
2022-10-31T00:00:00+03:00,OZ,0.0462
2022-10-31T00:00:00+03:00,CH2O (формальдегид),0.0015
2022-10-31T00:00:00+03:00,NO2,0.031
2022-10-31T00:00:00+03:00,C6H5OH (фенол),0.002
2022-10-31T00:00:00+03:00,C6H6 (бензол),0.002
2022-10-31T00:00:00+03:00,NO,0.012
2022-10-31T00:00:00+03:00,SO2,0.0011
2022-10-31T00:00:00+03:00,PM2.5,0.005
2022-10-31T00:00:00+03:00,CO,0.16
2022-11-01T00:00:00+03:00,C6H6 (бензол),
2022-11-01T00:00:00+03:00,OZ,
2022-11-01T00:00:00+03:00,SO2,
2022-11-01T00:00:00+03:00,NO2,0.036
2022-11-01T00:00:00+03:00,NO,0.018
2022-11-01T00:00:00+03:00,PM2.5,0.006
2022-11-01T00:00:00+03:00,CO,0.17
2022-11-01T00:00:00+03:00,C6H5OH (фенол),
2022-11-01T00:00:00+03:00,CH2O (формальдегид),
2022-11-02T00:00:00+03:00,SO2,
2022-11-02T00:00:00+03:00,PM2.5,0.011
2022-11-02T00:00:00+03:00,CH2O (формальдегид),
2022-11-02T00:00:00+03:00,NO2,0.047
2022-11-02T00:00:00+03:00,OZ,
2022-11-02T00:00:00+03:00,CO,0.26
2022-11-02T00:00:00+03:00,C6H6 (бензол),
2022-11-02T00:00:00+03:00,C6H5OH (фенол),
2022-11-02T00:00:00+03:00,NO,0.044
2022-11-03T00:00:00+03:00,CO,0.21
2022-11-03T00:00:00+03:00,C6H5OH (фенол),
2022-11-03T00:00:00+03:00,OZ,
2022-11-03T00:00:00+03:00,SO2,
2022-11-03T00:00:00+03:00,CH2O (формальдегид),
2022-11-03T00:00:00+03:00,NO2,0.034
2022-11-03T00:00:00+03:00,PM2.5,0.008
2022-11-03T00:00:00+03:00,NO,0.038
2022-11-03T00:00:00+03:00,C6H6 (бензол),
2022-11-04T00:00:00+03:00,CO,0.27
2022-11-04T00:00:00+03:00,CH2O (формальдегид),
2022-11-04T00:00:00+03:00,PM2.5,0.011
2022-11-04T00:00:00+03:00,C6H5OH (фенол),
2022-11-04T00:00:00+03:00,SO2,
2022-11-04T00:00:00+03:00,NO,0.032
2022-11-04T00:00:00+03:00,NO2,0.033
2022-11-04T00:00:00+03:00,C6H6 (бензол),
2022-11-04T00:00:00+03:00,OZ,
2022-11-05T00:00:00+03:00,C6H5OH (фенол),
2022-11-05T00:00:00+03:00,CO,0.37
2022-11-05T00:00:00+03:00,SO2,
2022-11-05T00:00:00+03:00,OZ,
2022-11-05T00:00:00+03:00,C6H6 (бензол),
2022-11-05T00:00:00+03:00,PM2.5,0.008
2022-11-05T00:00:00+03:00,NO2,0.03
2022-11-05T00:00:00+03:00,NO,0.032
2022-11-05T00:00:00+03:00,CH2O (формальдегид),
2022-11-06T00:00:00+03:00,OZ,
2022-11-06T00:00:00+03:00,NO,0.053
2022-11-06T00:00:00+03:00,SO2,
2022-11-06T00:00:00+03:00,C6H5OH (фенол),
2022-11-06T00:00:00+03:00,NO2,0.037
2022-11-06T00:00:00+03:00,CH2O (формальдегид),
2022-11-06T00:00:00+03:00,PM2.5,0.01
2022-11-06T00:00:00+03:00,C6H6 (бензол),
2022-11-06T00:00:00+03:00,CO,0.45
2022-11-07T00:00:00+03:00,NO,0.078
2022-11-07T00:00:00+03:00,NO2,0.034
2022-11-07T00:00:00+03:00,C6H6 (бензол),
2022-11-07T00:00:00+03:00,PM2.5,0.011
2022-11-07T00:00:00+03:00,C6H5OH (фенол),
2022-11-07T00:00:00+03:00,OZ,
2022-11-07T00:00:00+03:00,CO,0.54
2022-11-07T00:00:00+03:00,CH2O (формальдегид),
2022-11-07T00:00:00+03:00,SO2,
2022-11-08T00:00:00+03:00,NO,0.074
2022-11-08T00:00:00+03:00,NO2,0.031
2022-11-08T00:00:00+03:00,CO,0.55
2022-11-08T00:00:00+03:00,OZ,
2022-11-08T00:00:00+03:00,CH2O (формальдегид),
2022-11-08T00:00:00+03:00,C6H5OH (фенол),
2022-11-08T00:00:00+03:00,PM2.5,0.012
2022-11-08T00:00:00+03:00,SO2,
2022-11-08T00:00:00+03:00,C6H6 (бензол),
2022-11-09T00:00:00+03:00,NO2,0.032
2022-11-09T00:00:00+03:00,C6H5OH (фенол),
2022-11-09T00:00:00+03:00,CO,0.29
2022-11-09T00:00:00+03:00,SO2,
2022-11-09T00:00:00+03:00,NO,0.04
2022-11-09T00:00:00+03:00,C6H6 (бензол),
2022-11-09T00:00:00+03:00,PM2.5,0.012
2022-11-09T00:00:00+03:00,CH2O (формальдегид),
2022-11-09T00:00:00+03:00,OZ,
2022-11-10T00:00:00+03:00,PM2.5,0.016
2022-11-10T00:00:00+03:00,CH2O (формальдегид),
2022-11-10T00:00:00+03:00,SO2,
2022-11-10T00:00:00+03:00,C6H5OH (фенол),
2022-11-10T00:00:00+03:00,OZ,
2022-11-10T00:00:00+03:00,CO,0.36
2022-11-10T00:00:00+03:00,NO2,0.033
2022-11-10T00:00:00+03:00,C6H6 (бензол),
2022-11-10T00:00:00+03:00,NO,0.034
2022-11-11T00:00:00+03:00,SO2,
2022-11-11T00:00:00+03:00,NO,0.035
2022-11-11T00:00:00+03:00,CH2O (формальдегид),
2022-11-11T00:00:00+03:00,NO2,0.03
2022-11-11T00:00:00+03:00,PM2.5,0.011
2022-11-11T00:00:00+03:00,C6H5OH (фенол),
2022-11-11T00:00:00+03:00,C6H6 (бензол),
2022-11-11T00:00:00+03:00,CO,0.39
2022-11-11T00:00:00+03:00,OZ,
2022-11-12T00:00:00+03:00,PM2.5,0.004
2022-11-12T00:00:00+03:00,C6H6 (бензол),
2022-11-12T00:00:00+03:00,C6H5OH (фенол),
2022-11-12T00:00:00+03:00,NO2,0.026
2022-11-12T00:00:00+03:00,NO,0.016
2022-11-12T00:00:00+03:00,CH2O (формальдегид),
2022-11-12T00:00:00+03:00,OZ,
2022-11-12T00:00:00+03:00,CO,0.1
2022-11-12T00:00:00+03:00,SO2,
2022-11-13T00:00:00+03:00,C6H5OH (фенол),
2022-11-13T00:00:00+03:00,PM2.5,0.004
2022-11-13T00:00:00+03:00,NO,0.005
2022-11-13T00:00:00+03:00,OZ,
2022-11-13T00:00:00+03:00,CO,0.1
2022-11-13T00:00:00+03:00,CH2O (формальдегид),
2022-11-13T00:00:00+03:00,C6H6 (бензол),
2022-11-13T00:00:00+03:00,SO2,
2022-11-13T00:00:00+03:00,NO2,0.021
2022-11-14T00:00:00+03:00,CH2O (формальдегид),0.0001
2022-11-14T00:00:00+03:00,SO2,0.0006
2022-11-14T00:00:00+03:00,C6H6 (бензол),0.003
2022-11-14T00:00:00+03:00,NO2,0.036
2022-11-14T00:00:00+03:00,NO,0.014
2022-11-14T00:00:00+03:00,C6H5OH (фенол),0.0018
2022-11-14T00:00:00+03:00,CO,0.14
2022-11-14T00:00:00+03:00,PM2.5,0.006
2022-11-14T00:00:00+03:00,OZ,0.04
2022-11-15T00:00:00+03:00,PM2.5,0.009
2022-11-15T00:00:00+03:00,NO2,0.054
2022-11-15T00:00:00+03:00,SO2,0.0007
2022-11-15T00:00:00+03:00,CH2O (формальдегид),0.0024
2022-11-15T00:00:00+03:00,OZ,0.0271
2022-11-15T00:00:00+03:00,CO,0.29
2022-11-15T00:00:00+03:00,NO,0.052
2022-11-15T00:00:00+03:00,C6H6 (бензол),0.003
2022-11-15T00:00:00+03:00,C6H5OH (фенол),0.0017
2022-11-16T00:00:00+03:00,PM2.5,0.013
2022-11-16T00:00:00+03:00,OZ,0.018
2022-11-16T00:00:00+03:00,SO2,0.0013
2022-11-16T00:00:00+03:00,C6H6 (бензол),0.003
2022-11-16T00:00:00+03:00,CO,0.53
2022-11-16T00:00:00+03:00,NO2,0.058
2022-11-16T00:00:00+03:00,NO,0.081
2022-11-16T00:00:00+03:00,C6H5OH (фенол),0.0017
2022-11-16T00:00:00+03:00,CH2O (формальдегид),0.0028
2022-11-17T00:00:00+03:00,C6H5OH (фенол),0.0015
2022-11-17T00:00:00+03:00,OZ,0.0159
2022-11-17T00:00:00+03:00,NO,0.083
2022-11-17T00:00:00+03:00,CO,0.6
2022-11-17T00:00:00+03:00,C6H6 (бензол),0.003
2022-11-17T00:00:00+03:00,CH2O (формальдегид),0.0041
2022-11-17T00:00:00+03:00,PM2.5,0.012
2022-11-17T00:00:00+03:00,NO2,0.058
2022-11-17T00:00:00+03:00,SO2,0.0017
2022-11-18T00:00:00+03:00,CH2O (формальдегид),0.0017
2022-11-18T00:00:00+03:00,CO,0.44
2022-11-18T00:00:00+03:00,C6H6 (бензол),0.003
2022-11-18T00:00:00+03:00,NO2,0.04
2022-11-18T00:00:00+03:00,NO,0.032
2022-11-18T00:00:00+03:00,C6H5OH (фенол),0.0012
2022-11-18T00:00:00+03:00,OZ,0.0192
2022-11-18T00:00:00+03:00,PM2.5,0.009
2022-11-18T00:00:00+03:00,SO2,0.0019
2022-11-19T00:00:00+03:00,C6H5OH (фенол),0.0011
2022-11-19T00:00:00+03:00,CO,0.43
2022-11-19T00:00:00+03:00,OZ,0.0159
2022-11-19T00:00:00+03:00,NO2,0.044
2022-11-19T00:00:00+03:00,SO2,0.0032
2022-11-19T00:00:00+03:00,NO,0.054
2022-11-19T00:00:00+03:00,PM2.5,0.012
2022-11-19T00:00:00+03:00,C6H6 (бензол),0.003
2022-11-19T00:00:00+03:00,CH2O (формальдегид),0.0089
2022-11-20T00:00:00+03:00,PM2.5,0.013
2022-11-20T00:00:00+03:00,NO2,0.042
2022-11-20T00:00:00+03:00,NO,0.042
2022-11-20T00:00:00+03:00,OZ,0.014
2022-11-20T00:00:00+03:00,CO,0.34
2022-11-20T00:00:00+03:00,C6H6 (бензол),
2022-11-20T00:00:00+03:00,C6H5OH (фенол),
2022-11-20T00:00:00+03:00,CH2O (формальдегид),
2022-11-20T00:00:00+03:00,SO2,0.0021
2022-11-21T00:00:00+03:00,OZ,0.0059
2022-11-21T00:00:00+03:00,PM2.5,0.012
2022-11-21T00:00:00+03:00,NO,0.041
2022-11-21T00:00:00+03:00,CO,0.41
2022-11-21T00:00:00+03:00,SO2,0.0029
2022-11-21T00:00:00+03:00,C6H6 (бензол),
2022-11-21T00:00:00+03:00,C6H5OH (фенол),
2022-11-21T00:00:00+03:00,NO2,0.041
2022-11-21T00:00:00+03:00,CH2O (формальдегид),
2022-11-22T00:00:00+03:00,NO,0.05
2022-11-22T00:00:00+03:00,CH2O (формальдегид),
2022-11-22T00:00:00+03:00,NO2,0.039
2022-11-22T00:00:00+03:00,CO,0.4
2022-11-22T00:00:00+03:00,OZ,
2022-11-22T00:00:00+03:00,C6H5OH (фенол),
2022-11-22T00:00:00+03:00,SO2,
2022-11-22T00:00:00+03:00,C6H6 (бензол),
2022-11-22T00:00:00+03:00,PM2.5,0.009
2022-11-23T00:00:00+03:00,SO2,
2022-11-23T00:00:00+03:00,NO2,0.04
2022-11-23T00:00:00+03:00,CO,0.41
2022-11-23T00:00:00+03:00,CH2O (формальдегид),
2022-11-23T00:00:00+03:00,OZ,
2022-11-23T00:00:00+03:00,PM2.5,0.008
2022-11-23T00:00:00+03:00,C6H5OH (фенол),
2022-11-23T00:00:00+03:00,NO,0.05
2022-11-23T00:00:00+03:00,C6H6 (бензол),
2022-11-24T00:00:00+03:00,CO,0.31
2022-11-24T00:00:00+03:00,NO2,0.04
2022-11-24T00:00:00+03:00,C6H5OH (фенол),
2022-11-24T00:00:00+03:00,C6H6 (бензол),
2022-11-24T00:00:00+03:00,CH2O (формальдегид),
2022-11-24T00:00:00+03:00,NO,0.034
2022-11-24T00:00:00+03:00,OZ,
2022-11-24T00:00:00+03:00,PM2.5,0.012
2022-11-24T00:00:00+03:00,SO2,
2022-11-25T00:00:00+03:00,CH2O (формальдегид),
2022-11-25T00:00:00+03:00,CO,0.43
2022-11-25T00:00:00+03:00,C6H5OH (фенол),
2022-11-25T00:00:00+03:00,OZ,
2022-11-25T00:00:00+03:00,NO,0.037
2022-11-25T00:00:00+03:00,C6H6 (бензол),
2022-11-25T00:00:00+03:00,SO2,
2022-11-25T00:00:00+03:00,NO2,0.041
2022-11-25T00:00:00+03:00,PM2.5,0.011
2022-11-26T00:00:00+03:00,OZ,
2022-11-26T00:00:00+03:00,SO2,
2022-11-26T00:00:00+03:00,PM2.5,0.01
2022-11-26T00:00:00+03:00,NO,0.023
2022-11-26T00:00:00+03:00,C6H5OH (фенол),
2022-11-26T00:00:00+03:00,CO,0.07
2022-11-26T00:00:00+03:00,CH2O (формальдегид),
2022-11-26T00:00:00+03:00,NO2,0.04
2022-11-26T00:00:00+03:00,C6H6 (бензол),
2022-11-27T00:00:00+03:00,NO,0.025
2022-11-27T00:00:00+03:00,C6H5OH (фенол),
2022-11-27T00:00:00+03:00,CH2O (формальдегид),
2022-11-27T00:00:00+03:00,PM2.5,0.011
2022-11-27T00:00:00+03:00,NO2,0.039
2022-11-27T00:00:00+03:00,SO2,
2022-11-27T00:00:00+03:00,C6H6 (бензол),
2022-11-27T00:00:00+03:00,OZ,
2022-11-27T00:00:00+03:00,CO,0.35
2022-11-28T00:00:00+03:00,C6H6 (бензол),
2022-11-28T00:00:00+03:00,NO,0.053
2022-11-28T00:00:00+03:00,CH2O (формальдегид),
2022-11-28T00:00:00+03:00,NO2,0.048
2022-11-28T00:00:00+03:00,PM2.5,0.013
2022-11-28T00:00:00+03:00,C6H5OH (фенол),
2022-11-28T00:00:00+03:00,OZ,
2022-11-28T00:00:00+03:00,CO,0.31
2022-11-28T00:00:00+03:00,SO2,
2022-11-29T00:00:00+03:00,C6H6 (бензол),
2022-11-29T00:00:00+03:00,CO,0.46
2022-11-29T00:00:00+03:00,NO2,0.053
2022-11-29T00:00:00+03:00,SO2,
2022-11-29T00:00:00+03:00,CH2O (формальдегид),
2022-11-29T00:00:00+03:00,NO,0.083
2022-11-29T00:00:00+03:00,PM2.5,0.015
2022-11-29T00:00:00+03:00,C6H5OH (фенол),
2022-11-29T00:00:00+03:00,OZ,
2022-11-30T00:00:00+03:00,SO2,
2022-11-30T00:00:00+03:00,C6H5OH (фенол),
2022-11-30T00:00:00+03:00,NO,0.143
2022-11-30T00:00:00+03:00,OZ,
2022-11-30T00:00:00+03:00,PM2.5,0.023
2022-11-30T00:00:00+03:00,CO,0.82
2022-11-30T00:00:00+03:00,CH2O (формальдегид),
2022-11-30T00:00:00+03:00,C6H6 (бензол),
2022-11-30T00:00:00+03:00,NO2,0.062
2022-12-01T00:00:00+03:00,CH2O (формальдегид),
2022-12-01T00:00:00+03:00,SO2,
2022-12-01T00:00:00+03:00,PM2.5,0.035
2022-12-01T00:00:00+03:00,NO,0.239
2022-12-01T00:00:00+03:00,CO,1.2
2022-12-01T00:00:00+03:00,NO2,0.071
2022-12-01T00:00:00+03:00,OZ,
2022-12-01T00:00:00+03:00,C6H5OH (фенол),
2022-12-01T00:00:00+03:00,C6H6 (бензол),
2022-12-02T00:00:00+03:00,OZ,
2022-12-02T00:00:00+03:00,CO,1.02
2022-12-02T00:00:00+03:00,C6H5OH (фенол),
2022-12-02T00:00:00+03:00,CH2O (формальдегид),
2022-12-02T00:00:00+03:00,SO2,
2022-12-02T00:00:00+03:00,PM2.5,0.03
2022-12-02T00:00:00+03:00,C6H6 (бензол),
2022-12-02T00:00:00+03:00,NO2,0.064
2022-12-02T00:00:00+03:00,NO,0.165
2022-12-03T00:00:00+03:00,CH2O (формальдегид),
2022-12-03T00:00:00+03:00,NO2,0.051
2022-12-03T00:00:00+03:00,SO2,
2022-12-03T00:00:00+03:00,C6H5OH (фенол),
2022-12-03T00:00:00+03:00,PM2.5,0.015
2022-12-03T00:00:00+03:00,C6H6 (бензол),
2022-12-03T00:00:00+03:00,NO,0.071
2022-12-03T00:00:00+03:00,OZ,
2022-12-03T00:00:00+03:00,CO,0.43
2022-12-04T00:00:00+03:00,NO,0.075
2022-12-04T00:00:00+03:00,PM2.5,0.012
2022-12-04T00:00:00+03:00,C6H6 (бензол),
2022-12-04T00:00:00+03:00,OZ,
2022-12-04T00:00:00+03:00,NO2,0.053
2022-12-04T00:00:00+03:00,SO2,
2022-12-04T00:00:00+03:00,CO,0.32
2022-12-04T00:00:00+03:00,C6H5OH (фенол),
2022-12-04T00:00:00+03:00,CH2O (формальдегид),
2022-12-05T00:00:00+03:00,CH2O (формальдегид),
2022-12-05T00:00:00+03:00,C6H5OH (фенол),
2022-12-05T00:00:00+03:00,NO2,0.06
2022-12-05T00:00:00+03:00,NO,0.099
2022-12-05T00:00:00+03:00,SO2,
2022-12-05T00:00:00+03:00,OZ,
2022-12-05T00:00:00+03:00,C6H6 (бензол),
2022-12-05T00:00:00+03:00,PM2.5,0.011
2022-12-05T00:00:00+03:00,CO,0.64
2022-12-06T00:00:00+03:00,CH2O (формальдегид),
2022-12-06T00:00:00+03:00,OZ,
2022-12-06T00:00:00+03:00,SO2,
2022-12-06T00:00:00+03:00,C6H5OH (фенол),
2022-12-06T00:00:00+03:00,C6H6 (бензол),
2022-12-06T00:00:00+03:00,NO,0.085
2022-12-06T00:00:00+03:00,CO,0.45
2022-12-06T00:00:00+03:00,NO2,0.061
2022-12-06T00:00:00+03:00,PM2.5,0.01
2022-12-07T00:00:00+03:00,C6H6 (бензол),
2022-12-07T00:00:00+03:00,PM2.5,0.01
2022-12-07T00:00:00+03:00,CH2O (формальдегид),
2022-12-07T00:00:00+03:00,NO,0.068
2022-12-07T00:00:00+03:00,OZ,
2022-12-07T00:00:00+03:00,CO,0.45
2022-12-07T00:00:00+03:00,SO2,
2022-12-07T00:00:00+03:00,NO2,0.056
2022-12-07T00:00:00+03:00,C6H5OH (фенол),
2022-12-08T00:00:00+03:00,C6H5OH (фенол),
2022-12-08T00:00:00+03:00,NO,0.087
2022-12-08T00:00:00+03:00,C6H6 (бензол),
2022-12-08T00:00:00+03:00,SO2,
2022-12-08T00:00:00+03:00,PM2.5,0.013
2022-12-08T00:00:00+03:00,NO2,0.049
2022-12-08T00:00:00+03:00,CH2O (формальдегид),
2022-12-08T00:00:00+03:00,CO,0.37
2022-12-08T00:00:00+03:00,OZ,
2022-12-09T00:00:00+03:00,NO2,0.051
2022-12-09T00:00:00+03:00,OZ,
2022-12-09T00:00:00+03:00,C6H6 (бензол),
2022-12-09T00:00:00+03:00,CO,0.65
2022-12-09T00:00:00+03:00,SO2,
2022-12-09T00:00:00+03:00,CH2O (формальдегид),
2022-12-09T00:00:00+03:00,NO,0.113
2022-12-09T00:00:00+03:00,PM2.5,0.018
2022-12-09T00:00:00+03:00,C6H5OH (фенол),
2022-12-10T00:00:00+03:00,NO2,0.051
2022-12-10T00:00:00+03:00,C6H5OH (фенол),
2022-12-10T00:00:00+03:00,PM2.5,0.02
2022-12-10T00:00:00+03:00,SO2,
2022-12-10T00:00:00+03:00,OZ,
2022-12-10T00:00:00+03:00,C6H6 (бензол),
2022-12-10T00:00:00+03:00,CH2O (формальдегид),
2022-12-10T00:00:00+03:00,CO,0.8
2022-12-10T00:00:00+03:00,NO,0.108
2022-12-11T00:00:00+03:00,PM2.5,0.008
2022-12-11T00:00:00+03:00,CO,0.39
2022-12-11T00:00:00+03:00,C6H5OH (фенол),
2022-12-11T00:00:00+03:00,CH2O (формальдегид),
2022-12-11T00:00:00+03:00,NO2,0.04
2022-12-11T00:00:00+03:00,OZ,
2022-12-11T00:00:00+03:00,C6H6 (бензол),
2022-12-11T00:00:00+03:00,SO2,
2022-12-11T00:00:00+03:00,NO,0.053
2022-12-12T00:00:00+03:00,NO,0.081
2022-12-12T00:00:00+03:00,SO2,
2022-12-12T00:00:00+03:00,C6H5OH (фенол),
2022-12-12T00:00:00+03:00,CO,0.62
2022-12-12T00:00:00+03:00,CH2O (формальдегид),
2022-12-12T00:00:00+03:00,NO2,0.056
2022-12-12T00:00:00+03:00,C6H6 (бензол),
2022-12-12T00:00:00+03:00,OZ,
2022-12-12T00:00:00+03:00,PM2.5,0.01
2022-12-13T00:00:00+03:00,PM2.5,0.009
2022-12-13T00:00:00+03:00,C6H5OH (фенол),
2022-12-13T00:00:00+03:00,OZ,
2022-12-13T00:00:00+03:00,NO2,0.051
2022-12-13T00:00:00+03:00,NO,0.078
2022-12-13T00:00:00+03:00,CO,0.57
2022-12-13T00:00:00+03:00,C6H6 (бензол),
2022-12-13T00:00:00+03:00,CH2O (формальдегид),
2022-12-13T00:00:00+03:00,SO2,
2022-12-14T00:00:00+03:00,SO2,
2022-12-14T00:00:00+03:00,C6H6 (бензол),
2022-12-14T00:00:00+03:00,PM2.5,0.011
2022-12-14T00:00:00+03:00,CH2O (формальдегид),
2022-12-14T00:00:00+03:00,NO2,0.054
2022-12-14T00:00:00+03:00,NO,0.05
2022-12-14T00:00:00+03:00,OZ,
2022-12-14T00:00:00+03:00,CO,0.37
2022-12-14T00:00:00+03:00,C6H5OH (фенол),
2022-12-15T00:00:00+03:00,SO2,
2022-12-15T00:00:00+03:00,OZ,
2022-12-15T00:00:00+03:00,PM2.5,0.011
2022-12-15T00:00:00+03:00,C6H5OH (фенол),
2022-12-15T00:00:00+03:00,NO2,0.055
2022-12-15T00:00:00+03:00,NO,0.079
2022-12-15T00:00:00+03:00,CO,0.47
2022-12-15T00:00:00+03:00,CH2O (формальдегид),
2022-12-15T00:00:00+03:00,C6H6 (бензол),
2022-12-16T00:00:00+03:00,CO,0.46
2022-12-16T00:00:00+03:00,NO,0.055
2022-12-16T00:00:00+03:00,PM2.5,0.013
2022-12-16T00:00:00+03:00,NO2,0.043
2022-12-17T00:00:00+03:00,CO,0.45
2022-12-17T00:00:00+03:00,NO2,0.041
2022-12-17T00:00:00+03:00,NO,0.032
2022-12-17T00:00:00+03:00,PM2.5,0.013
2022-12-18T00:00:00+03:00,NO,0.016
2022-12-18T00:00:00+03:00,CO,0.19
2022-12-18T00:00:00+03:00,PM2.5,0.01
2022-12-18T00:00:00+03:00,NO2,0.033
2022-12-19T00:00:00+03:00,NO2,0.042
2022-12-19T00:00:00+03:00,PM2.5,0.01
2022-12-19T00:00:00+03:00,NO,0.028
2022-12-19T00:00:00+03:00,CO,0.31
2022-12-20T00:00:00+03:00,CO,0.41
2022-12-20T00:00:00+03:00,NO2,0.05
2022-12-20T00:00:00+03:00,NO,0.048
2022-12-20T00:00:00+03:00,PM2.5,0.008
2022-12-21T00:00:00+03:00,PM2.5,0.015
2022-12-21T00:00:00+03:00,NO,0.092
2022-12-21T00:00:00+03:00,OZ,0.0141
2022-12-21T00:00:00+03:00,CO,0.6
2022-12-21T00:00:00+03:00,CH2O (формальдегид),0.0071
2022-12-21T00:00:00+03:00,C6H5OH (фенол),0.0012
2022-12-21T00:00:00+03:00,NO2,0.056
2022-12-21T00:00:00+03:00,C6H6 (бензол),0.002
2022-12-21T00:00:00+03:00,SO2,0.0008
2022-12-22T00:00:00+03:00,C6H6 (бензол),0.003
2022-12-22T00:00:00+03:00,OZ,0.0112
2022-12-22T00:00:00+03:00,NO,0.055
2022-12-22T00:00:00+03:00,CH2O (формальдегид),0.0092
2022-12-22T00:00:00+03:00,CO,0.36
2022-12-22T00:00:00+03:00,PM2.5,0.01
2022-12-22T00:00:00+03:00,C6H5OH (фенол),0.0022
2022-12-22T00:00:00+03:00,NO2,0.041
2022-12-22T00:00:00+03:00,SO2,0.001
2022-12-23T00:00:00+03:00,OZ,0.0039
2022-12-23T00:00:00+03:00,CO,0.79
2022-12-23T00:00:00+03:00,NO2,0.041
2022-12-23T00:00:00+03:00,SO2,0.0011
2022-12-23T00:00:00+03:00,C6H6 (бензол),0.003
2022-12-23T00:00:00+03:00,C6H5OH (фенол),0.0028
2022-12-23T00:00:00+03:00,CH2O (формальдегид),0.0087
2022-12-23T00:00:00+03:00,NO,0.105
2022-12-23T00:00:00+03:00,PM2.5,0.014
2022-12-24T00:00:00+03:00,CO,0.48
2022-12-24T00:00:00+03:00,NO2,0.036
2022-12-24T00:00:00+03:00,PM2.5,0.013
2022-12-24T00:00:00+03:00,C6H5OH (фенол),
2022-12-24T00:00:00+03:00,SO2,
2022-12-24T00:00:00+03:00,C6H6 (бензол),
2022-12-24T00:00:00+03:00,NO,0.07
2022-12-24T00:00:00+03:00,OZ,
2022-12-24T00:00:00+03:00,CH2O (формальдегид),
2022-12-25T00:00:00+03:00,C6H5OH (фенол),
2022-12-25T00:00:00+03:00,PM2.5,0.007
2022-12-25T00:00:00+03:00,NO2,0.041
2022-12-25T00:00:00+03:00,NO,0.026
2022-12-25T00:00:00+03:00,SO2,
2022-12-25T00:00:00+03:00,CH2O (формальдегид),
2022-12-25T00:00:00+03:00,OZ,
2022-12-25T00:00:00+03:00,C6H6 (бензол),
2022-12-25T00:00:00+03:00,CO,0.27
2022-12-26T00:00:00+03:00,CO,0.55
2022-12-26T00:00:00+03:00,PM2.5,0.009
2022-12-26T00:00:00+03:00,NO,0.064
2022-12-26T00:00:00+03:00,OZ,
2022-12-26T00:00:00+03:00,NO2,0.053
2022-12-26T00:00:00+03:00,C6H5OH (фенол),
2022-12-26T00:00:00+03:00,C6H6 (бензол),
2022-12-26T00:00:00+03:00,CH2O (формальдегид),
2022-12-26T00:00:00+03:00,SO2,
2022-12-27T00:00:00+03:00,NO,0.06
2022-12-27T00:00:00+03:00,SO2,
2022-12-27T00:00:00+03:00,C6H6 (бензол),
2022-12-27T00:00:00+03:00,NO2,0.043
2022-12-27T00:00:00+03:00,C6H5OH (фенол),
2022-12-27T00:00:00+03:00,CO,0.29
2022-12-27T00:00:00+03:00,PM2.5,0.009
2022-12-27T00:00:00+03:00,CH2O (формальдегид),
2022-12-27T00:00:00+03:00,OZ,
2022-12-28T00:00:00+03:00,NO2,0.044
2022-12-28T00:00:00+03:00,CO,0.35
2022-12-28T00:00:00+03:00,CH2O (формальдегид),
2022-12-28T00:00:00+03:00,NO,0.072
2022-12-28T00:00:00+03:00,C6H6 (бензол),
2022-12-28T00:00:00+03:00,C6H5OH (фенол),
2022-12-28T00:00:00+03:00,OZ,
2022-12-28T00:00:00+03:00,PM2.5,0.012
2022-12-28T00:00:00+03:00,SO2,
2022-12-29T00:00:00+03:00,SO2,
2022-12-29T00:00:00+03:00,CO,0.52
2022-12-29T00:00:00+03:00,C6H6 (бензол),
2022-12-29T00:00:00+03:00,C6H5OH (фенол),
2022-12-29T00:00:00+03:00,NO2,0.052
2022-12-29T00:00:00+03:00,CH2O (формальдегид),
2022-12-29T00:00:00+03:00,PM2.5,0.012
2022-12-29T00:00:00+03:00,NO,0.085
2022-12-29T00:00:00+03:00,OZ,
2022-12-30T00:00:00+03:00,SO2,
2022-12-30T00:00:00+03:00,CO,0.89
2022-12-30T00:00:00+03:00,CH2O (формальдегид),
2022-12-30T00:00:00+03:00,OZ,
2022-12-30T00:00:00+03:00,C6H6 (бензол),
2022-12-30T00:00:00+03:00,NO2,0.047
2022-12-30T00:00:00+03:00,PM2.5,0.016
2022-12-30T00:00:00+03:00,C6H5OH (фенол),
2022-12-30T00:00:00+03:00,NO,0.111
2022-12-31T00:00:00+03:00,CO,0.48
2022-12-31T00:00:00+03:00,C6H5OH (фенол),
2022-12-31T00:00:00+03:00,C6H6 (бензол),
2022-12-31T00:00:00+03:00,OZ,
2022-12-31T00:00:00+03:00,NO2,0.039
2022-12-31T00:00:00+03:00,PM2.5,0.01
2022-12-31T00:00:00+03:00,NO,0.072
2022-12-31T00:00:00+03:00,CH2O (формальдегид),
2022-12-31T00:00:00+03:00,SO2,
2023-01-01T00:00:00+03:00,SO2,
2023-01-01T00:00:00+03:00,PM2.5,0.006
2023-01-01T00:00:00+03:00,NO,0.024
2023-01-01T00:00:00+03:00,CO,0.37
2023-01-01T00:00:00+03:00,NO2,0.027
2023-01-01T00:00:00+03:00,OZ,
2023-01-01T00:00:00+03:00,C6H6 (бензол),
2023-01-01T00:00:00+03:00,CH2O (формальдегид),
2023-01-01T00:00:00+03:00,C6H5OH (фенол),
2023-01-02T00:00:00+03:00,CO,0.13
2023-01-02T00:00:00+03:00,C6H6 (бензол),
2023-01-02T00:00:00+03:00,NO,0.011
2023-01-02T00:00:00+03:00,PM2.5,0.005
2023-01-02T00:00:00+03:00,SO2,
2023-01-02T00:00:00+03:00,C6H5OH (фенол),
2023-01-02T00:00:00+03:00,NO2,0.028
2023-01-02T00:00:00+03:00,CH2O (формальдегид),
2023-01-02T00:00:00+03:00,OZ,
2023-01-03T00:00:00+03:00,CO,0.32
2023-01-03T00:00:00+03:00,CH2O (формальдегид),
2023-01-03T00:00:00+03:00,PM2.5,0.007
2023-01-03T00:00:00+03:00,NO,0.049
2023-01-03T00:00:00+03:00,SO2,
2023-01-03T00:00:00+03:00,OZ,
2023-01-03T00:00:00+03:00,C6H5OH (фенол),
2023-01-03T00:00:00+03:00,NO2,0.046
2023-01-03T00:00:00+03:00,C6H6 (бензол),
2023-01-04T00:00:00+03:00,PM2.5,0.006
2023-01-04T00:00:00+03:00,CH2O (формальдегид),
2023-01-04T00:00:00+03:00,C6H6 (бензол),
2023-01-04T00:00:00+03:00,NO,0.014
2023-01-04T00:00:00+03:00,NO2,0.029
2023-01-04T00:00:00+03:00,SO2,
2023-01-04T00:00:00+03:00,OZ,
2023-01-04T00:00:00+03:00,CO,0.13
2023-01-04T00:00:00+03:00,C6H5OH (фенол),
2023-01-05T00:00:00+03:00,CH2O (формальдегид),
2023-01-05T00:00:00+03:00,NO,0.022
2023-01-05T00:00:00+03:00,OZ,
2023-01-05T00:00:00+03:00,PM2.5,0.007
2023-01-05T00:00:00+03:00,NO2,0.037
2023-01-05T00:00:00+03:00,SO2,
2023-01-05T00:00:00+03:00,C6H5OH (фенол),
2023-01-05T00:00:00+03:00,CO,0.3
2023-01-05T00:00:00+03:00,C6H6 (бензол),
2023-01-06T00:00:00+03:00,OZ,
2023-01-06T00:00:00+03:00,C6H5OH (фенол),
2023-01-06T00:00:00+03:00,CO,0.31
2023-01-06T00:00:00+03:00,NO,0.029
2023-01-06T00:00:00+03:00,PM2.5,0.012
2023-01-06T00:00:00+03:00,CH2O (формальдегид),
2023-01-06T00:00:00+03:00,SO2,
2023-01-06T00:00:00+03:00,NO2,0.034
2023-01-06T00:00:00+03:00,C6H6 (бензол),
2023-01-07T00:00:00+03:00,CO,0.51
2023-01-07T00:00:00+03:00,OZ,
2023-01-07T00:00:00+03:00,PM2.5,0.014
2023-01-07T00:00:00+03:00,NO2,0.049
2023-01-07T00:00:00+03:00,CH2O (формальдегид),
2023-01-07T00:00:00+03:00,SO2,
2023-01-07T00:00:00+03:00,NO,0.036
2023-01-07T00:00:00+03:00,C6H6 (бензол),
2023-01-07T00:00:00+03:00,C6H5OH (фенол),
2023-01-08T00:00:00+03:00,OZ,
2023-01-08T00:00:00+03:00,CO,0.59
2023-01-08T00:00:00+03:00,NO2,0.057
2023-01-08T00:00:00+03:00,SO2,
2023-01-08T00:00:00+03:00,NO,0.053
2023-01-08T00:00:00+03:00,C6H5OH (фенол),
2023-01-08T00:00:00+03:00,PM2.5,0.012
2023-01-08T00:00:00+03:00,CH2O (формальдегид),
2023-01-08T00:00:00+03:00,C6H6 (бензол),
2023-01-09T00:00:00+03:00,CH2O (формальдегид),
2023-01-09T00:00:00+03:00,C6H5OH (фенол),
2023-01-09T00:00:00+03:00,CO,0.36
2023-01-09T00:00:00+03:00,OZ,
2023-01-09T00:00:00+03:00,NO2,0.055
2023-01-09T00:00:00+03:00,PM2.5,0.016
2023-01-09T00:00:00+03:00,NO,0.068
2023-01-09T00:00:00+03:00,SO2,
2023-01-09T00:00:00+03:00,C6H6 (бензол),
2023-01-10T00:00:00+03:00,CO,0.35
2023-01-10T00:00:00+03:00,PM2.5,0.011
2023-01-10T00:00:00+03:00,CH2O (формальдегид),
2023-01-10T00:00:00+03:00,OZ,
2023-01-10T00:00:00+03:00,NO,0.051
2023-01-10T00:00:00+03:00,C6H6 (бензол),
2023-01-10T00:00:00+03:00,SO2,
2023-01-10T00:00:00+03:00,NO2,0.05
2023-01-10T00:00:00+03:00,C6H5OH (фенол),
2023-01-11T00:00:00+03:00,NO,0.052
2023-01-11T00:00:00+03:00,SO2,
2023-01-11T00:00:00+03:00,CH2O (формальдегид),
2023-01-11T00:00:00+03:00,C6H6 (бензол),
2023-01-11T00:00:00+03:00,C6H5OH (фенол),
2023-01-11T00:00:00+03:00,NO2,0.048
2023-01-11T00:00:00+03:00,PM2.5,0.009
2023-01-11T00:00:00+03:00,CO,0.48
2023-01-11T00:00:00+03:00,OZ,
2023-01-12T00:00:00+03:00,CH2O (формальдегид),
2023-01-12T00:00:00+03:00,NO,0.061
2023-01-12T00:00:00+03:00,NO2,0.044
2023-01-12T00:00:00+03:00,C6H5OH (фенол),
2023-01-12T00:00:00+03:00,SO2,
2023-01-12T00:00:00+03:00,OZ,
2023-01-12T00:00:00+03:00,CO,0.47
2023-01-12T00:00:00+03:00,PM2.5,0.01
2023-01-12T00:00:00+03:00,C6H6 (бензол),
2023-01-13T00:00:00+03:00,NO2,0.042
2023-01-13T00:00:00+03:00,PM2.5,0.011
2023-01-13T00:00:00+03:00,C6H5OH (фенол),
2023-01-13T00:00:00+03:00,CH2O (формальдегид),
2023-01-13T00:00:00+03:00,NO,0.061
2023-01-13T00:00:00+03:00,SO2,
2023-01-13T00:00:00+03:00,C6H6 (бензол),
2023-01-13T00:00:00+03:00,OZ,
2023-01-13T00:00:00+03:00,CO,0.44
2023-01-14T00:00:00+03:00,NO,0.055
2023-01-14T00:00:00+03:00,C6H6 (бензол),
2023-01-14T00:00:00+03:00,PM2.5,0.012
2023-01-14T00:00:00+03:00,OZ,
2023-01-14T00:00:00+03:00,SO2,
2023-01-14T00:00:00+03:00,CO,0.62
2023-01-14T00:00:00+03:00,NO2,0.042
2023-01-14T00:00:00+03:00,CH2O (формальдегид),
2023-01-14T00:00:00+03:00,C6H5OH (фенол),
2023-01-15T00:00:00+03:00,OZ,
2023-01-15T00:00:00+03:00,C6H5OH (фенол),
2023-01-15T00:00:00+03:00,C6H6 (бензол),
2023-01-15T00:00:00+03:00,NO,0.046
2023-01-15T00:00:00+03:00,CH2O (формальдегид),
2023-01-15T00:00:00+03:00,SO2,
2023-01-15T00:00:00+03:00,NO2,0.038
2023-01-15T00:00:00+03:00,CO,0.49
2023-01-15T00:00:00+03:00,PM2.5,0.013
2023-01-16T00:00:00+03:00,C6H5OH (фенол),
2023-01-16T00:00:00+03:00,PM2.5,0.014
2023-01-16T00:00:00+03:00,C6H6 (бензол),
2023-01-16T00:00:00+03:00,SO2,
2023-01-16T00:00:00+03:00,NO2,0.045
2023-01-16T00:00:00+03:00,NO,0.056
2023-01-16T00:00:00+03:00,CO,0.46
2023-01-16T00:00:00+03:00,CH2O (формальдегид),
2023-01-16T00:00:00+03:00,OZ,
2023-01-17T00:00:00+03:00,CH2O (формальдегид),
2023-01-17T00:00:00+03:00,SO2,
2023-01-17T00:00:00+03:00,C6H5OH (фенол),
2023-01-17T00:00:00+03:00,NO,0.076
2023-01-17T00:00:00+03:00,OZ,
2023-01-17T00:00:00+03:00,CO,0.5
2023-01-17T00:00:00+03:00,C6H6 (бензол),
2023-01-17T00:00:00+03:00,NO2,0.049
2023-01-17T00:00:00+03:00,PM2.5,0.015
2023-01-18T00:00:00+03:00,C6H6 (бензол),
2023-01-18T00:00:00+03:00,SO2,
2023-01-18T00:00:00+03:00,C6H5OH (фенол),
2023-01-18T00:00:00+03:00,OZ,
2023-01-18T00:00:00+03:00,CH2O (формальдегид),
2023-01-18T00:00:00+03:00,PM2.5,0.019
2023-01-18T00:00:00+03:00,NO,0.044
2023-01-18T00:00:00+03:00,NO2,0.044
2023-01-18T00:00:00+03:00,CO,0.56
2023-01-19T00:00:00+03:00,SO2,
2023-01-19T00:00:00+03:00,C6H6 (бензол),
2023-01-19T00:00:00+03:00,CH2O (формальдегид),
2023-01-19T00:00:00+03:00,PM2.5,0.017
2023-01-19T00:00:00+03:00,OZ,
2023-01-19T00:00:00+03:00,CO,0.45
2023-01-19T00:00:00+03:00,C6H5OH (фенол),
2023-01-19T00:00:00+03:00,NO,0.063
2023-01-19T00:00:00+03:00,NO2,0.043
2023-01-20T00:00:00+03:00,PM2.5,0.021
2023-01-20T00:00:00+03:00,NO,0.073
2023-01-20T00:00:00+03:00,NO2,0.055
2023-01-20T00:00:00+03:00,CO,0.6
2023-01-21T00:00:00+03:00,CO,0.38
2023-01-21T00:00:00+03:00,NO,0.051
2023-01-21T00:00:00+03:00,PM2.5,0.011
2023-01-21T00:00:00+03:00,NO2,0.055
2023-01-22T00:00:00+03:00,CO,0.64
2023-01-22T00:00:00+03:00,PM2.5,0.015
2023-01-22T00:00:00+03:00,NO,0.068
2023-01-22T00:00:00+03:00,NO2,0.048
2023-01-23T00:00:00+03:00,NO,0.076
2023-01-23T00:00:00+03:00,CO,0.46
2023-01-23T00:00:00+03:00,PM2.5,0.015
2023-01-23T00:00:00+03:00,NO2,0.054
2023-01-24T00:00:00+03:00,PM2.5,0.01
2023-01-24T00:00:00+03:00,NO,0.068
2023-01-24T00:00:00+03:00,NO2,0.05
2023-01-24T00:00:00+03:00,CO,0.5
2023-01-25T00:00:00+03:00,NO,0.043
2023-01-25T00:00:00+03:00,CO,0.33
2023-01-25T00:00:00+03:00,PM2.5,0.009
2023-01-25T00:00:00+03:00,NO2,0.04
2023-01-26T00:00:00+03:00,PM2.5,0.009
2023-01-26T00:00:00+03:00,CO,0.28
2023-01-26T00:00:00+03:00,NO,0.048
2023-01-26T00:00:00+03:00,NO2,0.038
2023-01-27T00:00:00+03:00,CO,0.47
2023-01-27T00:00:00+03:00,PM2.5,0.009
2023-01-27T00:00:00+03:00,NO2,0.04
2023-01-27T00:00:00+03:00,NO,0.042
2023-01-28T00:00:00+03:00,CO,0.58
2023-01-28T00:00:00+03:00,NO2,0.047
2023-01-28T00:00:00+03:00,NO,0.066
2023-01-28T00:00:00+03:00,PM2.5,0.013
2023-01-29T00:00:00+03:00,PM2.5,0.008
2023-01-29T00:00:00+03:00,CO,0.35
2023-01-29T00:00:00+03:00,NO,0.045
2023-01-29T00:00:00+03:00,NO2,0.048
2023-01-30T00:00:00+03:00,CO,0.35
2023-01-30T00:00:00+03:00,NO,0.048
2023-01-30T00:00:00+03:00,PM2.5,0.007
2023-01-30T00:00:00+03:00,NO2,0.04
2023-01-31T00:00:00+03:00,NO2,0.04
2023-01-31T00:00:00+03:00,NO,0.054
2023-01-31T00:00:00+03:00,PM2.5,0.01
2023-01-31T00:00:00+03:00,CO,0.4
2023-02-01T00:00:00+03:00,NO,0.083
2023-02-01T00:00:00+03:00,CO,0.47
2023-02-01T00:00:00+03:00,NO2,0.045
2023-02-01T00:00:00+03:00,PM2.5,0.014
2023-02-02T00:00:00+03:00,PM2.5,0.016
2023-02-02T00:00:00+03:00,NO2,0.05
2023-02-02T00:00:00+03:00,CO,0.69
2023-02-02T00:00:00+03:00,NO,0.08
2023-02-03T00:00:00+03:00,NO,0.097
2023-02-03T00:00:00+03:00,NO2,0.047
2023-02-03T00:00:00+03:00,CO,0.67
2023-02-03T00:00:00+03:00,PM2.5,0.016
2023-02-04T00:00:00+03:00,NO2,0.043
2023-02-04T00:00:00+03:00,PM2.5,0.011
2023-02-04T00:00:00+03:00,NO,0.068
2023-02-04T00:00:00+03:00,CO,0.66
2023-02-05T00:00:00+03:00,NO2,0.033
2023-02-05T00:00:00+03:00,PM2.5,0.009
2023-02-05T00:00:00+03:00,NO,0.026
2023-02-05T00:00:00+03:00,CO,0.33
2023-02-06T00:00:00+03:00,CO,0.3
2023-02-06T00:00:00+03:00,PM2.5,0.01
2023-02-06T00:00:00+03:00,NO2,0.042
2023-02-06T00:00:00+03:00,NO,0.043
2023-02-07T00:00:00+03:00,NO2,0.048
2023-02-07T00:00:00+03:00,CO,0.43
2023-02-07T00:00:00+03:00,PM2.5,0.012
2023-02-07T00:00:00+03:00,NO,0.047
2023-02-08T00:00:00+03:00,NO,0.027
2023-02-08T00:00:00+03:00,NO2,0.04
2023-02-08T00:00:00+03:00,PM2.5,0.008
2023-02-08T00:00:00+03:00,CO,0.25
2023-02-09T00:00:00+03:00,NO,0.046
2023-02-09T00:00:00+03:00,NO2,0.048
2023-02-09T00:00:00+03:00,PM2.5,0.009
2023-02-09T00:00:00+03:00,CO,0.48
2023-02-10T00:00:00+03:00,NO,0.038
2023-02-10T00:00:00+03:00,NO2,0.046
2023-02-10T00:00:00+03:00,PM2.5,0.011
2023-02-10T00:00:00+03:00,CO,0.37
2023-02-11T00:00:00+03:00,CO,0.38
2023-02-11T00:00:00+03:00,PM2.5,0.01
2023-02-11T00:00:00+03:00,NO2,0.04
2023-02-11T00:00:00+03:00,NO,0.03
2023-02-12T00:00:00+03:00,NO2,0.038
2023-02-12T00:00:00+03:00,CO,0.2
2023-02-12T00:00:00+03:00,PM2.5,0.008
2023-02-12T00:00:00+03:00,NO,0.019
2023-02-13T00:00:00+03:00,PM2.5,0.006
2023-02-13T00:00:00+03:00,NO2,0.054
2023-02-13T00:00:00+03:00,NO,0.049
2023-02-13T00:00:00+03:00,CO,0.25
2023-02-14T00:00:00+03:00,NO2,0.04
2023-02-14T00:00:00+03:00,NO,0.018
2023-02-14T00:00:00+03:00,CO,0.29
2023-02-14T00:00:00+03:00,PM2.5,0.006
2023-02-15T00:00:00+03:00,CO,0.43
2023-02-15T00:00:00+03:00,PM2.5,0.006
2023-02-15T00:00:00+03:00,NO,0.023
2023-02-15T00:00:00+03:00,NO2,0.033
2023-02-16T00:00:00+03:00,CO,0.31
2023-02-16T00:00:00+03:00,NO2,0.038
2023-02-16T00:00:00+03:00,NO,0.027
2023-02-16T00:00:00+03:00,PM2.5,0.007
2023-02-17T00:00:00+03:00,PM2.5,0.016
2023-02-17T00:00:00+03:00,NO2,0.061
2023-02-17T00:00:00+03:00,NO,0.084
2023-02-17T00:00:00+03:00,CO,0.72
2023-02-18T00:00:00+03:00,NO,0.039
2023-02-18T00:00:00+03:00,NO2,0.05
2023-02-18T00:00:00+03:00,CO,0.48
2023-02-18T00:00:00+03:00,PM2.5,0.013
2023-02-19T00:00:00+03:00,CO,0.39
2023-02-19T00:00:00+03:00,PM2.5,0.012
2023-02-19T00:00:00+03:00,NO2,0.043
2023-02-19T00:00:00+03:00,NO,0.036
2023-02-20T00:00:00+03:00,NO,0.039
2023-02-20T00:00:00+03:00,CO,0.45
2023-02-20T00:00:00+03:00,PM2.5,0.019
2023-02-20T00:00:00+03:00,NO2,0.059
2023-02-21T00:00:00+03:00,PM2.5,0.026
2023-02-21T00:00:00+03:00,CO,0.29
2023-02-21T00:00:00+03:00,NO2,0.058
2023-02-21T00:00:00+03:00,NO,0.028
2023-02-22T00:00:00+03:00,NO,0.054
2023-02-22T00:00:00+03:00,NO2,0.052
2023-02-22T00:00:00+03:00,CO,0.26
2023-02-22T00:00:00+03:00,PM2.5,0.023
2023-02-23T00:00:00+03:00,CO,0.27
2023-02-23T00:00:00+03:00,NO2,0.048
2023-02-23T00:00:00+03:00,NO,0.015
2023-02-23T00:00:00+03:00,PM2.5,0.014
2023-02-24T00:00:00+03:00,CO,0.42
2023-02-24T00:00:00+03:00,NO,0.042
2023-02-24T00:00:00+03:00,NO2,0.054
2023-02-24T00:00:00+03:00,PM2.5,0.015
2023-02-25T00:00:00+03:00,PM2.5,0.015
2023-02-25T00:00:00+03:00,CO,0.66
2023-02-25T00:00:00+03:00,NO2,0.054
2023-02-25T00:00:00+03:00,NO,0.074
2023-02-26T00:00:00+03:00,NO2,0.037
2023-02-26T00:00:00+03:00,NO,0.028
2023-02-26T00:00:00+03:00,PM2.5,0.009
2023-02-26T00:00:00+03:00,CO,0.38
2023-02-27T00:00:00+03:00,NO,0.014
2023-02-27T00:00:00+03:00,PM2.5,0.01
2023-02-27T00:00:00+03:00,CO,0.17
2023-02-27T00:00:00+03:00,NO2,0.033
2023-02-28T00:00:00+03:00,PM2.5,0.006
2023-02-28T00:00:00+03:00,NO,0.017
2023-02-28T00:00:00+03:00,CO,0.24
2023-02-28T00:00:00+03:00,NO2,0.041
2023-03-01T00:00:00+03:00,NO2,0.04
2023-03-01T00:00:00+03:00,CO,0.25
2023-03-01T00:00:00+03:00,PM2.5,0.005
2023-03-01T00:00:00+03:00,NO,0.014
2023-03-02T00:00:00+03:00,NO,0.019
2023-03-02T00:00:00+03:00,PM2.5,0.006
2023-03-02T00:00:00+03:00,CO,0.22
2023-03-02T00:00:00+03:00,NO2,0.044
2023-03-03T00:00:00+03:00,NO,0.032
2023-03-03T00:00:00+03:00,CO,0.28
2023-03-03T00:00:00+03:00,PM2.5,0.007
2023-03-03T00:00:00+03:00,NO2,0.05
2023-03-04T00:00:00+03:00,CO,0.48
2023-03-04T00:00:00+03:00,NO2,0.058
2023-03-04T00:00:00+03:00,PM2.5,0.008
2023-03-04T00:00:00+03:00,NO,0.061
2023-03-05T00:00:00+03:00,PM2.5,0.008
2023-03-05T00:00:00+03:00,CO,0.42
2023-03-05T00:00:00+03:00,NO,0.027
2023-03-05T00:00:00+03:00,NO2,0.042
2023-03-06T00:00:00+03:00,PM2.5,0.008
2023-03-06T00:00:00+03:00,CO,0.6
2023-03-06T00:00:00+03:00,NO2,0.052
2023-03-06T00:00:00+03:00,NO,0.044
2023-03-07T00:00:00+03:00,NO,0.046
2023-03-07T00:00:00+03:00,PM2.5,0.009
2023-03-07T00:00:00+03:00,NO2,0.052
2023-03-07T00:00:00+03:00,CO,0.35
2023-03-08T00:00:00+03:00,CO,0.8
2023-03-08T00:00:00+03:00,NO,0.156
2023-03-08T00:00:00+03:00,PM2.5,0.017
2023-03-08T00:00:00+03:00,NO2,0.07
2023-03-09T00:00:00+03:00,NO,0.054
2023-03-09T00:00:00+03:00,CO,0.34
2023-03-09T00:00:00+03:00,PM2.5,0.008
2023-03-09T00:00:00+03:00,NO2,0.053
2023-03-10T00:00:00+03:00,NO2,0.052
2023-03-10T00:00:00+03:00,CO,0.51
2023-03-10T00:00:00+03:00,PM2.5,0.01
2023-03-10T00:00:00+03:00,NO,0.046
2023-03-11T00:00:00+03:00,NO,0.041
2023-03-11T00:00:00+03:00,CO,0.32
2023-03-11T00:00:00+03:00,PM2.5,0.011
2023-03-11T00:00:00+03:00,NO2,0.055
2023-03-12T00:00:00+03:00,NO,0.034
2023-03-12T00:00:00+03:00,CO,0.48
2023-03-12T00:00:00+03:00,NO2,0.044
2023-03-12T00:00:00+03:00,PM2.5,0.008
2023-03-13T00:00:00+03:00,CO,0.28
2023-03-13T00:00:00+03:00,NO2,0.051
2023-03-13T00:00:00+03:00,NO,0.036
2023-03-13T00:00:00+03:00,PM2.5,0.01
2023-03-14T00:00:00+03:00,NO2,0.071
2023-03-14T00:00:00+03:00,NO,0.062
2023-03-14T00:00:00+03:00,PM2.5,0.01
2023-03-14T00:00:00+03:00,CO,0.41
2023-03-15T00:00:00+03:00,NO2,0.069
2023-03-15T00:00:00+03:00,CO,0.44
2023-03-15T00:00:00+03:00,PM2.5,0.012
2023-03-15T00:00:00+03:00,NO,0.07
2023-03-16T00:00:00+03:00,NO2,0.074
2023-03-16T00:00:00+03:00,PM2.5,0.017
2023-03-16T00:00:00+03:00,NO,0.142
2023-03-16T00:00:00+03:00,CO,0.89
2023-03-17T00:00:00+03:00,NO,0.028
2023-03-17T00:00:00+03:00,CO,0.26
2023-03-17T00:00:00+03:00,NO2,0.05
2023-03-17T00:00:00+03:00,PM2.5,0.007
2023-03-18T00:00:00+03:00,NO,0.05
2023-03-18T00:00:00+03:00,CO,0.31
2023-03-18T00:00:00+03:00,NO2,0.064
2023-03-18T00:00:00+03:00,PM2.5,0.01
2023-03-19T00:00:00+03:00,PM2.5,0.012
2023-03-19T00:00:00+03:00,NO,0.096
2023-03-19T00:00:00+03:00,CO,0.56
2023-03-19T00:00:00+03:00,NO2,0.078
2023-03-20T00:00:00+03:00,PM2.5,0.017
2023-03-20T00:00:00+03:00,NO2,0.098
2023-03-20T00:00:00+03:00,NO,0.195
2023-03-20T00:00:00+03:00,CO,0.92
2023-03-21T00:00:00+03:00,NO2,0.083
2023-03-21T00:00:00+03:00,NO,0.063
2023-03-21T00:00:00+03:00,CO,0.47
2023-03-21T00:00:00+03:00,PM2.5,0.013
2023-03-22T00:00:00+03:00,CO,0.42
2023-03-22T00:00:00+03:00,NO2,0.058
2023-03-22T00:00:00+03:00,PM2.5,0.009
2023-03-22T00:00:00+03:00,NO,0.062
2023-03-23T00:00:00+03:00,CO,0.42
2023-03-23T00:00:00+03:00,NO,0.054
2023-03-23T00:00:00+03:00,NO2,0.069
2023-03-23T00:00:00+03:00,PM2.5,0.011
2023-03-24T00:00:00+03:00,CO,0.59
2023-03-24T00:00:00+03:00,NO,0.059
2023-03-24T00:00:00+03:00,NO2,0.066
2023-03-24T00:00:00+03:00,PM2.5,0.013
2023-03-25T00:00:00+03:00,CO,0.63
2023-03-25T00:00:00+03:00,PM2.5,0.012
2023-03-25T00:00:00+03:00,NO,0.061
2023-03-25T00:00:00+03:00,NO2,0.066
2023-03-26T00:00:00+03:00,NO,0.145
2023-03-26T00:00:00+03:00,CO,0.78
2023-03-26T00:00:00+03:00,NO2,0.066
2023-03-26T00:00:00+03:00,PM2.5,0.015
2023-03-27T00:00:00+03:00,PM2.5,0.008
2023-03-27T00:00:00+03:00,NO,0.051
2023-03-27T00:00:00+03:00,CO,0.34
2023-03-27T00:00:00+03:00,NO2,0.064
2023-03-28T00:00:00+03:00,CO,0.61
2023-03-28T00:00:00+03:00,NO2,0.073
2023-03-28T00:00:00+03:00,NO,0.125
2023-03-28T00:00:00+03:00,PM2.5,0.014
2023-03-29T00:00:00+03:00,CO,0.41
2023-03-29T00:00:00+03:00,NO,0.054
2023-03-29T00:00:00+03:00,PM2.5,0.01
2023-03-29T00:00:00+03:00,NO2,0.064
2023-03-30T00:00:00+03:00,NO2,0.055
2023-03-30T00:00:00+03:00,PM2.5,0.008
2023-03-30T00:00:00+03:00,NO,0.037
2023-03-30T00:00:00+03:00,CO,0.33
2023-03-31T00:00:00+03:00,CO,0.34
2023-03-31T00:00:00+03:00,PM2.5,0.008
2023-03-31T00:00:00+03:00,NO2,0.052
2023-03-31T00:00:00+03:00,NO,0.043
2023-04-01T00:00:00+03:00,NO2,0.066
2023-04-01T00:00:00+03:00,PM2.5,0.015
2023-04-01T00:00:00+03:00,CO,0.67
2023-04-01T00:00:00+03:00,NO,0.107
2023-04-02T00:00:00+03:00,CO,0.48
2023-04-02T00:00:00+03:00,NO,0.069
2023-04-02T00:00:00+03:00,NO2,0.067
2023-04-02T00:00:00+03:00,PM2.5,0.016
2023-04-03T00:00:00+03:00,CO,0.78
2023-04-03T00:00:00+03:00,NO,0.094
2023-04-03T00:00:00+03:00,PM2.5,0.021
2023-04-03T00:00:00+03:00,NO2,0.093
2023-04-04T00:00:00+03:00,CO,0.52
2023-04-04T00:00:00+03:00,PM2.5,0.018
2023-04-04T00:00:00+03:00,NO2,0.074
2023-04-04T00:00:00+03:00,NO,0.054
2023-04-05T00:00:00+03:00,CO,0.65
2023-04-05T00:00:00+03:00,NO2,0.062
2023-04-05T00:00:00+03:00,NO,0.121
2023-04-05T00:00:00+03:00,PM2.5,0.019
2023-04-06T00:00:00+03:00,NO,0.021
2023-04-06T00:00:00+03:00,CO,0.26
2023-04-06T00:00:00+03:00,PM2.5,0.025
2023-04-06T00:00:00+03:00,NO2,0.043
2023-04-07T00:00:00+03:00,PM2.5,
2023-04-07T00:00:00+03:00,CO,0.18
2023-04-07T00:00:00+03:00,NO,0.03
2023-04-07T00:00:00+03:00,NO2,0.048
2023-04-08T00:00:00+03:00,NO2,0.078
2023-04-08T00:00:00+03:00,PM2.5,
2023-04-08T00:00:00+03:00,CO,0.64
2023-04-08T00:00:00+03:00,NO,0.052
2023-04-09T00:00:00+03:00,NO2,0.089
2023-04-09T00:00:00+03:00,PM2.5,
2023-04-09T00:00:00+03:00,NO,0.089
2023-04-09T00:00:00+03:00,CO,0.71
2023-04-10T00:00:00+03:00,CO,0.99
2023-04-10T00:00:00+03:00,PM2.5,
2023-04-10T00:00:00+03:00,NO,0.142
2023-04-10T00:00:00+03:00,NO2,0.105
2023-04-11T00:00:00+03:00,PM2.5,
2023-04-11T00:00:00+03:00,CO,1.21
2023-04-11T00:00:00+03:00,NO2,0.115
2023-04-11T00:00:00+03:00,NO,0.168
2023-04-12T00:00:00+03:00,PM2.5,
2023-04-12T00:00:00+03:00,NO2,0.12
2023-04-12T00:00:00+03:00,CO,1.06
2023-04-12T00:00:00+03:00,NO,0.217
2023-04-13T00:00:00+03:00,NO,0.078
2023-04-13T00:00:00+03:00,CO,0.64
2023-04-13T00:00:00+03:00,NO2,0.077
2023-04-13T00:00:00+03:00,PM2.5,
2023-04-14T00:00:00+03:00,NO2,0.031
2023-04-14T00:00:00+03:00,CO,0.19
2023-04-14T00:00:00+03:00,PM2.5,
2023-04-14T00:00:00+03:00,NO,0.014
2023-04-15T00:00:00+03:00,PM2.5,
2023-04-15T00:00:00+03:00,NO2,0.046
2023-04-15T00:00:00+03:00,NO,0.025
2023-04-15T00:00:00+03:00,CO,0.25
2023-04-16T00:00:00+03:00,NO,0.053
2023-04-16T00:00:00+03:00,CO,0.42
2023-04-16T00:00:00+03:00,NO2,0.078
2023-04-16T00:00:00+03:00,PM2.5,
2023-04-17T00:00:00+03:00,CO,0.72
2023-04-17T00:00:00+03:00,NO2,0.095
2023-04-17T00:00:00+03:00,NO,0.07
2023-04-17T00:00:00+03:00,PM2.5,
2023-04-18T00:00:00+03:00,NO2,0.096
2023-04-18T00:00:00+03:00,CO,0.85
2023-04-18T00:00:00+03:00,NO,0.103
2023-04-18T00:00:00+03:00,PM2.5,0.026
2023-04-19T00:00:00+03:00,PM2.5,0.015
2023-04-19T00:00:00+03:00,CO,0.38
2023-04-19T00:00:00+03:00,NO,0.026
2023-04-19T00:00:00+03:00,NO2,0.069
2023-04-20T00:00:00+03:00,PM2.5,0.02
2023-04-20T00:00:00+03:00,NO,0.102
2023-04-20T00:00:00+03:00,NO2,0.094
2023-04-20T00:00:00+03:00,CO,0.63
2023-04-21T00:00:00+03:00,PM2.5,0.011
2023-04-21T00:00:00+03:00,NO,0.046
2023-04-21T00:00:00+03:00,CO,0.36
2023-04-21T00:00:00+03:00,NO2,0.07
2023-04-22T00:00:00+03:00,CO,0.57
2023-04-22T00:00:00+03:00,PM2.5,0.012
2023-04-22T00:00:00+03:00,NO,0.068
2023-04-22T00:00:00+03:00,NO2,0.067
2023-04-23T00:00:00+03:00,NO2,0.088
2023-04-23T00:00:00+03:00,PM2.5,0.024
2023-04-23T00:00:00+03:00,NO,0.184
2023-04-23T00:00:00+03:00,CO,1.04
2023-04-24T00:00:00+03:00,NO,0.166
2023-04-24T00:00:00+03:00,PM2.5,0.026
2023-04-24T00:00:00+03:00,CO,0.87
2023-04-24T00:00:00+03:00,NO2,0.105
2023-04-25T00:00:00+03:00,NO2,0.089
2023-04-25T00:00:00+03:00,PM2.5,0.02
2023-04-25T00:00:00+03:00,CO,0.6
2023-04-25T00:00:00+03:00,NO,0.075
2023-04-26T00:00:00+03:00,NO2,0.057
2023-04-26T00:00:00+03:00,NO,0.028
2023-04-26T00:00:00+03:00,PM2.5,0.008
2023-04-26T00:00:00+03:00,CO,0.27
2023-04-27T00:00:00+03:00,NO,0.159
2023-04-27T00:00:00+03:00,NO2,0.095
2023-04-27T00:00:00+03:00,CO,1.02
2023-04-27T00:00:00+03:00,PM2.5,0.021
2023-04-28T00:00:00+03:00,NO2,0.069
2023-04-28T00:00:00+03:00,PM2.5,0.016
2023-04-28T00:00:00+03:00,NO,0.081
2023-04-28T00:00:00+03:00,CO,0.59
2023-04-29T00:00:00+03:00,NO2,0.04
2023-04-29T00:00:00+03:00,NO,0.054
2023-04-29T00:00:00+03:00,CO,0.43
2023-04-29T00:00:00+03:00,PM2.5,0.008
2023-04-30T00:00:00+03:00,PM2.5,0.014
2023-04-30T00:00:00+03:00,NO2,0.05
2023-04-30T00:00:00+03:00,CO,0.57
2023-04-30T00:00:00+03:00,NO,0.1
2023-05-01T00:00:00+03:00,NO2,0.033
2023-05-01T00:00:00+03:00,NO,0.011
2023-05-01T00:00:00+03:00,PM2.5,0.007
2023-05-01T00:00:00+03:00,CO,0.13
2023-05-02T00:00:00+03:00,NO,0.051
2023-05-02T00:00:00+03:00,PM2.5,0.009
2023-05-02T00:00:00+03:00,NO2,0.057
2023-05-02T00:00:00+03:00,CO,0.39
2023-05-03T00:00:00+03:00,CO,0.33
2023-05-03T00:00:00+03:00,NO,0.041
2023-05-03T00:00:00+03:00,PM2.5,0.012
2023-05-03T00:00:00+03:00,NO2,0.053
2023-05-04T00:00:00+03:00,NO2,0.06
2023-05-04T00:00:00+03:00,NO,0.06
2023-05-04T00:00:00+03:00,CO,0.47
2023-05-04T00:00:00+03:00,PM2.5,0.009
2023-05-05T00:00:00+03:00,NO2,0.047
2023-05-05T00:00:00+03:00,PM2.5,0.008
2023-05-05T00:00:00+03:00,NO,0.022
2023-05-05T00:00:00+03:00,CO,0.26
2023-05-06T00:00:00+03:00,CO,0.12
2023-05-06T00:00:00+03:00,PM2.5,0.006
2023-05-06T00:00:00+03:00,NO,0.01
2023-05-06T00:00:00+03:00,NO2,0.028
2023-05-07T00:00:00+03:00,NO2,0.039
2023-05-07T00:00:00+03:00,PM2.5,0.007
2023-05-07T00:00:00+03:00,NO,0.015
2023-05-07T00:00:00+03:00,CO,0.29
2023-05-08T00:00:00+03:00,NO,0.1
2023-05-08T00:00:00+03:00,CO,0.62
2023-05-08T00:00:00+03:00,NO2,0.058
2023-05-08T00:00:00+03:00,PM2.5,0.013
2023-05-09T00:00:00+03:00,NO,0.144
2023-05-09T00:00:00+03:00,CO,0.75
2023-05-09T00:00:00+03:00,NO2,0.069
2023-05-09T00:00:00+03:00,PM2.5,0.017
2023-05-10T00:00:00+03:00,CO,0.68
2023-05-10T00:00:00+03:00,PM2.5,0.019
2023-05-10T00:00:00+03:00,NO,0.105
2023-05-10T00:00:00+03:00,NO2,0.08
2023-05-11T00:00:00+03:00,PM2.5,0.02
2023-05-11T00:00:00+03:00,NO,0.145
2023-05-11T00:00:00+03:00,CO,0.96
2023-05-11T00:00:00+03:00,NO2,0.082
2023-05-12T00:00:00+03:00,NO,0.09
2023-05-12T00:00:00+03:00,NO2,0.07
2023-05-12T00:00:00+03:00,CO,0.76
2023-05-12T00:00:00+03:00,PM2.5,0.016
2023-05-13T00:00:00+03:00,CO,0.71
2023-05-13T00:00:00+03:00,PM2.5,0.018
2023-05-13T00:00:00+03:00,NO,0.099
2023-05-13T00:00:00+03:00,NO2,0.067
2023-05-14T00:00:00+03:00,NO,0.021
2023-05-14T00:00:00+03:00,NO2,0.037
2023-05-14T00:00:00+03:00,CO,0.25
2023-05-14T00:00:00+03:00,PM2.5,0.008
2023-05-15T00:00:00+03:00,NO,0.126
2023-05-15T00:00:00+03:00,PM2.5,0.016
2023-05-15T00:00:00+03:00,NO2,0.066
2023-05-15T00:00:00+03:00,CO,0.73
2023-05-16T00:00:00+03:00,NO,0.15
2023-05-16T00:00:00+03:00,NO2,0.084
2023-05-16T00:00:00+03:00,CO,0.97
2023-05-16T00:00:00+03:00,PM2.5,0.024
2023-05-17T00:00:00+03:00,NO,0.114
2023-05-17T00:00:00+03:00,NO2,0.092
2023-05-17T00:00:00+03:00,PM2.5,0.024
2023-05-17T00:00:00+03:00,CO,0.82
2023-05-18T00:00:00+03:00,NO,0.128
2023-05-18T00:00:00+03:00,CO,0.8
2023-05-18T00:00:00+03:00,NO2,0.079
2023-05-18T00:00:00+03:00,PM2.5,0.026
2023-05-19T00:00:00+03:00,PM2.5,0.012
2023-05-19T00:00:00+03:00,NO,0.021
2023-05-19T00:00:00+03:00,NO2,0.032
2023-05-19T00:00:00+03:00,CO,0.3
2023-05-20T00:00:00+03:00,NO2,0.028
2023-05-20T00:00:00+03:00,CO,0.22
2023-05-20T00:00:00+03:00,NO,0.016
2023-05-20T00:00:00+03:00,PM2.5,0.009
2023-05-21T00:00:00+03:00,NO,0.062
2023-05-21T00:00:00+03:00,CO,0.52
2023-05-21T00:00:00+03:00,NO2,0.047
2023-05-21T00:00:00+03:00,PM2.5,0.014
2023-05-22T00:00:00+03:00,NO,0.142
2023-05-22T00:00:00+03:00,CO,1.06
2023-05-22T00:00:00+03:00,NO2,0.071
2023-05-22T00:00:00+03:00,PM2.5,0.022
2023-05-23T00:00:00+03:00,NO2,0.074
2023-05-23T00:00:00+03:00,CO,0.76
2023-05-23T00:00:00+03:00,NO,0.099
2023-05-23T00:00:00+03:00,PM2.5,0.021
2023-05-24T00:00:00+03:00,CO,0.91
2023-05-24T00:00:00+03:00,PM2.5,0.021
2023-05-24T00:00:00+03:00,NO,0.102
2023-05-24T00:00:00+03:00,NO2,0.078
2023-05-25T00:00:00+03:00,CO,1.2
2023-05-25T00:00:00+03:00,NO2,0.075
2023-05-25T00:00:00+03:00,PM2.5,0.028
2023-05-25T00:00:00+03:00,NO,0.173
2023-05-26T00:00:00+03:00,CO,1.12
2023-05-26T00:00:00+03:00,NO,0.16
2023-05-26T00:00:00+03:00,NO2,0.06
2023-05-26T00:00:00+03:00,PM2.5,0.023
2023-05-27T00:00:00+03:00,CO,0.42
2023-05-27T00:00:00+03:00,NO2,0.043
2023-05-27T00:00:00+03:00,NO,0.034
2023-05-27T00:00:00+03:00,PM2.5,0.014
2023-05-28T00:00:00+03:00,PM2.5,0.008
2023-05-28T00:00:00+03:00,NO,0.011
2023-05-28T00:00:00+03:00,NO2,0.03
2023-05-28T00:00:00+03:00,CO,0.27
2023-05-29T00:00:00+03:00,NO,0.059
2023-05-29T00:00:00+03:00,CO,0.49
2023-05-29T00:00:00+03:00,NO2,0.06
2023-05-29T00:00:00+03:00,PM2.5,0.012
2023-05-30T00:00:00+03:00,PM2.5,0.02
2023-05-30T00:00:00+03:00,NO,0.125
2023-05-30T00:00:00+03:00,NO2,0.076
2023-05-30T00:00:00+03:00,CO,0.81
2023-05-31T00:00:00+03:00,CO,0.39
2023-05-31T00:00:00+03:00,NO2,0.049
2023-05-31T00:00:00+03:00,NO,0.049
2023-05-31T00:00:00+03:00,PM2.5,0.012
2023-06-01T00:00:00+03:00,CO,0.64
2023-06-01T00:00:00+03:00,NO,0.071
2023-06-01T00:00:00+03:00,PM2.5,0.013
2023-06-01T00:00:00+03:00,NO2,0.059
2023-06-02T00:00:00+03:00,PM2.5,
2023-06-02T00:00:00+03:00,NO,0.074
2023-06-02T00:00:00+03:00,CO,0.68
2023-06-02T00:00:00+03:00,NO2,0.072
2023-06-03T00:00:00+03:00,CO,0.31
2023-06-03T00:00:00+03:00,PM2.5,
2023-06-03T00:00:00+03:00,NO2,0.039
2023-06-03T00:00:00+03:00,NO,0.029
2023-06-04T00:00:00+03:00,NO,0.036
2023-06-04T00:00:00+03:00,PM2.5,
2023-06-04T00:00:00+03:00,CO,0.46
2023-06-04T00:00:00+03:00,NO2,0.036
2023-06-05T00:00:00+03:00,CO,0.28
2023-06-05T00:00:00+03:00,PM2.5,
2023-06-05T00:00:00+03:00,NO,0.046
2023-06-05T00:00:00+03:00,NO2,0.052
2023-06-06T00:00:00+03:00,NO,0.035
2023-06-06T00:00:00+03:00,NO2,0.046
2023-06-06T00:00:00+03:00,PM2.5,
2023-06-06T00:00:00+03:00,CO,0.3
2023-06-07T00:00:00+03:00,NO2,0.057
2023-06-07T00:00:00+03:00,CO,0.44
2023-06-07T00:00:00+03:00,NO,0.062
2023-06-07T00:00:00+03:00,PM2.5,
2023-06-08T00:00:00+03:00,CO,0.44
2023-06-08T00:00:00+03:00,NO2,0.057
2023-06-08T00:00:00+03:00,NO,0.076
2023-06-08T00:00:00+03:00,PM2.5,
2023-06-09T00:00:00+03:00,PM2.5,
2023-06-09T00:00:00+03:00,CO,0.35
2023-06-09T00:00:00+03:00,NO,0.025
2023-06-09T00:00:00+03:00,NO2,0.051
2023-06-10T00:00:00+03:00,CO,0.27
2023-06-10T00:00:00+03:00,NO,0.019
2023-06-10T00:00:00+03:00,NO2,0.026
2023-06-10T00:00:00+03:00,PM2.5,
2023-06-11T00:00:00+03:00,PM2.5,
2023-06-11T00:00:00+03:00,NO,0.015
2023-06-11T00:00:00+03:00,NO2,0.024
2023-06-11T00:00:00+03:00,CO,0.19
2023-06-12T00:00:00+03:00,NO,0.012
2023-06-12T00:00:00+03:00,NO2,0.023
2023-06-12T00:00:00+03:00,PM2.5,
2023-06-12T00:00:00+03:00,CO,0.14
2023-06-13T00:00:00+03:00,CO,0.32
2023-06-13T00:00:00+03:00,PM2.5,
2023-06-13T00:00:00+03:00,NO,0.028
2023-06-13T00:00:00+03:00,NO2,0.039
2023-06-14T00:00:00+03:00,PM2.5,
2023-06-14T00:00:00+03:00,NO,0.061
2023-06-14T00:00:00+03:00,NO2,0.061
2023-06-14T00:00:00+03:00,CO,0.57
2023-06-15T00:00:00+03:00,NO2,0.067
2023-06-15T00:00:00+03:00,CO,0.76
2023-06-15T00:00:00+03:00,NO,0.083
2023-06-15T00:00:00+03:00,PM2.5,
2023-06-16T00:00:00+03:00,NO,0.124
2023-06-16T00:00:00+03:00,NO2,0.077
2023-06-16T00:00:00+03:00,PM2.5,
2023-06-16T00:00:00+03:00,CO,0.82
2023-06-17T00:00:00+03:00,PM2.5,
2023-06-17T00:00:00+03:00,NO,0.072
2023-06-17T00:00:00+03:00,CO,0.74
2023-06-17T00:00:00+03:00,NO2,0.053
2023-06-18T00:00:00+03:00,PM2.5,
2023-06-18T00:00:00+03:00,CO,0.28
2023-06-18T00:00:00+03:00,NO2,0.032
2023-06-18T00:00:00+03:00,NO,0.019
2023-06-19T00:00:00+03:00,PM2.5,
2023-06-19T00:00:00+03:00,NO2,0.036
2023-06-19T00:00:00+03:00,NO,0.023
2023-06-19T00:00:00+03:00,CO,0.32
2023-06-20T00:00:00+03:00,NO,0.04
2023-06-20T00:00:00+03:00,NO2,0.05
2023-06-20T00:00:00+03:00,CO,0.45
2023-06-20T00:00:00+03:00,PM2.5,
2023-06-21T00:00:00+03:00,PM2.5,
2023-06-21T00:00:00+03:00,CO,0.37
2023-06-21T00:00:00+03:00,NO,0.05
2023-06-21T00:00:00+03:00,NO2,0.051
2023-06-22T00:00:00+03:00,CO,0.58
2023-06-22T00:00:00+03:00,PM2.5,
2023-06-22T00:00:00+03:00,NO,0.092
2023-06-22T00:00:00+03:00,NO2,0.065
2023-06-23T00:00:00+03:00,NO2,0.065
2023-06-23T00:00:00+03:00,C6H6 (бензол),0.004
2023-06-23T00:00:00+03:00,CH2O (формальдегид),0.0072
2023-06-23T00:00:00+03:00,OZ,0.0144
2023-06-23T00:00:00+03:00,C6H5OH (фенол),0.0002
2023-06-23T00:00:00+03:00,PM2.5,0.021
2023-06-23T00:00:00+03:00,SO2,0.0017
2023-06-23T00:00:00+03:00,CO,0.51
2023-06-23T00:00:00+03:00,NO,0.082
2023-06-24T00:00:00+03:00,C6H6 (бензол),0.004
2023-06-24T00:00:00+03:00,NO2,0.042
2023-06-24T00:00:00+03:00,CO,0.19
2023-06-24T00:00:00+03:00,NO,0.028
2023-06-24T00:00:00+03:00,OZ,0.0184
2023-06-24T00:00:00+03:00,PM2.5,0.009
2023-06-24T00:00:00+03:00,CH2O (формальдегид),0.0071
2023-06-24T00:00:00+03:00,SO2,0.0009
2023-06-24T00:00:00+03:00,C6H5OH (фенол),0.0001
2023-06-25T00:00:00+03:00,CH2O (формальдегид),0.0047
2023-06-25T00:00:00+03:00,SO2,0.0013
2023-06-25T00:00:00+03:00,NO2,0.068
2023-06-25T00:00:00+03:00,C6H5OH (фенол),0.0001
2023-06-25T00:00:00+03:00,C6H6 (бензол),0.005
2023-06-25T00:00:00+03:00,CO,0.6
2023-06-25T00:00:00+03:00,PM2.5,0.016
2023-06-25T00:00:00+03:00,OZ,0.0255
2023-06-25T00:00:00+03:00,NO,0.09
2023-06-26T00:00:00+03:00,CH2O (формальдегид),0.007
2023-06-26T00:00:00+03:00,NO2,0.074
2023-06-26T00:00:00+03:00,C6H6 (бензол),0.005
2023-06-26T00:00:00+03:00,OZ,0.0242
2023-06-26T00:00:00+03:00,CO,0.76
2023-06-26T00:00:00+03:00,NO,0.107
2023-06-26T00:00:00+03:00,SO2,0.0011
2023-06-26T00:00:00+03:00,PM2.5,0.022
2023-06-26T00:00:00+03:00,C6H5OH (фенол),0.0002
2023-06-27T00:00:00+03:00,NO2,0.064
2023-06-27T00:00:00+03:00,PM2.5,0.017
2023-06-27T00:00:00+03:00,NO,0.052
2023-06-27T00:00:00+03:00,SO2,0.0013
2023-06-27T00:00:00+03:00,CH2O (формальдегид),0.0057
2023-06-27T00:00:00+03:00,CO,0.67
2023-06-27T00:00:00+03:00,C6H6 (бензол),0.004
2023-06-27T00:00:00+03:00,OZ,0.0249
2023-06-27T00:00:00+03:00,C6H5OH (фенол),0.0001
2023-06-28T00:00:00+03:00,PM2.5,0.015
2023-06-28T00:00:00+03:00,CO,0.4
2023-06-28T00:00:00+03:00,NO,0.046
2023-06-28T00:00:00+03:00,CH2O (формальдегид),0.0069
2023-06-28T00:00:00+03:00,C6H5OH (фенол),0.0002
2023-06-28T00:00:00+03:00,C6H6 (бензол),0.004
2023-06-28T00:00:00+03:00,NO2,0.059
2023-06-28T00:00:00+03:00,SO2,0.002
2023-06-28T00:00:00+03:00,OZ,0.0327
2023-06-29T00:00:00+03:00,CH2O (формальдегид),0.0071
2023-06-29T00:00:00+03:00,NO,0.059
2023-06-29T00:00:00+03:00,SO2,0.0011
2023-06-29T00:00:00+03:00,PM2.5,0.013
2023-06-29T00:00:00+03:00,C6H6 (бензол),0.004
2023-06-29T00:00:00+03:00,CO,0.55
2023-06-29T00:00:00+03:00,OZ,0.0196
2023-06-29T00:00:00+03:00,NO2,0.065
2023-06-29T00:00:00+03:00,C6H5OH (фенол),0.0001
2023-06-30T00:00:00+03:00,OZ,0.0125
2023-06-30T00:00:00+03:00,CO,0.6
2023-06-30T00:00:00+03:00,CH2O (формальдегид),0.0069
2023-06-30T00:00:00+03:00,NO2,0.068
2023-06-30T00:00:00+03:00,SO2,0.0014
2023-06-30T00:00:00+03:00,NO,0.058
2023-06-30T00:00:00+03:00,C6H5OH (фенол),0.0001
2023-06-30T00:00:00+03:00,PM2.5,0.015
2023-06-30T00:00:00+03:00,C6H6 (бензол),0.004
2023-07-01T00:00:00+03:00,PM2.5,0.012
2023-07-01T00:00:00+03:00,C6H6 (бензол),0.004
2023-07-01T00:00:00+03:00,OZ,0.0173
2023-07-01T00:00:00+03:00,CH2O (формальдегид),0.0083
2023-07-01T00:00:00+03:00,NO2,0.049
2023-07-01T00:00:00+03:00,SO2,0.0008
2023-07-01T00:00:00+03:00,C6H5OH (фенол),0.0002
2023-07-01T00:00:00+03:00,CO,0.43
2023-07-01T00:00:00+03:00,NO,0.035
2023-07-02T00:00:00+03:00,CH2O (формальдегид),0.0056
2023-07-02T00:00:00+03:00,C6H6 (бензол),0.004
2023-07-02T00:00:00+03:00,CO,0.27
2023-07-02T00:00:00+03:00,C6H5OH (фенол),0.0003
2023-07-02T00:00:00+03:00,OZ,0.023
2023-07-02T00:00:00+03:00,SO2,0.0008
2023-07-02T00:00:00+03:00,NO2,0.047
2023-07-02T00:00:00+03:00,PM2.5,0.012
2023-07-02T00:00:00+03:00,NO,0.037
2023-07-03T00:00:00+03:00,SO2,0.0008
2023-07-03T00:00:00+03:00,NO,0.05
2023-07-03T00:00:00+03:00,OZ,0.0207
2023-07-03T00:00:00+03:00,CH2O (формальдегид),0.0079
2023-07-03T00:00:00+03:00,C6H5OH (фенол),0.0003
2023-07-03T00:00:00+03:00,PM2.5,0.015
2023-07-03T00:00:00+03:00,NO2,0.057
2023-07-03T00:00:00+03:00,C6H6 (бензол),0.005
2023-07-03T00:00:00+03:00,CO,0.44
2023-07-04T00:00:00+03:00,C6H6 (бензол),0.004
2023-07-04T00:00:00+03:00,NO,0.066
2023-07-04T00:00:00+03:00,PM2.5,0.02
2023-07-04T00:00:00+03:00,CO,0.53
2023-07-04T00:00:00+03:00,NO2,0.082
2023-07-04T00:00:00+03:00,CH2O (формальдегид),0.0056
2023-07-04T00:00:00+03:00,C6H5OH (фенол),0.0003
2023-07-04T00:00:00+03:00,OZ,0.0266
2023-07-04T00:00:00+03:00,SO2,0.0006
2023-07-05T00:00:00+03:00,CH2O (формальдегид),0.0089
2023-07-05T00:00:00+03:00,CO,0.7
2023-07-05T00:00:00+03:00,SO2,0.0007
2023-07-05T00:00:00+03:00,PM2.5,0.022
2023-07-05T00:00:00+03:00,NO,0.068
2023-07-05T00:00:00+03:00,OZ,0.0189
2023-07-05T00:00:00+03:00,NO2,0.084
2023-07-05T00:00:00+03:00,C6H5OH (фенол),0.0001
2023-07-05T00:00:00+03:00,C6H6 (бензол),0.005
2023-07-06T00:00:00+03:00,NO,
2023-07-06T00:00:00+03:00,OZ,0.0287
2023-07-06T00:00:00+03:00,SO2,0.0012
2023-07-06T00:00:00+03:00,PM2.5,0.022
2023-07-06T00:00:00+03:00,NO2,
2023-07-06T00:00:00+03:00,C6H5OH (фенол),0.0003
2023-07-06T00:00:00+03:00,CO,0.6
2023-07-06T00:00:00+03:00,CH2O (формальдегид),0.0063
2023-07-06T00:00:00+03:00,C6H6 (бензол),0.005
2023-07-07T00:00:00+03:00,PM2.5,0.021
2023-07-07T00:00:00+03:00,NO,
2023-07-07T00:00:00+03:00,NO2,
2023-07-07T00:00:00+03:00,CH2O (формальдегид),0.0095
2023-07-07T00:00:00+03:00,OZ,0.0143
2023-07-07T00:00:00+03:00,CO,0.65
2023-07-07T00:00:00+03:00,C6H5OH (фенол),0.0002
2023-07-07T00:00:00+03:00,C6H6 (бензол),0.005
2023-07-07T00:00:00+03:00,SO2,0.0009
2023-07-08T00:00:00+03:00,CH2O (формальдегид),0.0063
2023-07-08T00:00:00+03:00,NO,
2023-07-08T00:00:00+03:00,PM2.5,0.013
2023-07-08T00:00:00+03:00,CO,0.35
2023-07-08T00:00:00+03:00,NO2,
2023-07-08T00:00:00+03:00,C6H5OH (фенол),0.0001
2023-07-08T00:00:00+03:00,SO2,0.0008
2023-07-08T00:00:00+03:00,C6H6 (бензол),0.004
2023-07-08T00:00:00+03:00,OZ,0.0237
2023-07-09T00:00:00+03:00,NO2,
2023-07-09T00:00:00+03:00,C6H5OH (фенол),0.0003
2023-07-09T00:00:00+03:00,PM2.5,0.018
2023-07-09T00:00:00+03:00,CO,0.89
2023-07-09T00:00:00+03:00,NO,
2023-07-09T00:00:00+03:00,OZ,0.0313
2023-07-09T00:00:00+03:00,C6H6 (бензол),0.005
2023-07-09T00:00:00+03:00,CH2O (формальдегид),0.0076
2023-07-09T00:00:00+03:00,SO2,0.0007
2023-07-10T00:00:00+03:00,NO,
2023-07-10T00:00:00+03:00,CO,0.39
2023-07-10T00:00:00+03:00,NO2,
2023-07-10T00:00:00+03:00,C6H6 (бензол),0.004
2023-07-10T00:00:00+03:00,C6H5OH (фенол),0.0001
2023-07-10T00:00:00+03:00,OZ,0.0155
2023-07-10T00:00:00+03:00,PM2.5,0.007
2023-07-10T00:00:00+03:00,SO2,0.001
2023-07-10T00:00:00+03:00,CH2O (формальдегид),0.0067
2023-07-11T00:00:00+03:00,C6H5OH (фенол),0
2023-07-11T00:00:00+03:00,OZ,0.0126
2023-07-11T00:00:00+03:00,PM2.5,0.006
2023-07-11T00:00:00+03:00,C6H6 (бензол),0.003
2023-07-11T00:00:00+03:00,CH2O (формальдегид),0.0066
2023-07-11T00:00:00+03:00,SO2,0.0009
2023-07-11T00:00:00+03:00,NO2,
2023-07-11T00:00:00+03:00,CO,0.22
2023-07-11T00:00:00+03:00,NO,
2023-07-12T00:00:00+03:00,OZ,0.0081
2023-07-12T00:00:00+03:00,CH2O (формальдегид),0.008
2023-07-12T00:00:00+03:00,C6H6 (бензол),0.003
2023-07-12T00:00:00+03:00,NO,
2023-07-12T00:00:00+03:00,CO,0.25
2023-07-12T00:00:00+03:00,SO2,0.0009
2023-07-12T00:00:00+03:00,NO2,
2023-07-12T00:00:00+03:00,C6H5OH (фенол),0.0001
2023-07-12T00:00:00+03:00,PM2.5,0.015
2023-07-13T00:00:00+03:00,NO,
2023-07-13T00:00:00+03:00,SO2,0.0006
2023-07-13T00:00:00+03:00,CH2O (формальдегид),0.0071
2023-07-13T00:00:00+03:00,OZ,0.0053
2023-07-13T00:00:00+03:00,C6H6 (бензол),0.003
2023-07-13T00:00:00+03:00,CO,0.45
2023-07-13T00:00:00+03:00,NO2,
2023-07-13T00:00:00+03:00,PM2.5,0.014
2023-07-13T00:00:00+03:00,C6H5OH (фенол),0.0001
2023-07-14T00:00:00+03:00,CH2O (формальдегид),0.0081
2023-07-14T00:00:00+03:00,C6H6 (бензол),0.004
2023-07-14T00:00:00+03:00,PM2.5,0.012
2023-07-14T00:00:00+03:00,NO,
2023-07-14T00:00:00+03:00,CO,0.57
2023-07-14T00:00:00+03:00,OZ,0.0034
2023-07-14T00:00:00+03:00,SO2,0.0008
2023-07-14T00:00:00+03:00,C6H5OH (фенол),0
2023-07-14T00:00:00+03:00,NO2,
2023-07-15T00:00:00+03:00,SO2,0.0006
2023-07-15T00:00:00+03:00,NO,
2023-07-15T00:00:00+03:00,CH2O (формальдегид),0.006
2023-07-15T00:00:00+03:00,C6H5OH (фенол),0
2023-07-15T00:00:00+03:00,C6H6 (бензол),0.004
2023-07-15T00:00:00+03:00,OZ,0.01
2023-07-15T00:00:00+03:00,CO,0.39
2023-07-15T00:00:00+03:00,PM2.5,0.018
2023-07-15T00:00:00+03:00,NO2,
2023-07-16T00:00:00+03:00,CO,0.3
2023-07-16T00:00:00+03:00,CH2O (формальдегид),0.0076
2023-07-16T00:00:00+03:00,C6H6 (бензол),0.004
2023-07-16T00:00:00+03:00,OZ,0.0145
2023-07-16T00:00:00+03:00,SO2,0.0008
2023-07-16T00:00:00+03:00,NO,
2023-07-16T00:00:00+03:00,PM2.5,0.012
2023-07-16T00:00:00+03:00,C6H5OH (фенол),0
2023-07-16T00:00:00+03:00,NO2,
2023-07-17T00:00:00+03:00,CO,0.76
2023-07-17T00:00:00+03:00,C6H5OH (фенол),0.0003
2023-07-17T00:00:00+03:00,SO2,0.0011
2023-07-17T00:00:00+03:00,C6H6 (бензол),0.005
2023-07-17T00:00:00+03:00,PM2.5,0.022
2023-07-17T00:00:00+03:00,CH2O (формальдегид),0.0057
2023-07-17T00:00:00+03:00,OZ,0.0232
2023-07-17T00:00:00+03:00,NO2,
2023-07-17T00:00:00+03:00,NO,
2023-07-18T00:00:00+03:00,CH2O (формальдегид),0.0058
2023-07-18T00:00:00+03:00,NO2,
2023-07-18T00:00:00+03:00,CO,0.8
2023-07-18T00:00:00+03:00,OZ,0.0116
2023-07-18T00:00:00+03:00,NO,
2023-07-18T00:00:00+03:00,C6H6 (бензол),0.005
2023-07-18T00:00:00+03:00,C6H5OH (фенол),0.0002
2023-07-18T00:00:00+03:00,PM2.5,0.024
2023-07-18T00:00:00+03:00,SO2,0.001
2023-07-19T00:00:00+03:00,NO,
2023-07-19T00:00:00+03:00,NO2,
2023-07-19T00:00:00+03:00,CH2O (формальдегид),0.0038
2023-07-19T00:00:00+03:00,PM2.5,0.006
2023-07-19T00:00:00+03:00,CO,0.31
2023-07-19T00:00:00+03:00,C6H5OH (фенол),0.0003
2023-07-19T00:00:00+03:00,OZ,0.0255
2023-07-19T00:00:00+03:00,C6H6 (бензол),0.004
2023-07-19T00:00:00+03:00,SO2,0.0014
2023-07-20T00:00:00+03:00,SO2,0.0012
2023-07-20T00:00:00+03:00,NO2,
2023-07-20T00:00:00+03:00,OZ,0.0149
2023-07-20T00:00:00+03:00,NO,
2023-07-20T00:00:00+03:00,C6H5OH (фенол),0.0002
2023-07-20T00:00:00+03:00,CH2O (формальдегид),0.0056
2023-07-20T00:00:00+03:00,CO,0.28
2023-07-20T00:00:00+03:00,C6H6 (бензол),0.004
2023-07-20T00:00:00+03:00,PM2.5,0.009
2023-07-21T00:00:00+03:00,NO2,
2023-07-21T00:00:00+03:00,CH2O (формальдегид),0.005
2023-07-21T00:00:00+03:00,CO,0.33
2023-07-21T00:00:00+03:00,NO,
2023-07-21T00:00:00+03:00,OZ,0.0136
2023-07-21T00:00:00+03:00,PM2.5,0.011
2023-07-21T00:00:00+03:00,C6H5OH (фенол),0.0001
2023-07-21T00:00:00+03:00,SO2,0.001
2023-07-21T00:00:00+03:00,C6H6 (бензол),0.004
2023-07-22T00:00:00+03:00,NO2,
2023-07-22T00:00:00+03:00,SO2,0.0011
2023-07-22T00:00:00+03:00,NO,
2023-07-22T00:00:00+03:00,CO,0.32
2023-07-22T00:00:00+03:00,OZ,0.0177
2023-07-22T00:00:00+03:00,C6H5OH (фенол),0.0005
2023-07-22T00:00:00+03:00,C6H6 (бензол),0.005
2023-07-22T00:00:00+03:00,PM2.5,0.01
2023-07-22T00:00:00+03:00,CH2O (формальдегид),0.0056
2023-07-23T00:00:00+03:00,NO2,
2023-07-23T00:00:00+03:00,CO,0.45
2023-07-23T00:00:00+03:00,CH2O (формальдегид),0.0072
2023-07-23T00:00:00+03:00,NO,
2023-07-23T00:00:00+03:00,SO2,0.001
2023-07-23T00:00:00+03:00,OZ,0.0136
2023-07-23T00:00:00+03:00,PM2.5,0.014
2023-07-23T00:00:00+03:00,C6H6 (бензол),0.005
2023-07-23T00:00:00+03:00,C6H5OH (фенол),0.0002
2023-07-24T00:00:00+03:00,CH2O (формальдегид),0.0066
2023-07-24T00:00:00+03:00,SO2,0.0009
2023-07-24T00:00:00+03:00,C6H6 (бензол),0.004
2023-07-24T00:00:00+03:00,PM2.5,0.012
2023-07-24T00:00:00+03:00,OZ,0.007
2023-07-24T00:00:00+03:00,NO,
2023-07-24T00:00:00+03:00,CO,0.35
2023-07-24T00:00:00+03:00,C6H5OH (фенол),0
2023-07-24T00:00:00+03:00,NO2,
2023-07-25T00:00:00+03:00,CH2O (формальдегид),0.0071
2023-07-25T00:00:00+03:00,PM2.5,0.018
2023-07-25T00:00:00+03:00,CO,0.72
2023-07-25T00:00:00+03:00,C6H6 (бензол),0.005
2023-07-25T00:00:00+03:00,OZ,0.0126
2023-07-25T00:00:00+03:00,C6H5OH (фенол),0.0001
2023-07-25T00:00:00+03:00,NO2,0.061
2023-07-25T00:00:00+03:00,SO2,0.0009
2023-07-25T00:00:00+03:00,NO,0.081
2023-07-26T00:00:00+03:00,C6H5OH (фенол),0.0001
2023-07-26T00:00:00+03:00,C6H6 (бензол),0.005
2023-07-26T00:00:00+03:00,OZ,0.0115
2023-07-26T00:00:00+03:00,SO2,0.0009
2023-07-26T00:00:00+03:00,PM2.5,0.021
2023-07-26T00:00:00+03:00,CO,0.69
2023-07-26T00:00:00+03:00,CH2O (формальдегид),0.0057
2023-07-26T00:00:00+03:00,NO,0.067
2023-07-26T00:00:00+03:00,NO2,0.067
2023-07-27T00:00:00+03:00,CH2O (формальдегид),0.0066
2023-07-27T00:00:00+03:00,SO2,0.0025
2023-07-27T00:00:00+03:00,OZ,0.0204
2023-07-27T00:00:00+03:00,CO,0.57
2023-07-27T00:00:00+03:00,NO,0.05
2023-07-27T00:00:00+03:00,PM2.5,0.014
2023-07-27T00:00:00+03:00,C6H5OH (фенол),0.0001
2023-07-27T00:00:00+03:00,C6H6 (бензол),0.004
2023-07-27T00:00:00+03:00,NO2,0.057
2023-07-28T00:00:00+03:00,OZ,0.0069
2023-07-28T00:00:00+03:00,C6H6 (бензол),0.004
2023-07-28T00:00:00+03:00,NO,0.063
2023-07-28T00:00:00+03:00,C6H5OH (фенол),0.0001
2023-07-28T00:00:00+03:00,PM2.5,0.018
2023-07-28T00:00:00+03:00,CH2O (формальдегид),0.0042
2023-07-28T00:00:00+03:00,CO,0.56
2023-07-28T00:00:00+03:00,NO2,0.064
2023-07-28T00:00:00+03:00,SO2,0.0008
2023-07-29T00:00:00+03:00,PM2.5,0.009
2023-07-29T00:00:00+03:00,C6H5OH (фенол),0.0001
2023-07-29T00:00:00+03:00,CO,0.48
2023-07-29T00:00:00+03:00,SO2,0.0012
2023-07-29T00:00:00+03:00,OZ,0.0124
2023-07-29T00:00:00+03:00,CH2O (формальдегид),0.0064
2023-07-29T00:00:00+03:00,NO2,0.04
2023-07-29T00:00:00+03:00,NO,0.043
2023-07-29T00:00:00+03:00,C6H6 (бензол),0.004
2023-07-30T00:00:00+03:00,C6H6 (бензол),0.005
2023-07-30T00:00:00+03:00,NO,0.09
2023-07-30T00:00:00+03:00,SO2,0.001
2023-07-30T00:00:00+03:00,NO2,0.045
2023-07-30T00:00:00+03:00,C6H5OH (фенол),0.0004
2023-07-30T00:00:00+03:00,OZ,0.0219
2023-07-30T00:00:00+03:00,PM2.5,0.013
2023-07-30T00:00:00+03:00,CH2O (формальдегид),0.005
2023-07-30T00:00:00+03:00,CO,0.75
2023-07-31T00:00:00+03:00,CO,0.93
2023-07-31T00:00:00+03:00,C6H5OH (фенол),0.0003
2023-07-31T00:00:00+03:00,NO2,0.065
2023-07-31T00:00:00+03:00,CH2O (формальдегид),0.0079
2023-07-31T00:00:00+03:00,OZ,0.0138
2023-07-31T00:00:00+03:00,NO,0.079
2023-07-31T00:00:00+03:00,PM2.5,0.017
2023-07-31T00:00:00+03:00,C6H6 (бензол),0.005
2023-07-31T00:00:00+03:00,SO2,0.001
2023-08-01T00:00:00+03:00,SO2,0.0007
2023-08-01T00:00:00+03:00,C6H5OH (фенол),0.0003
2023-08-01T00:00:00+03:00,CH2O (формальдегид),0.0068
2023-08-01T00:00:00+03:00,PM2.5,0.027
2023-08-01T00:00:00+03:00,C6H6 (бензол),0.006
2023-08-01T00:00:00+03:00,NO,0.192
2023-08-01T00:00:00+03:00,CO,1.28
2023-08-01T00:00:00+03:00,NO2,0.09
2023-08-01T00:00:00+03:00,OZ,0.0152
2023-08-02T00:00:00+03:00,NO2,0.079
2023-08-02T00:00:00+03:00,OZ,0.0198
2023-08-02T00:00:00+03:00,C6H5OH (фенол),0.0002
2023-08-02T00:00:00+03:00,SO2,0.0029
2023-08-02T00:00:00+03:00,NO,0.105
2023-08-02T00:00:00+03:00,CH2O (формальдегид),0.0075
2023-08-02T00:00:00+03:00,C6H6 (бензол),0.006
2023-08-02T00:00:00+03:00,PM2.5,0.025
2023-08-02T00:00:00+03:00,CO,0.91
2023-08-03T00:00:00+03:00,NO,0.075
2023-08-03T00:00:00+03:00,PM2.5,0.023
2023-08-03T00:00:00+03:00,CH2O (формальдегид),0.0074
2023-08-03T00:00:00+03:00,NO2,0.084
2023-08-03T00:00:00+03:00,C6H6 (бензол),0.005
2023-08-03T00:00:00+03:00,CO,0.91
2023-08-03T00:00:00+03:00,C6H5OH (фенол),0.0002
2023-08-03T00:00:00+03:00,SO2,0.0017
2023-08-03T00:00:00+03:00,OZ,0.017
2023-08-04T00:00:00+03:00,PM2.5,0.02
2023-08-04T00:00:00+03:00,NO,0.051
2023-08-04T00:00:00+03:00,C6H6 (бензол),0.005
2023-08-04T00:00:00+03:00,CH2O (формальдегид),0.0079
2023-08-04T00:00:00+03:00,CO,0.67
2023-08-04T00:00:00+03:00,OZ,0.0204
2023-08-04T00:00:00+03:00,C6H5OH (фенол),0.0005
2023-08-04T00:00:00+03:00,SO2,0.001
2023-08-04T00:00:00+03:00,NO2,0.07
2023-08-05T00:00:00+03:00,CO,1.03
2023-08-05T00:00:00+03:00,OZ,0.0233
2023-08-05T00:00:00+03:00,CH2O (формальдегид),0.0098
2023-08-05T00:00:00+03:00,PM2.5,0.02
2023-08-05T00:00:00+03:00,SO2,0.001
2023-08-05T00:00:00+03:00,C6H5OH (фенол),0.0005
2023-08-05T00:00:00+03:00,NO2,0.077
2023-08-05T00:00:00+03:00,C6H6 (бензол),0.006
2023-08-05T00:00:00+03:00,NO,0.109
2023-08-06T00:00:00+03:00,NO,0.073
2023-08-06T00:00:00+03:00,PM2.5,0.023
2023-08-06T00:00:00+03:00,C6H6 (бензол),0.006
2023-08-06T00:00:00+03:00,CH2O (формальдегид),0.0089
2023-08-06T00:00:00+03:00,SO2,0.0022
2023-08-06T00:00:00+03:00,NO2,0.078
2023-08-06T00:00:00+03:00,CO,0.74
2023-08-06T00:00:00+03:00,OZ,0.0343
2023-08-06T00:00:00+03:00,C6H5OH (фенол),0.0007
2023-08-07T00:00:00+03:00,C6H6 (бензол),0.005
2023-08-07T00:00:00+03:00,CH2O (формальдегид),0.0088
2023-08-07T00:00:00+03:00,NO,0.042
2023-08-07T00:00:00+03:00,C6H5OH (фенол),0.0004
2023-08-07T00:00:00+03:00,CO,0.34
2023-08-07T00:00:00+03:00,NO2,0.053
2023-08-07T00:00:00+03:00,OZ,0.0275
2023-08-07T00:00:00+03:00,PM2.5,0.015
2023-08-07T00:00:00+03:00,SO2,0.0033
2023-08-08T00:00:00+03:00,OZ,0.0235
2023-08-08T00:00:00+03:00,NO2,0.037
2023-08-08T00:00:00+03:00,CO,0.09
2023-08-08T00:00:00+03:00,C6H6 (бензол),0.004
2023-08-08T00:00:00+03:00,PM2.5,0.01
2023-08-08T00:00:00+03:00,C6H5OH (фенол),0.0002
2023-08-08T00:00:00+03:00,CH2O (формальдегид),0.0065
2023-08-08T00:00:00+03:00,NO,0.014
2023-08-08T00:00:00+03:00,SO2,0.0029
2023-08-09T00:00:00+03:00,CH2O (формальдегид),0.0094
2023-08-09T00:00:00+03:00,OZ,0.0103
2023-08-09T00:00:00+03:00,SO2,0.0006
2023-08-09T00:00:00+03:00,NO,0.022
2023-08-09T00:00:00+03:00,NO2,0.048
2023-08-09T00:00:00+03:00,CO,0.5
2023-08-09T00:00:00+03:00,C6H6 (бензол),0.005
2023-08-09T00:00:00+03:00,PM2.5,0.009
2023-08-09T00:00:00+03:00,C6H5OH (фенол),0.0002
2023-08-10T00:00:00+03:00,OZ,0.0252
2023-08-10T00:00:00+03:00,C6H5OH (фенол),0.0003
2023-08-10T00:00:00+03:00,CH2O (формальдегид),0.0053
2023-08-10T00:00:00+03:00,NO2,0.052
2023-08-10T00:00:00+03:00,C6H6 (бензол),0.004
2023-08-10T00:00:00+03:00,NO,0.032
2023-08-10T00:00:00+03:00,PM2.5,0.011
2023-08-10T00:00:00+03:00,SO2,0.0011
2023-08-10T00:00:00+03:00,CO,0.35
2023-08-11T00:00:00+03:00,C6H6 (бензол),0.005
2023-08-11T00:00:00+03:00,NO,0.054
2023-08-11T00:00:00+03:00,PM2.5,0.017
2023-08-11T00:00:00+03:00,NO2,0.063
2023-08-11T00:00:00+03:00,SO2,0.0023
2023-08-11T00:00:00+03:00,CH2O (формальдегид),0.0076
2023-08-11T00:00:00+03:00,OZ,0.0101
2023-08-11T00:00:00+03:00,CO,0.76
2023-08-11T00:00:00+03:00,C6H5OH (фенол),0.0001
2023-08-12T00:00:00+03:00,OZ,0.0141
2023-08-12T00:00:00+03:00,NO,0.075
2023-08-12T00:00:00+03:00,PM2.5,0.021
2023-08-12T00:00:00+03:00,C6H6 (бензол),0.005
2023-08-12T00:00:00+03:00,C6H5OH (фенол),0.0002
2023-08-12T00:00:00+03:00,SO2,0.0027
2023-08-12T00:00:00+03:00,NO2,0.062
2023-08-12T00:00:00+03:00,CO,0.8
2023-08-12T00:00:00+03:00,CH2O (формальдегид),0.0043
2023-08-13T00:00:00+03:00,OZ,0.0056
2023-08-13T00:00:00+03:00,PM2.5,0.013
2023-08-13T00:00:00+03:00,NO,0.054
2023-08-13T00:00:00+03:00,SO2,0.0018
2023-08-13T00:00:00+03:00,NO2,0.048
2023-08-13T00:00:00+03:00,C6H6 (бензол),0.004
2023-08-13T00:00:00+03:00,CH2O (формальдегид),0.0059
2023-08-13T00:00:00+03:00,CO,0.62
2023-08-13T00:00:00+03:00,C6H5OH (фенол),0
2023-08-14T00:00:00+03:00,C6H6 (бензол),0.003
2023-08-14T00:00:00+03:00,SO2,0.0009
2023-08-14T00:00:00+03:00,NO2,0.037
2023-08-14T00:00:00+03:00,NO,0.039
2023-08-14T00:00:00+03:00,PM2.5,0.007
2023-08-14T00:00:00+03:00,C6H5OH (фенол),0.0002
2023-08-14T00:00:00+03:00,CH2O (формальдегид),0.0021
2023-08-14T00:00:00+03:00,OZ,0.0079
2023-08-14T00:00:00+03:00,CO,0.32
2023-08-15T00:00:00+03:00,CH2O (формальдегид),0.0048
2023-08-15T00:00:00+03:00,NO2,0.045
2023-08-15T00:00:00+03:00,PM2.5,0.008
2023-08-15T00:00:00+03:00,OZ,0.0294
2023-08-15T00:00:00+03:00,CO,0.45
2023-08-15T00:00:00+03:00,C6H5OH (фенол),0.0002
2023-08-15T00:00:00+03:00,NO,0.023
2023-08-15T00:00:00+03:00,SO2,0.0008
2023-08-15T00:00:00+03:00,C6H6 (бензол),0.005
2023-08-16T00:00:00+03:00,PM2.5,0.014
2023-08-16T00:00:00+03:00,C6H6 (бензол),0.005
2023-08-16T00:00:00+03:00,C6H5OH (фенол),0.0002
2023-08-16T00:00:00+03:00,OZ,0.0229
2023-08-16T00:00:00+03:00,CH2O (формальдегид),0.0041
2023-08-16T00:00:00+03:00,SO2,0.0008
2023-08-16T00:00:00+03:00,NO2,0.059
2023-08-16T00:00:00+03:00,NO,0.08
2023-08-16T00:00:00+03:00,CO,0.65
2023-08-17T00:00:00+03:00,OZ,0.026
2023-08-17T00:00:00+03:00,C6H5OH (фенол),0.0004
2023-08-17T00:00:00+03:00,CH2O (формальдегид),0.0082
2023-08-17T00:00:00+03:00,SO2,0.001
2023-08-17T00:00:00+03:00,NO,0.207
2023-08-17T00:00:00+03:00,C6H6 (бензол),0.007
2023-08-17T00:00:00+03:00,CO,1.5
2023-08-17T00:00:00+03:00,PM2.5,0.028
2023-08-17T00:00:00+03:00,NO2,0.086
2023-08-18T00:00:00+03:00,PM2.5,0.03
2023-08-18T00:00:00+03:00,NO2,0.103
2023-08-18T00:00:00+03:00,NO,0.163
2023-08-18T00:00:00+03:00,OZ,0.008
2023-08-18T00:00:00+03:00,C6H5OH (фенол),0.0005
2023-08-18T00:00:00+03:00,CH2O (формальдегид),0.0094
2023-08-18T00:00:00+03:00,CO,1.22
2023-08-18T00:00:00+03:00,SO2,0.0008
2023-08-18T00:00:00+03:00,C6H6 (бензол),0.007
2023-08-19T00:00:00+03:00,OZ,0.0278
2023-08-19T00:00:00+03:00,C6H6 (бензол),0.005
2023-08-19T00:00:00+03:00,NO,0.031
2023-08-19T00:00:00+03:00,SO2,0.0019
2023-08-19T00:00:00+03:00,PM2.5,0.016
2023-08-19T00:00:00+03:00,NO2,0.053
2023-08-19T00:00:00+03:00,CO,0.56
2023-08-19T00:00:00+03:00,C6H5OH (фенол),0.0003
2023-08-19T00:00:00+03:00,CH2O (формальдегид),0.0061
2023-08-20T00:00:00+03:00,C6H5OH (фенол),0.0003
2023-08-20T00:00:00+03:00,CH2O (формальдегид),0.0059
2023-08-20T00:00:00+03:00,PM2.5,0.016
2023-08-20T00:00:00+03:00,OZ,0.0188
2023-08-20T00:00:00+03:00,C6H6 (бензол),0.005
2023-08-20T00:00:00+03:00,CO,0.71
2023-08-20T00:00:00+03:00,SO2,0.001
2023-08-20T00:00:00+03:00,NO,0.054
2023-08-20T00:00:00+03:00,NO2,0.055
2023-08-21T00:00:00+03:00,C6H6 (бензол),0.004
2023-08-21T00:00:00+03:00,SO2,0.002
2023-08-21T00:00:00+03:00,NO,0.029
2023-08-21T00:00:00+03:00,NO2,0.038
2023-08-21T00:00:00+03:00,OZ,0.031
2023-08-21T00:00:00+03:00,CO,0.25
2023-08-21T00:00:00+03:00,PM2.5,0.007
2023-08-21T00:00:00+03:00,C6H5OH (фенол),0.0001
2023-08-21T00:00:00+03:00,CH2O (формальдегид),0.0051
2023-08-22T00:00:00+03:00,PM2.5,0.018
2023-08-22T00:00:00+03:00,C6H5OH (фенол),0
2023-08-22T00:00:00+03:00,SO2,0.0011
2023-08-22T00:00:00+03:00,C6H6 (бензол),0.005
2023-08-22T00:00:00+03:00,NO2,0.069
2023-08-22T00:00:00+03:00,OZ,0.0042
2023-08-22T00:00:00+03:00,CH2O (формальдегид),0.0071
2023-08-22T00:00:00+03:00,CO,0.52
2023-08-22T00:00:00+03:00,NO,0.074
2023-08-23T00:00:00+03:00,CO,0.53
2023-08-23T00:00:00+03:00,NO2,0.051
2023-08-23T00:00:00+03:00,PM2.5,0.011
2023-08-23T00:00:00+03:00,SO2,0.0007
2023-08-23T00:00:00+03:00,C6H6 (бензол),0.004
2023-08-23T00:00:00+03:00,CH2O (формальдегид),0.0043
2023-08-23T00:00:00+03:00,NO,0.043
2023-08-23T00:00:00+03:00,OZ,0.008
2023-08-23T00:00:00+03:00,C6H5OH (фенол),0.0001
2023-08-24T00:00:00+03:00,NO,0.039
2023-08-24T00:00:00+03:00,SO2,0.0012
2023-08-24T00:00:00+03:00,OZ,0.0047
2023-08-24T00:00:00+03:00,C6H5OH (фенол),0
2023-08-24T00:00:00+03:00,CH2O (формальдегид),0.0069
2023-08-24T00:00:00+03:00,PM2.5,0.01
2023-08-24T00:00:00+03:00,C6H6 (бензол),0.003
2023-08-24T00:00:00+03:00,NO2,0.044
2023-08-24T00:00:00+03:00,CO,0.53
2023-08-25T00:00:00+03:00,OZ,0.0122
2023-08-25T00:00:00+03:00,SO2,0.0012
2023-08-25T00:00:00+03:00,C6H5OH (фенол),0.0001
2023-08-25T00:00:00+03:00,PM2.5,0.017
2023-08-25T00:00:00+03:00,NO,0.137
2023-08-25T00:00:00+03:00,C6H6 (бензол),0.005
2023-08-25T00:00:00+03:00,NO2,0.057
2023-08-25T00:00:00+03:00,CH2O (формальдегид),0.0036
2023-08-25T00:00:00+03:00,CO,0.91
2023-08-26T00:00:00+03:00,NO,0.197
2023-08-26T00:00:00+03:00,CH2O (формальдегид),0.0072
2023-08-26T00:00:00+03:00,SO2,0.0007
2023-08-26T00:00:00+03:00,C6H6 (бензол),0.006
2023-08-26T00:00:00+03:00,C6H5OH (фенол),0.0001
2023-08-26T00:00:00+03:00,NO2,0.072
2023-08-26T00:00:00+03:00,PM2.5,0.024
2023-08-26T00:00:00+03:00,CO,1.13
2023-08-26T00:00:00+03:00,OZ,0.0015
2023-08-27T00:00:00+03:00,C6H6 (бензол),0.004
2023-08-27T00:00:00+03:00,NO2,0.044
2023-08-27T00:00:00+03:00,PM2.5,0.012
2023-08-27T00:00:00+03:00,SO2,0.0007
2023-08-27T00:00:00+03:00,OZ,0.0124
2023-08-27T00:00:00+03:00,NO,0.044
2023-08-27T00:00:00+03:00,CH2O (формальдегид),0.0041
2023-08-27T00:00:00+03:00,CO,0.43
2023-08-27T00:00:00+03:00,C6H5OH (фенол),0.0001
2023-08-28T00:00:00+03:00,CO,0.75
2023-08-28T00:00:00+03:00,CH2O (формальдегид),0.005
2023-08-28T00:00:00+03:00,SO2,0.0013
2023-08-28T00:00:00+03:00,OZ,0.0162
2023-08-28T00:00:00+03:00,C6H5OH (фенол),0.0001
2023-08-28T00:00:00+03:00,NO2,0.056
2023-08-28T00:00:00+03:00,C6H6 (бензол),0.005
2023-08-28T00:00:00+03:00,NO,0.096
2023-08-28T00:00:00+03:00,PM2.5,0.017
2023-08-29T00:00:00+03:00,NO2,0.061
2023-08-29T00:00:00+03:00,CO,0.77
2023-08-29T00:00:00+03:00,OZ,0.004
2023-08-29T00:00:00+03:00,PM2.5,0.017
2023-08-29T00:00:00+03:00,CH2O (формальдегид),0.006
2023-08-29T00:00:00+03:00,C6H5OH (фенол),0.0002
2023-08-29T00:00:00+03:00,SO2,0.0025
2023-08-29T00:00:00+03:00,C6H6 (бензол),0.004
2023-08-29T00:00:00+03:00,NO,0.086
2023-08-30T00:00:00+03:00,CH2O (формальдегид),0.0051
2023-08-30T00:00:00+03:00,CO,0.71
2023-08-30T00:00:00+03:00,PM2.5,0.013
2023-08-30T00:00:00+03:00,OZ,0.0122
2023-08-30T00:00:00+03:00,NO,0.058
2023-08-30T00:00:00+03:00,SO2,0.001
2023-08-30T00:00:00+03:00,C6H5OH (фенол),0
2023-08-30T00:00:00+03:00,NO2,0.059
2023-08-30T00:00:00+03:00,C6H6 (бензол),0.005
2023-08-31T00:00:00+03:00,OZ,0.0179
2023-08-31T00:00:00+03:00,C6H6 (бензол),0.005
2023-08-31T00:00:00+03:00,NO,0.072
2023-08-31T00:00:00+03:00,NO2,0.075
2023-08-31T00:00:00+03:00,SO2,0.0032
2023-08-31T00:00:00+03:00,CO,0.69
2023-08-31T00:00:00+03:00,CH2O (формальдегид),0.0064
2023-08-31T00:00:00+03:00,C6H5OH (фенол),0.0001
2023-08-31T00:00:00+03:00,PM2.5,0.021
2023-09-01T00:00:00+03:00,C6H5OH (фенол),0.0001
2023-09-01T00:00:00+03:00,PM2.5,0.023
2023-09-01T00:00:00+03:00,NO,0.063
2023-09-01T00:00:00+03:00,OZ,0.0175
2023-09-01T00:00:00+03:00,CO,0.84
2023-09-01T00:00:00+03:00,NO2,0.085
2023-09-01T00:00:00+03:00,SO2,0.0022
2023-09-01T00:00:00+03:00,C6H6 (бензол),0.005
2023-09-01T00:00:00+03:00,CH2O (формальдегид),0.0066
2023-09-02T00:00:00+03:00,C6H5OH (фенол),0.0001
2023-09-02T00:00:00+03:00,NO,0.034
2023-09-02T00:00:00+03:00,PM2.5,0.026
2023-09-02T00:00:00+03:00,CH2O (формальдегид),0.0082
2023-09-02T00:00:00+03:00,CO,0.76
2023-09-02T00:00:00+03:00,SO2,0.0014
2023-09-02T00:00:00+03:00,NO2,0.079
2023-09-02T00:00:00+03:00,C6H6 (бензол),0.005
2023-09-02T00:00:00+03:00,OZ,0.0017
2023-09-03T00:00:00+03:00,CH2O (формальдегид),0.0047
2023-09-03T00:00:00+03:00,CO,0.72
2023-09-03T00:00:00+03:00,NO,0.039
2023-09-03T00:00:00+03:00,NO2,0.058
2023-09-03T00:00:00+03:00,C6H5OH (фенол),0.0001
2023-09-03T00:00:00+03:00,SO2,0.0006
2023-09-03T00:00:00+03:00,C6H6 (бензол),0.005
2023-09-03T00:00:00+03:00,PM2.5,0.014
2023-09-03T00:00:00+03:00,OZ,0.0157
2023-09-04T00:00:00+03:00,PM2.5,0.017
2023-09-04T00:00:00+03:00,CO,0.81
2023-09-04T00:00:00+03:00,C6H6 (бензол),0.005
2023-09-04T00:00:00+03:00,SO2,0.0007
2023-09-04T00:00:00+03:00,NO2,0.057
2023-09-04T00:00:00+03:00,NO,0.054
2023-09-04T00:00:00+03:00,C6H5OH (фенол),0.0001
2023-09-04T00:00:00+03:00,OZ,0.0105
2023-09-04T00:00:00+03:00,CH2O (формальдегид),0.0064
2023-09-05T00:00:00+03:00,OZ,0.0164
2023-09-05T00:00:00+03:00,SO2,0.0006
2023-09-05T00:00:00+03:00,NO2,0.06
2023-09-05T00:00:00+03:00,C6H5OH (фенол),0.0001
2023-09-05T00:00:00+03:00,NO,0.045
2023-09-05T00:00:00+03:00,CH2O (формальдегид),0.004
2023-09-05T00:00:00+03:00,PM2.5,0.014
2023-09-05T00:00:00+03:00,CO,0.7
2023-09-05T00:00:00+03:00,C6H6 (бензол),0.005
2023-09-06T00:00:00+03:00,C6H6 (бензол),0.004
2023-09-06T00:00:00+03:00,CO,0.42
2023-09-06T00:00:00+03:00,CH2O (формальдегид),0.0061
2023-09-06T00:00:00+03:00,NO,0.015
2023-09-06T00:00:00+03:00,PM2.5,0.01
2023-09-06T00:00:00+03:00,OZ,0.0122
2023-09-06T00:00:00+03:00,SO2,0.0008
2023-09-06T00:00:00+03:00,NO2,0.048
2023-09-06T00:00:00+03:00,C6H5OH (фенол),0.0001
2023-09-07T00:00:00+03:00,CO,0.39
2023-09-07T00:00:00+03:00,CH2O (формальдегид),0.0041
2023-09-07T00:00:00+03:00,OZ,0.0154
2023-09-07T00:00:00+03:00,NO2,0.04
2023-09-07T00:00:00+03:00,C6H6 (бензол),0.003
2023-09-07T00:00:00+03:00,NO,0.01
2023-09-07T00:00:00+03:00,PM2.5,0.007
2023-09-07T00:00:00+03:00,SO2,0.001
2023-09-07T00:00:00+03:00,C6H5OH (фенол),0.0001
2023-09-08T00:00:00+03:00,CH2O (формальдегид),0.0073
2023-09-08T00:00:00+03:00,OZ,0.0143
2023-09-08T00:00:00+03:00,PM2.5,0.007
2023-09-08T00:00:00+03:00,NO,0.012
2023-09-08T00:00:00+03:00,C6H5OH (фенол),0.0001
2023-09-08T00:00:00+03:00,CO,0.38
2023-09-08T00:00:00+03:00,SO2,0.0011
2023-09-08T00:00:00+03:00,C6H6 (бензол),0.003
2023-09-08T00:00:00+03:00,NO2,0.041
2023-09-09T00:00:00+03:00,NO2,0.035
2023-09-09T00:00:00+03:00,C6H6 (бензол),0.003
2023-09-09T00:00:00+03:00,CO,0.43
2023-09-09T00:00:00+03:00,C6H5OH (фенол),0.0001
2023-09-09T00:00:00+03:00,OZ,0.0076
2023-09-09T00:00:00+03:00,NO,0.013
2023-09-09T00:00:00+03:00,CH2O (формальдегид),0.0052
2023-09-09T00:00:00+03:00,PM2.5,0.008
2023-09-09T00:00:00+03:00,SO2,0.0014
2023-09-10T00:00:00+03:00,PM2.5,0.015
2023-09-10T00:00:00+03:00,C6H6 (бензол),0.004
2023-09-10T00:00:00+03:00,NO,0.022
2023-09-10T00:00:00+03:00,CO,0.55
2023-09-10T00:00:00+03:00,CH2O (формальдегид),0.0054
2023-09-10T00:00:00+03:00,SO2,0.0013
2023-09-10T00:00:00+03:00,NO2,0.045
2023-09-10T00:00:00+03:00,C6H5OH (фенол),0
2023-09-10T00:00:00+03:00,OZ,0.0156
2023-09-11T00:00:00+03:00,CO,1.2
2023-09-11T00:00:00+03:00,CH2O (формальдегид),0.0057
2023-09-11T00:00:00+03:00,NO,0.079
2023-09-11T00:00:00+03:00,OZ,0.0022
2023-09-11T00:00:00+03:00,C6H5OH (фенол),0
2023-09-11T00:00:00+03:00,PM2.5,0.028
2023-09-11T00:00:00+03:00,SO2,0.0017
2023-09-11T00:00:00+03:00,NO2,0.067
2023-09-11T00:00:00+03:00,C6H6 (бензол),0.005
2023-09-12T00:00:00+03:00,CO,0.87
2023-09-12T00:00:00+03:00,NO,0.106
2023-09-12T00:00:00+03:00,SO2,0.0033
2023-09-12T00:00:00+03:00,PM2.5,0.026
2023-09-12T00:00:00+03:00,CH2O (формальдегид),0.0058
2023-09-12T00:00:00+03:00,NO2,0.068
2023-09-12T00:00:00+03:00,C6H5OH (фенол),0.0001
2023-09-12T00:00:00+03:00,OZ,0.0101
2023-09-12T00:00:00+03:00,C6H6 (бензол),0.005
2023-09-13T00:00:00+03:00,OZ,0.0064
2023-09-13T00:00:00+03:00,PM2.5,0.029
2023-09-13T00:00:00+03:00,C6H5OH (фенол),0.0001
2023-09-13T00:00:00+03:00,NO,0.193
2023-09-13T00:00:00+03:00,CO,1.52
2023-09-13T00:00:00+03:00,SO2,0.0014
2023-09-13T00:00:00+03:00,C6H6 (бензол),0.007
2023-09-13T00:00:00+03:00,CH2O (формальдегид),0.0071
2023-09-13T00:00:00+03:00,NO2,0.082
2023-09-14T00:00:00+03:00,CO,1.14
2023-09-14T00:00:00+03:00,OZ,0.0101
2023-09-14T00:00:00+03:00,C6H6 (бензол),0.007
2023-09-14T00:00:00+03:00,SO2,0.0017
2023-09-14T00:00:00+03:00,C6H5OH (фенол),0.0001
2023-09-14T00:00:00+03:00,CH2O (формальдегид),0.0056
2023-09-14T00:00:00+03:00,NO,0.156
2023-09-14T00:00:00+03:00,PM2.5,0.027
2023-09-14T00:00:00+03:00,NO2,0.081
2023-09-15T00:00:00+03:00,CO,0.82
2023-09-15T00:00:00+03:00,PM2.5,0.021
2023-09-15T00:00:00+03:00,C6H6 (бензол),0.005
2023-09-15T00:00:00+03:00,NO,0.084
2023-09-15T00:00:00+03:00,SO2,0.0009
2023-09-15T00:00:00+03:00,CH2O (формальдегид),0.0068
2023-09-15T00:00:00+03:00,OZ,0.0088
2023-09-15T00:00:00+03:00,C6H5OH (фенол),0
2023-09-15T00:00:00+03:00,NO2,0.076
2023-09-16T00:00:00+03:00,C6H6 (бензол),0.004
2023-09-16T00:00:00+03:00,OZ,0.0083
2023-09-16T00:00:00+03:00,CO,0.49
2023-09-16T00:00:00+03:00,SO2,0.0009
2023-09-16T00:00:00+03:00,NO2,0.047
2023-09-16T00:00:00+03:00,PM2.5,0.01
2023-09-16T00:00:00+03:00,C6H5OH (фенол),0.0001
2023-09-16T00:00:00+03:00,CH2O (формальдегид),0.0043
2023-09-16T00:00:00+03:00,NO,0.038
2023-09-17T00:00:00+03:00,C6H5OH (фенол),0
2023-09-17T00:00:00+03:00,C6H6 (бензол),0.005
2023-09-17T00:00:00+03:00,CH2O (формальдегид),0.0074
2023-09-17T00:00:00+03:00,OZ,0.0084
2023-09-17T00:00:00+03:00,NO,0.144
2023-09-17T00:00:00+03:00,PM2.5,0.018
2023-09-17T00:00:00+03:00,NO2,0.061
2023-09-17T00:00:00+03:00,CO,1.23
2023-09-17T00:00:00+03:00,SO2,0.0008
2023-09-18T00:00:00+03:00,CH2O (формальдегид),0.0052
2023-09-18T00:00:00+03:00,NO,0.089
2023-09-18T00:00:00+03:00,CO,0.98
2023-09-18T00:00:00+03:00,C6H5OH (фенол),0
2023-09-18T00:00:00+03:00,NO2,0.053
2023-09-18T00:00:00+03:00,C6H6 (бензол),0.005
2023-09-18T00:00:00+03:00,SO2,0.0006
2023-09-18T00:00:00+03:00,PM2.5,0.015
2023-09-18T00:00:00+03:00,OZ,0.0065
2023-09-19T00:00:00+03:00,C6H6 (бензол),0.006
2023-09-19T00:00:00+03:00,C6H5OH (фенол),0.0001
2023-09-19T00:00:00+03:00,NO,0.145
2023-09-19T00:00:00+03:00,NO2,0.071
2023-09-19T00:00:00+03:00,OZ,0.0034
2023-09-19T00:00:00+03:00,CH2O (формальдегид),0.007
2023-09-19T00:00:00+03:00,SO2,0.0023
2023-09-19T00:00:00+03:00,CO,1.42
2023-09-19T00:00:00+03:00,PM2.5,0.028
2023-09-20T00:00:00+03:00,NO2,0.078
2023-09-20T00:00:00+03:00,CO,0.57
2023-09-20T00:00:00+03:00,C6H6 (бензол),0.004
2023-09-20T00:00:00+03:00,NO,0.048
2023-09-20T00:00:00+03:00,SO2,0.0013
2023-09-20T00:00:00+03:00,C6H5OH (фенол),0.0003
2023-09-20T00:00:00+03:00,OZ,0.0321
2023-09-20T00:00:00+03:00,CH2O (формальдегид),0.005
2023-09-20T00:00:00+03:00,PM2.5,0.022
2023-09-21T00:00:00+03:00,CH2O (формальдегид),0.0059
2023-09-21T00:00:00+03:00,NO,0.042
2023-09-21T00:00:00+03:00,C6H6 (бензол),0.005
2023-09-21T00:00:00+03:00,C6H5OH (фенол),0.0002
2023-09-21T00:00:00+03:00,SO2,0.0008
2023-09-21T00:00:00+03:00,OZ,0.0175
2023-09-21T00:00:00+03:00,PM2.5,0.02
2023-09-21T00:00:00+03:00,CO,0.62
2023-09-21T00:00:00+03:00,NO2,0.065
2023-09-22T00:00:00+03:00,OZ,0.0106
2023-09-22T00:00:00+03:00,CH2O (формальдегид),0.0061
2023-09-22T00:00:00+03:00,C6H5OH (фенол),0.0001
2023-09-22T00:00:00+03:00,NO,0.162
2023-09-22T00:00:00+03:00,SO2,0.0007
2023-09-22T00:00:00+03:00,C6H6 (бензол),0.007
2023-09-22T00:00:00+03:00,NO2,0.089
2023-09-22T00:00:00+03:00,CO,1.38
2023-09-22T00:00:00+03:00,PM2.5,0.029
2023-09-23T00:00:00+03:00,C6H5OH (фенол),0.0001
2023-09-23T00:00:00+03:00,NO,0.073
2023-09-23T00:00:00+03:00,C6H6 (бензол),0.005
2023-09-23T00:00:00+03:00,SO2,0.0014
2023-09-23T00:00:00+03:00,PM2.5,0.02
2023-09-23T00:00:00+03:00,NO2,0.089
2023-09-23T00:00:00+03:00,OZ,0.0134
2023-09-23T00:00:00+03:00,CH2O (формальдегид),0.0062
2023-09-23T00:00:00+03:00,CO,0.9
2023-09-24T00:00:00+03:00,CO,0.56
2023-09-24T00:00:00+03:00,SO2,0.0015
2023-09-24T00:00:00+03:00,PM2.5,0.02
2023-09-24T00:00:00+03:00,C6H6 (бензол),0.005
2023-09-24T00:00:00+03:00,OZ,0.0162
2023-09-24T00:00:00+03:00,NO2,0.076
2023-09-24T00:00:00+03:00,NO,0.041
2023-09-24T00:00:00+03:00,C6H5OH (фенол),0.0001
2023-09-24T00:00:00+03:00,CH2O (формальдегид),0.0072
2023-09-25T00:00:00+03:00,PM2.5,0.01
2023-09-25T00:00:00+03:00,NO2,0.046
2023-09-25T00:00:00+03:00,CO,0.26
2023-09-25T00:00:00+03:00,SO2,0.0009
2023-09-25T00:00:00+03:00,C6H5OH (фенол),0.0001
2023-09-25T00:00:00+03:00,CH2O (формальдегид),0.0033
2023-09-25T00:00:00+03:00,OZ,0.0198
2023-09-25T00:00:00+03:00,C6H6 (бензол),0.004
2023-09-25T00:00:00+03:00,NO,0.021
2023-09-26T00:00:00+03:00,NO,0.179
2023-09-26T00:00:00+03:00,CO,1.44
2023-09-26T00:00:00+03:00,PM2.5,0.021
2023-09-26T00:00:00+03:00,C6H5OH (фенол),0
2023-09-26T00:00:00+03:00,OZ,0.0029
2023-09-26T00:00:00+03:00,SO2,0.0014
2023-09-26T00:00:00+03:00,C6H6 (бензол),0.006
2023-09-26T00:00:00+03:00,NO2,0.074
2023-09-26T00:00:00+03:00,CH2O (формальдегид),0.0069
2023-09-27T00:00:00+03:00,NO,0.195
2023-09-27T00:00:00+03:00,OZ,0.0115
2023-09-27T00:00:00+03:00,CH2O (формальдегид),0.0052
2023-09-27T00:00:00+03:00,C6H6 (бензол),0.007
2023-09-27T00:00:00+03:00,PM2.5,0.024
2023-09-27T00:00:00+03:00,SO2,0.0003
2023-09-27T00:00:00+03:00,C6H5OH (фенол),0.0001
2023-09-27T00:00:00+03:00,CO,1.5
2023-09-27T00:00:00+03:00,NO2,0.077
2023-09-28T00:00:00+03:00,PM2.5,0.023
2023-09-28T00:00:00+03:00,OZ,0.0085
2023-09-28T00:00:00+03:00,NO2,0.077
2023-09-28T00:00:00+03:00,CO,1.38
2023-09-28T00:00:00+03:00,NO,0.148
2023-09-28T00:00:00+03:00,SO2,0.0005
2023-09-28T00:00:00+03:00,C6H6 (бензол),0.006
2023-09-28T00:00:00+03:00,C6H5OH (фенол),0
2023-09-28T00:00:00+03:00,CH2O (формальдегид),0.0061
2023-09-29T00:00:00+03:00,NO,0.079
2023-09-29T00:00:00+03:00,SO2,0.0005
2023-09-29T00:00:00+03:00,OZ,0.008
2023-09-29T00:00:00+03:00,PM2.5,0.02
2023-09-29T00:00:00+03:00,C6H6 (бензол),0.005
2023-09-29T00:00:00+03:00,C6H5OH (фенол),0.0001
2023-09-29T00:00:00+03:00,NO2,0.081
2023-09-29T00:00:00+03:00,CH2O (формальдегид),0.0057
2023-09-29T00:00:00+03:00,CO,0.79
2023-09-30T00:00:00+03:00,SO2,0.0008
2023-09-30T00:00:00+03:00,C6H5OH (фенол),0.0001
2023-09-30T00:00:00+03:00,PM2.5,0.026
2023-09-30T00:00:00+03:00,OZ,0.0161
2023-09-30T00:00:00+03:00,C6H6 (бензол),0.006
2023-09-30T00:00:00+03:00,CO,1.2
2023-09-30T00:00:00+03:00,NO2,0.085
2023-09-30T00:00:00+03:00,NO,0.108
2023-09-30T00:00:00+03:00,CH2O (формальдегид),0.0062
2023-10-01T00:00:00+03:00,CO,0.34
2023-10-01T00:00:00+03:00,NO,0.017
2023-10-01T00:00:00+03:00,C6H5OH (фенол),0.0003
2023-10-01T00:00:00+03:00,OZ,0.0236
2023-10-01T00:00:00+03:00,CH2O (формальдегид),0.0047
2023-10-01T00:00:00+03:00,NO2,0.047
2023-10-01T00:00:00+03:00,SO2,0.0011
2023-10-01T00:00:00+03:00,PM2.5,0.013
2023-10-01T00:00:00+03:00,C6H6 (бензол),0.004
2023-10-02T00:00:00+03:00,PM2.5,0.008
2023-10-02T00:00:00+03:00,C6H5OH (фенол),0
2023-10-02T00:00:00+03:00,C6H6 (бензол),0.003
2023-10-02T00:00:00+03:00,CH2O (формальдегид),0.0047
2023-10-02T00:00:00+03:00,NO2,0.045
2023-10-02T00:00:00+03:00,CO,0.23
2023-10-02T00:00:00+03:00,OZ,0.0026
2023-10-02T00:00:00+03:00,SO2,0.0008
2023-10-02T00:00:00+03:00,NO,0.028
2023-10-03T00:00:00+03:00,PM2.5,0.009
2023-10-03T00:00:00+03:00,CO,0.42
2023-10-03T00:00:00+03:00,CH2O (формальдегид),0.0046
2023-10-03T00:00:00+03:00,C6H5OH (фенол),0.0001
2023-10-03T00:00:00+03:00,NO2,0.052
2023-10-03T00:00:00+03:00,OZ,0.0099
2023-10-03T00:00:00+03:00,C6H6 (бензол),0.003
2023-10-03T00:00:00+03:00,SO2,0.0009
2023-10-03T00:00:00+03:00,NO,0.044
2023-10-04T00:00:00+03:00,NO2,0.047
2023-10-04T00:00:00+03:00,C6H5OH (фенол),0.0003
2023-10-04T00:00:00+03:00,C6H6 (бензол),0.003
2023-10-04T00:00:00+03:00,CH2O (формальдегид),0.0046
2023-10-04T00:00:00+03:00,PM2.5,0.014
2023-10-04T00:00:00+03:00,CO,0.41
2023-10-04T00:00:00+03:00,SO2,0.0014
2023-10-04T00:00:00+03:00,NO,0.026
2023-10-04T00:00:00+03:00,OZ,0.0232
2023-10-05T00:00:00+03:00,NO2,0.05
2023-10-05T00:00:00+03:00,CO,0.38
2023-10-05T00:00:00+03:00,NO,0.039
2023-10-05T00:00:00+03:00,PM2.5,0.009
2023-10-05T00:00:00+03:00,CH2O (формальдегид),0.0055
2023-10-05T00:00:00+03:00,OZ,0.0075
2023-10-05T00:00:00+03:00,C6H5OH (фенол),0.0001
2023-10-05T00:00:00+03:00,SO2,0.001
2023-10-05T00:00:00+03:00,C6H6 (бензол),0.003
2023-10-06T00:00:00+03:00,OZ,0.0135
2023-10-06T00:00:00+03:00,NO,0.034
2023-10-06T00:00:00+03:00,NO2,0.041
2023-10-06T00:00:00+03:00,CH2O (формальдегид),0.0036
2023-10-06T00:00:00+03:00,SO2,0.0012
2023-10-06T00:00:00+03:00,C6H6 (бензол),0.003
2023-10-06T00:00:00+03:00,CO,0.49
2023-10-06T00:00:00+03:00,C6H5OH (фенол),0.0003
2023-10-06T00:00:00+03:00,PM2.5,0.008
2023-10-07T00:00:00+03:00,CO,0.39
2023-10-07T00:00:00+03:00,PM2.5,0.004
2023-10-07T00:00:00+03:00,C6H6 (бензол),0.003
2023-10-07T00:00:00+03:00,C6H5OH (фенол),0.0003
2023-10-07T00:00:00+03:00,NO,0.042
2023-10-07T00:00:00+03:00,OZ,0.0069
2023-10-07T00:00:00+03:00,SO2,0.0013
2023-10-07T00:00:00+03:00,NO2,0.042
2023-10-07T00:00:00+03:00,CH2O (формальдегид),0.0042
2023-10-08T00:00:00+03:00,OZ,0.025
2023-10-08T00:00:00+03:00,NO2,0.021
2023-10-08T00:00:00+03:00,CO,0.14
2023-10-08T00:00:00+03:00,PM2.5,0.004
2023-10-08T00:00:00+03:00,CH2O (формальдегид),0.0025
2023-10-08T00:00:00+03:00,C6H5OH (фенол),0.0004
2023-10-08T00:00:00+03:00,NO,0.011
2023-10-08T00:00:00+03:00,C6H6 (бензол),0.003
2023-10-08T00:00:00+03:00,SO2,0.0015
2023-10-09T00:00:00+03:00,OZ,0.0115
2023-10-09T00:00:00+03:00,C6H6 (бензол),0.002
2023-10-09T00:00:00+03:00,CH2O (формальдегид),0.0042
2023-10-09T00:00:00+03:00,C6H5OH (фенол),0.0002
2023-10-09T00:00:00+03:00,CO,0.28
2023-10-09T00:00:00+03:00,SO2,0.0015
2023-10-09T00:00:00+03:00,PM2.5,0.005
2023-10-09T00:00:00+03:00,NO2,0.025
2023-10-09T00:00:00+03:00,NO,0.01
2023-10-10T00:00:00+03:00,C6H6 (бензол),0.002
2023-10-10T00:00:00+03:00,NO,0.022
2023-10-10T00:00:00+03:00,PM2.5,0.007
2023-10-10T00:00:00+03:00,NO2,0.032
2023-10-10T00:00:00+03:00,OZ,0.0112
2023-10-10T00:00:00+03:00,CH2O (формальдегид),0.0034
2023-10-10T00:00:00+03:00,C6H5OH (фенол),0.0003
2023-10-10T00:00:00+03:00,CO,0.33
2023-10-10T00:00:00+03:00,SO2,0.0014
2023-10-11T00:00:00+03:00,PM2.5,0.009
2023-10-11T00:00:00+03:00,SO2,0.0014
2023-10-11T00:00:00+03:00,NO,0.05
2023-10-11T00:00:00+03:00,CH2O (формальдегид),0.0035
2023-10-11T00:00:00+03:00,C6H5OH (фенол),0.0002
2023-10-11T00:00:00+03:00,CO,0.4
2023-10-11T00:00:00+03:00,C6H6 (бензол),0.003
2023-10-11T00:00:00+03:00,OZ,0.011
2023-10-11T00:00:00+03:00,NO2,0.048
2023-10-12T00:00:00+03:00,NO2,0.044
2023-10-12T00:00:00+03:00,CO,0.42
2023-10-12T00:00:00+03:00,SO2,0.0018
2023-10-12T00:00:00+03:00,PM2.5,0.012
2023-10-12T00:00:00+03:00,NO,0.031
2023-10-12T00:00:00+03:00,C6H5OH (фенол),0.0004
2023-10-12T00:00:00+03:00,C6H6 (бензол),0.003
2023-10-12T00:00:00+03:00,CH2O (формальдегид),0.0043
2023-10-12T00:00:00+03:00,OZ,0.0219
2023-10-13T00:00:00+03:00,NO2,0.044
2023-10-13T00:00:00+03:00,NO,0.021
2023-10-13T00:00:00+03:00,CH2O (формальдегид),0.0036
2023-10-13T00:00:00+03:00,C6H5OH (фенол),0.0001
2023-10-13T00:00:00+03:00,OZ,0.019
2023-10-13T00:00:00+03:00,SO2,0.0008
2023-10-13T00:00:00+03:00,PM2.5,0.008
2023-10-13T00:00:00+03:00,C6H6 (бензол),0.003
2023-10-13T00:00:00+03:00,CO,0.32
2023-10-14T00:00:00+03:00,PM2.5,0.011
2023-10-14T00:00:00+03:00,C6H5OH (фенол),0
2023-10-14T00:00:00+03:00,NO,0.038
2023-10-14T00:00:00+03:00,CH2O (формальдегид),0.0034
2023-10-14T00:00:00+03:00,CO,0.48
2023-10-14T00:00:00+03:00,SO2,0.0008
2023-10-14T00:00:00+03:00,C6H6 (бензол),0.004
2023-10-14T00:00:00+03:00,NO2,0.051
2023-10-14T00:00:00+03:00,OZ,0.0105
2023-10-15T00:00:00+03:00,CO,0.42
2023-10-15T00:00:00+03:00,OZ,0.0148
2023-10-15T00:00:00+03:00,CH2O (формальдегид),0.0017
2023-10-15T00:00:00+03:00,C6H6 (бензол),0.004
2023-10-15T00:00:00+03:00,SO2,0.0005
2023-10-15T00:00:00+03:00,C6H5OH (фенол),0
2023-10-15T00:00:00+03:00,NO,0.029
2023-10-15T00:00:00+03:00,PM2.5,0.01
2023-10-15T00:00:00+03:00,NO2,0.047
2023-10-16T00:00:00+03:00,C6H6 (бензол),0.004
2023-10-16T00:00:00+03:00,CH2O (формальдегид),0.0032
2023-10-16T00:00:00+03:00,OZ,0.0009
2023-10-16T00:00:00+03:00,NO2,0.048
2023-10-16T00:00:00+03:00,C6H5OH (фенол),0.0009
2023-10-16T00:00:00+03:00,PM2.5,0.009
2023-10-16T00:00:00+03:00,NO,0.055
2023-10-16T00:00:00+03:00,SO2,0.0002
2023-10-16T00:00:00+03:00,CO,0.71
2023-10-17T00:00:00+03:00,CO,0.36
2023-10-17T00:00:00+03:00,NO2,0.036
2023-10-17T00:00:00+03:00,OZ,0.0103
2023-10-17T00:00:00+03:00,SO2,0.0005
2023-10-17T00:00:00+03:00,NO,0.021
2023-10-17T00:00:00+03:00,C6H5OH (фенол),0.0024
2023-10-17T00:00:00+03:00,PM2.5,0.006
2023-10-17T00:00:00+03:00,C6H6 (бензол),0.005
2023-10-17T00:00:00+03:00,CH2O (формальдегид),0.0007
2023-10-18T00:00:00+03:00,NO,0.051
2023-10-18T00:00:00+03:00,PM2.5,0.008
2023-10-18T00:00:00+03:00,CH2O (формальдегид),0.002
2023-10-18T00:00:00+03:00,OZ,0.0104
2023-10-18T00:00:00+03:00,SO2,0.0006
2023-10-18T00:00:00+03:00,NO2,0.04
2023-10-18T00:00:00+03:00,CO,0.38
2023-10-18T00:00:00+03:00,C6H5OH (фенол),0.001
2023-10-18T00:00:00+03:00,C6H6 (бензол),0.005
2023-10-19T00:00:00+03:00,C6H6 (бензол),
2023-10-19T00:00:00+03:00,NO,0.096
2023-10-19T00:00:00+03:00,SO2,
2023-10-19T00:00:00+03:00,NO2,0.051
2023-10-19T00:00:00+03:00,C6H5OH (фенол),
2023-10-19T00:00:00+03:00,CH2O (формальдегид),
2023-10-19T00:00:00+03:00,PM2.5,0.011
2023-10-19T00:00:00+03:00,CO,0.87
2023-10-19T00:00:00+03:00,OZ,
2023-10-20T00:00:00+03:00,PM2.5,0.009
2023-10-20T00:00:00+03:00,OZ,
2023-10-20T00:00:00+03:00,CH2O (формальдегид),
2023-10-20T00:00:00+03:00,C6H5OH (фенол),
2023-10-20T00:00:00+03:00,CO,0.52
2023-10-20T00:00:00+03:00,C6H6 (бензол),
2023-10-20T00:00:00+03:00,NO2,0.039
2023-10-20T00:00:00+03:00,SO2,
2023-10-20T00:00:00+03:00,NO,0.042
2023-10-21T00:00:00+03:00,C6H5OH (фенол),
2023-10-21T00:00:00+03:00,OZ,
2023-10-21T00:00:00+03:00,CH2O (формальдегид),
2023-10-21T00:00:00+03:00,NO,0.047
2023-10-21T00:00:00+03:00,PM2.5,0.009
2023-10-21T00:00:00+03:00,NO2,0.032
2023-10-21T00:00:00+03:00,C6H6 (бензол),
2023-10-21T00:00:00+03:00,SO2,
2023-10-21T00:00:00+03:00,CO,0.52
2023-10-22T00:00:00+03:00,PM2.5,0.017
2023-10-22T00:00:00+03:00,CH2O (формальдегид),
2023-10-22T00:00:00+03:00,SO2,
2023-10-22T00:00:00+03:00,C6H5OH (фенол),
2023-10-22T00:00:00+03:00,C6H6 (бензол),
2023-10-22T00:00:00+03:00,NO,0.095
2023-10-22T00:00:00+03:00,CO,0.79
2023-10-22T00:00:00+03:00,OZ,
2023-10-22T00:00:00+03:00,NO2,0.043
2023-10-23T00:00:00+03:00,PM2.5,0.012
2023-10-23T00:00:00+03:00,SO2,
2023-10-23T00:00:00+03:00,CH2O (формальдегид),
2023-10-23T00:00:00+03:00,CO,0.98
2023-10-23T00:00:00+03:00,NO,0.088
2023-10-23T00:00:00+03:00,C6H6 (бензол),
2023-10-23T00:00:00+03:00,C6H5OH (фенол),
2023-10-23T00:00:00+03:00,NO2,0.031
2023-10-23T00:00:00+03:00,OZ,
2023-10-24T00:00:00+03:00,C6H6 (бензол),
2023-10-24T00:00:00+03:00,C6H5OH (фенол),
2023-10-24T00:00:00+03:00,PM2.5,0.009
2023-10-24T00:00:00+03:00,CO,0.36
2023-10-24T00:00:00+03:00,NO,0.028
2023-10-24T00:00:00+03:00,CH2O (формальдегид),
2023-10-24T00:00:00+03:00,NO2,0.031
2023-10-24T00:00:00+03:00,OZ,
2023-10-24T00:00:00+03:00,SO2,
2023-10-25T00:00:00+03:00,NO,0.032
2023-10-25T00:00:00+03:00,SO2,
2023-10-25T00:00:00+03:00,C6H5OH (фенол),
2023-10-25T00:00:00+03:00,C6H6 (бензол),
2023-10-25T00:00:00+03:00,OZ,
2023-10-25T00:00:00+03:00,PM2.5,0.009
2023-10-25T00:00:00+03:00,CH2O (формальдегид),
2023-10-25T00:00:00+03:00,CO,0.41
2023-10-25T00:00:00+03:00,NO2,0.039
2023-10-26T00:00:00+03:00,OZ,
2023-10-26T00:00:00+03:00,PM2.5,0.01
2023-10-26T00:00:00+03:00,C6H5OH (фенол),
2023-10-26T00:00:00+03:00,CH2O (формальдегид),
2023-10-26T00:00:00+03:00,SO2,
2023-10-26T00:00:00+03:00,NO2,0.038
2023-10-26T00:00:00+03:00,NO,0.035
2023-10-26T00:00:00+03:00,C6H6 (бензол),
2023-10-26T00:00:00+03:00,CO,0.41
2023-10-27T00:00:00+03:00,C6H5OH (фенол),
2023-10-27T00:00:00+03:00,CO,0.52
2023-10-27T00:00:00+03:00,OZ,
2023-10-27T00:00:00+03:00,CH2O (формальдегид),
2023-10-27T00:00:00+03:00,PM2.5,0.008
2023-10-27T00:00:00+03:00,C6H6 (бензол),
2023-10-27T00:00:00+03:00,NO2,0.039
2023-10-27T00:00:00+03:00,NO,0.039
2023-10-27T00:00:00+03:00,SO2,
2023-10-28T00:00:00+03:00,NO2,0.029
2023-10-28T00:00:00+03:00,C6H6 (бензол),
2023-10-28T00:00:00+03:00,OZ,
2023-10-28T00:00:00+03:00,NO,0.029
2023-10-28T00:00:00+03:00,CO,0.3
2023-10-28T00:00:00+03:00,PM2.5,0.008
2023-10-28T00:00:00+03:00,CH2O (формальдегид),
2023-10-28T00:00:00+03:00,SO2,
2023-10-28T00:00:00+03:00,C6H5OH (фенол),
2023-10-29T00:00:00+03:00,C6H6 (бензол),
2023-10-29T00:00:00+03:00,SO2,
2023-10-29T00:00:00+03:00,C6H5OH (фенол),
2023-10-29T00:00:00+03:00,PM2.5,0.008
2023-10-29T00:00:00+03:00,NO2,0.023
2023-10-29T00:00:00+03:00,CO,0.37
2023-10-29T00:00:00+03:00,OZ,
2023-10-29T00:00:00+03:00,CH2O (формальдегид),
2023-10-29T00:00:00+03:00,NO,0.022
2023-10-30T00:00:00+03:00,NO,0.07
2023-10-30T00:00:00+03:00,CO,0.37
2023-10-30T00:00:00+03:00,C6H5OH (фенол),
2023-10-30T00:00:00+03:00,SO2,
2023-10-30T00:00:00+03:00,NO2,0.039
2023-10-30T00:00:00+03:00,C6H6 (бензол),
2023-10-30T00:00:00+03:00,CH2O (формальдегид),
2023-10-30T00:00:00+03:00,PM2.5,0.011
2023-10-30T00:00:00+03:00,OZ,
2023-10-31T00:00:00+03:00,NO2,0.052
2023-10-31T00:00:00+03:00,C6H5OH (фенол),
2023-10-31T00:00:00+03:00,SO2,
2023-10-31T00:00:00+03:00,PM2.5,0.016
2023-10-31T00:00:00+03:00,NO,0.09
2023-10-31T00:00:00+03:00,OZ,
2023-10-31T00:00:00+03:00,C6H6 (бензол),
2023-10-31T00:00:00+03:00,CH2O (формальдегид),
2023-10-31T00:00:00+03:00,CO,0.71
2023-11-01T00:00:00+03:00,OZ,
2023-11-01T00:00:00+03:00,NO,0.08
2023-11-01T00:00:00+03:00,SO2,
2023-11-01T00:00:00+03:00,CH2O (формальдегид),
2023-11-01T00:00:00+03:00,PM2.5,0.021
2023-11-01T00:00:00+03:00,CO,0.87
2023-11-01T00:00:00+03:00,C6H5OH (фенол),
2023-11-01T00:00:00+03:00,C6H6 (бензол),
2023-11-01T00:00:00+03:00,NO2,0.062
2023-11-02T00:00:00+03:00,NO2,0.04
2023-11-02T00:00:00+03:00,CH2O (формальдегид),
2023-11-02T00:00:00+03:00,SO2,
2023-11-02T00:00:00+03:00,C6H5OH (фенол),
2023-11-02T00:00:00+03:00,CO,0.47
2023-11-02T00:00:00+03:00,C6H6 (бензол),
2023-11-02T00:00:00+03:00,NO,0.026
2023-11-02T00:00:00+03:00,PM2.5,0.008
2023-11-02T00:00:00+03:00,OZ,
2023-11-03T00:00:00+03:00,PM2.5,0.011
2023-11-03T00:00:00+03:00,C6H5OH (фенол),0.0003
2023-11-03T00:00:00+03:00,C6H6 (бензол),0.005
2023-11-03T00:00:00+03:00,CH2O (формальдегид),0.0063
2023-11-03T00:00:00+03:00,CO,0.47
2023-11-03T00:00:00+03:00,OZ,0.0113
2023-11-03T00:00:00+03:00,NO,0.057
2023-11-03T00:00:00+03:00,NO2,0.041
2023-11-03T00:00:00+03:00,SO2,0.0005
2023-11-04T00:00:00+03:00,NO2,0.036
2023-11-04T00:00:00+03:00,CH2O (формальдегид),0.0068
2023-11-04T00:00:00+03:00,NO,0.042
2023-11-04T00:00:00+03:00,CO,0.37
2023-11-04T00:00:00+03:00,SO2,0.0009
2023-11-04T00:00:00+03:00,C6H6 (бензол),0.005
2023-11-04T00:00:00+03:00,C6H5OH (фенол),0.0002
2023-11-04T00:00:00+03:00,PM2.5,0.012
2023-11-04T00:00:00+03:00,OZ,0.0083
2023-11-05T00:00:00+03:00,SO2,0.0012
2023-11-05T00:00:00+03:00,OZ,0.0081
2023-11-05T00:00:00+03:00,NO2,0.036
2023-11-05T00:00:00+03:00,NO,0.033
2023-11-05T00:00:00+03:00,PM2.5,0.015
2023-11-05T00:00:00+03:00,CH2O (формальдегид),0.0072
2023-11-05T00:00:00+03:00,C6H6 (бензол),0.005
2023-11-05T00:00:00+03:00,C6H5OH (фенол),0.0003
2023-11-05T00:00:00+03:00,CO,0.29
2023-11-06T00:00:00+03:00,C6H5OH (фенол),0.0004
2023-11-06T00:00:00+03:00,NO,0.042
2023-11-06T00:00:00+03:00,CO,0.49
2023-11-06T00:00:00+03:00,NO2,0.045
2023-11-06T00:00:00+03:00,C6H6 (бензол),0.005
2023-11-06T00:00:00+03:00,OZ,0.0092
2023-11-06T00:00:00+03:00,PM2.5,0.009
2023-11-06T00:00:00+03:00,CH2O (формальдегид),0.0063
2023-11-06T00:00:00+03:00,SO2,0.0005
2023-11-07T00:00:00+03:00,NO,0.028
2023-11-07T00:00:00+03:00,CO,0.32
2023-11-07T00:00:00+03:00,NO2,0.039
2023-11-07T00:00:00+03:00,C6H5OH (фенол),0.0006
2023-11-07T00:00:00+03:00,CH2O (формальдегид),0.0075
2023-11-07T00:00:00+03:00,SO2,0.0004
2023-11-07T00:00:00+03:00,OZ,0.0105
2023-11-07T00:00:00+03:00,C6H6 (бензол),0.005
2023-11-07T00:00:00+03:00,PM2.5,0.008
2023-11-08T00:00:00+03:00,PM2.5,0.011
2023-11-08T00:00:00+03:00,NO,0.041
2023-11-08T00:00:00+03:00,C6H5OH (фенол),0.0005
2023-11-08T00:00:00+03:00,NO2,0.042
2023-11-08T00:00:00+03:00,SO2,0.0004
2023-11-08T00:00:00+03:00,CH2O (формальдегид),0.0068
2023-11-08T00:00:00+03:00,CO,0.35
2023-11-08T00:00:00+03:00,OZ,0.0087
2023-11-08T00:00:00+03:00,C6H6 (бензол),0.005
2023-11-09T00:00:00+03:00,SO2,0.0004
2023-11-09T00:00:00+03:00,C6H6 (бензол),0.006
2023-11-09T00:00:00+03:00,CO,0.59
2023-11-09T00:00:00+03:00,CH2O (формальдегид),0.0078
2023-11-09T00:00:00+03:00,PM2.5,0.016
2023-11-09T00:00:00+03:00,NO2,0.048
2023-11-09T00:00:00+03:00,C6H5OH (фенол),0.0002
2023-11-09T00:00:00+03:00,NO,0.079
2023-11-09T00:00:00+03:00,OZ,0.0017
2023-11-10T00:00:00+03:00,OZ,0.004
2023-11-10T00:00:00+03:00,SO2,0.0004
2023-11-10T00:00:00+03:00,CO,0.35
2023-11-10T00:00:00+03:00,PM2.5,0.013
2023-11-10T00:00:00+03:00,NO2,0.043
2023-11-10T00:00:00+03:00,C6H5OH (фенол),0.0003
2023-11-10T00:00:00+03:00,CH2O (формальдегид),0.0058
2023-11-10T00:00:00+03:00,NO,0.047
2023-11-10T00:00:00+03:00,C6H6 (бензол),0.005
2023-11-11T00:00:00+03:00,NO,0.054
2023-11-11T00:00:00+03:00,NO2,0.048
2023-11-11T00:00:00+03:00,OZ,0.0092
2023-11-11T00:00:00+03:00,SO2,0.0011
2023-11-11T00:00:00+03:00,CO,0.64
2023-11-11T00:00:00+03:00,C6H5OH (фенол),0.0003
2023-11-11T00:00:00+03:00,C6H6 (бензол),0.005
2023-11-11T00:00:00+03:00,CH2O (формальдегид),0.0062
2023-11-11T00:00:00+03:00,PM2.5,0.015
2023-11-12T00:00:00+03:00,CH2O (формальдегид),0.003
2023-11-12T00:00:00+03:00,CO,0.27
2023-11-12T00:00:00+03:00,OZ,0.0173
2023-11-12T00:00:00+03:00,SO2,0.0064
2023-11-12T00:00:00+03:00,NO2,0.036
2023-11-12T00:00:00+03:00,C6H6 (бензол),0.005
2023-11-12T00:00:00+03:00,C6H5OH (фенол),0.0003
2023-11-12T00:00:00+03:00,NO,0.023
2023-11-12T00:00:00+03:00,PM2.5,0.008
2023-11-13T00:00:00+03:00,SO2,0.0008
2023-11-13T00:00:00+03:00,CH2O (формальдегид),0.0048
2023-11-13T00:00:00+03:00,PM2.5,0.006
2023-11-13T00:00:00+03:00,NO,0.03
2023-11-13T00:00:00+03:00,C6H6 (бензол),0.005
2023-11-13T00:00:00+03:00,CO,0.37
2023-11-13T00:00:00+03:00,OZ,0.0117
2023-11-13T00:00:00+03:00,NO2,0.029
2023-11-13T00:00:00+03:00,C6H5OH (фенол),0.0003
2023-11-14T00:00:00+03:00,SO2,0.0006
2023-11-14T00:00:00+03:00,C6H6 (бензол),0.005
2023-11-14T00:00:00+03:00,CH2O (формальдегид),0.0036
2023-11-14T00:00:00+03:00,NO,0.034
2023-11-14T00:00:00+03:00,C6H5OH (фенол),0.0003
2023-11-14T00:00:00+03:00,OZ,0.0138
2023-11-14T00:00:00+03:00,CO,0.32
2023-11-14T00:00:00+03:00,NO2,0.038
2023-11-14T00:00:00+03:00,PM2.5,0.006
2023-11-15T00:00:00+03:00,PM2.5,0.012
2023-11-15T00:00:00+03:00,C6H6 (бензол),0.005
2023-11-15T00:00:00+03:00,CH2O (формальдегид),0.0047
2023-11-15T00:00:00+03:00,SO2,0.0005
2023-11-15T00:00:00+03:00,NO2,0.048
2023-11-15T00:00:00+03:00,CO,0.48
2023-11-15T00:00:00+03:00,NO,0.047
2023-11-15T00:00:00+03:00,OZ,0.0061
2023-11-15T00:00:00+03:00,C6H5OH (фенол),0.0002
2023-11-16T00:00:00+03:00,NO2,0.032
2023-11-16T00:00:00+03:00,CO,0.44
2023-11-16T00:00:00+03:00,CH2O (формальдегид),0.0044
2023-11-16T00:00:00+03:00,NO,0.043
2023-11-16T00:00:00+03:00,OZ,0.0012
2023-11-16T00:00:00+03:00,SO2,0.0005
2023-11-16T00:00:00+03:00,C6H5OH (фенол),0.0001
2023-11-16T00:00:00+03:00,PM2.5,0.01
2023-11-16T00:00:00+03:00,C6H6 (бензол),0.005
2023-11-17T00:00:00+03:00,C6H6 (бензол),0.004
2023-11-17T00:00:00+03:00,C6H5OH (фенол),0.0005
2023-11-17T00:00:00+03:00,PM2.5,0.009
2023-11-17T00:00:00+03:00,SO2,0.0013
2023-11-17T00:00:00+03:00,NO2,
2023-11-17T00:00:00+03:00,OZ,0.0322
2023-11-17T00:00:00+03:00,NO,
2023-11-17T00:00:00+03:00,CO,0.24
2023-11-17T00:00:00+03:00,CH2O (формальдегид),0.0045
2023-11-18T00:00:00+03:00,CH2O (формальдегид),0.0077
2023-11-18T00:00:00+03:00,C6H6 (бензол),0.005
2023-11-18T00:00:00+03:00,PM2.5,0.016
2023-11-18T00:00:00+03:00,NO2,
2023-11-18T00:00:00+03:00,C6H5OH (фенол),0.0002
2023-11-18T00:00:00+03:00,NO,
2023-11-18T00:00:00+03:00,SO2,0.0023
2023-11-18T00:00:00+03:00,CO,0.49
2023-11-18T00:00:00+03:00,OZ,0.0121
2023-11-19T00:00:00+03:00,NO2,
2023-11-19T00:00:00+03:00,NO,
2023-11-19T00:00:00+03:00,CH2O (формальдегид),0.007
2023-11-19T00:00:00+03:00,SO2,0.0023
2023-11-19T00:00:00+03:00,OZ,0.0037
2023-11-19T00:00:00+03:00,CO,0.78
2023-11-19T00:00:00+03:00,PM2.5,0.019
2023-11-19T00:00:00+03:00,C6H6 (бензол),0.005
2023-11-19T00:00:00+03:00,C6H5OH (фенол),0.0002
2023-11-20T00:00:00+03:00,SO2,0.006
2023-11-20T00:00:00+03:00,C6H6 (бензол),0.004
2023-11-20T00:00:00+03:00,NO,
2023-11-20T00:00:00+03:00,NO2,
2023-11-20T00:00:00+03:00,CO,0.4
2023-11-20T00:00:00+03:00,OZ,0.0073
2023-11-20T00:00:00+03:00,PM2.5,0.013
2023-11-20T00:00:00+03:00,C6H5OH (фенол),0
2023-11-20T00:00:00+03:00,CH2O (формальдегид),0.0046
2023-11-21T00:00:00+03:00,SO2,0.0016
2023-11-21T00:00:00+03:00,NO,
2023-11-21T00:00:00+03:00,OZ,0.0214
2023-11-21T00:00:00+03:00,C6H6 (бензол),0.004
2023-11-21T00:00:00+03:00,PM2.5,0.009
2023-11-21T00:00:00+03:00,C6H5OH (фенол),0.0001
2023-11-21T00:00:00+03:00,NO2,
2023-11-21T00:00:00+03:00,CH2O (формальдегид),0.0021
2023-11-21T00:00:00+03:00,CO,0.15
2023-11-22T00:00:00+03:00,C6H5OH (фенол),0
2023-11-22T00:00:00+03:00,C6H6 (бензол),0.005
2023-11-22T00:00:00+03:00,PM2.5,0.008
2023-11-22T00:00:00+03:00,CH2O (формальдегид),0.0043
2023-11-22T00:00:00+03:00,NO,
2023-11-22T00:00:00+03:00,OZ,0.0194
2023-11-22T00:00:00+03:00,NO2,
2023-11-22T00:00:00+03:00,SO2,0.0011
2023-11-22T00:00:00+03:00,CO,0.29
2023-11-23T00:00:00+03:00,CH2O (формальдегид),
2023-11-23T00:00:00+03:00,NO2,
2023-11-23T00:00:00+03:00,CO,0.33
2023-11-23T00:00:00+03:00,C6H6 (бензол),
2023-11-23T00:00:00+03:00,NO,
2023-11-23T00:00:00+03:00,OZ,
2023-11-23T00:00:00+03:00,C6H5OH (фенол),
2023-11-23T00:00:00+03:00,SO2,
2023-11-23T00:00:00+03:00,PM2.5,0.005
2023-11-24T00:00:00+03:00,CO,0.57
2023-11-24T00:00:00+03:00,C6H6 (бензол),
2023-11-24T00:00:00+03:00,CH2O (формальдегид),
2023-11-24T00:00:00+03:00,C6H5OH (фенол),
2023-11-24T00:00:00+03:00,OZ,
2023-11-24T00:00:00+03:00,NO,
2023-11-24T00:00:00+03:00,SO2,
2023-11-24T00:00:00+03:00,NO2,
2023-11-24T00:00:00+03:00,PM2.5,0.013
2023-11-25T00:00:00+03:00,C6H6 (бензол),
2023-11-25T00:00:00+03:00,OZ,
2023-11-25T00:00:00+03:00,NO2,
2023-11-25T00:00:00+03:00,NO,
2023-11-25T00:00:00+03:00,SO2,
2023-11-25T00:00:00+03:00,C6H5OH (фенол),
2023-11-25T00:00:00+03:00,CH2O (формальдегид),
2023-11-25T00:00:00+03:00,CO,0.41
2023-11-25T00:00:00+03:00,PM2.5,0.017
2023-11-26T00:00:00+03:00,C6H5OH (фенол),
2023-11-26T00:00:00+03:00,PM2.5,0.015
2023-11-26T00:00:00+03:00,CO,0.53
2023-11-26T00:00:00+03:00,NO2,
2023-11-26T00:00:00+03:00,SO2,
2023-11-26T00:00:00+03:00,C6H6 (бензол),
2023-11-26T00:00:00+03:00,NO,
2023-11-26T00:00:00+03:00,OZ,
2023-11-26T00:00:00+03:00,CH2O (формальдегид),
2023-11-27T00:00:00+03:00,OZ,
2023-11-27T00:00:00+03:00,SO2,
2023-11-27T00:00:00+03:00,CH2O (формальдегид),
2023-11-27T00:00:00+03:00,CO,0.46
2023-11-27T00:00:00+03:00,C6H5OH (фенол),
2023-11-27T00:00:00+03:00,C6H6 (бензол),
2023-11-27T00:00:00+03:00,PM2.5,0.008
2023-11-27T00:00:00+03:00,NO2,
2023-11-27T00:00:00+03:00,NO,
2023-11-28T00:00:00+03:00,C6H5OH (фенол),
2023-11-28T00:00:00+03:00,CO,0.39
2023-11-28T00:00:00+03:00,OZ,
2023-11-28T00:00:00+03:00,C6H6 (бензол),
2023-11-28T00:00:00+03:00,CH2O (формальдегид),
2023-11-28T00:00:00+03:00,NO2,
2023-11-28T00:00:00+03:00,SO2,
2023-11-28T00:00:00+03:00,NO,
2023-11-28T00:00:00+03:00,PM2.5,0.012
2023-11-29T00:00:00+03:00,OZ,
2023-11-29T00:00:00+03:00,CH2O (формальдегид),
2023-11-29T00:00:00+03:00,PM2.5,0.012
2023-11-29T00:00:00+03:00,C6H6 (бензол),
2023-11-29T00:00:00+03:00,SO2,
2023-11-29T00:00:00+03:00,NO,
2023-11-29T00:00:00+03:00,CO,0.29
2023-11-29T00:00:00+03:00,NO2,
2023-11-29T00:00:00+03:00,C6H5OH (фенол),
2023-11-30T00:00:00+03:00,OZ,
2023-11-30T00:00:00+03:00,CO,0.52
2023-11-30T00:00:00+03:00,PM2.5,0.011
2023-11-30T00:00:00+03:00,NO2,
2023-11-30T00:00:00+03:00,NO,
2023-11-30T00:00:00+03:00,C6H5OH (фенол),
2023-11-30T00:00:00+03:00,CH2O (формальдегид),
2023-11-30T00:00:00+03:00,C6H6 (бензол),
2023-11-30T00:00:00+03:00,SO2,
2023-12-01T00:00:00+03:00,NO2,0.06
2023-12-01T00:00:00+03:00,CH2O (формальдегид),
2023-12-01T00:00:00+03:00,CO,0.6
2023-12-01T00:00:00+03:00,PM2.5,0.016
2023-12-01T00:00:00+03:00,C6H5OH (фенол),
2023-12-01T00:00:00+03:00,C6H6 (бензол),
2023-12-01T00:00:00+03:00,SO2,
2023-12-01T00:00:00+03:00,NO,0.087
2023-12-01T00:00:00+03:00,OZ,
2023-12-02T00:00:00+03:00,C6H6 (бензол),
2023-12-02T00:00:00+03:00,PM2.5,0.02
2023-12-02T00:00:00+03:00,CO,0.64
2023-12-02T00:00:00+03:00,C6H5OH (фенол),
2023-12-02T00:00:00+03:00,NO2,0.066
2023-12-02T00:00:00+03:00,SO2,
2023-12-02T00:00:00+03:00,OZ,
2023-12-02T00:00:00+03:00,NO,0.102
2023-12-02T00:00:00+03:00,CH2O (формальдегид),
2023-12-03T00:00:00+03:00,CH2O (формальдегид),
2023-12-03T00:00:00+03:00,PM2.5,0.012
2023-12-03T00:00:00+03:00,OZ,
2023-12-03T00:00:00+03:00,NO2,0.056
2023-12-03T00:00:00+03:00,C6H5OH (фенол),
2023-12-03T00:00:00+03:00,NO,0.039
2023-12-03T00:00:00+03:00,CO,0.35
2023-12-03T00:00:00+03:00,C6H6 (бензол),
2023-12-03T00:00:00+03:00,SO2,
2023-12-04T00:00:00+03:00,PM2.5,0.013
2023-12-04T00:00:00+03:00,NO,0.039
2023-12-04T00:00:00+03:00,NO2,0.045
2023-12-04T00:00:00+03:00,C6H5OH (фенол),
2023-12-04T00:00:00+03:00,C6H6 (бензол),
2023-12-04T00:00:00+03:00,SO2,
2023-12-04T00:00:00+03:00,OZ,
2023-12-04T00:00:00+03:00,CO,0.48
2023-12-04T00:00:00+03:00,CH2O (формальдегид),
2023-12-05T00:00:00+03:00,SO2,
2023-12-05T00:00:00+03:00,C6H6 (бензол),
2023-12-05T00:00:00+03:00,OZ,
2023-12-05T00:00:00+03:00,C6H5OH (фенол),
2023-12-05T00:00:00+03:00,CH2O (формальдегид),
2023-12-05T00:00:00+03:00,PM2.5,0.013
2023-12-05T00:00:00+03:00,NO2,0.053
2023-12-05T00:00:00+03:00,CO,0.59
2023-12-05T00:00:00+03:00,NO,0.078
2023-12-06T00:00:00+03:00,C6H5OH (фенол),
2023-12-06T00:00:00+03:00,OZ,
2023-12-06T00:00:00+03:00,CH2O (формальдегид),
2023-12-06T00:00:00+03:00,PM2.5,0.02
2023-12-06T00:00:00+03:00,SO2,
2023-12-06T00:00:00+03:00,NO,0.162
2023-12-06T00:00:00+03:00,C6H6 (бензол),
2023-12-06T00:00:00+03:00,CO,0.85
2023-12-06T00:00:00+03:00,NO2,0.067
2023-12-07T00:00:00+03:00,NO,0.1
2023-12-07T00:00:00+03:00,C6H5OH (фенол),
2023-12-07T00:00:00+03:00,OZ,
2023-12-07T00:00:00+03:00,C6H6 (бензол),
2023-12-07T00:00:00+03:00,PM2.5,0.017
2023-12-07T00:00:00+03:00,NO2,0.06
2023-12-07T00:00:00+03:00,SO2,
2023-12-07T00:00:00+03:00,CO,0.6
2023-12-07T00:00:00+03:00,CH2O (формальдегид),
2023-12-08T00:00:00+03:00,CO,0.46
2023-12-08T00:00:00+03:00,NO,0.067
2023-12-08T00:00:00+03:00,C6H6 (бензол),
2023-12-08T00:00:00+03:00,C6H5OH (фенол),
2023-12-08T00:00:00+03:00,CH2O (формальдегид),
2023-12-08T00:00:00+03:00,NO2,0.053
2023-12-08T00:00:00+03:00,SO2,
2023-12-08T00:00:00+03:00,PM2.5,0.015
2023-12-08T00:00:00+03:00,OZ,
2023-12-09T00:00:00+03:00,C6H6 (бензол),
2023-12-09T00:00:00+03:00,C6H5OH (фенол),
2023-12-09T00:00:00+03:00,PM2.5,0.014
2023-12-09T00:00:00+03:00,CH2O (формальдегид),
2023-12-09T00:00:00+03:00,SO2,
2023-12-09T00:00:00+03:00,CO,0.31
2023-12-09T00:00:00+03:00,OZ,
2023-12-09T00:00:00+03:00,NO,0.041
2023-12-09T00:00:00+03:00,NO2,0.049
2023-12-10T00:00:00+03:00,OZ,
2023-12-10T00:00:00+03:00,CO,0.5
2023-12-10T00:00:00+03:00,PM2.5,0.014
2023-12-10T00:00:00+03:00,C6H6 (бензол),
2023-12-10T00:00:00+03:00,NO,0.044
2023-12-10T00:00:00+03:00,SO2,
2023-12-10T00:00:00+03:00,C6H5OH (фенол),
2023-12-10T00:00:00+03:00,CH2O (формальдегид),
2023-12-10T00:00:00+03:00,NO2,0.054
2023-12-11T00:00:00+03:00,SO2,
2023-12-11T00:00:00+03:00,C6H6 (бензол),
2023-12-11T00:00:00+03:00,CO,0.4
2023-12-11T00:00:00+03:00,PM2.5,0.01
2023-12-11T00:00:00+03:00,C6H5OH (фенол),
2023-12-11T00:00:00+03:00,NO2,0.05
2023-12-11T00:00:00+03:00,NO,0.052
2023-12-11T00:00:00+03:00,OZ,
2023-12-11T00:00:00+03:00,CH2O (формальдегид),
2023-12-12T00:00:00+03:00,C6H5OH (фенол),
2023-12-12T00:00:00+03:00,NO,0.048
2023-12-12T00:00:00+03:00,PM2.5,0.01
2023-12-12T00:00:00+03:00,CH2O (формальдегид),
2023-12-12T00:00:00+03:00,NO2,0.049
2023-12-12T00:00:00+03:00,CO,0.36
2023-12-12T00:00:00+03:00,OZ,
2023-12-12T00:00:00+03:00,C6H6 (бензол),
2023-12-12T00:00:00+03:00,SO2,
2023-12-13T00:00:00+03:00,NO2,0.05
2023-12-13T00:00:00+03:00,CO,0.38
2023-12-13T00:00:00+03:00,PM2.5,0.02
2023-12-13T00:00:00+03:00,C6H5OH (фенол),
2023-12-13T00:00:00+03:00,CH2O (формальдегид),
2023-12-13T00:00:00+03:00,SO2,
2023-12-13T00:00:00+03:00,OZ,
2023-12-13T00:00:00+03:00,NO,0.045
2023-12-13T00:00:00+03:00,C6H6 (бензол),
2023-12-14T00:00:00+03:00,C6H5OH (фенол),
2023-12-14T00:00:00+03:00,NO2,0.05
2023-12-14T00:00:00+03:00,PM2.5,0.03
2023-12-14T00:00:00+03:00,NO,0.057
2023-12-14T00:00:00+03:00,CH2O (формальдегид),
2023-12-14T00:00:00+03:00,OZ,
2023-12-14T00:00:00+03:00,C6H6 (бензол),
2023-12-14T00:00:00+03:00,CO,0.43
2023-12-14T00:00:00+03:00,SO2,
2023-12-15T00:00:00+03:00,C6H6 (бензол),
2023-12-15T00:00:00+03:00,NO2,0.055
2023-12-15T00:00:00+03:00,CH2O (формальдегид),
2023-12-15T00:00:00+03:00,C6H5OH (фенол),
2023-12-15T00:00:00+03:00,CO,0.47
2023-12-15T00:00:00+03:00,SO2,
2023-12-15T00:00:00+03:00,NO,0.058
2023-12-15T00:00:00+03:00,PM2.5,0.028
2023-12-15T00:00:00+03:00,OZ,
2023-12-16T00:00:00+03:00,SO2,
2023-12-16T00:00:00+03:00,CO,0.46
2023-12-16T00:00:00+03:00,OZ,
2023-12-16T00:00:00+03:00,NO2,0.04
2023-12-16T00:00:00+03:00,NO,0.049
2023-12-16T00:00:00+03:00,CH2O (формальдегид),
2023-12-16T00:00:00+03:00,PM2.5,0.014
2023-12-16T00:00:00+03:00,C6H5OH (фенол),
2023-12-16T00:00:00+03:00,C6H6 (бензол),
2023-12-17T00:00:00+03:00,NO2,0.044
2023-12-17T00:00:00+03:00,PM2.5,0.006
2023-12-17T00:00:00+03:00,OZ,
2023-12-17T00:00:00+03:00,C6H5OH (фенол),
2023-12-17T00:00:00+03:00,CH2O (формальдегид),
2023-12-17T00:00:00+03:00,SO2,
2023-12-17T00:00:00+03:00,CO,0.27
2023-12-17T00:00:00+03:00,NO,0.034
2023-12-17T00:00:00+03:00,C6H6 (бензол),
2023-12-18T00:00:00+03:00,SO2,
2023-12-18T00:00:00+03:00,C6H5OH (фенол),
2023-12-18T00:00:00+03:00,CH2O (формальдегид),
2023-12-18T00:00:00+03:00,PM2.5,0.008
2023-12-18T00:00:00+03:00,CO,0.34
2023-12-18T00:00:00+03:00,OZ,
2023-12-18T00:00:00+03:00,NO2,0.055
2023-12-18T00:00:00+03:00,NO,0.038
2023-12-18T00:00:00+03:00,C6H6 (бензол),
2023-12-19T00:00:00+03:00,NO,0.044
2023-12-19T00:00:00+03:00,C6H5OH (фенол),
2023-12-19T00:00:00+03:00,CH2O (формальдегид),
2023-12-19T00:00:00+03:00,C6H6 (бензол),
2023-12-19T00:00:00+03:00,OZ,
2023-12-19T00:00:00+03:00,PM2.5,0.005
2023-12-19T00:00:00+03:00,SO2,
2023-12-19T00:00:00+03:00,CO,0.39
2023-12-19T00:00:00+03:00,NO2,0.046
2023-12-20T00:00:00+03:00,PM2.5,0.007
2023-12-20T00:00:00+03:00,NO2,0.05
2023-12-20T00:00:00+03:00,OZ,
2023-12-20T00:00:00+03:00,SO2,
2023-12-20T00:00:00+03:00,NO,0.047
2023-12-20T00:00:00+03:00,C6H6 (бензол),
2023-12-20T00:00:00+03:00,CO,0.44
2023-12-20T00:00:00+03:00,CH2O (формальдегид),
2023-12-20T00:00:00+03:00,C6H5OH (фенол),
2023-12-21T00:00:00+03:00,CO,0.64
2023-12-21T00:00:00+03:00,SO2,0.0006
2023-12-21T00:00:00+03:00,C6H5OH (фенол),0.0017
2023-12-21T00:00:00+03:00,NO2,0.058
2023-12-21T00:00:00+03:00,OZ,0.0088
2023-12-21T00:00:00+03:00,CH2O (формальдегид),0.0122
2023-12-21T00:00:00+03:00,NO,0.102
2023-12-21T00:00:00+03:00,PM2.5,0.009
2023-12-21T00:00:00+03:00,C6H6 (бензол),0.006
2023-12-22T00:00:00+03:00,CH2O (формальдегид),0.0108
2023-12-22T00:00:00+03:00,C6H5OH (фенол),0.0014
2023-12-22T00:00:00+03:00,PM2.5,0.011
2023-12-22T00:00:00+03:00,NO2,0.062
2023-12-22T00:00:00+03:00,SO2,0.0012
2023-12-22T00:00:00+03:00,NO,0.067
2023-12-22T00:00:00+03:00,C6H6 (бензол),0.005
2023-12-22T00:00:00+03:00,CO,0.52
2023-12-22T00:00:00+03:00,OZ,0.0142
2023-12-23T00:00:00+03:00,C6H5OH (фенол),0.0008
2023-12-23T00:00:00+03:00,NO2,0.061
2023-12-23T00:00:00+03:00,CO,0.73
2023-12-23T00:00:00+03:00,OZ,0.0227
2023-12-23T00:00:00+03:00,C6H6 (бензол),0.005
2023-12-23T00:00:00+03:00,NO,0.084
2023-12-23T00:00:00+03:00,CH2O (формальдегид),0.0063
2023-12-23T00:00:00+03:00,SO2,0.001
2023-12-23T00:00:00+03:00,PM2.5,0.013
2023-12-24T00:00:00+03:00,PM2.5,0.011
2023-12-24T00:00:00+03:00,CH2O (формальдегид),0.0098
2023-12-24T00:00:00+03:00,NO2,0.055
2023-12-24T00:00:00+03:00,OZ,0.0234
2023-12-24T00:00:00+03:00,SO2,0.001
2023-12-24T00:00:00+03:00,C6H6 (бензол),0.004
2023-12-24T00:00:00+03:00,C6H5OH (фенол),0.0008
2023-12-24T00:00:00+03:00,NO,0.055
2023-12-24T00:00:00+03:00,CO,0.54
2023-12-25T00:00:00+03:00,OZ,0.0258
2023-12-25T00:00:00+03:00,NO2,0.055
2023-12-25T00:00:00+03:00,CH2O (формальдегид),0.0082
2023-12-25T00:00:00+03:00,NO,0.067
2023-12-25T00:00:00+03:00,C6H6 (бензол),0.004
2023-12-25T00:00:00+03:00,PM2.5,0.008
2023-12-25T00:00:00+03:00,SO2,0.0008
2023-12-25T00:00:00+03:00,CO,0.5
2023-12-25T00:00:00+03:00,C6H5OH (фенол),0.0007
2023-12-26T00:00:00+03:00,PM2.5,0.011
2023-12-26T00:00:00+03:00,C6H6 (бензол),0.004
2023-12-26T00:00:00+03:00,OZ,0.0246
2023-12-26T00:00:00+03:00,NO,0.06
2023-12-26T00:00:00+03:00,SO2,0.0009
2023-12-26T00:00:00+03:00,CH2O (формальдегид),0.009
2023-12-26T00:00:00+03:00,NO2,0.057
2023-12-26T00:00:00+03:00,CO,0.38
2023-12-26T00:00:00+03:00,C6H5OH (фенол),0.0007
2023-12-27T00:00:00+03:00,CH2O (формальдегид),0.0088
2023-12-27T00:00:00+03:00,SO2,0.001
2023-12-27T00:00:00+03:00,C6H5OH (фенол),0.0007
2023-12-27T00:00:00+03:00,NO,0.053
2023-12-27T00:00:00+03:00,C6H6 (бензол),0.004
2023-12-27T00:00:00+03:00,CO,0.52
2023-12-27T00:00:00+03:00,NO2,0.064
2023-12-27T00:00:00+03:00,OZ,0.0187
2023-12-27T00:00:00+03:00,PM2.5,0.021
2023-12-28T00:00:00+03:00,PM2.5,0.007
2023-12-28T00:00:00+03:00,C6H6 (бензол),0.004
2023-12-28T00:00:00+03:00,CO,0.24
2023-12-28T00:00:00+03:00,NO,0.026
2023-12-28T00:00:00+03:00,SO2,0.0012
2023-12-28T00:00:00+03:00,CH2O (формальдегид),0.0057
2023-12-28T00:00:00+03:00,NO2,0.048
2023-12-28T00:00:00+03:00,C6H5OH (фенол),0.0008
2023-12-28T00:00:00+03:00,OZ,0.0292
2023-12-29T00:00:00+03:00,NO2,0.058
2023-12-29T00:00:00+03:00,CO,0.46
2023-12-29T00:00:00+03:00,C6H5OH (фенол),0.0009
2023-12-29T00:00:00+03:00,NO,0.062
2023-12-29T00:00:00+03:00,PM2.5,0.008
2023-12-29T00:00:00+03:00,SO2,0.0012
2023-12-29T00:00:00+03:00,CH2O (формальдегид),0.0089
2023-12-29T00:00:00+03:00,C6H6 (бензол),0.004
2023-12-29T00:00:00+03:00,OZ,0.0208
2023-12-30T00:00:00+03:00,PM2.5,0.007
2023-12-30T00:00:00+03:00,C6H6 (бензол),0.005
2023-12-30T00:00:00+03:00,C6H5OH (фенол),0.001
2023-12-30T00:00:00+03:00,CO,0.47
2023-12-30T00:00:00+03:00,SO2,0.001
2023-12-30T00:00:00+03:00,OZ,0.0252
2023-12-30T00:00:00+03:00,NO,0.049
2023-12-30T00:00:00+03:00,NO2,0.051
2023-12-30T00:00:00+03:00,CH2O (формальдегид),0.005
2023-12-31T00:00:00+03:00,OZ,0.0285
2023-12-31T00:00:00+03:00,NO,0.023
2023-12-31T00:00:00+03:00,C6H6 (бензол),0.005
2023-12-31T00:00:00+03:00,NO2,0.035
2023-12-31T00:00:00+03:00,SO2,0.0012
2023-12-31T00:00:00+03:00,CO,0.2
2023-12-31T00:00:00+03:00,PM2.5,0.006
2023-12-31T00:00:00+03:00,CH2O (формальдегид),0.0069
2023-12-31T00:00:00+03:00,C6H5OH (фенол),0.0007
2024-01-01T00:00:00+03:00,OZ,0.0408
2024-01-01T00:00:00+03:00,CO,0.18
2024-01-01T00:00:00+03:00,SO2,0.002
2024-01-01T00:00:00+03:00,NO2,0.025
2024-01-01T00:00:00+03:00,CH2O (формальдегид),0.0016
2024-01-01T00:00:00+03:00,C6H6 (бензол),0.004
2024-01-01T00:00:00+03:00,PM2.5,0.008
2024-01-01T00:00:00+03:00,C6H5OH (фенол),0.0007
2024-01-01T00:00:00+03:00,NO,0.009
2024-01-02T00:00:00+03:00,C6H6 (бензол),0.003
2024-01-02T00:00:00+03:00,PM2.5,0.007
2024-01-02T00:00:00+03:00,NO,0.009
2024-01-02T00:00:00+03:00,NO2,0.034
2024-01-02T00:00:00+03:00,CH2O (формальдегид),0.0013
2024-01-02T00:00:00+03:00,OZ,0.0487
2024-01-02T00:00:00+03:00,C6H5OH (фенол),0.0007
2024-01-02T00:00:00+03:00,SO2,0.0038
2024-01-02T00:00:00+03:00,CO,0.27
2024-01-03T00:00:00+03:00,C6H5OH (фенол),0.0009
2024-01-03T00:00:00+03:00,NO2,0.057
2024-01-03T00:00:00+03:00,NO,0.023
2024-01-03T00:00:00+03:00,SO2,0.0051
2024-01-03T00:00:00+03:00,PM2.5,0.01
2024-01-03T00:00:00+03:00,OZ,0.0415
2024-01-03T00:00:00+03:00,CH2O (формальдегид),0.0031
2024-01-03T00:00:00+03:00,C6H6 (бензол),0.003
2024-01-03T00:00:00+03:00,CO,0.32
2024-01-04T00:00:00+03:00,OZ,0.0267
2024-01-04T00:00:00+03:00,PM2.5,0.013
2024-01-04T00:00:00+03:00,C6H5OH (фенол),0.0011
2024-01-04T00:00:00+03:00,NO2,0.066
2024-01-04T00:00:00+03:00,C6H6 (бензол),0.004
2024-01-04T00:00:00+03:00,SO2,0.0075
2024-01-04T00:00:00+03:00,CO,0.69
2024-01-04T00:00:00+03:00,NO,0.046
2024-01-04T00:00:00+03:00,CH2O (формальдегид),0.0046
2024-01-05T00:00:00+03:00,C6H5OH (фенол),0.0015
2024-01-05T00:00:00+03:00,NO,0.057
2024-01-05T00:00:00+03:00,OZ,0.0244
2024-01-05T00:00:00+03:00,C6H6 (бензол),0.004
2024-01-05T00:00:00+03:00,SO2,0.0061
2024-01-05T00:00:00+03:00,CO,0.47
2024-01-05T00:00:00+03:00,NO2,0.073
2024-01-05T00:00:00+03:00,PM2.5,0.014
2024-01-05T00:00:00+03:00,CH2O (формальдегид),0.0064
2024-01-06T00:00:00+03:00,C6H5OH (фенол),0.0037
2024-01-06T00:00:00+03:00,CH2O (формальдегид),0.0076
2024-01-06T00:00:00+03:00,CO,0.59
2024-01-06T00:00:00+03:00,NO,0.092
2024-01-06T00:00:00+03:00,SO2,0.007
2024-01-06T00:00:00+03:00,C6H6 (бензол),0.005
2024-01-06T00:00:00+03:00,PM2.5,0.021
2024-01-06T00:00:00+03:00,NO2,0.072
2024-01-06T00:00:00+03:00,OZ,0.0109
2024-01-07T00:00:00+03:00,OZ,0.0057
2024-01-07T00:00:00+03:00,C6H6 (бензол),0.004
2024-01-07T00:00:00+03:00,C6H5OH (фенол),0.0055
2024-01-07T00:00:00+03:00,CH2O (формальдегид),0.0041
2024-01-07T00:00:00+03:00,NO,0.043
2024-01-07T00:00:00+03:00,SO2,0.0079
2024-01-07T00:00:00+03:00,NO2,0.063
2024-01-07T00:00:00+03:00,CO,0.51
2024-01-07T00:00:00+03:00,PM2.5,0.014
2024-01-08T00:00:00+03:00,OZ,0.0076
2024-01-08T00:00:00+03:00,C6H5OH (фенол),0.0056
2024-01-08T00:00:00+03:00,CH2O (формальдегид),0.0041
2024-01-08T00:00:00+03:00,PM2.5,0.014
2024-01-08T00:00:00+03:00,NO2,0.077
2024-01-08T00:00:00+03:00,NO,0.049
2024-01-08T00:00:00+03:00,SO2,0.0061
2024-01-08T00:00:00+03:00,CO,2.8
2024-01-08T00:00:00+03:00,C6H6 (бензол),0.004
2024-01-09T00:00:00+03:00,NO,0.032
2024-01-09T00:00:00+03:00,PM2.5,0.007
2024-01-09T00:00:00+03:00,CO,
2024-01-09T00:00:00+03:00,C6H5OH (фенол),0.0041
2024-01-09T00:00:00+03:00,NO2,0.062
2024-01-09T00:00:00+03:00,SO2,0.0035
2024-01-09T00:00:00+03:00,C6H6 (бензол),0.004
2024-01-09T00:00:00+03:00,OZ,0.014
2024-01-09T00:00:00+03:00,CH2O (формальдегид),0.0053
2024-01-10T00:00:00+03:00,CO,
2024-01-10T00:00:00+03:00,SO2,0.0015
2024-01-10T00:00:00+03:00,NO2,0.054
2024-01-10T00:00:00+03:00,PM2.5,0.009
2024-01-10T00:00:00+03:00,C6H6 (бензол),0.005
2024-01-10T00:00:00+03:00,NO,0.047
2024-01-10T00:00:00+03:00,C6H5OH (фенол),0.0001
2024-01-10T00:00:00+03:00,OZ,0.0145
2024-01-10T00:00:00+03:00,CH2O (формальдегид),0.0019
2024-01-11T00:00:00+03:00,CO,
2024-01-11T00:00:00+03:00,SO2,0.0016
2024-01-11T00:00:00+03:00,NO,0.021
2024-01-11T00:00:00+03:00,PM2.5,0.005
2024-01-11T00:00:00+03:00,C6H5OH (фенол),0.0002
2024-01-11T00:00:00+03:00,C6H6 (бензол),0.004
2024-01-11T00:00:00+03:00,OZ,0.0214
2024-01-11T00:00:00+03:00,NO2,0.047
2024-01-11T00:00:00+03:00,CH2O (формальдегид),0.0023
2024-01-12T00:00:00+03:00,SO2,0.0021
2024-01-12T00:00:00+03:00,OZ,0.0382
2024-01-12T00:00:00+03:00,PM2.5,0.006
2024-01-12T00:00:00+03:00,NO,0.015
2024-01-12T00:00:00+03:00,CH2O (формальдегид),0.0014
2024-01-12T00:00:00+03:00,NO2,0.047
2024-01-12T00:00:00+03:00,CO,
2024-01-12T00:00:00+03:00,C6H5OH (фенол),0.0003
2024-01-12T00:00:00+03:00,C6H6 (бензол),0.004
2024-01-13T00:00:00+03:00,C6H5OH (фенол),0.0001
2024-01-13T00:00:00+03:00,SO2,0.0032
2024-01-13T00:00:00+03:00,CO,
2024-01-13T00:00:00+03:00,NO,0.078
2024-01-13T00:00:00+03:00,C6H6 (бензол),0.004
2024-01-13T00:00:00+03:00,OZ,0.0085
2024-01-13T00:00:00+03:00,CH2O (формальдегид),0.008
2024-01-13T00:00:00+03:00,PM2.5,0.016
2024-01-13T00:00:00+03:00,NO2,0.082
2024-01-14T00:00:00+03:00,PM2.5,0.014
2024-01-14T00:00:00+03:00,NO2,0.077
2024-01-14T00:00:00+03:00,CO,
2024-01-14T00:00:00+03:00,CH2O (формальдегид),0.0063
2024-01-14T00:00:00+03:00,OZ,0.0106
2024-01-14T00:00:00+03:00,C6H6 (бензол),0.004
2024-01-14T00:00:00+03:00,NO,0.073
2024-01-14T00:00:00+03:00,SO2,0.0036
2024-01-14T00:00:00+03:00,C6H5OH (фенол),0.0001
2024-01-15T00:00:00+03:00,C6H6 (бензол),0.005
2024-01-15T00:00:00+03:00,CO,
2024-01-15T00:00:00+03:00,NO2,0.069
2024-01-15T00:00:00+03:00,C6H5OH (фенол),0.0001
2024-01-15T00:00:00+03:00,OZ,0.0067
2024-01-15T00:00:00+03:00,SO2,0.0024
2024-01-15T00:00:00+03:00,CH2O (формальдегид),0.0073
2024-01-15T00:00:00+03:00,PM2.5,0.016
2024-01-15T00:00:00+03:00,NO,0.076
2024-01-16T00:00:00+03:00,NO,0.077
2024-01-16T00:00:00+03:00,C6H6 (бензол),0.005
2024-01-16T00:00:00+03:00,NO2,0.069
2024-01-16T00:00:00+03:00,PM2.5,0.011
2024-01-16T00:00:00+03:00,OZ,0.0249
2024-01-16T00:00:00+03:00,CO,
2024-01-16T00:00:00+03:00,C6H5OH (фенол),0.0007
2024-01-16T00:00:00+03:00,CH2O (формальдегид),0.006
2024-01-16T00:00:00+03:00,SO2,0.0021
2024-01-17T00:00:00+03:00,NO2,0.043
2024-01-17T00:00:00+03:00,PM2.5,0.01
2024-01-17T00:00:00+03:00,C6H6 (бензол),0.004
2024-01-17T00:00:00+03:00,C6H5OH (фенол),0.0008
2024-01-17T00:00:00+03:00,NO,0.024
2024-01-17T00:00:00+03:00,SO2,0.0015
2024-01-17T00:00:00+03:00,CH2O (формальдегид),0.0026
2024-01-17T00:00:00+03:00,OZ,0.0203
2024-01-17T00:00:00+03:00,CO,
2024-01-18T00:00:00+03:00,OZ,0.0204
2024-01-18T00:00:00+03:00,PM2.5,0.008
2024-01-18T00:00:00+03:00,C6H6 (бензол),0.004
2024-01-18T00:00:00+03:00,NO2,0.069
2024-01-18T00:00:00+03:00,CO,
2024-01-18T00:00:00+03:00,SO2,0.0017
2024-01-18T00:00:00+03:00,CH2O (формальдегид),0.0024
2024-01-18T00:00:00+03:00,NO,0.064
2024-01-18T00:00:00+03:00,C6H5OH (фенол),0.0004
2024-01-19T00:00:00+03:00,OZ,0.003
2024-01-19T00:00:00+03:00,NO2,0.081
2024-01-19T00:00:00+03:00,NO,0.113
2024-01-19T00:00:00+03:00,CH2O (формальдегид),0.0048
2024-01-19T00:00:00+03:00,PM2.5,0.015
2024-01-19T00:00:00+03:00,CO,
2024-01-19T00:00:00+03:00,C6H6 (бензол),0.005
2024-01-19T00:00:00+03:00,C6H5OH (фенол),0.0002
2024-01-19T00:00:00+03:00,SO2,0.0012
2024-01-20T00:00:00+03:00,NO,0.103
2024-01-20T00:00:00+03:00,PM2.5,0.016
2024-01-20T00:00:00+03:00,CH2O (формальдегид),0.0027
2024-01-20T00:00:00+03:00,SO2,0.0008
2024-01-20T00:00:00+03:00,CO,
2024-01-20T00:00:00+03:00,OZ,0.0042
2024-01-20T00:00:00+03:00,C6H6 (бензол),0.005
2024-01-20T00:00:00+03:00,NO2,0.078
2024-01-20T00:00:00+03:00,C6H5OH (фенол),0.0002
2024-01-21T00:00:00+03:00,NO,0.065
2024-01-21T00:00:00+03:00,NO2,0.072
2024-01-21T00:00:00+03:00,OZ,0.0083
2024-01-21T00:00:00+03:00,C6H6 (бензол),0.004
2024-01-21T00:00:00+03:00,PM2.5,0.012
2024-01-21T00:00:00+03:00,CO,
2024-01-21T00:00:00+03:00,CH2O (формальдегид),0.0031
2024-01-21T00:00:00+03:00,C6H5OH (фенол),0.0002
2024-01-21T00:00:00+03:00,SO2,0.0013
2024-01-22T00:00:00+03:00,NO,0.068
2024-01-22T00:00:00+03:00,C6H5OH (фенол),0.0005
2024-01-22T00:00:00+03:00,CH2O (формальдегид),0.0024
2024-01-22T00:00:00+03:00,C6H6 (бензол),0.004
2024-01-22T00:00:00+03:00,SO2,0.001
2024-01-22T00:00:00+03:00,CO,
2024-01-22T00:00:00+03:00,OZ,0.0169
2024-01-22T00:00:00+03:00,NO2,0.073
2024-01-22T00:00:00+03:00,PM2.5,0.009
2024-01-23T00:00:00+03:00,SO2,0.002
2024-01-23T00:00:00+03:00,CO,
2024-01-23T00:00:00+03:00,NO2,0.054
2024-01-23T00:00:00+03:00,PM2.5,0.015
2024-01-23T00:00:00+03:00,OZ,0.0247
2024-01-23T00:00:00+03:00,C6H6 (бензол),0.005
2024-01-23T00:00:00+03:00,C6H5OH (фенол),0.0005
2024-01-23T00:00:00+03:00,NO,0.053
2024-01-23T00:00:00+03:00,CH2O (формальдегид),0.0036
2024-01-24T00:00:00+03:00,NO2,0.067
2024-01-24T00:00:00+03:00,SO2,0.0009
2024-01-24T00:00:00+03:00,PM2.5,0.016
2024-01-24T00:00:00+03:00,OZ,0.0097
2024-01-24T00:00:00+03:00,C6H6 (бензол),0.005
2024-01-24T00:00:00+03:00,C6H5OH (фенол),0.0004
2024-01-24T00:00:00+03:00,NO,0.071
2024-01-24T00:00:00+03:00,CH2O (формальдегид),0.0082
2024-01-24T00:00:00+03:00,CO,
2024-01-25T00:00:00+03:00,PM2.5,0.015
2024-01-25T00:00:00+03:00,OZ,0.0087
2024-01-25T00:00:00+03:00,SO2,0.001
2024-01-25T00:00:00+03:00,CH2O (формальдегид),0.0072
2024-01-25T00:00:00+03:00,C6H5OH (фенол),0.0003
2024-01-25T00:00:00+03:00,CO,
2024-01-25T00:00:00+03:00,C6H6 (бензол),0.006
2024-01-25T00:00:00+03:00,NO,0.084
2024-01-25T00:00:00+03:00,NO2,0.063
2024-01-26T00:00:00+03:00,PM2.5,0.019
2024-01-26T00:00:00+03:00,CH2O (формальдегид),0.0044
2024-01-26T00:00:00+03:00,SO2,0.0037
2024-01-26T00:00:00+03:00,CO,
2024-01-26T00:00:00+03:00,OZ,0.0014
2024-01-26T00:00:00+03:00,C6H5OH (фенол),0.0001
2024-01-26T00:00:00+03:00,C6H6 (бензол),0.005
2024-01-26T00:00:00+03:00,NO2,0.063
2024-01-26T00:00:00+03:00,NO,0.078
2024-01-27T00:00:00+03:00,CO,
2024-01-27T00:00:00+03:00,C6H6 (бензол),0.005
2024-01-27T00:00:00+03:00,NO2,0.063
2024-01-27T00:00:00+03:00,NO,0.055
2024-01-27T00:00:00+03:00,PM2.5,0.017
2024-01-27T00:00:00+03:00,OZ,0.0102
2024-01-27T00:00:00+03:00,SO2,0.0025
2024-01-27T00:00:00+03:00,C6H5OH (фенол),0.0002
2024-01-27T00:00:00+03:00,CH2O (формальдегид),0
2024-01-28T00:00:00+03:00,SO2,0.0025
2024-01-28T00:00:00+03:00,NO2,0.057
2024-01-28T00:00:00+03:00,OZ,0.0071
2024-01-28T00:00:00+03:00,NO,0.059
2024-01-28T00:00:00+03:00,C6H5OH (фенол),0.0001
2024-01-28T00:00:00+03:00,PM2.5,0.017
2024-01-28T00:00:00+03:00,CH2O (формальдегид),0
2024-01-28T00:00:00+03:00,CO,
2024-01-28T00:00:00+03:00,C6H6 (бензол),0.005
2024-01-29T00:00:00+03:00,OZ,0.0236
2024-01-29T00:00:00+03:00,CO,
2024-01-29T00:00:00+03:00,SO2,0.0008
2024-01-29T00:00:00+03:00,CH2O (формальдегид),0.0015
2024-01-29T00:00:00+03:00,NO,0.039
2024-01-29T00:00:00+03:00,NO2,0.058
2024-01-29T00:00:00+03:00,PM2.5,0.008
2024-01-29T00:00:00+03:00,C6H5OH (фенол),0.0006
2024-01-29T00:00:00+03:00,C6H6 (бензол),0.005
2024-01-30T00:00:00+03:00,C6H6 (бензол),0.005
2024-01-30T00:00:00+03:00,NO,0.03
2024-01-30T00:00:00+03:00,C6H5OH (фенол),0.0003
2024-01-30T00:00:00+03:00,NO2,0.05
2024-01-30T00:00:00+03:00,CO,
2024-01-30T00:00:00+03:00,CH2O (формальдегид),0.0064
2024-01-30T00:00:00+03:00,PM2.5,0.01
2024-01-30T00:00:00+03:00,SO2,0.0011
2024-01-30T00:00:00+03:00,OZ,0.0175
2024-01-31T00:00:00+03:00,CH2O (формальдегид),0.0053
2024-01-31T00:00:00+03:00,C6H5OH (фенол),0.0001
2024-01-31T00:00:00+03:00,NO2,0.059
2024-01-31T00:00:00+03:00,OZ,0.0105
2024-01-31T00:00:00+03:00,CO,
2024-01-31T00:00:00+03:00,SO2,0.0008
2024-01-31T00:00:00+03:00,C6H6 (бензол),0.005
2024-01-31T00:00:00+03:00,NO,0.079
2024-01-31T00:00:00+03:00,PM2.5,0.014
2024-02-01T00:00:00+03:00,CH2O (формальдегид),0.0055
2024-02-01T00:00:00+03:00,PM2.5,0.013
2024-02-01T00:00:00+03:00,SO2,0.0009
2024-02-01T00:00:00+03:00,CO,
2024-02-01T00:00:00+03:00,OZ,0.0094
2024-02-01T00:00:00+03:00,NO,0.051
2024-02-01T00:00:00+03:00,C6H6 (бензол),0.005
2024-02-01T00:00:00+03:00,C6H5OH (фенол),0.0001
2024-02-01T00:00:00+03:00,NO2,0.048
2024-02-02T00:00:00+03:00,C6H6 (бензол),0.005
2024-02-02T00:00:00+03:00,PM2.5,0.006
2024-02-02T00:00:00+03:00,OZ,0.0382
2024-02-02T00:00:00+03:00,C6H5OH (фенол),0.0005
2024-02-02T00:00:00+03:00,NO2,0.05
2024-02-02T00:00:00+03:00,NO,0.019
2024-02-02T00:00:00+03:00,CH2O (формальдегид),0.0012
2024-02-02T00:00:00+03:00,CO,
2024-02-02T00:00:00+03:00,SO2,0.0009
2024-02-03T00:00:00+03:00,CO,
2024-02-03T00:00:00+03:00,SO2,0.0009
2024-02-03T00:00:00+03:00,NO,0.042
2024-02-03T00:00:00+03:00,OZ,0.0319
2024-02-03T00:00:00+03:00,PM2.5,0.007
2024-02-03T00:00:00+03:00,NO2,0.06
2024-02-03T00:00:00+03:00,CH2O (формальдегид),0.002
2024-02-03T00:00:00+03:00,C6H6 (бензол),0.005
2024-02-03T00:00:00+03:00,C6H5OH (фенол),0.0001
2024-02-04T00:00:00+03:00,OZ,0.0277
2024-02-04T00:00:00+03:00,NO,0.025
2024-02-04T00:00:00+03:00,SO2,0.001
2024-02-04T00:00:00+03:00,PM2.5,0.006
2024-02-04T00:00:00+03:00,CO,
2024-02-04T00:00:00+03:00,C6H5OH (фенол),0.0001
2024-02-04T00:00:00+03:00,CH2O (формальдегид),0.0021
2024-02-04T00:00:00+03:00,NO2,0.052
2024-02-04T00:00:00+03:00,C6H6 (бензол),0.005
2024-02-05T00:00:00+03:00,SO2,0.0009
2024-02-05T00:00:00+03:00,CH2O (формальдегид),0.003
2024-02-05T00:00:00+03:00,NO2,0.06
2024-02-05T00:00:00+03:00,CO,
2024-02-05T00:00:00+03:00,OZ,0.0265
2024-02-05T00:00:00+03:00,NO,0.033
2024-02-05T00:00:00+03:00,PM2.5,0.007
2024-02-05T00:00:00+03:00,C6H6 (бензол),0.005
2024-02-05T00:00:00+03:00,C6H5OH (фенол),0.0002
2024-02-06T00:00:00+03:00,OZ,0.0246
2024-02-06T00:00:00+03:00,NO2,0.059
2024-02-06T00:00:00+03:00,NO,0.033
2024-02-06T00:00:00+03:00,PM2.5,0.008
2024-02-06T00:00:00+03:00,CH2O (формальдегид),0.0024
2024-02-06T00:00:00+03:00,C6H5OH (фенол),0.0002
2024-02-06T00:00:00+03:00,SO2,0.0009
2024-02-06T00:00:00+03:00,C6H6 (бензол),0.004
2024-02-07T00:00:00+03:00,NO,0.086
2024-02-07T00:00:00+03:00,PM2.5,0.01
2024-02-07T00:00:00+03:00,NO2,0.07
2024-02-07T00:00:00+03:00,OZ,0.0139
2024-02-07T00:00:00+03:00,C6H5OH (фенол),0.0002
2024-02-07T00:00:00+03:00,SO2,0.0019
2024-02-07T00:00:00+03:00,CH2O (формальдегид),0.0014
2024-02-07T00:00:00+03:00,C6H6 (бензол),0.005
2024-02-08T00:00:00+03:00,CH2O (формальдегид),0.0025
2024-02-08T00:00:00+03:00,C6H5OH (фенол),0.0001
2024-02-08T00:00:00+03:00,C6H6 (бензол),0.004
2024-02-08T00:00:00+03:00,NO2,0.047
2024-02-08T00:00:00+03:00,OZ,0.0379
2024-02-08T00:00:00+03:00,PM2.5,0.011
2024-02-08T00:00:00+03:00,SO2,0.0021
2024-02-08T00:00:00+03:00,NO,0.019
2024-02-09T00:00:00+03:00,NO2,0.056
2024-02-09T00:00:00+03:00,SO2,0.0013
2024-02-09T00:00:00+03:00,C6H5OH (фенол),0.0001
2024-02-09T00:00:00+03:00,OZ,0.0341
2024-02-09T00:00:00+03:00,PM2.5,0.011
2024-02-09T00:00:00+03:00,CH2O (формальдегид),0.004
2024-02-09T00:00:00+03:00,C6H6 (бензол),0.004
2024-02-09T00:00:00+03:00,NO,0.031
2024-02-10T00:00:00+03:00,CH2O (формальдегид),0.0062
2024-02-10T00:00:00+03:00,NO2,0.087
2024-02-10T00:00:00+03:00,SO2,0.0026
2024-02-10T00:00:00+03:00,NO,0.103
2024-02-10T00:00:00+03:00,C6H5OH (фенол),0.0001
2024-02-10T00:00:00+03:00,C6H6 (бензол),0.005
2024-02-10T00:00:00+03:00,OZ,0.015
2024-02-10T00:00:00+03:00,PM2.5,0.019
2024-02-11T00:00:00+03:00,NO2,0.077
2024-02-11T00:00:00+03:00,PM2.5,0.015
2024-02-11T00:00:00+03:00,CH2O (формальдегид),0.0048
2024-02-11T00:00:00+03:00,C6H5OH (фенол),0.0002
2024-02-11T00:00:00+03:00,NO,0.052
2024-02-11T00:00:00+03:00,C6H6 (бензол),0.005
2024-02-11T00:00:00+03:00,SO2,0.0052
2024-02-11T00:00:00+03:00,OZ,0.0243
2024-02-12T00:00:00+03:00,NO,0.069
2024-02-12T00:00:00+03:00,CH2O (формальдегид),0.0078
2024-02-12T00:00:00+03:00,NO2,0.071
2024-02-12T00:00:00+03:00,PM2.5,0.013
2024-02-12T00:00:00+03:00,C6H5OH (фенол),0.0002
2024-02-12T00:00:00+03:00,C6H6 (бензол),0.005
2024-02-12T00:00:00+03:00,SO2,0.0018
2024-02-12T00:00:00+03:00,OZ,0.0201
2024-02-13T00:00:00+03:00,C6H5OH (фенол),0.0003
2024-02-13T00:00:00+03:00,NO,0.021
2024-02-13T00:00:00+03:00,NO2,0.048
2024-02-13T00:00:00+03:00,C6H6 (бензол),0.004
2024-02-13T00:00:00+03:00,CH2O (формальдегид),0.0062
2024-02-13T00:00:00+03:00,OZ,0.0208
2024-02-13T00:00:00+03:00,SO2,0.002
2024-02-13T00:00:00+03:00,PM2.5,0.012
2024-02-14T00:00:00+03:00,SO2,0.0022
2024-02-14T00:00:00+03:00,OZ,0.0259
2024-02-14T00:00:00+03:00,PM2.5,0.012
2024-02-14T00:00:00+03:00,C6H6 (бензол),0.005
2024-02-14T00:00:00+03:00,C6H5OH (фенол),0.0002
2024-02-14T00:00:00+03:00,CH2O (формальдегид),0.0044
2024-02-14T00:00:00+03:00,NO2,0.054
2024-02-14T00:00:00+03:00,NO,0.027
2024-02-15T00:00:00+03:00,NO2,0.062
2024-02-15T00:00:00+03:00,PM2.5,0.014
2024-02-15T00:00:00+03:00,CH2O (формальдегид),0.0039
2024-02-15T00:00:00+03:00,SO2,0.0048
2024-02-15T00:00:00+03:00,OZ,0.0238
2024-02-15T00:00:00+03:00,C6H6 (бензол),0.004
2024-02-15T00:00:00+03:00,NO,0.044
2024-02-15T00:00:00+03:00,C6H5OH (фенол),0.0002
2024-02-16T00:00:00+03:00,NO,0.074
2024-02-16T00:00:00+03:00,NO2,0.075
2024-02-16T00:00:00+03:00,PM2.5,0.016
2024-02-16T00:00:00+03:00,C6H5OH (фенол),0.0001
2024-02-16T00:00:00+03:00,CH2O (формальдегид),0.0056
2024-02-16T00:00:00+03:00,SO2,0.0028
2024-02-16T00:00:00+03:00,OZ,0.0153
2024-02-16T00:00:00+03:00,C6H6 (бензол),0.005
2024-02-17T00:00:00+03:00,C6H6 (бензол),0.005
2024-02-17T00:00:00+03:00,CH2O (формальдегид),0.0056
2024-02-17T00:00:00+03:00,NO2,0.074
2024-02-17T00:00:00+03:00,C6H5OH (фенол),0.0002
2024-02-17T00:00:00+03:00,NO,0.061
2024-02-17T00:00:00+03:00,OZ,0.0157
2024-02-17T00:00:00+03:00,PM2.5,0.013
2024-02-17T00:00:00+03:00,SO2,0.0022
2024-02-18T00:00:00+03:00,NO2,0.048
2024-02-18T00:00:00+03:00,SO2,0.0011
2024-02-18T00:00:00+03:00,C6H6 (бензол),0.004
2024-02-18T00:00:00+03:00,CH2O (формальдегид),0.0082
2024-02-18T00:00:00+03:00,OZ,0.0232
2024-02-18T00:00:00+03:00,C6H5OH (фенол),0.0003
2024-02-18T00:00:00+03:00,NO,0.022
2024-02-18T00:00:00+03:00,PM2.5,0.007
2024-02-19T00:00:00+03:00,CH2O (формальдегид),0.0073
2024-02-19T00:00:00+03:00,PM2.5,0.009
2024-02-19T00:00:00+03:00,NO,0.06
2024-02-19T00:00:00+03:00,C6H5OH (фенол),0.0003
2024-02-19T00:00:00+03:00,C6H6 (бензол),0.005
2024-02-19T00:00:00+03:00,OZ,0.0259
2024-02-19T00:00:00+03:00,NO2,0.065
2024-02-19T00:00:00+03:00,SO2,0.0011
2024-02-20T00:00:00+03:00,NO2,0.104
2024-02-20T00:00:00+03:00,C6H6 (бензол),0.007
2024-02-20T00:00:00+03:00,NO,0.224
2024-02-20T00:00:00+03:00,CH2O (формальдегид),0.0098
2024-02-20T00:00:00+03:00,C6H5OH (фенол),0.0003
2024-02-20T00:00:00+03:00,SO2,0.0006
2024-02-20T00:00:00+03:00,PM2.5,0.018
2024-02-20T00:00:00+03:00,OZ,0.0103
2024-02-21T00:00:00+03:00,PM2.5,0.012
2024-02-21T00:00:00+03:00,OZ,0.0124
2024-02-21T00:00:00+03:00,NO2,0.082
2024-02-21T00:00:00+03:00,SO2,0.0019
2024-02-21T00:00:00+03:00,CH2O (формальдегид),0.0066
2024-02-21T00:00:00+03:00,NO,0.072
2024-02-21T00:00:00+03:00,C6H6 (бензол),0.005
2024-02-21T00:00:00+03:00,C6H5OH (фенол),0.0002
2024-02-22T00:00:00+03:00,NO,0.08
2024-02-22T00:00:00+03:00,C6H5OH (фенол),0.0002
2024-02-22T00:00:00+03:00,PM2.5,0.019
2024-02-22T00:00:00+03:00,C6H6 (бензол),0.005
2024-02-22T00:00:00+03:00,OZ,0.002
2024-02-22T00:00:00+03:00,SO2,0.0013
2024-02-22T00:00:00+03:00,NO2,0.073
2024-02-22T00:00:00+03:00,CH2O (формальдегид),0.0086
2024-02-23T00:00:00+03:00,NO2,0.06
2024-02-23T00:00:00+03:00,NO,0.06
2024-02-23T00:00:00+03:00,PM2.5,0.019
2024-02-23T00:00:00+03:00,OZ,0.0051
2024-02-23T00:00:00+03:00,CH2O (формальдегид),0.0057
2024-02-23T00:00:00+03:00,C6H6 (бензол),0.005
2024-02-23T00:00:00+03:00,C6H5OH (фенол),0.0003
2024-02-23T00:00:00+03:00,SO2,0.001
2024-02-24T00:00:00+03:00,PM2.5,0.012
2024-02-24T00:00:00+03:00,C6H6 (бензол),0.005
2024-02-24T00:00:00+03:00,C6H5OH (фенол),0.0006
2024-02-24T00:00:00+03:00,NO,0.042
2024-02-24T00:00:00+03:00,SO2,0.0013
2024-02-24T00:00:00+03:00,CH2O (формальдегид),0.0059
2024-02-24T00:00:00+03:00,NO2,0.054
2024-02-24T00:00:00+03:00,OZ,0.0165
2024-02-25T00:00:00+03:00,SO2,0.0019
2024-02-25T00:00:00+03:00,OZ,0.0231
2024-02-25T00:00:00+03:00,CH2O (формальдегид),0.0073
2024-02-25T00:00:00+03:00,PM2.5,0.009
2024-02-25T00:00:00+03:00,NO,0.04
2024-02-25T00:00:00+03:00,C6H5OH (фенол),0.0007
2024-02-25T00:00:00+03:00,NO2,0.063
2024-02-25T00:00:00+03:00,C6H6 (бензол),0.005
2024-02-26T00:00:00+03:00,C6H6 (бензол),0.005
2024-02-26T00:00:00+03:00,NO,0.058
2024-02-26T00:00:00+03:00,SO2,0.0026
2024-02-26T00:00:00+03:00,NO2,0.068
2024-02-26T00:00:00+03:00,C6H5OH (фенол),0.0005
2024-02-26T00:00:00+03:00,PM2.5,0.012
2024-02-26T00:00:00+03:00,CH2O (формальдегид),0.0081
2024-02-26T00:00:00+03:00,OZ,0.019
2024-02-27T00:00:00+03:00,CH2O (формальдегид),0.0092
2024-02-27T00:00:00+03:00,C6H5OH (фенол),0.0003
2024-02-27T00:00:00+03:00,SO2,0.0023
2024-02-27T00:00:00+03:00,OZ,0.0101
2024-02-27T00:00:00+03:00,PM2.5,0.016
2024-02-27T00:00:00+03:00,NO2,0.077
2024-02-27T00:00:00+03:00,NO,0.077
2024-02-27T00:00:00+03:00,C6H6 (бензол),0.005
2024-02-28T00:00:00+03:00,PM2.5,0.015
2024-02-28T00:00:00+03:00,CH2O (формальдегид),0.0095
2024-02-28T00:00:00+03:00,NO,0.074
2024-02-28T00:00:00+03:00,C6H6 (бензол),0.005
2024-02-28T00:00:00+03:00,OZ,0.0201
2024-02-28T00:00:00+03:00,NO2,0.073
2024-02-28T00:00:00+03:00,C6H5OH (фенол),0.0005
2024-02-28T00:00:00+03:00,SO2,0.0029
2024-02-29T00:00:00+03:00,C6H6 (бензол),0.005
2024-02-29T00:00:00+03:00,CH2O (формальдегид),0.0076
2024-02-29T00:00:00+03:00,OZ,0.0129
2024-02-29T00:00:00+03:00,NO,0.093
2024-02-29T00:00:00+03:00,SO2,0.0031
2024-02-29T00:00:00+03:00,PM2.5,0.017
2024-02-29T00:00:00+03:00,C6H5OH (фенол),0.0003
2024-02-29T00:00:00+03:00,NO2,0.08
2024-03-01T00:00:00+03:00,NO,0.164
2024-03-01T00:00:00+03:00,OZ,0
2024-03-01T00:00:00+03:00,PM2.5,0.031
2024-03-01T00:00:00+03:00,CH2O (формальдегид),0.0071
2024-03-01T00:00:00+03:00,C6H6 (бензол),0.006
2024-03-01T00:00:00+03:00,SO2,0.0038
2024-03-01T00:00:00+03:00,C6H5OH (фенол),0.0001
2024-03-01T00:00:00+03:00,NO2,0.092
2024-03-02T00:00:00+03:00,NO,0.099
2024-03-02T00:00:00+03:00,PM2.5,0.027
2024-03-02T00:00:00+03:00,NO2,0.088
2024-03-03T00:00:00+03:00,NO2,0.092
2024-03-03T00:00:00+03:00,NO,0.072
2024-03-03T00:00:00+03:00,PM2.5,0.018
2024-03-04T00:00:00+03:00,NO,0.118
2024-03-04T00:00:00+03:00,NO2,0.112
2024-03-04T00:00:00+03:00,PM2.5,0.021
2024-03-05T00:00:00+03:00,NO,0.066
2024-03-05T00:00:00+03:00,PM2.5,0.012
2024-03-05T00:00:00+03:00,NO2,0.08
2024-03-06T00:00:00+03:00,NO2,0.073
2024-03-06T00:00:00+03:00,NO,0.069
2024-03-06T00:00:00+03:00,PM2.5,0.011
2024-03-07T00:00:00+03:00,NO,0.144
2024-03-07T00:00:00+03:00,NO2,0.092
2024-03-07T00:00:00+03:00,PM2.5,0.017
2024-03-08T00:00:00+03:00,NO2,0.055
2024-03-08T00:00:00+03:00,NO,0.014
2024-03-08T00:00:00+03:00,PM2.5,0.008
2024-03-09T00:00:00+03:00,NO,0.009
2024-03-09T00:00:00+03:00,NO2,0.037
2024-03-09T00:00:00+03:00,PM2.5,0.005
2024-03-10T00:00:00+03:00,NO2,0.047
2024-03-10T00:00:00+03:00,NO,0.022
2024-03-10T00:00:00+03:00,PM2.5,0.008
2024-03-11T00:00:00+03:00,NO2,0.065
2024-03-11T00:00:00+03:00,NO,0.029
2024-03-11T00:00:00+03:00,PM2.5,0.009
2024-03-12T00:00:00+03:00,NO2,0.073
2024-03-12T00:00:00+03:00,NO,0.087
2024-03-12T00:00:00+03:00,PM2.5,0.011
2024-03-13T00:00:00+03:00,NO2,0.102
2024-03-13T00:00:00+03:00,NO,0.183
2024-03-13T00:00:00+03:00,PM2.5,0.017
2024-03-14T00:00:00+03:00,PM2.5,0.014
2024-03-14T00:00:00+03:00,NO,0.058
2024-03-14T00:00:00+03:00,NO2,0.085
2024-03-15T00:00:00+03:00,PM2.5,0.018
2024-03-15T00:00:00+03:00,NO,0.052
2024-03-15T00:00:00+03:00,NO2,0.078
2024-03-16T00:00:00+03:00,NO,0.062
2024-03-16T00:00:00+03:00,PM2.5,0.027
2024-03-16T00:00:00+03:00,NO2,0.078
2024-03-17T00:00:00+03:00,NO,0.077
2024-03-17T00:00:00+03:00,PM2.5,0.035
2024-03-17T00:00:00+03:00,NO2,0.084
2024-03-18T00:00:00+03:00,NO,0.063
2024-03-18T00:00:00+03:00,NO2,0.073
2024-03-18T00:00:00+03:00,PM2.5,0.04
2024-03-19T00:00:00+03:00,NO2,0.061
2024-03-19T00:00:00+03:00,PM2.5,0.023
2024-03-19T00:00:00+03:00,NO,0.043
2024-03-20T00:00:00+03:00,PM2.5,0.025
2024-03-20T00:00:00+03:00,NO2,0.099
2024-03-20T00:00:00+03:00,NO,0.097
2024-03-21T00:00:00+03:00,NO2,0.122
2024-03-21T00:00:00+03:00,PM2.5,0.027
2024-03-21T00:00:00+03:00,NO,0.155
2024-03-22T00:00:00+03:00,NO2,0.115
2024-03-22T00:00:00+03:00,PM2.5,0.023
2024-03-22T00:00:00+03:00,NO,0.058
2024-03-23T00:00:00+03:00,NO,0.033
2024-03-23T00:00:00+03:00,NO2,0.062
2024-03-23T00:00:00+03:00,PM2.5,0.015
2024-03-24T00:00:00+03:00,PM2.5,0.009
2024-03-24T00:00:00+03:00,NO,0.044
2024-03-24T00:00:00+03:00,NO2,0.06
2024-03-25T00:00:00+03:00,NO2,0.057
2024-03-25T00:00:00+03:00,PM2.5,0.012
2024-03-25T00:00:00+03:00,NO,0.043
2024-03-26T00:00:00+03:00,NO2,0.066
2024-03-26T00:00:00+03:00,PM2.5,0.013
2024-03-26T00:00:00+03:00,NO,0.038
2024-03-27T00:00:00+03:00,NO2,0.074
2024-03-27T00:00:00+03:00,NO,0.09
2024-03-27T00:00:00+03:00,PM2.5,0.019
2024-03-28T00:00:00+03:00,PM2.5,0.031
2024-03-28T00:00:00+03:00,NO2,0.101
2024-03-28T00:00:00+03:00,NO,0.182
2024-03-29T00:00:00+03:00,NO,0.068
2024-03-29T00:00:00+03:00,NO2,0.084
2024-03-29T00:00:00+03:00,PM2.5,0.023
2024-03-30T00:00:00+03:00,NO,0.023
2024-03-30T00:00:00+03:00,PM2.5,0.01
2024-03-30T00:00:00+03:00,NO2,0.056
2024-03-31T00:00:00+03:00,PM2.5,0.017
2024-03-31T00:00:00+03:00,NO,0.045
2024-03-31T00:00:00+03:00,NO2,0.077
2024-04-01T00:00:00+03:00,C6H5OH (фенол),0.0002
2024-04-01T00:00:00+03:00,OZ,0.012
2024-04-01T00:00:00+03:00,CO,0.42
2024-04-01T00:00:00+03:00,NO2,0.083
2024-04-01T00:00:00+03:00,C6H6 (бензол),0.007
2024-04-01T00:00:00+03:00,NO,0.054
2024-04-01T00:00:00+03:00,CH2O (формальдегид),0.0025
2024-04-01T00:00:00+03:00,PM2.5,0.032
2024-04-01T00:00:00+03:00,SO2,0.0008
2024-04-02T00:00:00+03:00,NO,0.071
2024-04-02T00:00:00+03:00,SO2,0.0009
2024-04-02T00:00:00+03:00,NO2,0.087
2024-04-02T00:00:00+03:00,CH2O (формальдегид),0.0036
2024-04-02T00:00:00+03:00,C6H6 (бензол),0.007
2024-04-02T00:00:00+03:00,CO,0.56
2024-04-02T00:00:00+03:00,PM2.5,0.049
2024-04-02T00:00:00+03:00,C6H5OH (фенол),0.0003
2024-04-02T00:00:00+03:00,OZ,0.0092
2024-04-03T00:00:00+03:00,NO2,0.059
2024-04-03T00:00:00+03:00,CO,0.37
2024-04-03T00:00:00+03:00,C6H6 (бензол),0.006
2024-04-03T00:00:00+03:00,CH2O (формальдегид),0.0035
2024-04-03T00:00:00+03:00,C6H5OH (фенол),0.0002
2024-04-03T00:00:00+03:00,SO2,0.0006
2024-04-03T00:00:00+03:00,OZ,0.0143
2024-04-03T00:00:00+03:00,PM2.5,0.028
2024-04-03T00:00:00+03:00,NO,0.032
2024-04-04T00:00:00+03:00,SO2,0.0015
2024-04-04T00:00:00+03:00,NO,0.021
2024-04-04T00:00:00+03:00,CO,0.1
2024-04-04T00:00:00+03:00,C6H5OH (фенол),0
2024-04-04T00:00:00+03:00,PM2.5,0.008
2024-04-04T00:00:00+03:00,CH2O (формальдегид),0.0012
2024-04-04T00:00:00+03:00,OZ,0.0095
2024-04-04T00:00:00+03:00,NO2,0.037
2024-04-04T00:00:00+03:00,C6H6 (бензол),0.005
2024-04-05T00:00:00+03:00,CO,0.28
2024-04-05T00:00:00+03:00,PM2.5,0.013
2024-04-05T00:00:00+03:00,OZ,0.0323
2024-04-05T00:00:00+03:00,SO2,0.0017
2024-04-05T00:00:00+03:00,C6H6 (бензол),0.005
2024-04-05T00:00:00+03:00,CH2O (формальдегид),0.0036
2024-04-05T00:00:00+03:00,NO2,0.047
2024-04-05T00:00:00+03:00,C6H5OH (фенол),0.0001
2024-04-05T00:00:00+03:00,NO,0.033
2024-04-06T00:00:00+03:00,NO2,0.073
2024-04-06T00:00:00+03:00,C6H6 (бензол),0.005
2024-04-06T00:00:00+03:00,C6H5OH (фенол),0.0001
2024-04-06T00:00:00+03:00,OZ,0.0025
2024-04-06T00:00:00+03:00,NO,0.07
2024-04-06T00:00:00+03:00,CH2O (формальдегид),0.0028
2024-04-06T00:00:00+03:00,PM2.5,0.02
2024-04-06T00:00:00+03:00,SO2,0.0011
2024-04-06T00:00:00+03:00,CO,0.49
2024-04-07T00:00:00+03:00,C6H6 (бензол),0.006
2024-04-07T00:00:00+03:00,NO2,0.068
2024-04-07T00:00:00+03:00,CO,0.62
2024-04-07T00:00:00+03:00,PM2.5,0.022
2024-04-07T00:00:00+03:00,NO,0.082
2024-04-07T00:00:00+03:00,C6H5OH (фенол),0.0001
2024-04-07T00:00:00+03:00,OZ,0.003
2024-04-07T00:00:00+03:00,SO2,0.0002
2024-04-07T00:00:00+03:00,CH2O (формальдегид),0.0046
2024-04-08T00:00:00+03:00,C6H5OH (фенол),0
2024-04-08T00:00:00+03:00,OZ,0.0051
2024-04-08T00:00:00+03:00,CH2O (формальдегид),0.0023
2024-04-08T00:00:00+03:00,C6H6 (бензол),0.006
2024-04-08T00:00:00+03:00,NO,0.037
2024-04-08T00:00:00+03:00,CO,0.38
2024-04-08T00:00:00+03:00,NO2,0.066
2024-04-08T00:00:00+03:00,PM2.5,0.015
2024-04-08T00:00:00+03:00,SO2,0
2024-04-09T00:00:00+03:00,CO,0.57
2024-04-09T00:00:00+03:00,CH2O (формальдегид),0.0041
2024-04-09T00:00:00+03:00,OZ,0.0017
2024-04-09T00:00:00+03:00,C6H6 (бензол),0.006
2024-04-09T00:00:00+03:00,PM2.5,0.021
2024-04-09T00:00:00+03:00,NO2,0.088
2024-04-09T00:00:00+03:00,NO,0.076
2024-04-09T00:00:00+03:00,C6H5OH (фенол),0.0001
2024-04-09T00:00:00+03:00,SO2,0.0001
2024-04-10T00:00:00+03:00,PM2.5,0.026
2024-04-10T00:00:00+03:00,NO,0.081
2024-04-10T00:00:00+03:00,C6H6 (бензол),0.006
2024-04-10T00:00:00+03:00,OZ,0.0049
2024-04-10T00:00:00+03:00,CO,0.43
2024-04-10T00:00:00+03:00,C6H5OH (фенол),0.0002
2024-04-10T00:00:00+03:00,SO2,0.0006
2024-04-10T00:00:00+03:00,CH2O (формальдегид),0.0042
2024-04-10T00:00:00+03:00,NO2,0.094
2024-04-11T00:00:00+03:00,NO,0.02
2024-04-11T00:00:00+03:00,C6H6 (бензол),0.006
2024-04-11T00:00:00+03:00,SO2,0.0005
2024-04-11T00:00:00+03:00,OZ,0.0202
2024-04-11T00:00:00+03:00,CO,0.37
2024-04-11T00:00:00+03:00,CH2O (формальдегид),0.0043
2024-04-11T00:00:00+03:00,PM2.5,0.016
2024-04-11T00:00:00+03:00,NO2,0.069
2024-04-11T00:00:00+03:00,C6H5OH (фенол),0.0004
2024-04-12T00:00:00+03:00,C6H6 (бензол),0.004
2024-04-12T00:00:00+03:00,OZ,0.0343
2024-04-12T00:00:00+03:00,CH2O (формальдегид),0.0049
2024-04-12T00:00:00+03:00,PM2.5,0.012
2024-04-12T00:00:00+03:00,C6H5OH (фенол),0.0004
2024-04-12T00:00:00+03:00,NO2,0.057
2024-04-12T00:00:00+03:00,SO2,0.0006
2024-04-12T00:00:00+03:00,NO,0.016
2024-04-12T00:00:00+03:00,CO,0.41
2024-04-13T00:00:00+03:00,C6H5OH (фенол),0.0002
2024-04-13T00:00:00+03:00,OZ,0.0505
2024-04-13T00:00:00+03:00,PM2.5,0.01
2024-04-13T00:00:00+03:00,NO,0.022
2024-04-13T00:00:00+03:00,SO2,0.001
2024-04-13T00:00:00+03:00,C6H6 (бензол),0.005
2024-04-13T00:00:00+03:00,NO2,0.056
2024-04-13T00:00:00+03:00,CO,0.32
2024-04-13T00:00:00+03:00,CH2O (формальдегид),0.0024
2024-04-14T00:00:00+03:00,PM2.5,0.017
2024-04-14T00:00:00+03:00,C6H6 (бензол),0.007
2024-04-14T00:00:00+03:00,NO,0.057
2024-04-14T00:00:00+03:00,SO2,0.0001
2024-04-14T00:00:00+03:00,CH2O (формальдегид),0.0035
2024-04-14T00:00:00+03:00,CO,0.51
2024-04-14T00:00:00+03:00,NO2,0.072
2024-04-14T00:00:00+03:00,OZ,0.0268
2024-04-14T00:00:00+03:00,C6H5OH (фенол),0
2024-04-15T00:00:00+03:00,SO2,0.0002
2024-04-15T00:00:00+03:00,PM2.5,0.008
2024-04-15T00:00:00+03:00,NO,0.019
2024-04-15T00:00:00+03:00,C6H6 (бензол),0.006
2024-04-15T00:00:00+03:00,CO,0.22
2024-04-15T00:00:00+03:00,NO2,0.051
2024-04-15T00:00:00+03:00,C6H5OH (фенол),0.0001
2024-04-15T00:00:00+03:00,OZ,0.0531
2024-04-15T00:00:00+03:00,CH2O (формальдегид),0.0013
2024-04-16T00:00:00+03:00,PM2.5,0.011
2024-04-16T00:00:00+03:00,NO2,0.059
2024-04-16T00:00:00+03:00,CH2O (формальдегид),0.0039
2024-04-16T00:00:00+03:00,OZ,0.043
2024-04-16T00:00:00+03:00,C6H5OH (фенол),0.0001
2024-04-16T00:00:00+03:00,CO,0.2
2024-04-16T00:00:00+03:00,SO2,0.0003
2024-04-16T00:00:00+03:00,NO,0.033
2024-04-16T00:00:00+03:00,C6H6 (бензол),0.005
2024-04-17T00:00:00+03:00,SO2,0.0001
2024-04-17T00:00:00+03:00,C6H5OH (фенол),0.0001
2024-04-17T00:00:00+03:00,CO,
2024-04-17T00:00:00+03:00,NO2,0.086
2024-04-17T00:00:00+03:00,OZ,0.0332
2024-04-17T00:00:00+03:00,NO,0.054
2024-04-17T00:00:00+03:00,C6H6 (бензол),0.006
2024-04-17T00:00:00+03:00,CH2O (формальдегид),0.0025
2024-04-17T00:00:00+03:00,PM2.5,0.017
2024-04-18T00:00:00+03:00,CO,
2024-04-18T00:00:00+03:00,OZ,0.0321
2024-04-18T00:00:00+03:00,CH2O (формальдегид),0.0041
2024-04-18T00:00:00+03:00,NO,0.086
2024-04-18T00:00:00+03:00,SO2,0.0008
2024-04-18T00:00:00+03:00,C6H6 (бензол),0.006
2024-04-18T00:00:00+03:00,NO2,0.07
2024-04-18T00:00:00+03:00,PM2.5,0.017
2024-04-18T00:00:00+03:00,C6H5OH (фенол),0.0002
2024-04-19T00:00:00+03:00,C6H5OH (фенол),0.0002
2024-04-19T00:00:00+03:00,CH2O (формальдегид),0.0024
2024-04-19T00:00:00+03:00,OZ,0.0459
2024-04-19T00:00:00+03:00,SO2,0.0004
2024-04-19T00:00:00+03:00,NO2,0.043
2024-04-19T00:00:00+03:00,PM2.5,0.01
2024-04-19T00:00:00+03:00,NO,0.04
2024-04-19T00:00:00+03:00,CO,
2024-04-19T00:00:00+03:00,C6H6 (бензол),0.005
2024-04-20T00:00:00+03:00,CO,
2024-04-20T00:00:00+03:00,PM2.5,0.018
2024-04-20T00:00:00+03:00,C6H6 (бензол),0.005
2024-04-20T00:00:00+03:00,OZ,0.045
2024-04-20T00:00:00+03:00,NO2,0.064
2024-04-20T00:00:00+03:00,SO2,0.0003
2024-04-20T00:00:00+03:00,NO,0.069
2024-04-20T00:00:00+03:00,C6H5OH (фенол),0.0001
2024-04-20T00:00:00+03:00,CH2O (формальдегид),0.0035
2024-04-21T00:00:00+03:00,CH2O (формальдегид),0.0037
2024-04-21T00:00:00+03:00,NO,0.067
2024-04-21T00:00:00+03:00,PM2.5,0.021
2024-04-21T00:00:00+03:00,OZ,0.0496
2024-04-21T00:00:00+03:00,C6H5OH (фенол),0.0002
2024-04-21T00:00:00+03:00,C6H6 (бензол),0.007
2024-04-21T00:00:00+03:00,CO,
2024-04-21T00:00:00+03:00,SO2,0.0006
2024-04-21T00:00:00+03:00,NO2,0.06
2024-04-22T00:00:00+03:00,SO2,0.0009
2024-04-22T00:00:00+03:00,NO2,0.059
2024-04-22T00:00:00+03:00,OZ,0.0472
2024-04-22T00:00:00+03:00,CO,
2024-04-22T00:00:00+03:00,C6H6 (бензол),0.006
2024-04-22T00:00:00+03:00,NO,0.036
2024-04-22T00:00:00+03:00,CH2O (формальдегид),0.0029
2024-04-22T00:00:00+03:00,C6H5OH (фенол),0.0001
2024-04-22T00:00:00+03:00,PM2.5,0.015
2024-04-23T00:00:00+03:00,CO,
2024-04-23T00:00:00+03:00,PM2.5,0.009
2024-04-23T00:00:00+03:00,NO2,0.054
2024-04-23T00:00:00+03:00,CH2O (формальдегид),0.0022
2024-04-23T00:00:00+03:00,C6H6 (бензол),0.005
2024-04-23T00:00:00+03:00,NO,0.021
2024-04-23T00:00:00+03:00,OZ,0.0475
2024-04-23T00:00:00+03:00,SO2,0.0002
2024-04-23T00:00:00+03:00,C6H5OH (фенол),0.0001
2024-04-24T00:00:00+03:00,NO2,0.067
2024-04-24T00:00:00+03:00,CO,
2024-04-24T00:00:00+03:00,C6H5OH (фенол),0.0002
2024-04-24T00:00:00+03:00,SO2,0.001
2024-04-24T00:00:00+03:00,CH2O (формальдегид),0.0024
2024-04-24T00:00:00+03:00,C6H6 (бензол),0.005
2024-04-24T00:00:00+03:00,PM2.5,0.012
2024-04-24T00:00:00+03:00,NO,0.034
2024-04-24T00:00:00+03:00,OZ,0.0454
2024-04-25T00:00:00+03:00,CO,
2024-04-25T00:00:00+03:00,PM2.5,0.026
2024-04-25T00:00:00+03:00,C6H6 (бензол),0.006
2024-04-25T00:00:00+03:00,C6H5OH (фенол),0.0003
2024-04-25T00:00:00+03:00,CH2O (формальдегид),0.0044
2024-04-25T00:00:00+03:00,NO2,0.078
2024-04-25T00:00:00+03:00,SO2,0.0051
2024-04-25T00:00:00+03:00,OZ,0.038
2024-04-25T00:00:00+03:00,NO,0.079
2024-04-26T00:00:00+03:00,CO,
2024-04-26T00:00:00+03:00,SO2,0.0011
2024-04-26T00:00:00+03:00,C6H6 (бензол),0.007
2024-04-26T00:00:00+03:00,NO2,0.087
2024-04-26T00:00:00+03:00,OZ,0.0181
2024-04-26T00:00:00+03:00,NO,0.145
2024-04-26T00:00:00+03:00,CH2O (формальдегид),0.0046
2024-04-26T00:00:00+03:00,PM2.5,0.041
2024-04-26T00:00:00+03:00,C6H5OH (фенол),0.0004
2024-04-27T00:00:00+03:00,CO,
2024-04-27T00:00:00+03:00,NO,0.033
2024-04-27T00:00:00+03:00,OZ,0.0151
2024-04-27T00:00:00+03:00,NO2,0.06
2024-04-27T00:00:00+03:00,C6H5OH (фенол),0.0001
2024-04-27T00:00:00+03:00,C6H6 (бензол),0.006
2024-04-27T00:00:00+03:00,SO2,0
2024-04-27T00:00:00+03:00,PM2.5,0.021
2024-04-27T00:00:00+03:00,CH2O (формальдегид),0.0038
2024-04-28T00:00:00+03:00,OZ,0.0416
2024-04-28T00:00:00+03:00,C6H5OH (фенол),0.0002
2024-04-28T00:00:00+03:00,CO,
2024-04-28T00:00:00+03:00,NO2,0.061
2024-04-28T00:00:00+03:00,CH2O (формальдегид),0.0022
2024-04-28T00:00:00+03:00,NO,0.054
2024-04-28T00:00:00+03:00,PM2.5,0.015
2024-04-28T00:00:00+03:00,C6H6 (бензол),0.006
2024-04-28T00:00:00+03:00,SO2,0.0004
2024-04-29T00:00:00+03:00,CH2O (формальдегид),0.0045
2024-04-29T00:00:00+03:00,PM2.5,0.03
2024-04-29T00:00:00+03:00,SO2,0.0006
2024-04-29T00:00:00+03:00,C6H5OH (фенол),0.0004
2024-04-29T00:00:00+03:00,NO2,0.076
2024-04-29T00:00:00+03:00,CO,
2024-04-29T00:00:00+03:00,NO,0.124
2024-04-29T00:00:00+03:00,OZ,0.0452
2024-04-29T00:00:00+03:00,C6H6 (бензол),0.007
2024-04-30T00:00:00+03:00,NO,0.101
2024-04-30T00:00:00+03:00,SO2,0.0004
2024-04-30T00:00:00+03:00,CO,
2024-04-30T00:00:00+03:00,NO2,0.07
2024-04-30T00:00:00+03:00,C6H6 (бензол),0.007
2024-04-30T00:00:00+03:00,CH2O (формальдегид),0.0034
2024-04-30T00:00:00+03:00,OZ,0.0446
2024-04-30T00:00:00+03:00,PM2.5,0.031
2024-04-30T00:00:00+03:00,C6H5OH (фенол),0.0006
2024-05-01T00:00:00+03:00,SO2,0.0004
2024-05-01T00:00:00+03:00,OZ,0.0602
2024-05-01T00:00:00+03:00,CO,
2024-05-01T00:00:00+03:00,NO2,0.048
2024-05-01T00:00:00+03:00,C6H5OH (фенол),0.0005
2024-05-01T00:00:00+03:00,NO,0.009
2024-05-01T00:00:00+03:00,CH2O (формальдегид),0.0019
2024-05-01T00:00:00+03:00,PM2.5,0.011
2024-05-01T00:00:00+03:00,C6H6 (бензол),0.006
2024-05-02T00:00:00+03:00,SO2,0.0008
2024-05-02T00:00:00+03:00,CO,
2024-05-02T00:00:00+03:00,NO2,0.039
2024-05-02T00:00:00+03:00,NO,0.012
2024-05-02T00:00:00+03:00,CH2O (формальдегид),0.0015
2024-05-02T00:00:00+03:00,PM2.5,0.009
2024-05-02T00:00:00+03:00,OZ,0.0624
2024-05-02T00:00:00+03:00,C6H5OH (фенол),0.0002
2024-05-02T00:00:00+03:00,C6H6 (бензол),0.006
2024-05-03T00:00:00+03:00,PM2.5,0.007
2024-05-03T00:00:00+03:00,NO,0.013
2024-05-03T00:00:00+03:00,CO,
2024-05-03T00:00:00+03:00,NO2,0.033
2024-05-03T00:00:00+03:00,OZ,0.0698
2024-05-03T00:00:00+03:00,CH2O (формальдегид),0.0014
2024-05-03T00:00:00+03:00,SO2,0.0005
2024-05-03T00:00:00+03:00,C6H6 (бензол),0.005
2024-05-03T00:00:00+03:00,C6H5OH (фенол),0.0002
2024-05-04T00:00:00+03:00,NO,0.037
2024-05-04T00:00:00+03:00,CH2O (формальдегид),0.0043
2024-05-04T00:00:00+03:00,PM2.5,0.012
2024-05-04T00:00:00+03:00,NO2,0.056
2024-05-04T00:00:00+03:00,C6H6 (бензол),0.005
2024-05-04T00:00:00+03:00,SO2,0.0003
2024-05-04T00:00:00+03:00,OZ,0.0426
2024-05-04T00:00:00+03:00,C6H5OH (фенол),0.0003
2024-05-04T00:00:00+03:00,CO,
2024-05-05T00:00:00+03:00,NO,0.008
2024-05-05T00:00:00+03:00,OZ,0.0528
2024-05-05T00:00:00+03:00,C6H5OH (фенол),0.0002
2024-05-05T00:00:00+03:00,CO,
2024-05-05T00:00:00+03:00,NO2,0.035
2024-05-05T00:00:00+03:00,C6H6 (бензол),0.006
2024-05-05T00:00:00+03:00,CH2O (формальдегид),0.0016
2024-05-05T00:00:00+03:00,SO2,0.0002
2024-05-05T00:00:00+03:00,PM2.5,0.008
2024-05-06T00:00:00+03:00,CO,
2024-05-06T00:00:00+03:00,CH2O (формальдегид),0.0029
2024-05-06T00:00:00+03:00,SO2,0.0004
2024-05-06T00:00:00+03:00,NO2,0.047
2024-05-06T00:00:00+03:00,C6H5OH (фенол),0.0001
2024-05-06T00:00:00+03:00,OZ,0.0306
2024-05-06T00:00:00+03:00,NO,0.023
2024-05-06T00:00:00+03:00,PM2.5,0.01
2024-05-06T00:00:00+03:00,C6H6 (бензол),0.005
2024-05-07T00:00:00+03:00,CH2O (формальдегид),0.0023
2024-05-07T00:00:00+03:00,PM2.5,0.008
2024-05-07T00:00:00+03:00,C6H5OH (фенол),0.0002
2024-05-07T00:00:00+03:00,OZ,0.05
2024-05-07T00:00:00+03:00,C6H6 (бензол),0.004
2024-05-07T00:00:00+03:00,CO,
2024-05-07T00:00:00+03:00,SO2,0.0007
2024-05-07T00:00:00+03:00,NO,0.019
2024-05-07T00:00:00+03:00,NO2,0.038
2024-05-08T00:00:00+03:00,OZ,0.0469
2024-05-08T00:00:00+03:00,CO,
2024-05-08T00:00:00+03:00,NO2,0.037
2024-05-08T00:00:00+03:00,SO2,0.0006
2024-05-08T00:00:00+03:00,CH2O (формальдегид),0.0032
2024-05-08T00:00:00+03:00,C6H6 (бензол),0.004
2024-05-08T00:00:00+03:00,NO,0.011
2024-05-08T00:00:00+03:00,PM2.5,0.008
2024-05-08T00:00:00+03:00,C6H5OH (фенол),0.0002
2024-05-09T00:00:00+03:00,NO2,0.029
2024-05-09T00:00:00+03:00,CH2O (формальдегид),0.0025
2024-05-09T00:00:00+03:00,OZ,0.0514
2024-05-09T00:00:00+03:00,SO2,0.0006
2024-05-09T00:00:00+03:00,NO,0.009
2024-05-09T00:00:00+03:00,C6H6 (бензол),0.004
2024-05-09T00:00:00+03:00,C6H5OH (фенол),0.0002
2024-05-09T00:00:00+03:00,CO,
2024-05-09T00:00:00+03:00,PM2.5,0.008
2024-05-10T00:00:00+03:00,C6H6 (бензол),0.005
2024-05-10T00:00:00+03:00,CH2O (формальдегид),0.003
2024-05-10T00:00:00+03:00,CO,
2024-05-10T00:00:00+03:00,OZ,0.0438
2024-05-10T00:00:00+03:00,PM2.5,
2024-05-10T00:00:00+03:00,NO2,0.042
2024-05-10T00:00:00+03:00,SO2,0.0004
2024-05-10T00:00:00+03:00,NO,0.013
2024-05-10T00:00:00+03:00,C6H5OH (фенол),0.0001
2024-05-11T00:00:00+03:00,NO,0.009
2024-05-11T00:00:00+03:00,PM2.5,
2024-05-11T00:00:00+03:00,CH2O (формальдегид),0.0011
2024-05-11T00:00:00+03:00,C6H5OH (фенол),0.0001
2024-05-11T00:00:00+03:00,NO2,0.034
2024-05-11T00:00:00+03:00,CO,
2024-05-11T00:00:00+03:00,OZ,0.0494
2024-05-11T00:00:00+03:00,C6H6 (бензол),0.005
2024-05-11T00:00:00+03:00,SO2,0.0003
2024-05-12T00:00:00+03:00,OZ,0.0491
2024-05-12T00:00:00+03:00,SO2,0.0007
2024-05-12T00:00:00+03:00,CH2O (формальдегид),0.0024
2024-05-12T00:00:00+03:00,CO,
2024-05-12T00:00:00+03:00,PM2.5,
2024-05-12T00:00:00+03:00,C6H6 (бензол),0.004
2024-05-12T00:00:00+03:00,C6H5OH (фенол),0.0001
2024-05-12T00:00:00+03:00,NO2,0.027
2024-05-12T00:00:00+03:00,NO,0.01
2024-05-13T00:00:00+03:00,NO,0.041
2024-05-13T00:00:00+03:00,CO,0.33
2024-05-13T00:00:00+03:00,C6H5OH (фенол),0
2024-05-13T00:00:00+03:00,OZ,0.0388
2024-05-13T00:00:00+03:00,NO2,0.05
2024-05-13T00:00:00+03:00,SO2,0.0003
2024-05-13T00:00:00+03:00,PM2.5,0.015
2024-05-13T00:00:00+03:00,C6H6 (бензол),0.005
2024-05-13T00:00:00+03:00,CH2O (формальдегид),0.0025
2024-05-14T00:00:00+03:00,C6H6 (бензол),0.006
2024-05-14T00:00:00+03:00,C6H5OH (фенол),0.0001
2024-05-14T00:00:00+03:00,NO,0.102
2024-05-14T00:00:00+03:00,CH2O (формальдегид),0.0041
2024-05-14T00:00:00+03:00,SO2,0.0001
2024-05-14T00:00:00+03:00,NO2,0.076
2024-05-14T00:00:00+03:00,OZ,0.024
2024-05-14T00:00:00+03:00,CO,0.63
2024-05-14T00:00:00+03:00,PM2.5,0.02
2024-05-15T00:00:00+03:00,CO,0.81
2024-05-15T00:00:00+03:00,C6H6 (бензол),0.006
2024-05-15T00:00:00+03:00,OZ,0.028
2024-05-15T00:00:00+03:00,NO,0.106
2024-05-15T00:00:00+03:00,NO2,0.078
2024-05-15T00:00:00+03:00,SO2,0.0002
2024-05-15T00:00:00+03:00,PM2.5,0.02
2024-05-15T00:00:00+03:00,CH2O (формальдегид),0.005
2024-05-15T00:00:00+03:00,C6H5OH (фенол),0.0003
2024-05-16T00:00:00+03:00,C6H5OH (фенол),0.0004
2024-05-16T00:00:00+03:00,CO,0.72
2024-05-16T00:00:00+03:00,SO2,0.0003
2024-05-16T00:00:00+03:00,C6H6 (бензол),0.006
2024-05-16T00:00:00+03:00,NO,0.069
2024-05-16T00:00:00+03:00,OZ,0.0306
2024-05-16T00:00:00+03:00,CH2O (формальдегид),0.0038
2024-05-16T00:00:00+03:00,PM2.5,0.018
2024-05-16T00:00:00+03:00,NO2,0.074
2024-05-17T00:00:00+03:00,SO2,0.0004
2024-05-17T00:00:00+03:00,C6H5OH (фенол),0.0005
2024-05-17T00:00:00+03:00,CH2O (формальдегид),0.0034
2024-05-17T00:00:00+03:00,CO,0.34
2024-05-17T00:00:00+03:00,NO,0.024
2024-05-17T00:00:00+03:00,NO2,0.06
2024-05-17T00:00:00+03:00,C6H6 (бензол),0.006
2024-05-17T00:00:00+03:00,OZ,0.0416
2024-05-17T00:00:00+03:00,PM2.5,0.012
2024-05-18T00:00:00+03:00,PM2.5,0.01
2024-05-18T00:00:00+03:00,C6H6 (бензол),0.006
2024-05-18T00:00:00+03:00,C6H5OH (фенол),0.0005
2024-05-18T00:00:00+03:00,NO,0.019
2024-05-18T00:00:00+03:00,CH2O (формальдегид),0.0015
2024-05-18T00:00:00+03:00,OZ,0.0522
2024-05-18T00:00:00+03:00,CO,0.25
2024-05-18T00:00:00+03:00,SO2,0.001
2024-05-18T00:00:00+03:00,NO2,0.051
2024-05-19T00:00:00+03:00,SO2,0.0036
2024-05-19T00:00:00+03:00,NO2,0.069
2024-05-19T00:00:00+03:00,C6H6 (бензол),0.006
2024-05-19T00:00:00+03:00,PM2.5,0.014
2024-05-19T00:00:00+03:00,CO,0.43
2024-05-19T00:00:00+03:00,CH2O (формальдегид),0.0036
2024-05-19T00:00:00+03:00,OZ,0.0394
2024-05-19T00:00:00+03:00,NO,0.037
2024-05-19T00:00:00+03:00,C6H5OH (фенол),0.0003
2024-05-20T00:00:00+03:00,NO2,0.078
2024-05-20T00:00:00+03:00,NO,0.03
2024-05-20T00:00:00+03:00,CH2O (формальдегид),0.0035
2024-05-20T00:00:00+03:00,CO,0.42
2024-05-20T00:00:00+03:00,C6H5OH (фенол),0.0008
2024-05-20T00:00:00+03:00,C6H6 (бензол),0.006
2024-05-20T00:00:00+03:00,OZ,0.0409
2024-05-20T00:00:00+03:00,PM2.5,0.015
2024-05-20T00:00:00+03:00,SO2,0.0004
2024-05-21T00:00:00+03:00,CO,0.35
2024-05-21T00:00:00+03:00,NO,0.025
2024-05-21T00:00:00+03:00,NO2,0.078
2024-05-21T00:00:00+03:00,C6H5OH (фенол),0.001
2024-05-21T00:00:00+03:00,OZ,0.0324
2024-05-21T00:00:00+03:00,SO2,0.0004
2024-05-21T00:00:00+03:00,C6H6 (бензол),0.006
2024-05-21T00:00:00+03:00,CH2O (формальдегид),0.0051
2024-05-21T00:00:00+03:00,PM2.5,0.018
2024-05-22T00:00:00+03:00,PM2.5,0.013
2024-05-22T00:00:00+03:00,SO2,0.0018
2024-05-22T00:00:00+03:00,NO2,0.056
2024-05-22T00:00:00+03:00,NO,0.025
2024-05-22T00:00:00+03:00,OZ,0.0526
2024-05-22T00:00:00+03:00,C6H6 (бензол),0.006
2024-05-22T00:00:00+03:00,CH2O (формальдегид),0.0043
2024-05-22T00:00:00+03:00,CO,0.34
2024-05-22T00:00:00+03:00,C6H5OH (фенол),0.0008
2024-05-23T00:00:00+03:00,NO,0.028
2024-05-23T00:00:00+03:00,SO2,0.0034
2024-05-23T00:00:00+03:00,NO2,0.053
2024-05-23T00:00:00+03:00,C6H5OH (фенол),0.0004
2024-05-23T00:00:00+03:00,PM2.5,0.012
2024-05-23T00:00:00+03:00,CH2O (формальдегид),0.0023
2024-05-23T00:00:00+03:00,CO,0.1
2024-05-23T00:00:00+03:00,C6H6 (бензол),0.006
2024-05-23T00:00:00+03:00,OZ,0.0484
2024-05-24T00:00:00+03:00,CH2O (формальдегид),0.0031
2024-05-24T00:00:00+03:00,PM2.5,0.018
2024-05-24T00:00:00+03:00,NO,0.051
2024-05-24T00:00:00+03:00,SO2,0.0021
2024-05-24T00:00:00+03:00,C6H5OH (фенол),0.0002
2024-05-24T00:00:00+03:00,C6H6 (бензол),0.005
2024-05-24T00:00:00+03:00,OZ,0.0313
2024-05-24T00:00:00+03:00,CO,0.48
2024-05-24T00:00:00+03:00,NO2,0.084
2024-05-25T00:00:00+03:00,C6H6 (бензол),
2024-05-25T00:00:00+03:00,NO,0.033
2024-05-25T00:00:00+03:00,C6H5OH (фенол),
2024-05-25T00:00:00+03:00,NO2,0.086
2024-05-25T00:00:00+03:00,CO,0.33
2024-05-25T00:00:00+03:00,CH2O (формальдегид),
2024-05-25T00:00:00+03:00,OZ,
2024-05-25T00:00:00+03:00,SO2,
2024-05-25T00:00:00+03:00,PM2.5,0.016
2024-05-26T00:00:00+03:00,PM2.5,0.025
2024-05-26T00:00:00+03:00,C6H5OH (фенол),
2024-05-26T00:00:00+03:00,NO2,0.083
2024-05-26T00:00:00+03:00,SO2,
2024-05-26T00:00:00+03:00,CH2O (формальдегид),
2024-05-26T00:00:00+03:00,OZ,
2024-05-26T00:00:00+03:00,NO,0.078
2024-05-26T00:00:00+03:00,C6H6 (бензол),
2024-05-26T00:00:00+03:00,CO,0.99
2024-05-27T00:00:00+03:00,SO2,
2024-05-27T00:00:00+03:00,C6H5OH (фенол),
2024-05-27T00:00:00+03:00,CH2O (формальдегид),
2024-05-27T00:00:00+03:00,NO,0.056
2024-05-27T00:00:00+03:00,CO,0.59
2024-05-27T00:00:00+03:00,OZ,
2024-05-27T00:00:00+03:00,C6H6 (бензол),
2024-05-27T00:00:00+03:00,NO2,0.079
2024-05-27T00:00:00+03:00,PM2.5,0.018
2024-05-28T00:00:00+03:00,NO,0.077
2024-05-28T00:00:00+03:00,OZ,
2024-05-28T00:00:00+03:00,PM2.5,0.021
2024-05-28T00:00:00+03:00,SO2,
2024-05-28T00:00:00+03:00,C6H5OH (фенол),
2024-05-28T00:00:00+03:00,CH2O (формальдегид),
2024-05-28T00:00:00+03:00,NO2,0.095
2024-05-28T00:00:00+03:00,CO,0.6
2024-05-28T00:00:00+03:00,C6H6 (бензол),
2024-05-29T00:00:00+03:00,NO,0.115
2024-05-29T00:00:00+03:00,OZ,
2024-05-29T00:00:00+03:00,NO2,0.116
2024-05-29T00:00:00+03:00,C6H6 (бензол),
2024-05-29T00:00:00+03:00,SO2,
2024-05-29T00:00:00+03:00,C6H5OH (фенол),
2024-05-29T00:00:00+03:00,CH2O (формальдегид),
2024-05-29T00:00:00+03:00,CO,1
2024-05-29T00:00:00+03:00,PM2.5,0.032
2024-05-30T00:00:00+03:00,CH2O (формальдегид),
2024-05-30T00:00:00+03:00,OZ,
2024-05-30T00:00:00+03:00,NO2,0.107
2024-05-30T00:00:00+03:00,C6H6 (бензол),
2024-05-30T00:00:00+03:00,PM2.5,0.025
2024-05-30T00:00:00+03:00,CO,0.8
2024-05-30T00:00:00+03:00,NO,0.075
2024-05-30T00:00:00+03:00,C6H5OH (фенол),
2024-05-30T00:00:00+03:00,SO2,
2024-05-31T00:00:00+03:00,NO,0.084
2024-05-31T00:00:00+03:00,NO2,0.102
2024-05-31T00:00:00+03:00,SO2,
2024-05-31T00:00:00+03:00,C6H5OH (фенол),
2024-05-31T00:00:00+03:00,CH2O (формальдегид),
2024-05-31T00:00:00+03:00,PM2.5,0.031
2024-05-31T00:00:00+03:00,OZ,
2024-05-31T00:00:00+03:00,C6H6 (бензол),
2024-05-31T00:00:00+03:00,CO,0.72
2024-06-01T00:00:00+03:00,CH2O (формальдегид),
2024-06-01T00:00:00+03:00,NO2,0.076
2024-06-01T00:00:00+03:00,CO,0.54
2024-06-01T00:00:00+03:00,SO2,
2024-06-01T00:00:00+03:00,NO,0.035
2024-06-01T00:00:00+03:00,C6H6 (бензол),
2024-06-01T00:00:00+03:00,C6H5OH (фенол),
2024-06-01T00:00:00+03:00,OZ,
2024-06-01T00:00:00+03:00,PM2.5,0.023
2024-06-02T00:00:00+03:00,C6H5OH (фенол),
2024-06-02T00:00:00+03:00,CO,0.49
2024-06-02T00:00:00+03:00,PM2.5,0.022
2024-06-02T00:00:00+03:00,SO2,
2024-06-02T00:00:00+03:00,CH2O (формальдегид),
2024-06-02T00:00:00+03:00,OZ,
2024-06-02T00:00:00+03:00,NO,0.03
2024-06-02T00:00:00+03:00,NO2,0.075
2024-06-02T00:00:00+03:00,C6H6 (бензол),
2024-06-03T00:00:00+03:00,OZ,
2024-06-03T00:00:00+03:00,C6H6 (бензол),
2024-06-03T00:00:00+03:00,CH2O (формальдегид),
2024-06-03T00:00:00+03:00,C6H5OH (фенол),
2024-06-03T00:00:00+03:00,NO2,0.079
2024-06-03T00:00:00+03:00,CO,0.66
2024-06-03T00:00:00+03:00,SO2,
2024-06-03T00:00:00+03:00,PM2.5,0.021
2024-06-03T00:00:00+03:00,NO,0.039
2024-06-04T00:00:00+03:00,CH2O (формальдегид),
2024-06-04T00:00:00+03:00,C6H6 (бензол),
2024-06-04T00:00:00+03:00,NO,0.024
2024-06-04T00:00:00+03:00,OZ,
2024-06-04T00:00:00+03:00,NO2,0.055
2024-06-04T00:00:00+03:00,PM2.5,0.014
2024-06-04T00:00:00+03:00,SO2,
2024-06-04T00:00:00+03:00,CO,0.42
2024-06-04T00:00:00+03:00,C6H5OH (фенол),
2024-06-05T00:00:00+03:00,OZ,0.0422
2024-06-05T00:00:00+03:00,CH2O (формальдегид),0.0052
2024-06-05T00:00:00+03:00,C6H5OH (фенол),0.0013
2024-06-05T00:00:00+03:00,NO,0.02
2024-06-05T00:00:00+03:00,SO2,0.001
2024-06-05T00:00:00+03:00,C6H6 (бензол),0.005
2024-06-05T00:00:00+03:00,NO2,0.057
2024-06-05T00:00:00+03:00,PM2.5,0.015
2024-06-05T00:00:00+03:00,CO,0.43
2024-06-06T00:00:00+03:00,OZ,0.015
2024-06-06T00:00:00+03:00,NO2,0.1
2024-06-06T00:00:00+03:00,PM2.5,0.021
2024-06-06T00:00:00+03:00,CH2O (формальдегид),0.0071
2024-06-06T00:00:00+03:00,CO,0.73
2024-06-06T00:00:00+03:00,C6H5OH (фенол),0.0011
2024-06-06T00:00:00+03:00,SO2,0.0017
2024-06-06T00:00:00+03:00,C6H6 (бензол),0.006
2024-06-06T00:00:00+03:00,NO,0.066
2024-06-07T00:00:00+03:00,NO,0.018
2024-06-07T00:00:00+03:00,C6H5OH (фенол),0.0006
2024-06-07T00:00:00+03:00,C6H6 (бензол),0.005
2024-06-07T00:00:00+03:00,NO2,0.049
2024-06-07T00:00:00+03:00,PM2.5,0.015
2024-06-07T00:00:00+03:00,CH2O (формальдегид),0.0047
2024-06-07T00:00:00+03:00,CO,0.31
2024-06-07T00:00:00+03:00,OZ,0.027
2024-06-07T00:00:00+03:00,SO2,0.0001
2024-06-08T00:00:00+03:00,CH2O (формальдегид),0.0059
2024-06-08T00:00:00+03:00,NO2,0.053
2024-06-08T00:00:00+03:00,NO,0.024
2024-06-08T00:00:00+03:00,PM2.5,
2024-06-08T00:00:00+03:00,C6H5OH (фенол),0.0009
2024-06-08T00:00:00+03:00,CO,0.31
2024-06-08T00:00:00+03:00,SO2,0.0005
2024-06-08T00:00:00+03:00,C6H6 (бензол),0.006
2024-06-08T00:00:00+03:00,OZ,0.0368
2024-06-09T00:00:00+03:00,C6H6 (бензол),0.006
2024-06-09T00:00:00+03:00,SO2,0.0003
2024-06-09T00:00:00+03:00,OZ,0.046
2024-06-09T00:00:00+03:00,CO,0.36
2024-06-09T00:00:00+03:00,CH2O (формальдегид),0.0046
2024-06-09T00:00:00+03:00,NO,0.025
2024-06-09T00:00:00+03:00,PM2.5,
2024-06-09T00:00:00+03:00,C6H5OH (фенол),0.0009
2024-06-09T00:00:00+03:00,NO2,0.058
2024-06-10T00:00:00+03:00,OZ,0.019
2024-06-10T00:00:00+03:00,PM2.5,
2024-06-10T00:00:00+03:00,NO2,0.081
2024-06-10T00:00:00+03:00,C6H6 (бензол),0.006
2024-06-10T00:00:00+03:00,SO2,0.0004
2024-06-10T00:00:00+03:00,NO,0.058
2024-06-10T00:00:00+03:00,CH2O (формальдегид),0.0068
2024-06-10T00:00:00+03:00,C6H5OH (фенол),0.0005
2024-06-10T00:00:00+03:00,CO,0.49
2024-06-11T00:00:00+03:00,NO,0.044
2024-06-11T00:00:00+03:00,SO2,0.0005
2024-06-11T00:00:00+03:00,CO,0.49
2024-06-11T00:00:00+03:00,OZ,0.0256
2024-06-11T00:00:00+03:00,C6H5OH (фенол),0.0005
2024-06-11T00:00:00+03:00,CH2O (формальдегид),0.0054
2024-06-11T00:00:00+03:00,C6H6 (бензол),0.006
2024-06-11T00:00:00+03:00,NO2,0.067
2024-06-11T00:00:00+03:00,PM2.5,
2024-06-12T00:00:00+03:00,NO2,0.065
2024-06-12T00:00:00+03:00,NO,0.044
2024-06-12T00:00:00+03:00,PM2.5,
2024-06-12T00:00:00+03:00,CH2O (формальдегид),0.0065
2024-06-12T00:00:00+03:00,OZ,0.0248
2024-06-12T00:00:00+03:00,C6H6 (бензол),0.006
2024-06-12T00:00:00+03:00,C6H5OH (фенол),0.0008
2024-06-12T00:00:00+03:00,CO,0.58
2024-06-12T00:00:00+03:00,SO2,0.001
2024-06-13T00:00:00+03:00,NO,0.031
2024-06-13T00:00:00+03:00,PM2.5,
2024-06-13T00:00:00+03:00,OZ,0.0201
2024-06-13T00:00:00+03:00,C6H5OH (фенол),0.0005
2024-06-13T00:00:00+03:00,NO2,0.061
2024-06-13T00:00:00+03:00,CO,0.55
2024-06-13T00:00:00+03:00,C6H6 (бензол),0.006
2024-06-13T00:00:00+03:00,CH2O (формальдегид),0.0066
2024-06-13T00:00:00+03:00,SO2,0.0003
2024-06-14T00:00:00+03:00,OZ,0.0467
2024-06-14T00:00:00+03:00,NO2,0.042
2024-06-14T00:00:00+03:00,C6H5OH (фенол),0.0008
2024-06-14T00:00:00+03:00,CO,0.27
2024-06-14T00:00:00+03:00,NO,0.021
2024-06-14T00:00:00+03:00,CH2O (формальдегид),0.005
2024-06-14T00:00:00+03:00,C6H6 (бензол),0.006
2024-06-14T00:00:00+03:00,SO2,0.0005
2024-06-14T00:00:00+03:00,PM2.5,
2024-06-15T00:00:00+03:00,NO2,0.07
2024-06-15T00:00:00+03:00,PM2.5,
2024-06-15T00:00:00+03:00,NO,0.087
2024-06-15T00:00:00+03:00,CO,0.96
2024-06-15T00:00:00+03:00,C6H5OH (фенол),0.0012
2024-06-15T00:00:00+03:00,CH2O (формальдегид),0.0073
2024-06-15T00:00:00+03:00,C6H6 (бензол),0.007
2024-06-15T00:00:00+03:00,SO2,0.0006
2024-06-15T00:00:00+03:00,OZ,0.0304
2024-06-16T00:00:00+03:00,SO2,0.0006
2024-06-16T00:00:00+03:00,C6H6 (бензол),0.007
2024-06-16T00:00:00+03:00,NO2,0.05
2024-06-16T00:00:00+03:00,NO,0.063
2024-06-16T00:00:00+03:00,C6H5OH (фенол),0.0009
2024-06-16T00:00:00+03:00,PM2.5,
2024-06-16T00:00:00+03:00,CO,0.65
2024-06-16T00:00:00+03:00,CH2O (формальдегид),0.0068
2024-06-16T00:00:00+03:00,OZ,0.0363
2024-06-17T00:00:00+03:00,NO2,0.045
2024-06-17T00:00:00+03:00,PM2.5,
2024-06-17T00:00:00+03:00,SO2,0.0003
2024-06-17T00:00:00+03:00,OZ,0.0228
2024-06-17T00:00:00+03:00,NO,0.026
2024-06-17T00:00:00+03:00,C6H6 (бензол),0.005
2024-06-17T00:00:00+03:00,CH2O (формальдегид),0.0069
2024-06-17T00:00:00+03:00,C6H5OH (фенол),0.0004
2024-06-17T00:00:00+03:00,CO,0.33
2024-06-18T00:00:00+03:00,C6H5OH (фенол),0.0005
2024-06-18T00:00:00+03:00,SO2,0.0003
2024-06-18T00:00:00+03:00,PM2.5,
2024-06-18T00:00:00+03:00,C6H6 (бензол),0.006
2024-06-18T00:00:00+03:00,CH2O (формальдегид),0.0048
2024-06-18T00:00:00+03:00,CO,0.39
2024-06-18T00:00:00+03:00,NO2,0.055
2024-06-18T00:00:00+03:00,OZ,0.0223
2024-06-18T00:00:00+03:00,NO,0.032
2024-06-19T00:00:00+03:00,CH2O (формальдегид),0.0068
2024-06-19T00:00:00+03:00,C6H5OH (фенол),0.0008
2024-06-19T00:00:00+03:00,C6H6 (бензол),0.005
2024-06-19T00:00:00+03:00,CO,0.28
2024-06-19T00:00:00+03:00,NO,0.02
2024-06-19T00:00:00+03:00,OZ,0.0277
2024-06-19T00:00:00+03:00,PM2.5,
2024-06-19T00:00:00+03:00,SO2,0.0003
2024-06-19T00:00:00+03:00,NO2,0.044
2024-06-20T00:00:00+03:00,CH2O (формальдегид),0.0054
2024-06-20T00:00:00+03:00,NO,0.027
2024-06-20T00:00:00+03:00,SO2,0.0001
2024-06-20T00:00:00+03:00,PM2.5,0.012
2024-06-20T00:00:00+03:00,C6H6 (бензол),0.005
2024-06-20T00:00:00+03:00,CO,0.35
2024-06-20T00:00:00+03:00,NO2,0.05
2024-06-20T00:00:00+03:00,C6H5OH (фенол),0.0007
2024-06-20T00:00:00+03:00,OZ,0.0327
2024-06-21T00:00:00+03:00,NO2,0.038
2024-06-21T00:00:00+03:00,NO,0.013
2024-06-21T00:00:00+03:00,OZ,0.031
2024-06-21T00:00:00+03:00,C6H5OH (фенол),0.0005
2024-06-21T00:00:00+03:00,CH2O (формальдегид),0.0054
2024-06-21T00:00:00+03:00,CO,0.45
2024-06-21T00:00:00+03:00,PM2.5,0.009
2024-06-21T00:00:00+03:00,SO2,0.0002
2024-06-21T00:00:00+03:00,C6H6 (бензол),0.005
2024-06-22T00:00:00+03:00,NO2,0.049
2024-06-22T00:00:00+03:00,CO,0.4
2024-06-22T00:00:00+03:00,NO,0.022
2024-06-22T00:00:00+03:00,SO2,0.0003
2024-06-22T00:00:00+03:00,CH2O (формальдегид),0.0049
2024-06-22T00:00:00+03:00,C6H6 (бензол),0.005
2024-06-22T00:00:00+03:00,PM2.5,0.012
2024-06-22T00:00:00+03:00,OZ,0.0312
2024-06-22T00:00:00+03:00,C6H5OH (фенол),0.0007
2024-06-23T00:00:00+03:00,OZ,0.0281
2024-06-23T00:00:00+03:00,CO,0.46
2024-06-23T00:00:00+03:00,C6H5OH (фенол),0.0011
2024-06-23T00:00:00+03:00,NO,0.062
2024-06-23T00:00:00+03:00,NO2,0.058
2024-06-23T00:00:00+03:00,PM2.5,0.017
2024-06-23T00:00:00+03:00,C6H6 (бензол),0.006
2024-06-23T00:00:00+03:00,SO2,0.0008
2024-06-23T00:00:00+03:00,CH2O (формальдегид),0.007
2024-06-24T00:00:00+03:00,OZ,0.0294
2024-06-24T00:00:00+03:00,NO,0.023
2024-06-24T00:00:00+03:00,CH2O (формальдегид),0.0058
2024-06-24T00:00:00+03:00,CO,0.3
2024-06-24T00:00:00+03:00,PM2.5,0.012
2024-06-24T00:00:00+03:00,SO2,0.0012
2024-06-24T00:00:00+03:00,C6H5OH (фенол),0.0006
2024-06-24T00:00:00+03:00,C6H6 (бензол),0.005
2024-06-24T00:00:00+03:00,NO2,0.05
2024-06-25T00:00:00+03:00,CO,0.33
2024-06-25T00:00:00+03:00,OZ,0.0294
2024-06-25T00:00:00+03:00,PM2.5,0.011
2024-06-25T00:00:00+03:00,NO,0.016
2024-06-25T00:00:00+03:00,C6H5OH (фенол),0.0006
2024-06-25T00:00:00+03:00,C6H6 (бензол),0.004
2024-06-25T00:00:00+03:00,SO2,0.0007
2024-06-25T00:00:00+03:00,CH2O (формальдегид),0.0055
2024-06-25T00:00:00+03:00,NO2,0.043
2024-06-26T00:00:00+03:00,CH2O (формальдегид),0.0066
2024-06-26T00:00:00+03:00,PM2.5,0.013
2024-06-26T00:00:00+03:00,NO,0.026
2024-06-26T00:00:00+03:00,C6H6 (бензол),0.005
2024-06-26T00:00:00+03:00,NO2,0.053
2024-06-26T00:00:00+03:00,SO2,0.0003
2024-06-26T00:00:00+03:00,C6H5OH (фенол),0.0006
2024-06-26T00:00:00+03:00,OZ,0.0211
2024-06-26T00:00:00+03:00,CO,0.23
2024-06-27T00:00:00+03:00,C6H6 (бензол),0.005
2024-06-27T00:00:00+03:00,CH2O (формальдегид),0.006
2024-06-27T00:00:00+03:00,NO,0.053
2024-06-27T00:00:00+03:00,OZ,0.0236
2024-06-27T00:00:00+03:00,CO,0.47
2024-06-27T00:00:00+03:00,PM2.5,0.015
2024-06-27T00:00:00+03:00,NO2,0.053
2024-06-27T00:00:00+03:00,SO2,0.0006
2024-06-27T00:00:00+03:00,C6H5OH (фенол),0.0009
2024-06-28T00:00:00+03:00,NO,0.103
2024-06-28T00:00:00+03:00,OZ,0.0246
2024-06-28T00:00:00+03:00,C6H5OH (фенол),0.0019
2024-06-28T00:00:00+03:00,SO2,0.0013
2024-06-28T00:00:00+03:00,CO,0.87
2024-06-28T00:00:00+03:00,PM2.5,0.024
2024-06-28T00:00:00+03:00,C6H6 (бензол),0.006
2024-06-28T00:00:00+03:00,NO2,0.088
2024-06-28T00:00:00+03:00,CH2O (формальдегид),0.0103
2024-06-29T00:00:00+03:00,NO2,0.073
2024-06-29T00:00:00+03:00,NO,0.085
2024-06-29T00:00:00+03:00,PM2.5,0.024
2024-06-29T00:00:00+03:00,CO,0.67
2024-06-29T00:00:00+03:00,C6H5OH (фенол),0.0025
2024-06-29T00:00:00+03:00,C6H6 (бензол),0.005
2024-06-29T00:00:00+03:00,OZ,0.0198
2024-06-29T00:00:00+03:00,SO2,0.0006
2024-06-29T00:00:00+03:00,CH2O (формальдегид),0.0104
2024-06-30T00:00:00+03:00,NO,0.052
2024-06-30T00:00:00+03:00,PM2.5,0.021
2024-06-30T00:00:00+03:00,OZ,0.0113
2024-06-30T00:00:00+03:00,C6H6 (бензол),0.003
2024-06-30T00:00:00+03:00,NO2,0.058
2024-06-30T00:00:00+03:00,CH2O (формальдегид),0.0066
2024-06-30T00:00:00+03:00,C6H5OH (фенол),0.001
2024-06-30T00:00:00+03:00,CO,0.57
2024-06-30T00:00:00+03:00,SO2,0.0005
2024-07-01T00:00:00+03:00,SO2,0.0003
2024-07-01T00:00:00+03:00,OZ,0.0158
2024-07-01T00:00:00+03:00,NO,0.025
2024-07-01T00:00:00+03:00,C6H6 (бензол),0.001
2024-07-01T00:00:00+03:00,PM2.5,0.02
2024-07-01T00:00:00+03:00,NO2,0.07
2024-07-01T00:00:00+03:00,C6H5OH (фенол),0.0009
2024-07-01T00:00:00+03:00,CO,0.43
2024-07-01T00:00:00+03:00,CH2O (формальдегид),0.0023
2024-07-02T00:00:00+03:00,C6H6 (бензол),0.003
2024-07-02T00:00:00+03:00,CO,0.59
2024-07-02T00:00:00+03:00,CH2O (формальдегид),0.0047
2024-07-02T00:00:00+03:00,SO2,0.0013
2024-07-02T00:00:00+03:00,C6H5OH (фенол),0.0023
2024-07-02T00:00:00+03:00,NO,
2024-07-02T00:00:00+03:00,PM2.5,0.028
2024-07-02T00:00:00+03:00,NO2,
2024-07-02T00:00:00+03:00,OZ,0.038
2024-07-03T00:00:00+03:00,NO,0.057
2024-07-03T00:00:00+03:00,CO,0.32
2024-07-03T00:00:00+03:00,C6H6 (бензол),0.004
2024-07-03T00:00:00+03:00,PM2.5,0.028
2024-07-03T00:00:00+03:00,CH2O (формальдегид),0.0058
2024-07-03T00:00:00+03:00,C6H5OH (фенол),0.0022
2024-07-03T00:00:00+03:00,SO2,0.0012
2024-07-03T00:00:00+03:00,OZ,0.0498
2024-07-03T00:00:00+03:00,NO2,0.086
2024-07-04T00:00:00+03:00,C6H6 (бензол),0.005
2024-07-04T00:00:00+03:00,PM2.5,0.023
2024-07-04T00:00:00+03:00,NO,
2024-07-04T00:00:00+03:00,OZ,0.0463
2024-07-04T00:00:00+03:00,CO,0.41
2024-07-04T00:00:00+03:00,NO2,
2024-07-04T00:00:00+03:00,CH2O (формальдегид),0.0089
2024-07-04T00:00:00+03:00,C6H5OH (фенол),0.0012
2024-07-04T00:00:00+03:00,SO2,0.0023
2024-07-05T00:00:00+03:00,CO,0.38
2024-07-05T00:00:00+03:00,SO2,0.0014
2024-07-05T00:00:00+03:00,OZ,0.0401
2024-07-05T00:00:00+03:00,C6H6 (бензол),0.005
2024-07-05T00:00:00+03:00,PM2.5,0.019
2024-07-05T00:00:00+03:00,NO2,
2024-07-05T00:00:00+03:00,NO,
2024-07-05T00:00:00+03:00,C6H5OH (фенол),0.001
2024-07-05T00:00:00+03:00,CH2O (формальдегид),0.0049
2024-07-06T00:00:00+03:00,PM2.5,0.01
2024-07-06T00:00:00+03:00,C6H5OH (фенол),0.0005
2024-07-06T00:00:00+03:00,CH2O (формальдегид),0.0035
2024-07-06T00:00:00+03:00,NO2,
2024-07-06T00:00:00+03:00,NO,
2024-07-06T00:00:00+03:00,CO,0.23
2024-07-06T00:00:00+03:00,OZ,0.0278
2024-07-06T00:00:00+03:00,C6H6 (бензол),0.004
2024-07-06T00:00:00+03:00,SO2,0.0003
2024-07-07T00:00:00+03:00,CH2O (формальдегид),0.0049
2024-07-07T00:00:00+03:00,C6H6 (бензол),0.005
2024-07-07T00:00:00+03:00,OZ,0.0403
2024-07-07T00:00:00+03:00,NO2,
2024-07-07T00:00:00+03:00,PM2.5,0.02
2024-07-07T00:00:00+03:00,SO2,0.0005
2024-07-07T00:00:00+03:00,C6H5OH (фенол),0.001
2024-07-07T00:00:00+03:00,CO,0.57
2024-07-07T00:00:00+03:00,NO,
2024-07-08T00:00:00+03:00,CO,0.45
2024-07-08T00:00:00+03:00,C6H5OH (фенол),0.0008
2024-07-08T00:00:00+03:00,OZ,0.0321
2024-07-08T00:00:00+03:00,PM2.5,0.021
2024-07-08T00:00:00+03:00,CH2O (формальдегид),0.0073
2024-07-08T00:00:00+03:00,NO2,
2024-07-08T00:00:00+03:00,NO,
2024-07-08T00:00:00+03:00,SO2,0.0019
2024-07-08T00:00:00+03:00,C6H6 (бензол),0.005
2024-07-09T00:00:00+03:00,C6H5OH (фенол),0.0013
2024-07-09T00:00:00+03:00,SO2,0.0009
2024-07-09T00:00:00+03:00,NO2,
2024-07-09T00:00:00+03:00,PM2.5,0.023
2024-07-09T00:00:00+03:00,NO,
2024-07-09T00:00:00+03:00,C6H6 (бензол),0.005
2024-07-09T00:00:00+03:00,OZ,0.0459
2024-07-09T00:00:00+03:00,CH2O (формальдегид),0.0077
2024-07-09T00:00:00+03:00,CO,0.43
2024-07-10T00:00:00+03:00,NO2,
2024-07-10T00:00:00+03:00,NO,
2024-07-10T00:00:00+03:00,SO2,0.0008
2024-07-10T00:00:00+03:00,C6H6 (бензол),0.005
2024-07-10T00:00:00+03:00,PM2.5,0.012
2024-07-10T00:00:00+03:00,C6H5OH (фенол),0.0008
2024-07-10T00:00:00+03:00,OZ,0.0423
2024-07-10T00:00:00+03:00,CO,0.27
2024-07-10T00:00:00+03:00,CH2O (формальдегид),0.0051
2024-07-11T00:00:00+03:00,NO,
2024-07-11T00:00:00+03:00,CH2O (формальдегид),0.0047
2024-07-11T00:00:00+03:00,SO2,0.0008
2024-07-11T00:00:00+03:00,C6H6 (бензол),0.005
2024-07-11T00:00:00+03:00,OZ,0.0425
2024-07-11T00:00:00+03:00,C6H5OH (фенол),0.001
2024-07-11T00:00:00+03:00,PM2.5,0.016
2024-07-11T00:00:00+03:00,CO,0.25
2024-07-11T00:00:00+03:00,NO2,
2024-07-12T00:00:00+03:00,CH2O (формальдегид),0.0071
2024-07-12T00:00:00+03:00,PM2.5,0.021
2024-07-12T00:00:00+03:00,NO2,
2024-07-12T00:00:00+03:00,NO,
2024-07-12T00:00:00+03:00,CO,0.47
2024-07-12T00:00:00+03:00,SO2,0.0015
2024-07-12T00:00:00+03:00,C6H5OH (фенол),0.0009
2024-07-12T00:00:00+03:00,C6H6 (бензол),0.005
2024-07-12T00:00:00+03:00,OZ,0.0402
2024-07-13T00:00:00+03:00,CH2O (формальдегид),0.0086
2024-07-13T00:00:00+03:00,NO2,
2024-07-13T00:00:00+03:00,NO,
2024-07-13T00:00:00+03:00,C6H5OH (фенол),0.0005
2024-07-13T00:00:00+03:00,C6H6 (бензол),0.005
2024-07-13T00:00:00+03:00,OZ,0.0008
2024-07-13T00:00:00+03:00,PM2.5,0.031
2024-07-13T00:00:00+03:00,SO2,0.0002
2024-07-13T00:00:00+03:00,CO,0.77
2024-07-14T00:00:00+03:00,OZ,
2024-07-14T00:00:00+03:00,C6H6 (бензол),
2024-07-14T00:00:00+03:00,C6H5OH (фенол),
2024-07-14T00:00:00+03:00,PM2.5,
2024-07-14T00:00:00+03:00,CH2O (формальдегид),
2024-07-14T00:00:00+03:00,NO,
2024-07-14T00:00:00+03:00,NO2,
2024-07-14T00:00:00+03:00,CO,
2024-07-14T00:00:00+03:00,SO2,
2024-07-15T00:00:00+03:00,NO,
2024-07-15T00:00:00+03:00,CH2O (формальдегид),
2024-07-15T00:00:00+03:00,CO,
2024-07-15T00:00:00+03:00,SO2,
2024-07-15T00:00:00+03:00,PM2.5,
2024-07-15T00:00:00+03:00,OZ,
2024-07-15T00:00:00+03:00,C6H6 (бензол),
2024-07-15T00:00:00+03:00,NO2,
2024-07-15T00:00:00+03:00,C6H5OH (фенол),
2024-07-16T00:00:00+03:00,C6H6 (бензол),
2024-07-16T00:00:00+03:00,PM2.5,
2024-07-16T00:00:00+03:00,OZ,
2024-07-16T00:00:00+03:00,CH2O (формальдегид),
2024-07-16T00:00:00+03:00,C6H5OH (фенол),
2024-07-16T00:00:00+03:00,NO,
2024-07-16T00:00:00+03:00,CO,
2024-07-16T00:00:00+03:00,SO2,
2024-07-16T00:00:00+03:00,NO2,
2024-07-17T00:00:00+03:00,SO2,0.0007
2024-07-17T00:00:00+03:00,CO,0.37
2024-07-17T00:00:00+03:00,C6H6 (бензол),0.006
2024-07-17T00:00:00+03:00,NO,
2024-07-17T00:00:00+03:00,NO2,
2024-07-17T00:00:00+03:00,C6H5OH (фенол),0.0018
2024-07-17T00:00:00+03:00,CH2O (формальдегид),0.0075
2024-07-17T00:00:00+03:00,OZ,0.0675
2024-07-17T00:00:00+03:00,PM2.5,0.015
2024-07-18T00:00:00+03:00,PM2.5,0.019
2024-07-18T00:00:00+03:00,CH2O (формальдегид),0.0108
2024-07-18T00:00:00+03:00,SO2,0.0003
2024-07-18T00:00:00+03:00,C6H6 (бензол),0.006
2024-07-18T00:00:00+03:00,C6H5OH (фенол),0.0015
2024-07-18T00:00:00+03:00,CO,0.61
2024-07-18T00:00:00+03:00,NO,
2024-07-18T00:00:00+03:00,NO2,
2024-07-18T00:00:00+03:00,OZ,0.0223
2024-07-19T00:00:00+03:00,SO2,0.0001
2024-07-19T00:00:00+03:00,OZ,0.0245
2024-07-19T00:00:00+03:00,NO2,
2024-07-19T00:00:00+03:00,C6H6 (бензол),0.005
2024-07-19T00:00:00+03:00,NO,
2024-07-19T00:00:00+03:00,CH2O (формальдегид),0.007
2024-07-19T00:00:00+03:00,PM2.5,0.013
2024-07-19T00:00:00+03:00,C6H5OH (фенол),0.0015
2024-07-19T00:00:00+03:00,CO,0.54
2024-07-20T00:00:00+03:00,NO,
2024-07-20T00:00:00+03:00,PM2.5,0.011
2024-07-20T00:00:00+03:00,SO2,0.0005
2024-07-20T00:00:00+03:00,OZ,0.0168
2024-07-20T00:00:00+03:00,CO,0.38
2024-07-20T00:00:00+03:00,C6H5OH (фенол),0.0011
2024-07-20T00:00:00+03:00,C6H6 (бензол),0.005
2024-07-20T00:00:00+03:00,NO2,
2024-07-20T00:00:00+03:00,CH2O (формальдегид),0.0061
2024-07-21T00:00:00+03:00,NO2,
2024-07-21T00:00:00+03:00,SO2,0.0004
2024-07-21T00:00:00+03:00,C6H6 (бензол),0.005
2024-07-21T00:00:00+03:00,OZ,0.0183
2024-07-21T00:00:00+03:00,C6H5OH (фенол),0.0012
2024-07-21T00:00:00+03:00,NO,
2024-07-21T00:00:00+03:00,CO,0.32
2024-07-21T00:00:00+03:00,PM2.5,0.011
2024-07-21T00:00:00+03:00,CH2O (формальдегид),0.0048
2024-07-22T00:00:00+03:00,NO,
2024-07-22T00:00:00+03:00,C6H5OH (фенол),0.0009
2024-07-22T00:00:00+03:00,CH2O (формальдегид),0.0044
2024-07-22T00:00:00+03:00,NO2,
2024-07-22T00:00:00+03:00,SO2,0.0003
2024-07-22T00:00:00+03:00,CO,0.6
2024-07-22T00:00:00+03:00,PM2.5,0.013
2024-07-22T00:00:00+03:00,C6H6 (бензол),0.005
2024-07-22T00:00:00+03:00,OZ,0.0052
2024-07-23T00:00:00+03:00,CH2O (формальдегид),0.0049
2024-07-23T00:00:00+03:00,NO2,
2024-07-23T00:00:00+03:00,SO2,0.0014
2024-07-23T00:00:00+03:00,CO,0.3
2024-07-23T00:00:00+03:00,C6H5OH (фенол),0.0012
2024-07-23T00:00:00+03:00,C6H6 (бензол),0.005
2024-07-23T00:00:00+03:00,OZ,0.0251
2024-07-23T00:00:00+03:00,PM2.5,0.011
2024-07-23T00:00:00+03:00,NO,
2024-07-24T00:00:00+03:00,OZ,0.0266
2024-07-24T00:00:00+03:00,NO,0.032
2024-07-24T00:00:00+03:00,CO,0.51
2024-07-24T00:00:00+03:00,CH2O (формальдегид),0.0052
2024-07-24T00:00:00+03:00,NO2,0.05
2024-07-24T00:00:00+03:00,C6H6 (бензол),0.005
2024-07-24T00:00:00+03:00,C6H5OH (фенол),0.0011
2024-07-24T00:00:00+03:00,PM2.5,0.016
2024-07-24T00:00:00+03:00,SO2,0.0021
2024-07-25T00:00:00+03:00,PM2.5,0.015
2024-07-25T00:00:00+03:00,NO2,0.049
2024-07-25T00:00:00+03:00,CO,0.42
2024-07-25T00:00:00+03:00,SO2,0.0021
2024-07-25T00:00:00+03:00,NO,0.029
2024-07-25T00:00:00+03:00,CH2O (формальдегид),0.0055
2024-07-25T00:00:00+03:00,OZ,0.0265
2024-07-25T00:00:00+03:00,C6H6 (бензол),0.005
2024-07-25T00:00:00+03:00,C6H5OH (фенол),0.0011
2024-07-26T00:00:00+03:00,NO2,0.051
2024-07-26T00:00:00+03:00,OZ,0.0316
2024-07-26T00:00:00+03:00,NO,0.025
2024-07-26T00:00:00+03:00,SO2,0.0026
2024-07-26T00:00:00+03:00,C6H6 (бензол),0.005
2024-07-26T00:00:00+03:00,PM2.5,0.014
2024-07-26T00:00:00+03:00,CO,0.48
2024-07-26T00:00:00+03:00,CH2O (формальдегид),0.0039
2024-07-26T00:00:00+03:00,C6H5OH (фенол),0.0009
2024-07-27T00:00:00+03:00,C6H5OH (фенол),0.0011
2024-07-27T00:00:00+03:00,C6H6 (бензол),0.006
2024-07-27T00:00:00+03:00,SO2,0.0009
2024-07-27T00:00:00+03:00,CH2O (формальдегид),0.006
2024-07-27T00:00:00+03:00,NO,0.078
2024-07-27T00:00:00+03:00,CO,0.64
2024-07-27T00:00:00+03:00,NO2,0.066
2024-07-27T00:00:00+03:00,PM2.5,0.023
2024-07-27T00:00:00+03:00,OZ,0.0255
2024-07-28T00:00:00+03:00,NO,0.022
2024-07-28T00:00:00+03:00,PM2.5,0.016
2024-07-28T00:00:00+03:00,NO2,0.052
2024-07-28T00:00:00+03:00,CO,0.38
2024-07-28T00:00:00+03:00,OZ,0.0231
2024-07-28T00:00:00+03:00,SO2,0.0004
2024-07-28T00:00:00+03:00,CH2O (формальдегид),0.0049
2024-07-28T00:00:00+03:00,C6H6 (бензол),0.005
2024-07-28T00:00:00+03:00,C6H5OH (фенол),0.0012
2024-07-29T00:00:00+03:00,PM2.5,0.015
2024-07-29T00:00:00+03:00,CO,0.47
2024-07-29T00:00:00+03:00,CH2O (формальдегид),0.0054
2024-07-29T00:00:00+03:00,OZ,0.0102
2024-07-29T00:00:00+03:00,NO,0.053
2024-07-29T00:00:00+03:00,C6H5OH (фенол),0.0009
2024-07-29T00:00:00+03:00,C6H6 (бензол),0.005
2024-07-29T00:00:00+03:00,NO2,0.06
2024-07-29T00:00:00+03:00,SO2,0.0004
2024-07-30T00:00:00+03:00,C6H5OH (фенол),0.0009
2024-07-30T00:00:00+03:00,CH2O (формальдегид),0.0029
2024-07-30T00:00:00+03:00,C6H6 (бензол),0.005
2024-07-30T00:00:00+03:00,OZ,0.0146
2024-07-30T00:00:00+03:00,NO,0.023
2024-07-30T00:00:00+03:00,PM2.5,0.015
2024-07-30T00:00:00+03:00,SO2,0.0014
2024-07-30T00:00:00+03:00,NO2,0.049
2024-07-30T00:00:00+03:00,CO,0.21
2024-07-31T00:00:00+03:00,PM2.5,0.01
2024-07-31T00:00:00+03:00,OZ,0.0095
2024-07-31T00:00:00+03:00,C6H6 (бензол),0.004
2024-07-31T00:00:00+03:00,NO2,0.039
2024-07-31T00:00:00+03:00,CO,0.22
2024-07-31T00:00:00+03:00,CH2O (формальдегид),0.0054
2024-07-31T00:00:00+03:00,C6H5OH (фенол),0.0007
2024-07-31T00:00:00+03:00,NO,0.02
2024-07-31T00:00:00+03:00,SO2,0.0005
2024-08-01T00:00:00+03:00,C6H6 (бензол),0.004
2024-08-01T00:00:00+03:00,CH2O (формальдегид),0.004
2024-08-01T00:00:00+03:00,OZ,0.012
2024-08-01T00:00:00+03:00,NO2,0.052
2024-08-01T00:00:00+03:00,CO,0.32
2024-08-01T00:00:00+03:00,NO,0.028
2024-08-01T00:00:00+03:00,PM2.5,0.01
2024-08-01T00:00:00+03:00,C6H5OH (фенол),0.0008
2024-08-01T00:00:00+03:00,SO2,0.0003
2024-08-02T00:00:00+03:00,PM2.5,0.009
2024-08-02T00:00:00+03:00,C6H5OH (фенол),0.0007
2024-08-02T00:00:00+03:00,SO2,0.0005
2024-08-02T00:00:00+03:00,NO2,0.037
2024-08-02T00:00:00+03:00,CO,0.27
2024-08-02T00:00:00+03:00,NO,0.023
2024-08-02T00:00:00+03:00,CH2O (формальдегид),0.0047
2024-08-02T00:00:00+03:00,OZ,0.0124
2024-08-02T00:00:00+03:00,C6H6 (бензол),0.005
2024-08-03T00:00:00+03:00,OZ,0.0074
2024-08-03T00:00:00+03:00,CH2O (формальдегид),0.0038
2024-08-03T00:00:00+03:00,C6H6 (бензол),0.005
2024-08-03T00:00:00+03:00,PM2.5,0.012
2024-08-03T00:00:00+03:00,NO,0.042
2024-08-03T00:00:00+03:00,NO2,0.039
2024-08-03T00:00:00+03:00,CO,0.5
2024-08-03T00:00:00+03:00,C6H5OH (фенол),0.0007
2024-08-03T00:00:00+03:00,SO2,0.0004
2024-08-04T00:00:00+03:00,C6H5OH (фенол),0.0008
2024-08-04T00:00:00+03:00,SO2,0.0004
2024-08-04T00:00:00+03:00,NO2,0.047
2024-08-04T00:00:00+03:00,C6H6 (бензол),0.005
2024-08-04T00:00:00+03:00,CH2O (формальдегид),0.0032
2024-08-04T00:00:00+03:00,OZ,0.016
2024-08-04T00:00:00+03:00,PM2.5,0.013
2024-08-04T00:00:00+03:00,CO,0.42
2024-08-04T00:00:00+03:00,NO,0.04
2024-08-05T00:00:00+03:00,C6H6 (бензол),0.005
2024-08-05T00:00:00+03:00,OZ,0.0157
2024-08-05T00:00:00+03:00,CO,0.37
2024-08-05T00:00:00+03:00,PM2.5,0.015
2024-08-05T00:00:00+03:00,NO,0.041
2024-08-05T00:00:00+03:00,C6H5OH (фенол),0.0008
2024-08-05T00:00:00+03:00,NO2,0.051
2024-08-05T00:00:00+03:00,CH2O (формальдегид),0.0035
2024-08-05T00:00:00+03:00,SO2,0.0005
2024-08-06T00:00:00+03:00,NO,0.072
2024-08-06T00:00:00+03:00,OZ,0.0159
2024-08-06T00:00:00+03:00,C6H5OH (фенол),0.0009
2024-08-06T00:00:00+03:00,C6H6 (бензол),0.006
2024-08-06T00:00:00+03:00,PM2.5,0.02
2024-08-06T00:00:00+03:00,CO,0.8
2024-08-06T00:00:00+03:00,SO2,0.0005
2024-08-06T00:00:00+03:00,NO2,0.06
2024-08-06T00:00:00+03:00,CH2O (формальдегид),0.0038
2024-08-07T00:00:00+03:00,OZ,0.0085
2024-08-07T00:00:00+03:00,NO,0.098
2024-08-07T00:00:00+03:00,CO,1.07
2024-08-07T00:00:00+03:00,PM2.5,0.022
2024-08-07T00:00:00+03:00,SO2,0.0007
2024-08-07T00:00:00+03:00,CH2O (формальдегид),0.0049
2024-08-07T00:00:00+03:00,C6H5OH (фенол),0.0008
2024-08-07T00:00:00+03:00,NO2,0.065
2024-08-07T00:00:00+03:00,C6H6 (бензол),0.006
2024-08-08T00:00:00+03:00,OZ,0.008
2024-08-08T00:00:00+03:00,CO,0.69
2024-08-08T00:00:00+03:00,C6H6 (бензол),0.005
2024-08-08T00:00:00+03:00,CH2O (формальдегид),0.0039
2024-08-08T00:00:00+03:00,NO2,0.053
2024-08-08T00:00:00+03:00,NO,0.054
2024-08-08T00:00:00+03:00,SO2,0.0008
2024-08-08T00:00:00+03:00,PM2.5,0.018
2024-08-08T00:00:00+03:00,C6H5OH (фенол),0.0008
2024-08-09T00:00:00+03:00,CH2O (формальдегид),0.0051
2024-08-09T00:00:00+03:00,CO,0.53
2024-08-09T00:00:00+03:00,C6H5OH (фенол),0.0006
2024-08-09T00:00:00+03:00,PM2.5,0.011
2024-08-09T00:00:00+03:00,C6H6 (бензол),0.005
2024-08-09T00:00:00+03:00,NO,0.03
2024-08-09T00:00:00+03:00,NO2,0.044
2024-08-09T00:00:00+03:00,OZ,0.0094
2024-08-09T00:00:00+03:00,SO2,0.0006
2024-08-10T00:00:00+03:00,C6H6 (бензол),0.005
2024-08-10T00:00:00+03:00,PM2.5,0.013
2024-08-10T00:00:00+03:00,NO,0.046
2024-08-10T00:00:00+03:00,NO2,0.05
2024-08-10T00:00:00+03:00,CO,0.45
2024-08-10T00:00:00+03:00,SO2,0.0005
2024-08-10T00:00:00+03:00,OZ,0.0177
2024-08-10T00:00:00+03:00,CH2O (формальдегид),0.0029
2024-08-10T00:00:00+03:00,C6H5OH (фенол),0.0008
2024-08-11T00:00:00+03:00,CO,0.21
2024-08-11T00:00:00+03:00,CH2O (формальдегид),0.0049
2024-08-11T00:00:00+03:00,C6H5OH (фенол),0.0007
2024-08-11T00:00:00+03:00,NO2,0.041
2024-08-11T00:00:00+03:00,SO2,0.0005
2024-08-11T00:00:00+03:00,C6H6 (бензол),0.005
2024-08-11T00:00:00+03:00,PM2.5,0.009
2024-08-11T00:00:00+03:00,OZ,0.0155
2024-08-11T00:00:00+03:00,NO,0.019
2024-08-12T00:00:00+03:00,SO2,0.0003
2024-08-12T00:00:00+03:00,C6H6 (бензол),0.005
2024-08-12T00:00:00+03:00,OZ,0.009
2024-08-12T00:00:00+03:00,CH2O (формальдегид),0.0033
2024-08-12T00:00:00+03:00,NO,0.011
2024-08-12T00:00:00+03:00,CO,0.49
2024-08-12T00:00:00+03:00,PM2.5,0.007
2024-08-12T00:00:00+03:00,NO2,0.033
2024-08-12T00:00:00+03:00,C6H5OH (фенол),0.0004
2024-08-13T00:00:00+03:00,OZ,0.0159
2024-08-13T00:00:00+03:00,CO,0.21
2024-08-13T00:00:00+03:00,CH2O (формальдегид),0.0043
2024-08-13T00:00:00+03:00,PM2.5,0.015
2024-08-13T00:00:00+03:00,SO2,0.0003
2024-08-13T00:00:00+03:00,C6H6 (бензол),0.005
2024-08-13T00:00:00+03:00,NO2,0.046
2024-08-13T00:00:00+03:00,NO,0.023
2024-08-13T00:00:00+03:00,C6H5OH (фенол),0.0006
2024-08-14T00:00:00+03:00,C6H5OH (фенол),0.0007
2024-08-14T00:00:00+03:00,NO2,0.045
2024-08-14T00:00:00+03:00,CO,0.29
2024-08-14T00:00:00+03:00,PM2.5,0.018
2024-08-14T00:00:00+03:00,NO,0.024
2024-08-14T00:00:00+03:00,SO2,0.0004
2024-08-14T00:00:00+03:00,CH2O (формальдегид),0.0035
2024-08-14T00:00:00+03:00,OZ,0.0222
2024-08-14T00:00:00+03:00,C6H6 (бензол),0.004
2024-08-15T00:00:00+03:00,SO2,0.0006
2024-08-15T00:00:00+03:00,NO,0.03
2024-08-15T00:00:00+03:00,PM2.5,0.017
2024-08-15T00:00:00+03:00,C6H6 (бензол),0.005
2024-08-15T00:00:00+03:00,CO,0.29
2024-08-15T00:00:00+03:00,OZ,0.0226
2024-08-15T00:00:00+03:00,C6H5OH (фенол),0.0005
2024-08-15T00:00:00+03:00,CH2O (формальдегид),0.0029
2024-08-15T00:00:00+03:00,NO2,0.054
2024-08-16T00:00:00+03:00,SO2,0.0006
2024-08-16T00:00:00+03:00,CO,0.27
2024-08-16T00:00:00+03:00,PM2.5,0.022
2024-08-16T00:00:00+03:00,NO2,0.058
2024-08-16T00:00:00+03:00,C6H5OH (фенол),0.0007
2024-08-16T00:00:00+03:00,NO,0.033
2024-08-16T00:00:00+03:00,OZ,0.0211
2024-08-16T00:00:00+03:00,C6H6 (бензол),0.005
2024-08-16T00:00:00+03:00,CH2O (формальдегид),0.0029
2024-08-17T00:00:00+03:00,CH2O (формальдегид),0.0059
2024-08-17T00:00:00+03:00,C6H5OH (фенол),0.0008
2024-08-17T00:00:00+03:00,NO2,0.068
2024-08-17T00:00:00+03:00,NO,0.047
2024-08-17T00:00:00+03:00,OZ,0.0102
2024-08-17T00:00:00+03:00,PM2.5,0.035
2024-08-17T00:00:00+03:00,C6H6 (бензол),0.005
2024-08-17T00:00:00+03:00,CO,0.75
2024-08-17T00:00:00+03:00,SO2,0.0003
2024-08-18T00:00:00+03:00,NO2,0.048
2024-08-18T00:00:00+03:00,CH2O (формальдегид),0.0035
2024-08-18T00:00:00+03:00,CO,0.24
2024-08-18T00:00:00+03:00,OZ,0.0256
2024-08-18T00:00:00+03:00,SO2,0.0004
2024-08-18T00:00:00+03:00,C6H6 (бензол),0.005
2024-08-18T00:00:00+03:00,PM2.5,0.023
2024-08-18T00:00:00+03:00,C6H5OH (фенол),0.0009
2024-08-18T00:00:00+03:00,NO,0.021
2024-08-19T00:00:00+03:00,C6H6 (бензол),0.006
2024-08-19T00:00:00+03:00,PM2.5,0.039
2024-08-19T00:00:00+03:00,SO2,0.0006
2024-08-19T00:00:00+03:00,OZ,0.021
2024-08-19T00:00:00+03:00,C6H5OH (фенол),0.0009
2024-08-19T00:00:00+03:00,CO,1
2024-08-19T00:00:00+03:00,NO2,0.073
2024-08-19T00:00:00+03:00,NO,0.103
2024-08-19T00:00:00+03:00,CH2O (формальдегид),0.0047
2024-08-20T00:00:00+03:00,OZ,0.0138
2024-08-20T00:00:00+03:00,C6H5OH (фенол),0.0007
2024-08-20T00:00:00+03:00,PM2.5,0.023
2024-08-20T00:00:00+03:00,SO2,0.0003
2024-08-20T00:00:00+03:00,CO,0.31
2024-08-20T00:00:00+03:00,CH2O (формальдегид),0.0038
2024-08-20T00:00:00+03:00,NO2,0.055
2024-08-20T00:00:00+03:00,C6H6 (бензол),0.005
2024-08-20T00:00:00+03:00,NO,0.031
2024-08-21T00:00:00+03:00,SO2,0.0024
2024-08-21T00:00:00+03:00,NO,0.029
2024-08-21T00:00:00+03:00,CO,0.47
2024-08-21T00:00:00+03:00,PM2.5,0.027
2024-08-21T00:00:00+03:00,C6H5OH (фенол),0.0008
2024-08-21T00:00:00+03:00,CH2O (формальдегид),0.0028
2024-08-21T00:00:00+03:00,OZ,0.0291
2024-08-21T00:00:00+03:00,C6H6 (бензол),0.005
2024-08-21T00:00:00+03:00,NO2,0.056
2024-08-22T00:00:00+03:00,C6H5OH (фенол),0.0007
2024-08-22T00:00:00+03:00,CO,0.6
2024-08-22T00:00:00+03:00,OZ,0.0163
2024-08-22T00:00:00+03:00,SO2,0.0032
2024-08-22T00:00:00+03:00,NO,0.039
2024-08-22T00:00:00+03:00,C6H6 (бензол),0.005
2024-08-22T00:00:00+03:00,PM2.5,0.023
2024-08-22T00:00:00+03:00,NO2,0.063
2024-08-22T00:00:00+03:00,CH2O (формальдегид),0.005
2024-08-23T00:00:00+03:00,NO2,0.067
2024-08-23T00:00:00+03:00,C6H6 (бензол),0.005
2024-08-23T00:00:00+03:00,PM2.5,0.022
2024-08-23T00:00:00+03:00,OZ,0.0106
2024-08-23T00:00:00+03:00,CO,0.44
2024-08-23T00:00:00+03:00,CH2O (формальдегид),0.004
2024-08-23T00:00:00+03:00,C6H5OH (фенол),0.0008
2024-08-23T00:00:00+03:00,SO2,0.0017
2024-08-23T00:00:00+03:00,NO,0.039
2024-08-24T00:00:00+03:00,OZ,0.0097
2024-08-24T00:00:00+03:00,NO,0.045
2024-08-24T00:00:00+03:00,C6H6 (бензол),0.005
2024-08-24T00:00:00+03:00,PM2.5,0.022
2024-08-24T00:00:00+03:00,CH2O (формальдегид),0.0033
2024-08-24T00:00:00+03:00,SO2,0.0004
2024-08-24T00:00:00+03:00,C6H5OH (фенол),0.0006
2024-08-24T00:00:00+03:00,CO,0.68
2024-08-24T00:00:00+03:00,NO2,0.059
2024-08-25T00:00:00+03:00,C6H6 (бензол),0.006
2024-08-25T00:00:00+03:00,OZ,0.0255
2024-08-25T00:00:00+03:00,SO2,0.0005
2024-08-25T00:00:00+03:00,CH2O (формальдегид),0.0036
2024-08-25T00:00:00+03:00,CO,0.98
2024-08-25T00:00:00+03:00,PM2.5,0.037
2024-08-25T00:00:00+03:00,C6H5OH (фенол),0.001
2024-08-25T00:00:00+03:00,NO,0.08
2024-08-25T00:00:00+03:00,NO2,0.075
2024-08-26T00:00:00+03:00,NO2,0.094
2024-08-26T00:00:00+03:00,CO,1.32
2024-08-26T00:00:00+03:00,C6H5OH (фенол),0.0011
2024-08-26T00:00:00+03:00,CH2O (формальдегид),0.0055
2024-08-26T00:00:00+03:00,NO,0.124
2024-08-26T00:00:00+03:00,SO2,0.0005
2024-08-26T00:00:00+03:00,C6H6 (бензол),0.007
2024-08-26T00:00:00+03:00,OZ,0.0278
2024-08-26T00:00:00+03:00,PM2.5,0.047
2024-08-27T00:00:00+03:00,NO2,0.103
2024-08-27T00:00:00+03:00,SO2,0.0012
2024-08-27T00:00:00+03:00,PM2.5,0.046
2024-08-27T00:00:00+03:00,C6H5OH (фенол),0.0013
2024-08-27T00:00:00+03:00,CH2O (формальдегид),0.0051
2024-08-27T00:00:00+03:00,NO,0.121
2024-08-27T00:00:00+03:00,C6H6 (бензол),0.007
2024-08-27T00:00:00+03:00,OZ,0.0273
2024-08-27T00:00:00+03:00,CO,1.28
2024-08-28T00:00:00+03:00,NO2,0.074
2024-08-28T00:00:00+03:00,PM2.5,0.034
2024-08-28T00:00:00+03:00,C6H5OH (фенол),0.0013
2024-08-28T00:00:00+03:00,C6H6 (бензол),0.006
2024-08-28T00:00:00+03:00,NO,0.086
2024-08-28T00:00:00+03:00,SO2,0.0012
2024-08-28T00:00:00+03:00,CO,0.92
2024-08-28T00:00:00+03:00,OZ,0.024
2024-08-28T00:00:00+03:00,CH2O (формальдегид),0.0054
2024-08-29T00:00:00+03:00,NO2,0.069
2024-08-29T00:00:00+03:00,SO2,0.0022
2024-08-29T00:00:00+03:00,C6H5OH (фенол),0.0008
2024-08-29T00:00:00+03:00,CH2O (формальдегид),0.0045
2024-08-29T00:00:00+03:00,OZ,0.0317
2024-08-29T00:00:00+03:00,NO,0.034
2024-08-29T00:00:00+03:00,CO,0.43
2024-08-29T00:00:00+03:00,PM2.5,0.027
2024-08-29T00:00:00+03:00,C6H6 (бензол),0.005
2024-08-30T00:00:00+03:00,NO,0.076
2024-08-30T00:00:00+03:00,SO2,0.0034
2024-08-30T00:00:00+03:00,CO,0.74
2024-08-30T00:00:00+03:00,CH2O (формальдегид),0.0088
2024-08-30T00:00:00+03:00,C6H5OH (фенол),0.0016
2024-08-30T00:00:00+03:00,NO2,0.088
2024-08-30T00:00:00+03:00,C6H6 (бензол),0.006
2024-08-30T00:00:00+03:00,PM2.5,0.03
2024-08-30T00:00:00+03:00,OZ,0.0265
2024-08-31T00:00:00+03:00,PM2.5,0.028
2024-08-31T00:00:00+03:00,SO2,0.003
2024-08-31T00:00:00+03:00,C6H5OH (фенол),0.0016
2024-08-31T00:00:00+03:00,C6H6 (бензол),0.006
2024-08-31T00:00:00+03:00,CH2O (формальдегид),0.0106
2024-08-31T00:00:00+03:00,CO,0.52
2024-08-31T00:00:00+03:00,NO,0.054
2024-08-31T00:00:00+03:00,OZ,0.0143
2024-08-31T00:00:00+03:00,NO2,0.082
2024-09-01T00:00:00+03:00,CH2O (формальдегид),0.0092
2024-09-01T00:00:00+03:00,NO,0.033
2024-09-01T00:00:00+03:00,C6H6 (бензол),0.007
2024-09-01T00:00:00+03:00,OZ,0.0155
2024-09-01T00:00:00+03:00,C6H5OH (фенол),0.002
2024-09-01T00:00:00+03:00,NO2,0.081
2024-09-01T00:00:00+03:00,PM2.5,0.026
2024-09-01T00:00:00+03:00,SO2,0.0027
2024-09-01T00:00:00+03:00,CO,0.57
2024-09-02T00:00:00+03:00,CO,0.72
2024-09-02T00:00:00+03:00,NO,0.049
2024-09-02T00:00:00+03:00,C6H6 (бензол),0.006
2024-09-02T00:00:00+03:00,OZ,0.0164
2024-09-02T00:00:00+03:00,NO2,0.086
2024-09-02T00:00:00+03:00,PM2.5,0.022
2024-09-02T00:00:00+03:00,SO2,0.0028
2024-09-02T00:00:00+03:00,CH2O (формальдегид),0.0104
2024-09-02T00:00:00+03:00,C6H5OH (фенол),0.0016
2024-09-03T00:00:00+03:00,SO2,0.0016
2024-09-03T00:00:00+03:00,CH2O (формальдегид),0.0098
2024-09-03T00:00:00+03:00,C6H6 (бензол),0.006
2024-09-03T00:00:00+03:00,OZ,0.0251
2024-09-03T00:00:00+03:00,NO2,0.086
2024-09-03T00:00:00+03:00,C6H5OH (фенол),0.002
2024-09-03T00:00:00+03:00,CO,1.02
2024-09-03T00:00:00+03:00,PM2.5,0.025
2024-09-03T00:00:00+03:00,NO,0.084
2024-09-04T00:00:00+03:00,C6H6 (бензол),0.006
2024-09-04T00:00:00+03:00,NO2,0.051
2024-09-04T00:00:00+03:00,SO2,0.0014
2024-09-04T00:00:00+03:00,CH2O (формальдегид),0.0097
2024-09-04T00:00:00+03:00,CO,0.67
2024-09-04T00:00:00+03:00,C6H5OH (фенол),0.002
2024-09-04T00:00:00+03:00,NO,0.05
2024-09-04T00:00:00+03:00,OZ,0.0176
2024-09-04T00:00:00+03:00,PM2.5,0.019
2024-09-05T00:00:00+03:00,PM2.5,0.012
2024-09-05T00:00:00+03:00,CO,0.42
2024-09-05T00:00:00+03:00,OZ,0.0195
2024-09-05T00:00:00+03:00,SO2,0.002
2024-09-05T00:00:00+03:00,NO2,0.054
2024-09-05T00:00:00+03:00,C6H6 (бензол),0.006
2024-09-05T00:00:00+03:00,NO,0.028
2024-09-05T00:00:00+03:00,CH2O (формальдегид),0.0052
2024-09-05T00:00:00+03:00,C6H5OH (фенол),0.0016
2024-09-06T00:00:00+03:00,PM2.5,0.025
2024-09-06T00:00:00+03:00,SO2,0.0018
2024-09-06T00:00:00+03:00,CH2O (формальдегид),0.0077
2024-09-06T00:00:00+03:00,CO,1.17
2024-09-06T00:00:00+03:00,NO2,0.089
2024-09-06T00:00:00+03:00,OZ,0.0102
2024-09-06T00:00:00+03:00,NO,0.147
2024-09-06T00:00:00+03:00,C6H6 (бензол),0.007
2024-09-06T00:00:00+03:00,C6H5OH (фенол),0.0013
2024-09-07T00:00:00+03:00,OZ,0.007
2024-09-07T00:00:00+03:00,CO,1.82
2024-09-07T00:00:00+03:00,C6H6 (бензол),0.009
2024-09-07T00:00:00+03:00,NO2,0.116
2024-09-07T00:00:00+03:00,NO,0.261
2024-09-07T00:00:00+03:00,CH2O (формальдегид),0.0088
2024-09-07T00:00:00+03:00,SO2,0.0016
2024-09-07T00:00:00+03:00,C6H5OH (фенол),0.0018
2024-09-07T00:00:00+03:00,PM2.5,0.037
2024-09-08T00:00:00+03:00,C6H6 (бензол),0.01
2024-09-08T00:00:00+03:00,CO,1.8
2024-09-08T00:00:00+03:00,C6H5OH (фенол),0.0021
2024-09-08T00:00:00+03:00,OZ,0.0196
2024-09-08T00:00:00+03:00,NO,0.226
2024-09-08T00:00:00+03:00,CH2O (формальдегид),0.0096
2024-09-08T00:00:00+03:00,PM2.5,0.043
2024-09-08T00:00:00+03:00,SO2,0.0026
2024-09-08T00:00:00+03:00,NO2,0.118
2024-09-09T00:00:00+03:00,NO2,0.099
2024-09-09T00:00:00+03:00,CO,1.2
2024-09-09T00:00:00+03:00,C6H6 (бензол),0.008
2024-09-09T00:00:00+03:00,NO,0.16
2024-09-09T00:00:00+03:00,PM2.5,0.03
2024-09-09T00:00:00+03:00,SO2,0.0026
2024-09-09T00:00:00+03:00,CH2O (формальдегид),0.0074
2024-09-09T00:00:00+03:00,C6H5OH (фенол),0.0018
2024-09-09T00:00:00+03:00,OZ,0.0171
2024-09-10T00:00:00+03:00,OZ,0.0076
2024-09-10T00:00:00+03:00,C6H6 (бензол),0.006
2024-09-10T00:00:00+03:00,PM2.5,0.022
2024-09-10T00:00:00+03:00,SO2,0.004
2024-09-10T00:00:00+03:00,NO2,0.083
2024-09-10T00:00:00+03:00,C6H5OH (фенол),0.0017
2024-09-10T00:00:00+03:00,CH2O (формальдегид),0.0086
2024-09-10T00:00:00+03:00,CO,0.57
2024-09-10T00:00:00+03:00,NO,0.061
2024-09-11T00:00:00+03:00,C6H6 (бензол),0.006
2024-09-11T00:00:00+03:00,CO,0.53
2024-09-11T00:00:00+03:00,CH2O (формальдегид),0.0097
2024-09-11T00:00:00+03:00,NO2,0.07
2024-09-11T00:00:00+03:00,NO,0.054
2024-09-11T00:00:00+03:00,SO2,0.0025
2024-09-11T00:00:00+03:00,OZ,0.0038
2024-09-11T00:00:00+03:00,PM2.5,0.021
2024-09-11T00:00:00+03:00,C6H5OH (фенол),0.0018
2024-09-12T00:00:00+03:00,C6H6 (бензол),0.006
2024-09-12T00:00:00+03:00,NO,0.054
2024-09-12T00:00:00+03:00,CO,0.51
2024-09-12T00:00:00+03:00,C6H5OH (фенол),0.002
2024-09-12T00:00:00+03:00,CH2O (формальдегид),0.0101
2024-09-12T00:00:00+03:00,NO2,0.071
2024-09-12T00:00:00+03:00,PM2.5,0.021
2024-09-12T00:00:00+03:00,SO2,0.003
2024-09-12T00:00:00+03:00,OZ,0.0021
2024-09-13T00:00:00+03:00,OZ,0.0124
2024-09-13T00:00:00+03:00,SO2,0.0026
2024-09-13T00:00:00+03:00,C6H6 (бензол),0.006
2024-09-13T00:00:00+03:00,CH2O (формальдегид),0.0112
2024-09-13T00:00:00+03:00,CO,0.4
2024-09-13T00:00:00+03:00,NO2,0.068
2024-09-13T00:00:00+03:00,C6H5OH (фенол),0.0018
2024-09-13T00:00:00+03:00,NO,0.047
2024-09-13T00:00:00+03:00,PM2.5,0.024
2024-09-14T00:00:00+03:00,SO2,0.0043
2024-09-14T00:00:00+03:00,NO,0.042
2024-09-14T00:00:00+03:00,C6H6 (бензол),0.006
2024-09-14T00:00:00+03:00,OZ,0.013
2024-09-14T00:00:00+03:00,PM2.5,0.023
2024-09-14T00:00:00+03:00,CH2O (формальдегид),0.0096
2024-09-14T00:00:00+03:00,C6H5OH (фенол),0.0019
2024-09-14T00:00:00+03:00,NO2,0.069
2024-09-14T00:00:00+03:00,CO,0.31
2024-09-15T00:00:00+03:00,SO2,0.0038
2024-09-15T00:00:00+03:00,CO,0.72
2024-09-15T00:00:00+03:00,CH2O (формальдегид),0.0116
2024-09-15T00:00:00+03:00,NO2,0.08
2024-09-15T00:00:00+03:00,OZ,0.0141
2024-09-15T00:00:00+03:00,NO,0.086
2024-09-15T00:00:00+03:00,PM2.5,0.024
2024-09-15T00:00:00+03:00,C6H5OH (фенол),0.0015
2024-09-15T00:00:00+03:00,C6H6 (бензол),0.007
2024-09-16T00:00:00+03:00,C6H5OH (фенол),0.0018
2024-09-16T00:00:00+03:00,NO,0.166
2024-09-16T00:00:00+03:00,CO,1.25
2024-09-16T00:00:00+03:00,NO2,0.09
2024-09-16T00:00:00+03:00,C6H6 (бензол),0.008
2024-09-16T00:00:00+03:00,OZ,0.0199
2024-09-16T00:00:00+03:00,PM2.5,0.032
2024-09-16T00:00:00+03:00,CH2O (формальдегид),0.0071
2024-09-16T00:00:00+03:00,SO2,0.0016
2024-09-17T00:00:00+03:00,NO2,0.103
2024-09-17T00:00:00+03:00,PM2.5,0.034
2024-09-17T00:00:00+03:00,CO,1.17
2024-09-17T00:00:00+03:00,OZ,0.0137
2024-09-17T00:00:00+03:00,CH2O (формальдегид),0.0092
2024-09-17T00:00:00+03:00,C6H6 (бензол),0.008
2024-09-17T00:00:00+03:00,SO2,0.0044
2024-09-17T00:00:00+03:00,C6H5OH (фенол),0.0017
2024-09-17T00:00:00+03:00,NO,0.178
2024-09-18T00:00:00+03:00,PM2.5,0.043
2024-09-18T00:00:00+03:00,NO2,0.121
2024-09-18T00:00:00+03:00,CO,1.67
2024-09-18T00:00:00+03:00,SO2,0.002
2024-09-18T00:00:00+03:00,NO,0.279
2024-09-18T00:00:00+03:00,CH2O (формальдегид),0.0079
2024-09-18T00:00:00+03:00,C6H6 (бензол),0.01
2024-09-18T00:00:00+03:00,OZ,0.0126
2024-09-18T00:00:00+03:00,C6H5OH (фенол),0.0017
2024-09-19T00:00:00+03:00,NO,0.11
2024-09-19T00:00:00+03:00,C6H5OH (фенол),0.0017
2024-09-19T00:00:00+03:00,SO2,0.001
2024-09-19T00:00:00+03:00,C6H6 (бензол),0.007
2024-09-19T00:00:00+03:00,NO2,0.082
2024-09-19T00:00:00+03:00,OZ,0.0146
2024-09-19T00:00:00+03:00,PM2.5,0.026
2024-09-19T00:00:00+03:00,CH2O (формальдегид),0.0074
2024-09-19T00:00:00+03:00,CO,0.72
2024-09-20T00:00:00+03:00,C6H5OH (фенол),0.0013
2024-09-20T00:00:00+03:00,SO2,0.0009
2024-09-20T00:00:00+03:00,OZ,0.0067
2024-09-20T00:00:00+03:00,NO,0.043
2024-09-20T00:00:00+03:00,CH2O (формальдегид),0.0065
2024-09-20T00:00:00+03:00,PM2.5,0.01
2024-09-20T00:00:00+03:00,NO2,0.053
2024-09-20T00:00:00+03:00,C6H6 (бензол),0.005
2024-09-20T00:00:00+03:00,CO,0.28
2024-09-21T00:00:00+03:00,NO,0.026
2024-09-21T00:00:00+03:00,SO2,0.0007
2024-09-21T00:00:00+03:00,C6H6 (бензол),0.006
2024-09-21T00:00:00+03:00,OZ,0.0076
2024-09-21T00:00:00+03:00,CO,0.21
2024-09-21T00:00:00+03:00,NO2,0.049
2024-09-21T00:00:00+03:00,CH2O (формальдегид),0.0076
2024-09-21T00:00:00+03:00,PM2.5,0.01
2024-09-21T00:00:00+03:00,C6H5OH (фенол),0.0017
2024-09-22T00:00:00+03:00,CO,0.2
2024-09-22T00:00:00+03:00,CH2O (формальдегид),0.0064
2024-09-22T00:00:00+03:00,NO,0.015
2024-09-22T00:00:00+03:00,NO2,0.039
2024-09-22T00:00:00+03:00,C6H6 (бензол),0.006
2024-09-22T00:00:00+03:00,SO2,0.0009
2024-09-22T00:00:00+03:00,PM2.5,0.005
2024-09-22T00:00:00+03:00,C6H5OH (фенол),0.0015
2024-09-22T00:00:00+03:00,OZ,0.017
2024-09-23T00:00:00+03:00,PM2.5,0.022
2024-09-23T00:00:00+03:00,C6H6 (бензол),0.008
2024-09-23T00:00:00+03:00,CH2O (формальдегид),0.0081
2024-09-23T00:00:00+03:00,NO2,0.083
2024-09-23T00:00:00+03:00,CO,1.19
2024-09-23T00:00:00+03:00,SO2,0.0008
2024-09-23T00:00:00+03:00,C6H5OH (фенол),0.0013
2024-09-23T00:00:00+03:00,OZ,0.0082
2024-09-23T00:00:00+03:00,NO,0.184
2024-09-24T00:00:00+03:00,SO2,0.0015
2024-09-24T00:00:00+03:00,PM2.5,0.023
2024-09-24T00:00:00+03:00,NO,0.116
2024-09-24T00:00:00+03:00,NO2,0.097
2024-09-24T00:00:00+03:00,OZ,0.0068
2024-09-24T00:00:00+03:00,CO,0.86
2024-09-24T00:00:00+03:00,C6H5OH (фенол),0.0011
2024-09-24T00:00:00+03:00,C6H6 (бензол),0.007
2024-09-24T00:00:00+03:00,CH2O (формальдегид),0.0082
2024-09-25T00:00:00+03:00,CH2O (формальдегид),0.0078
2024-09-25T00:00:00+03:00,C6H5OH (фенол),0.0014
2024-09-25T00:00:00+03:00,SO2,0.0012
2024-09-25T00:00:00+03:00,NO,0.084
2024-09-25T00:00:00+03:00,C6H6 (бензол),0.006
2024-09-25T00:00:00+03:00,OZ,0.0076
2024-09-25T00:00:00+03:00,PM2.5,0.026
2024-09-25T00:00:00+03:00,NO2,0.094
2024-09-25T00:00:00+03:00,CO,0.77
2024-09-26T00:00:00+03:00,C6H5OH (фенол),0.0016
2024-09-26T00:00:00+03:00,PM2.5,0.023
2024-09-26T00:00:00+03:00,CH2O (формальдегид),0.0106
2024-09-26T00:00:00+03:00,OZ,0.0111
2024-09-26T00:00:00+03:00,NO,0.067
2024-09-26T00:00:00+03:00,SO2,0.0018
2024-09-26T00:00:00+03:00,CO,0.46
2024-09-26T00:00:00+03:00,NO2,0.08
2024-09-26T00:00:00+03:00,C6H6 (бензол),0.007
2024-09-27T00:00:00+03:00,SO2,0.0017
2024-09-27T00:00:00+03:00,C6H6 (бензол),0.006
2024-09-27T00:00:00+03:00,NO,0.045
2024-09-27T00:00:00+03:00,NO2,0.059
2024-09-27T00:00:00+03:00,C6H5OH (фенол),0.0022
2024-09-27T00:00:00+03:00,CO,0.31
2024-09-27T00:00:00+03:00,PM2.5,0.022
2024-09-27T00:00:00+03:00,CH2O (формальдегид),0.0131
2024-09-27T00:00:00+03:00,OZ,0.0017
2024-09-28T00:00:00+03:00,C6H5OH (фенол),0.002
2024-09-28T00:00:00+03:00,PM2.5,0.023
2024-09-28T00:00:00+03:00,NO,0.049
2024-09-28T00:00:00+03:00,CO,0.24
2024-09-28T00:00:00+03:00,C6H6 (бензол),0.006
2024-09-28T00:00:00+03:00,SO2,0.0011
2024-09-28T00:00:00+03:00,NO2,0.055
2024-09-28T00:00:00+03:00,OZ,0.0064
2024-09-28T00:00:00+03:00,CH2O (формальдегид),0.0125
2024-09-29T00:00:00+03:00,CO,0.5
2024-09-29T00:00:00+03:00,SO2,0.0011
2024-09-29T00:00:00+03:00,C6H5OH (фенол),0.0016
2024-09-29T00:00:00+03:00,C6H6 (бензол),0.006
2024-09-29T00:00:00+03:00,OZ,0.0044
2024-09-29T00:00:00+03:00,PM2.5,0.021
2024-09-29T00:00:00+03:00,NO2,0.055
2024-09-29T00:00:00+03:00,CH2O (формальдегид),0.0111
2024-09-29T00:00:00+03:00,NO,0.048
2024-09-30T00:00:00+03:00,NO,0.02
2024-09-30T00:00:00+03:00,SO2,0.0013
2024-09-30T00:00:00+03:00,NO2,0.039
2024-09-30T00:00:00+03:00,PM2.5,0.006
2024-09-30T00:00:00+03:00,C6H5OH (фенол),0.0016
2024-09-30T00:00:00+03:00,C6H6 (бензол),0.006
2024-09-30T00:00:00+03:00,OZ,0.0058
2024-09-30T00:00:00+03:00,CO,0.37
2024-09-30T00:00:00+03:00,CH2O (формальдегид),0.0066
2024-10-01T00:00:00+03:00,C6H6 (бензол),0.005
2024-10-01T00:00:00+03:00,NO2,0.041
2024-10-01T00:00:00+03:00,C6H5OH (фенол),0.0013
2024-10-01T00:00:00+03:00,OZ,0.0048
2024-10-01T00:00:00+03:00,CO,0.15
2024-10-01T00:00:00+03:00,SO2,0.0014
2024-10-01T00:00:00+03:00,PM2.5,0.011
2024-10-01T00:00:00+03:00,CH2O (формальдегид),0.0066
2024-10-01T00:00:00+03:00,NO,0.025
2024-10-02T00:00:00+03:00,NO2,0.086
2024-10-02T00:00:00+03:00,NO,0.089
2024-10-02T00:00:00+03:00,CO,0.68
2024-10-02T00:00:00+03:00,CH2O (формальдегид),0.0081
2024-10-02T00:00:00+03:00,C6H6 (бензол),0.007
2024-10-02T00:00:00+03:00,PM2.5,0.029
2024-10-02T00:00:00+03:00,OZ,0.0062
2024-10-02T00:00:00+03:00,C6H5OH (фенол),0.001
2024-10-02T00:00:00+03:00,SO2,0.0041
2024-10-03T00:00:00+03:00,NO,0.243
2024-10-03T00:00:00+03:00,C6H5OH (фенол),0.0013
2024-10-03T00:00:00+03:00,PM2.5,0.038
2024-10-03T00:00:00+03:00,CO,1.44
2024-10-03T00:00:00+03:00,C6H6 (бензол),0.009
2024-10-03T00:00:00+03:00,CH2O (формальдегид),0.0084
2024-10-03T00:00:00+03:00,SO2,0.0013
2024-10-03T00:00:00+03:00,OZ,0.0075
2024-10-03T00:00:00+03:00,NO2,0.11
2024-10-04T00:00:00+03:00,NO2,0.089
2024-10-04T00:00:00+03:00,CO,1.13
2024-10-04T00:00:00+03:00,NO,0.138
2024-10-04T00:00:00+03:00,CH2O (формальдегид),0.0073
2024-10-04T00:00:00+03:00,PM2.5,0.036
2024-10-04T00:00:00+03:00,OZ,0
2024-10-04T00:00:00+03:00,SO2,0.0011
2024-10-04T00:00:00+03:00,C6H6 (бензол),0.009
2024-10-04T00:00:00+03:00,C6H5OH (фенол),0.0016
2024-10-05T00:00:00+03:00,CH2O (формальдегид),0.0047
2024-10-05T00:00:00+03:00,NO,0.035
2024-10-05T00:00:00+03:00,OZ,0.0004
2024-10-05T00:00:00+03:00,NO2,0.051
2024-10-05T00:00:00+03:00,SO2,0.0007
2024-10-05T00:00:00+03:00,CO,0.5
2024-10-05T00:00:00+03:00,C6H6 (бензол),0.006
2024-10-05T00:00:00+03:00,PM2.5,0.017
2024-10-05T00:00:00+03:00,C6H5OH (фенол),0.0008
2024-10-06T00:00:00+03:00,CH2O (формальдегид),0.0055
2024-10-06T00:00:00+03:00,PM2.5,0.01
2024-10-06T00:00:00+03:00,C6H5OH (фенол),0.0013
2024-10-06T00:00:00+03:00,NO,0.021
2024-10-06T00:00:00+03:00,CO,0.49
2024-10-06T00:00:00+03:00,NO2,0.041
2024-10-06T00:00:00+03:00,OZ,0.0028
2024-10-06T00:00:00+03:00,C6H6 (бензол),0.006
2024-10-06T00:00:00+03:00,SO2,0.0016
2024-10-07T00:00:00+03:00,CH2O (формальдегид),0.0068
2024-10-07T00:00:00+03:00,NO2,0.048
2024-10-07T00:00:00+03:00,C6H6 (бензол),0.007
2024-10-07T00:00:00+03:00,NO,0.105
2024-10-07T00:00:00+03:00,PM2.5,0.026
2024-10-07T00:00:00+03:00,C6H5OH (фенол),0.0011
2024-10-07T00:00:00+03:00,OZ,0
2024-10-07T00:00:00+03:00,SO2,0.0013
2024-10-07T00:00:00+03:00,CO,0.8
2024-10-08T00:00:00+03:00,PM2.5,0.022
2024-10-08T00:00:00+03:00,NO,0.054
2024-10-08T00:00:00+03:00,NO2,0.043
2024-10-08T00:00:00+03:00,OZ,0
2024-10-08T00:00:00+03:00,SO2,0.0011
2024-10-08T00:00:00+03:00,CO,0.53
2024-10-08T00:00:00+03:00,C6H5OH (фенол),0.0013
2024-10-08T00:00:00+03:00,C6H6 (бензол),0.007
2024-10-08T00:00:00+03:00,CH2O (формальдегид),0.0022
2024-10-09T00:00:00+03:00,NO2,0.033
2024-10-09T00:00:00+03:00,PM2.5,
2024-10-09T00:00:00+03:00,C6H5OH (фенол),
2024-10-09T00:00:00+03:00,C6H6 (бензол),
2024-10-09T00:00:00+03:00,NO,0.037
2024-10-09T00:00:00+03:00,SO2,
2024-10-09T00:00:00+03:00,OZ,
2024-10-09T00:00:00+03:00,CO,0.4
2024-10-09T00:00:00+03:00,CH2O (формальдегид),
2024-10-10T00:00:00+03:00,CH2O (формальдегид),
2024-10-10T00:00:00+03:00,OZ,
2024-10-10T00:00:00+03:00,C6H5OH (фенол),
2024-10-10T00:00:00+03:00,C6H6 (бензол),
2024-10-10T00:00:00+03:00,PM2.5,
2024-10-10T00:00:00+03:00,NO2,0.041
2024-10-10T00:00:00+03:00,SO2,
2024-10-10T00:00:00+03:00,CO,0.52
2024-10-10T00:00:00+03:00,NO,0.082
2024-10-11T00:00:00+03:00,PM2.5,
2024-10-11T00:00:00+03:00,CO,0.56
2024-10-11T00:00:00+03:00,NO2,0.048
2024-10-11T00:00:00+03:00,C6H5OH (фенол),
2024-10-11T00:00:00+03:00,CH2O (формальдегид),
2024-10-11T00:00:00+03:00,OZ,
2024-10-11T00:00:00+03:00,NO,0.072
2024-10-11T00:00:00+03:00,SO2,
2024-10-11T00:00:00+03:00,C6H6 (бензол),
2024-10-12T00:00:00+03:00,C6H5OH (фенол),
2024-10-12T00:00:00+03:00,PM2.5,
2024-10-12T00:00:00+03:00,NO,0.041
2024-10-12T00:00:00+03:00,NO2,0.038
2024-10-12T00:00:00+03:00,C6H6 (бензол),
2024-10-12T00:00:00+03:00,OZ,
2024-10-12T00:00:00+03:00,CO,0.23
2024-10-12T00:00:00+03:00,CH2O (формальдегид),
2024-10-12T00:00:00+03:00,SO2,
2024-10-13T00:00:00+03:00,C6H5OH (фенол),
2024-10-13T00:00:00+03:00,PM2.5,
2024-10-13T00:00:00+03:00,NO2,0.035
2024-10-13T00:00:00+03:00,OZ,
2024-10-13T00:00:00+03:00,CH2O (формальдегид),
2024-10-13T00:00:00+03:00,C6H6 (бензол),
2024-10-13T00:00:00+03:00,NO,0.036
2024-10-13T00:00:00+03:00,CO,0.44
2024-10-13T00:00:00+03:00,SO2,
2024-10-14T00:00:00+03:00,PM2.5,
2024-10-14T00:00:00+03:00,NO,0.059
2024-10-14T00:00:00+03:00,CO,0.52
2024-10-14T00:00:00+03:00,C6H6 (бензол),
2024-10-14T00:00:00+03:00,CH2O (формальдегид),
2024-10-14T00:00:00+03:00,NO2,0.042
2024-10-14T00:00:00+03:00,C6H5OH (фенол),
2024-10-14T00:00:00+03:00,OZ,
2024-10-14T00:00:00+03:00,SO2,
2024-10-15T00:00:00+03:00,NO,0.105
2024-10-15T00:00:00+03:00,C6H5OH (фенол),
2024-10-15T00:00:00+03:00,C6H6 (бензол),
2024-10-15T00:00:00+03:00,OZ,
2024-10-15T00:00:00+03:00,SO2,
2024-10-15T00:00:00+03:00,NO2,0.047
2024-10-15T00:00:00+03:00,CH2O (формальдегид),
2024-10-15T00:00:00+03:00,CO,0.68
2024-10-15T00:00:00+03:00,PM2.5,
2024-10-16T00:00:00+03:00,CO,0.62
2024-10-16T00:00:00+03:00,C6H5OH (фенол),0.0008
2024-10-16T00:00:00+03:00,CH2O (формальдегид),0.0079
2024-10-16T00:00:00+03:00,PM2.5,0.007
2024-10-16T00:00:00+03:00,NO2,0.045
2024-10-16T00:00:00+03:00,SO2,0.0007
2024-10-16T00:00:00+03:00,OZ,
2024-10-16T00:00:00+03:00,C6H6 (бензол),0.005
2024-10-16T00:00:00+03:00,NO,0.039
2024-10-17T00:00:00+03:00,SO2,0.0006
2024-10-17T00:00:00+03:00,PM2.5,0.011
2024-10-17T00:00:00+03:00,NO2,0.05
2024-10-17T00:00:00+03:00,OZ,
2024-10-17T00:00:00+03:00,C6H6 (бензол),0.005
2024-10-17T00:00:00+03:00,NO,0.07
2024-10-17T00:00:00+03:00,C6H5OH (фенол),0.0008
2024-10-17T00:00:00+03:00,CO,0.62
2024-10-17T00:00:00+03:00,CH2O (формальдегид),0.0061
2024-10-18T00:00:00+03:00,CH2O (формальдегид),0.0066
2024-10-18T00:00:00+03:00,C6H6 (бензол),0.006
2024-10-18T00:00:00+03:00,SO2,0.0013
2024-10-18T00:00:00+03:00,CO,0.61
2024-10-18T00:00:00+03:00,C6H5OH (фенол),0.0006
2024-10-18T00:00:00+03:00,OZ,0.0022
2024-10-18T00:00:00+03:00,PM2.5,0.014
2024-10-18T00:00:00+03:00,NO2,0.057
2024-10-18T00:00:00+03:00,NO,0.091
2024-10-19T00:00:00+03:00,C6H6 (бензол),0.006
2024-10-19T00:00:00+03:00,OZ,0.0046
2024-10-19T00:00:00+03:00,NO,0.092
2024-10-19T00:00:00+03:00,SO2,0.0009
2024-10-19T00:00:00+03:00,PM2.5,0.015
2024-10-19T00:00:00+03:00,C6H5OH (фенол),0.0007
2024-10-19T00:00:00+03:00,CH2O (формальдегид),0.0078
2024-10-19T00:00:00+03:00,CO,0.43
2024-10-19T00:00:00+03:00,NO2,0.06
2024-10-20T00:00:00+03:00,CO,0.56
2024-10-20T00:00:00+03:00,NO,0.067
2024-10-20T00:00:00+03:00,SO2,0.0009
2024-10-20T00:00:00+03:00,C6H6 (бензол),0.006
2024-10-20T00:00:00+03:00,C6H5OH (фенол),0.0009
2024-10-20T00:00:00+03:00,PM2.5,0.013
2024-10-20T00:00:00+03:00,CH2O (формальдегид),0.0077
2024-10-20T00:00:00+03:00,NO2,0.057
2024-10-20T00:00:00+03:00,OZ,0.0057
2024-10-21T00:00:00+03:00,CO,1.21
2024-10-21T00:00:00+03:00,PM2.5,0.027
2024-10-21T00:00:00+03:00,CH2O (формальдегид),0.0092
2024-10-21T00:00:00+03:00,NO2,0.082
2024-10-21T00:00:00+03:00,C6H5OH (фенол),0.0011
2024-10-21T00:00:00+03:00,NO,0.218
2024-10-21T00:00:00+03:00,OZ,0.0039
2024-10-21T00:00:00+03:00,C6H6 (бензол),0.008
2024-10-21T00:00:00+03:00,SO2,0.0008
2024-10-22T00:00:00+03:00,C6H6 (бензол),0.006
2024-10-22T00:00:00+03:00,CH2O (формальдегид),0.008
2024-10-22T00:00:00+03:00,CO,0.58
2024-10-22T00:00:00+03:00,C6H5OH (фенол),0.0013
2024-10-22T00:00:00+03:00,NO,0.045
2024-10-22T00:00:00+03:00,SO2,0.0008
2024-10-22T00:00:00+03:00,PM2.5,0.014
2024-10-22T00:00:00+03:00,NO2,0.057
2024-10-22T00:00:00+03:00,OZ,0.0046
2024-10-23T00:00:00+03:00,NO2,0.049
2024-10-23T00:00:00+03:00,CO,0.34
2024-10-23T00:00:00+03:00,OZ,0.003
2024-10-23T00:00:00+03:00,PM2.5,0.012
2024-10-23T00:00:00+03:00,C6H5OH (фенол),0.0009
2024-10-23T00:00:00+03:00,NO,0.038
2024-10-23T00:00:00+03:00,CH2O (формальдегид),0.0037
2024-10-23T00:00:00+03:00,C6H6 (бензол),0.006
2024-10-23T00:00:00+03:00,SO2,0.0007
2024-10-24T00:00:00+03:00,SO2,0.0005
2024-10-24T00:00:00+03:00,NO,0.025
2024-10-24T00:00:00+03:00,CH2O (формальдегид),0.0089
2024-10-24T00:00:00+03:00,OZ,0.0073
2024-10-24T00:00:00+03:00,C6H6 (бензол),0.006
2024-10-24T00:00:00+03:00,PM2.5,0.007
2024-10-24T00:00:00+03:00,CO,0.2
2024-10-24T00:00:00+03:00,NO2,0.047
2024-10-24T00:00:00+03:00,C6H5OH (фенол),0.0018
2024-10-25T00:00:00+03:00,C6H6 (бензол),0.005
2024-10-25T00:00:00+03:00,NO,0.017
2024-10-25T00:00:00+03:00,PM2.5,0.006
2024-10-25T00:00:00+03:00,C6H5OH (фенол),0.0014
2024-10-25T00:00:00+03:00,CO,0.06
2024-10-25T00:00:00+03:00,NO2,0.045
2024-10-25T00:00:00+03:00,SO2,0.0007
2024-10-25T00:00:00+03:00,OZ,0.015
2024-10-25T00:00:00+03:00,CH2O (формальдегид),0.0086
2024-10-26T00:00:00+03:00,OZ,0.0011
2024-10-26T00:00:00+03:00,NO2,0.063
2024-10-26T00:00:00+03:00,CO,0.85
2024-10-26T00:00:00+03:00,NO,0.117
2024-10-26T00:00:00+03:00,C6H5OH (фенол),0.0011
2024-10-26T00:00:00+03:00,C6H6 (бензол),0.006
2024-10-26T00:00:00+03:00,SO2,0.0004
2024-10-26T00:00:00+03:00,PM2.5,0.016
2024-10-26T00:00:00+03:00,CH2O (формальдегид),0.0051
2024-10-27T00:00:00+03:00,CH2O (формальдегид),0.0039
2024-10-27T00:00:00+03:00,C6H5OH (фенол),0.0009
2024-10-27T00:00:00+03:00,OZ,0.0002
2024-10-27T00:00:00+03:00,NO,0.08
2024-10-27T00:00:00+03:00,SO2,0.0009
2024-10-27T00:00:00+03:00,CO,0.54
2024-10-27T00:00:00+03:00,PM2.5,0.015
2024-10-27T00:00:00+03:00,NO2,0.055
2024-10-27T00:00:00+03:00,C6H6 (бензол),0.006
2024-10-28T00:00:00+03:00,PM2.5,0.024
2024-10-28T00:00:00+03:00,C6H5OH (фенол),0.0011
2024-10-28T00:00:00+03:00,C6H6 (бензол),0.007
2024-10-28T00:00:00+03:00,CO,0.65
2024-10-28T00:00:00+03:00,SO2,0.0011
2024-10-28T00:00:00+03:00,NO,0.126
2024-10-28T00:00:00+03:00,OZ,0.0002
2024-10-28T00:00:00+03:00,NO2,0.056
2024-10-28T00:00:00+03:00,CH2O (формальдегид),0.0023
2024-10-29T00:00:00+03:00,C6H6 (бензол),0.006
2024-10-29T00:00:00+03:00,NO2,0.049
2024-10-29T00:00:00+03:00,OZ,0.0031
2024-10-29T00:00:00+03:00,C6H5OH (фенол),0.0013
2024-10-29T00:00:00+03:00,NO,0.034
2024-10-29T00:00:00+03:00,CH2O (формальдегид),0.0058
2024-10-29T00:00:00+03:00,PM2.5,0.007
2024-10-29T00:00:00+03:00,SO2,0.0006
2024-10-29T00:00:00+03:00,CO,0.28
2024-10-30T00:00:00+03:00,PM2.5,0.008
2024-10-30T00:00:00+03:00,OZ,0.0021
2024-10-30T00:00:00+03:00,NO2,0.054
2024-10-30T00:00:00+03:00,CH2O (формальдегид),0.0063
2024-10-30T00:00:00+03:00,SO2,0.0005
2024-10-30T00:00:00+03:00,CO,0.4
2024-10-30T00:00:00+03:00,NO,0.074
2024-10-30T00:00:00+03:00,C6H6 (бензол),0.005
2024-10-30T00:00:00+03:00,C6H5OH (фенол),0.001
2024-10-31T00:00:00+03:00,NO,0.019
2024-10-31T00:00:00+03:00,OZ,0.0151
2024-10-31T00:00:00+03:00,C6H5OH (фенол),0.0018
2024-10-31T00:00:00+03:00,SO2,0.0007
2024-10-31T00:00:00+03:00,C6H6 (бензол),0.005
2024-10-31T00:00:00+03:00,CO,0.18
2024-10-31T00:00:00+03:00,NO2,0.044
2024-10-31T00:00:00+03:00,CH2O (формальдегид),0.01
2024-10-31T00:00:00+03:00,PM2.5,0.006
2024-11-01T00:00:00+03:00,PM2.5,0.006
2024-11-01T00:00:00+03:00,NO2,0.048
2024-11-01T00:00:00+03:00,SO2,0.0007
2024-11-01T00:00:00+03:00,CH2O (формальдегид),0.0092
2024-11-01T00:00:00+03:00,NO,0.066
2024-11-01T00:00:00+03:00,OZ,0.0045
2024-11-01T00:00:00+03:00,C6H5OH (фенол),0.0014
2024-11-01T00:00:00+03:00,CO,0.37
2024-11-01T00:00:00+03:00,C6H6 (бензол),0.005
2024-11-02T00:00:00+03:00,OZ,0.0133
2024-11-02T00:00:00+03:00,NO,0.019
2024-11-02T00:00:00+03:00,SO2,0.0006
2024-11-02T00:00:00+03:00,C6H5OH (фенол),0.0015
2024-11-02T00:00:00+03:00,CH2O (формальдегид),0.0054
2024-11-02T00:00:00+03:00,CO,0.33
2024-11-02T00:00:00+03:00,PM2.5,0.007
2024-11-02T00:00:00+03:00,C6H6 (бензол),0.005
2024-11-02T00:00:00+03:00,NO2,0.04
2024-11-03T00:00:00+03:00,OZ,0.0063
2024-11-03T00:00:00+03:00,CO,0.1
2024-11-03T00:00:00+03:00,C6H5OH (фенол),0.0018
2024-11-03T00:00:00+03:00,C6H6 (бензол),0.005
2024-11-03T00:00:00+03:00,PM2.5,0.005
2024-11-03T00:00:00+03:00,CH2O (формальдегид),0.0083
2024-11-03T00:00:00+03:00,NO2,0.04
2024-11-03T00:00:00+03:00,SO2,0.0007
2024-11-03T00:00:00+03:00,NO,0.018
2024-11-04T00:00:00+03:00,OZ,0.0121
2024-11-04T00:00:00+03:00,CO,0.03
2024-11-04T00:00:00+03:00,PM2.5,0.007
2024-11-04T00:00:00+03:00,C6H6 (бензол),0.005
2024-11-04T00:00:00+03:00,C6H5OH (фенол),0.0012
2024-11-04T00:00:00+03:00,CH2O (формальдегид),0.0071
2024-11-04T00:00:00+03:00,NO,0.019
2024-11-04T00:00:00+03:00,NO2,0.041
2024-11-04T00:00:00+03:00,SO2,0.001
2024-11-05T00:00:00+03:00,NO2,0.046
2024-11-05T00:00:00+03:00,OZ,0.0074
2024-11-05T00:00:00+03:00,PM2.5,0.006
2024-11-05T00:00:00+03:00,NO,0.02
2024-11-05T00:00:00+03:00,C6H6 (бензол),0.005
2024-11-05T00:00:00+03:00,CO,0.28
2024-11-05T00:00:00+03:00,CH2O (формальдегид),0.0094
2024-11-05T00:00:00+03:00,SO2,0.0005
2024-11-05T00:00:00+03:00,C6H5OH (фенол),0.0013
2024-11-06T00:00:00+03:00,OZ,0.0007
2024-11-06T00:00:00+03:00,SO2,0.0005
2024-11-06T00:00:00+03:00,CH2O (формальдегид),0.0076
2024-11-06T00:00:00+03:00,NO2,0.056
2024-11-06T00:00:00+03:00,CO,0.46
2024-11-06T00:00:00+03:00,C6H6 (бензол),0.005
2024-11-06T00:00:00+03:00,C6H5OH (фенол),0.0011
2024-11-06T00:00:00+03:00,PM2.5,0.008
2024-11-06T00:00:00+03:00,NO,0.067
2024-11-07T00:00:00+03:00,PM2.5,0.007
2024-11-07T00:00:00+03:00,NO,0.028
2024-11-07T00:00:00+03:00,CH2O (формальдегид),0.0086
2024-11-07T00:00:00+03:00,C6H5OH (фенол),0.0015
2024-11-07T00:00:00+03:00,CO,0.45
2024-11-07T00:00:00+03:00,NO2,0.042
2024-11-07T00:00:00+03:00,C6H6 (бензол),0.004
2024-11-07T00:00:00+03:00,OZ,0.0023
2024-11-07T00:00:00+03:00,SO2,0.0007
2024-11-08T00:00:00+03:00,C6H6 (бензол),0.004
2024-11-08T00:00:00+03:00,CH2O (формальдегид),0.0069
2024-11-08T00:00:00+03:00,PM2.5,0.006
2024-11-08T00:00:00+03:00,NO,0.02
2024-11-08T00:00:00+03:00,CO,0.15
2024-11-08T00:00:00+03:00,SO2,0.0006
2024-11-08T00:00:00+03:00,OZ,0.005
2024-11-08T00:00:00+03:00,C6H5OH (фенол),0.0015
2024-11-08T00:00:00+03:00,NO2,0.03
2024-11-09T00:00:00+03:00,PM2.5,0.007
2024-11-09T00:00:00+03:00,C6H6 (бензол),0.004
2024-11-09T00:00:00+03:00,SO2,0.0007
2024-11-09T00:00:00+03:00,NO,0.019
2024-11-09T00:00:00+03:00,CO,0.23
2024-11-09T00:00:00+03:00,NO2,0.026
2024-11-09T00:00:00+03:00,C6H5OH (фенол),0.0014
2024-11-09T00:00:00+03:00,OZ,0.0063
2024-11-09T00:00:00+03:00,CH2O (формальдегид),0.005
2024-11-10T00:00:00+03:00,PM2.5,0.007
2024-11-10T00:00:00+03:00,NO2,0.029
2024-11-10T00:00:00+03:00,SO2,0.0008
2024-11-10T00:00:00+03:00,NO,0.012
2024-11-10T00:00:00+03:00,OZ,0.0189
2024-11-10T00:00:00+03:00,C6H6 (бензол),0.004
2024-11-10T00:00:00+03:00,CH2O (формальдегид),0.003
2024-11-10T00:00:00+03:00,C6H5OH (фенол),0.0014
2024-11-10T00:00:00+03:00,CO,0.27
2024-11-11T00:00:00+03:00,PM2.5,0.012
2024-11-11T00:00:00+03:00,NO,0.029
2024-11-11T00:00:00+03:00,CO,0.29
2024-11-11T00:00:00+03:00,CH2O (формальдегид),0.0064
2024-11-11T00:00:00+03:00,C6H5OH (фенол),0.0011
2024-11-11T00:00:00+03:00,OZ,0.0134
2024-11-11T00:00:00+03:00,C6H6 (бензол),0.004
2024-11-11T00:00:00+03:00,SO2,0.001
2024-11-11T00:00:00+03:00,NO2,0.047
2024-11-12T00:00:00+03:00,CH2O (формальдегид),0.0102
2024-11-12T00:00:00+03:00,C6H6 (бензол),0.004
2024-11-12T00:00:00+03:00,OZ,0.0005
2024-11-12T00:00:00+03:00,CO,0.11
2024-11-12T00:00:00+03:00,PM2.5,0.014
2024-11-12T00:00:00+03:00,SO2,0.001
2024-11-12T00:00:00+03:00,NO2,0.054
2024-11-12T00:00:00+03:00,C6H5OH (фенол),0.0012
2024-11-12T00:00:00+03:00,NO,0.048
2024-11-13T00:00:00+03:00,CH2O (формальдегид),0.0054
2024-11-13T00:00:00+03:00,NO,0.051
2024-11-13T00:00:00+03:00,NO2,0.039
2024-11-13T00:00:00+03:00,CO,0.01
2024-11-13T00:00:00+03:00,C6H5OH (фенол),0.0017
2024-11-13T00:00:00+03:00,OZ,0.0002
2024-11-13T00:00:00+03:00,C6H6 (бензол),0.004
2024-11-13T00:00:00+03:00,PM2.5,0.009
2024-11-13T00:00:00+03:00,SO2,0.0006
2024-11-14T00:00:00+03:00,C6H5OH (фенол),0.0018
2024-11-14T00:00:00+03:00,C6H6 (бензол),0.004
2024-11-14T00:00:00+03:00,NO2,0.045
2024-11-14T00:00:00+03:00,SO2,0.0007
2024-11-14T00:00:00+03:00,OZ,0.0013
2024-11-14T00:00:00+03:00,NO,0.047
2024-11-14T00:00:00+03:00,CO,0.06
2024-11-14T00:00:00+03:00,CH2O (формальдегид),0.0072
2024-11-14T00:00:00+03:00,PM2.5,0.013
2024-11-15T00:00:00+03:00,CH2O (формальдегид),0.0045
2024-11-15T00:00:00+03:00,PM2.5,0.01
2024-11-15T00:00:00+03:00,NO,0.046
2024-11-15T00:00:00+03:00,C6H5OH (фенол),0.0015
2024-11-15T00:00:00+03:00,C6H6 (бензол),0.005
2024-11-15T00:00:00+03:00,NO2,0.046
2024-11-15T00:00:00+03:00,OZ,0.0014
2024-11-15T00:00:00+03:00,CO,0.06
2024-11-15T00:00:00+03:00,SO2,0.0006
2024-11-16T00:00:00+03:00,NO2,0.034
2024-11-16T00:00:00+03:00,OZ,0.0041
2024-11-16T00:00:00+03:00,NO,0.027
2024-11-16T00:00:00+03:00,CH2O (формальдегид),0.0032
2024-11-16T00:00:00+03:00,C6H5OH (фенол),0.0015
2024-11-16T00:00:00+03:00,PM2.5,0.007
2024-11-16T00:00:00+03:00,CO,0.16
2024-11-16T00:00:00+03:00,SO2,0.0007
2024-11-16T00:00:00+03:00,C6H6 (бензол),0.005
2024-11-17T00:00:00+03:00,PM2.5,0.005
2024-11-17T00:00:00+03:00,C6H6 (бензол),0.005
2024-11-17T00:00:00+03:00,OZ,0.0062
2024-11-17T00:00:00+03:00,CH2O (формальдегид),0.0005
2024-11-17T00:00:00+03:00,SO2,0.0006
2024-11-17T00:00:00+03:00,NO,0.031
2024-11-17T00:00:00+03:00,C6H5OH (фенол),0.002
2024-11-17T00:00:00+03:00,CO,0.19
2024-11-17T00:00:00+03:00,NO2,0.025
2024-11-18T00:00:00+03:00,SO2,0.0007
2024-11-18T00:00:00+03:00,NO2,0.036
2024-11-18T00:00:00+03:00,C6H5OH (фенол),0.0016
2024-11-18T00:00:00+03:00,PM2.5,0.014
2024-11-18T00:00:00+03:00,OZ,0.0066
2024-11-18T00:00:00+03:00,NO,0.054
2024-11-18T00:00:00+03:00,C6H6 (бензол),0.005
2024-11-18T00:00:00+03:00,CH2O (формальдегид),0.0019
2024-11-18T00:00:00+03:00,CO,0.3
2024-11-19T00:00:00+03:00,C6H6 (бензол),0.005
2024-11-19T00:00:00+03:00,PM2.5,0.01
2024-11-19T00:00:00+03:00,SO2,0.0006
2024-11-19T00:00:00+03:00,CH2O (формальдегид),0.0019
2024-11-19T00:00:00+03:00,C6H5OH (фенол),0.0015
2024-11-19T00:00:00+03:00,NO2,0.039
2024-11-19T00:00:00+03:00,OZ,0.0069
2024-11-19T00:00:00+03:00,NO,0.046
2024-11-19T00:00:00+03:00,CO,0.18
2024-11-20T00:00:00+03:00,NO,0.058
2024-11-20T00:00:00+03:00,PM2.5,0.012
2024-11-20T00:00:00+03:00,C6H6 (бензол),0.005
2024-11-20T00:00:00+03:00,OZ,0.007
2024-11-20T00:00:00+03:00,SO2,0.0009
2024-11-20T00:00:00+03:00,NO2,0.044
2024-11-20T00:00:00+03:00,CH2O (формальдегид),0.0023
2024-11-20T00:00:00+03:00,C6H5OH (фенол),0.0016
2024-11-20T00:00:00+03:00,CO,0.22
2024-11-21T00:00:00+03:00,OZ,0.0048
2024-11-21T00:00:00+03:00,C6H5OH (фенол),0.0017
2024-11-21T00:00:00+03:00,NO,0.05
2024-11-21T00:00:00+03:00,CO,0.12
2024-11-21T00:00:00+03:00,SO2,0.0014
2024-11-21T00:00:00+03:00,CH2O (формальдегид),0.0024
2024-11-21T00:00:00+03:00,NO2,0.047
2024-11-21T00:00:00+03:00,C6H6 (бензол),0.006
2024-11-21T00:00:00+03:00,PM2.5,0.012
2024-11-22T00:00:00+03:00,CH2O (формальдегид),0.0032
2024-11-22T00:00:00+03:00,NO2,0.039
2024-11-22T00:00:00+03:00,SO2,0.0007
2024-11-22T00:00:00+03:00,OZ,0.0128
2024-11-22T00:00:00+03:00,CO,0.14
2024-11-22T00:00:00+03:00,NO,0.043
2024-11-22T00:00:00+03:00,C6H6 (бензол),0.005
2024-11-22T00:00:00+03:00,C6H5OH (фенол),0.0014
2024-11-22T00:00:00+03:00,PM2.5,0.009
2024-11-23T00:00:00+03:00,NO2,0.044
2024-11-23T00:00:00+03:00,C6H5OH (фенол),0.0014
2024-11-23T00:00:00+03:00,SO2,0.0015
2024-11-23T00:00:00+03:00,NO,0.066
2024-11-23T00:00:00+03:00,PM2.5,0.01
2024-11-23T00:00:00+03:00,CO,0.23
2024-11-23T00:00:00+03:00,OZ,0.0046
2024-11-23T00:00:00+03:00,C6H6 (бензол),0.005
2024-11-23T00:00:00+03:00,CH2O (формальдегид),0.0036
2024-11-24T00:00:00+03:00,NO2,0.036
2024-11-24T00:00:00+03:00,SO2,0.0006
2024-11-24T00:00:00+03:00,CH2O (формальдегид),0.0027
2024-11-24T00:00:00+03:00,NO,0.018
2024-11-24T00:00:00+03:00,CO,0.03
2024-11-24T00:00:00+03:00,OZ,0.0092
2024-11-24T00:00:00+03:00,C6H5OH (фенол),0.0014
2024-11-24T00:00:00+03:00,C6H6 (бензол),0.005
2024-11-24T00:00:00+03:00,PM2.5,0.008
2024-11-25T00:00:00+03:00,PM2.5,0.01
2024-11-25T00:00:00+03:00,NO,0.078
2024-11-25T00:00:00+03:00,CO,0.26
2024-11-25T00:00:00+03:00,OZ,0.0075
2024-11-25T00:00:00+03:00,NO2,0.049
2024-11-25T00:00:00+03:00,C6H5OH (фенол),0.0009
2024-11-25T00:00:00+03:00,CH2O (формальдегид),0.0023
2024-11-25T00:00:00+03:00,C6H6 (бензол),0.005
2024-11-25T00:00:00+03:00,SO2,0.0006
2024-11-26T00:00:00+03:00,C6H5OH (фенол),0.0009
2024-11-26T00:00:00+03:00,SO2,0.0008
2024-11-26T00:00:00+03:00,CH2O (формальдегид),0.0017
2024-11-26T00:00:00+03:00,C6H6 (бензол),0.005
2024-11-26T00:00:00+03:00,CO,0.33
2024-11-26T00:00:00+03:00,NO2,0.052
2024-11-26T00:00:00+03:00,PM2.5,0.015
2024-11-26T00:00:00+03:00,NO,0.114
2024-11-26T00:00:00+03:00,OZ,0.0046
2024-11-27T00:00:00+03:00,C6H6 (бензол),0.005
2024-11-27T00:00:00+03:00,NO2,0.047
2024-11-27T00:00:00+03:00,OZ,0
2024-11-27T00:00:00+03:00,SO2,0.0006
2024-11-27T00:00:00+03:00,C6H5OH (фенол),0.0017
2024-11-27T00:00:00+03:00,NO,0.12
2024-11-27T00:00:00+03:00,PM2.5,0.013
2024-11-27T00:00:00+03:00,CO,0.26
2024-11-27T00:00:00+03:00,CH2O (формальдегид),0.0018
2024-11-28T00:00:00+03:00,CH2O (формальдегид),0.0001
2024-11-28T00:00:00+03:00,OZ,0
2024-11-28T00:00:00+03:00,SO2,0.0006
2024-11-28T00:00:00+03:00,NO,0.078
2024-11-28T00:00:00+03:00,PM2.5,0.012
2024-11-28T00:00:00+03:00,C6H6 (бензол),0.005
2024-11-28T00:00:00+03:00,NO2,0.043
2024-11-28T00:00:00+03:00,C6H5OH (фенол),0.003
2024-11-28T00:00:00+03:00,CO,0.15
2024-11-29T00:00:00+03:00,C6H5OH (фенол),0.0023
2024-11-29T00:00:00+03:00,CO,0.14
2024-11-29T00:00:00+03:00,PM2.5,0.011
2024-11-29T00:00:00+03:00,C6H6 (бензол),0.005
2024-11-29T00:00:00+03:00,NO2,0.04
2024-11-29T00:00:00+03:00,OZ,0
2024-11-29T00:00:00+03:00,NO,0.058
2024-11-29T00:00:00+03:00,SO2,0.0009
2024-11-29T00:00:00+03:00,CH2O (формальдегид),0.0051
2024-11-30T00:00:00+03:00,PM2.5,0.009
2024-11-30T00:00:00+03:00,OZ,0.0071
2024-11-30T00:00:00+03:00,NO,0.027
2024-11-30T00:00:00+03:00,CH2O (формальдегид),0.0028
2024-11-30T00:00:00+03:00,CO,0.05
2024-11-30T00:00:00+03:00,C6H6 (бензол),0.005
2024-11-30T00:00:00+03:00,SO2,0.0008
2024-11-30T00:00:00+03:00,C6H5OH (фенол),0.0013
2024-11-30T00:00:00+03:00,NO2,0.038
2024-12-01T00:00:00+03:00,CO,0.02
2024-12-01T00:00:00+03:00,NO,0.018
2024-12-01T00:00:00+03:00,C6H5OH (фенол),0.0013
2024-12-01T00:00:00+03:00,C6H6 (бензол),0.005
2024-12-01T00:00:00+03:00,CH2O (формальдегид),0.0031
2024-12-01T00:00:00+03:00,OZ,0.0061
2024-12-01T00:00:00+03:00,NO2,0.029
2024-12-01T00:00:00+03:00,PM2.5,0.006
2024-12-01T00:00:00+03:00,SO2,0.0008
2024-12-02T00:00:00+03:00,PM2.5,0.008
2024-12-02T00:00:00+03:00,C6H5OH (фенол),0.0011
2024-12-02T00:00:00+03:00,NO2,0.037
2024-12-02T00:00:00+03:00,SO2,0.0006
2024-12-02T00:00:00+03:00,OZ,0.007
2024-12-02T00:00:00+03:00,CH2O (формальдегид),0.0043
2024-12-02T00:00:00+03:00,C6H6 (бензол),0.005
2024-12-02T00:00:00+03:00,CO,0.15
2024-12-02T00:00:00+03:00,NO,0.044
2024-12-03T00:00:00+03:00,OZ,0.007
2024-12-03T00:00:00+03:00,C6H5OH (фенол),0.0011
2024-12-03T00:00:00+03:00,CO,0.1
2024-12-03T00:00:00+03:00,SO2,0.0007
2024-12-03T00:00:00+03:00,PM2.5,0.008
2024-12-03T00:00:00+03:00,CH2O (формальдегид),0.0038
2024-12-03T00:00:00+03:00,C6H6 (бензол),0.005
2024-12-03T00:00:00+03:00,NO,0.054
2024-12-03T00:00:00+03:00,NO2,0.037
2024-12-04T00:00:00+03:00,OZ,0.0173
2024-12-04T00:00:00+03:00,C6H6 (бензол),0.005
2024-12-04T00:00:00+03:00,NO,0.036
2024-12-04T00:00:00+03:00,CH2O (формальдегид),0.0022
2024-12-04T00:00:00+03:00,C6H5OH (фенол),0.0008
2024-12-04T00:00:00+03:00,NO2,0.036
2024-12-04T00:00:00+03:00,CO,0.07
2024-12-04T00:00:00+03:00,PM2.5,0.007
2024-12-04T00:00:00+03:00,SO2,0.0009
2024-12-05T00:00:00+03:00,PM2.5,0.009
2024-12-05T00:00:00+03:00,CH2O (формальдегид),0.0028
2024-12-05T00:00:00+03:00,CO,0.1
2024-12-05T00:00:00+03:00,NO2,0.047
2024-12-05T00:00:00+03:00,C6H6 (бензол),0.004
2024-12-05T00:00:00+03:00,OZ,0.0176
2024-12-05T00:00:00+03:00,NO,0.045
2024-12-05T00:00:00+03:00,SO2,0.0015
2024-12-05T00:00:00+03:00,C6H5OH (фенол),0.0008
2024-12-06T00:00:00+03:00,NO2,0.043
2024-12-06T00:00:00+03:00,SO2,0.0021
2024-12-06T00:00:00+03:00,C6H6 (бензол),0.005
2024-12-06T00:00:00+03:00,OZ,0.0077
2024-12-06T00:00:00+03:00,CH2O (формальдегид),0.0052
2024-12-06T00:00:00+03:00,CO,0.05
2024-12-06T00:00:00+03:00,PM2.5,0.011
2024-12-06T00:00:00+03:00,C6H5OH (фенол),0.0009
2024-12-06T00:00:00+03:00,NO,0.044
2024-12-07T00:00:00+03:00,C6H6 (бензол),0.005
2024-12-07T00:00:00+03:00,CO,0.13
2024-12-07T00:00:00+03:00,NO2,0.037
2024-12-07T00:00:00+03:00,SO2,0.0013
2024-12-07T00:00:00+03:00,CH2O (формальдегид),0.0007
2024-12-07T00:00:00+03:00,C6H5OH (фенол),0.0008
2024-12-07T00:00:00+03:00,NO,0.055
2024-12-07T00:00:00+03:00,OZ,0.0125
2024-12-07T00:00:00+03:00,PM2.5,0.01
2024-12-08T00:00:00+03:00,C6H5OH (фенол),0.0004
2024-12-08T00:00:00+03:00,OZ,0.01
2024-12-08T00:00:00+03:00,C6H6 (бензол),0.005
2024-12-08T00:00:00+03:00,NO,0.069
2024-12-08T00:00:00+03:00,CO,0.15
2024-12-08T00:00:00+03:00,PM2.5,0.012
2024-12-08T00:00:00+03:00,CH2O (формальдегид),0.0004
2024-12-08T00:00:00+03:00,SO2,0.0006
2024-12-08T00:00:00+03:00,NO2,0.04
2024-12-09T00:00:00+03:00,C6H6 (бензол),0.005
2024-12-09T00:00:00+03:00,PM2.5,0.01
2024-12-09T00:00:00+03:00,NO2,0.043
2024-12-09T00:00:00+03:00,CH2O (формальдегид),0.0005
2024-12-09T00:00:00+03:00,C6H5OH (фенол),0.0006
2024-12-09T00:00:00+03:00,SO2,0.0006
2024-12-09T00:00:00+03:00,CO,0.24
2024-12-09T00:00:00+03:00,NO,0.076
2024-12-09T00:00:00+03:00,OZ,0.0136
2024-12-10T00:00:00+03:00,OZ,0.0088
2024-12-10T00:00:00+03:00,C6H6 (бензол),0.005
2024-12-10T00:00:00+03:00,CO,0.14
2024-12-10T00:00:00+03:00,NO2,0.042
2024-12-10T00:00:00+03:00,PM2.5,0.008
2024-12-10T00:00:00+03:00,NO,0.058
2024-12-10T00:00:00+03:00,C6H5OH (фенол),0.0005
2024-12-10T00:00:00+03:00,CH2O (формальдегид),0.0021
2024-12-10T00:00:00+03:00,SO2,0.0008
2024-12-11T00:00:00+03:00,SO2,0.0007
2024-12-11T00:00:00+03:00,C6H6 (бензол),0.004
2024-12-11T00:00:00+03:00,NO2,0.044
2024-12-11T00:00:00+03:00,OZ,0.0201
2024-12-11T00:00:00+03:00,NO,0.044
2024-12-11T00:00:00+03:00,PM2.5,0.006
2024-12-11T00:00:00+03:00,C6H5OH (фенол),0.0006
2024-12-11T00:00:00+03:00,CO,0.04
2024-12-11T00:00:00+03:00,CH2O (формальдегид),0.003
2024-12-12T00:00:00+03:00,NO,0.026
2024-12-12T00:00:00+03:00,CH2O (формальдегид),0.0023
2024-12-12T00:00:00+03:00,PM2.5,0.005
2024-12-12T00:00:00+03:00,SO2,0.0011
2024-12-12T00:00:00+03:00,NO2,0.048
2024-12-12T00:00:00+03:00,OZ,0.0362
2024-12-12T00:00:00+03:00,C6H6 (бензол),0.003
2024-12-12T00:00:00+03:00,C6H5OH (фенол),0.0007
2024-12-12T00:00:00+03:00,CO,0.19
2024-12-13T00:00:00+03:00,NO2,0.042
2024-12-13T00:00:00+03:00,C6H5OH (фенол),0.0008
2024-12-13T00:00:00+03:00,CH2O (формальдегид),0.0013
2024-12-13T00:00:00+03:00,SO2,0.0015
2024-12-13T00:00:00+03:00,CO,0.69
2024-12-13T00:00:00+03:00,OZ,0.0502
2024-12-13T00:00:00+03:00,PM2.5,0.006
2024-12-13T00:00:00+03:00,NO,0.016
2024-12-13T00:00:00+03:00,C6H6 (бензол),0.003
2024-12-14T00:00:00+03:00,CH2O (формальдегид),0.0024
2024-12-14T00:00:00+03:00,C6H6 (бензол),0.003
2024-12-14T00:00:00+03:00,NO2,0.058
2024-12-14T00:00:00+03:00,NO,0.054
2024-12-14T00:00:00+03:00,SO2,0.0012
2024-12-14T00:00:00+03:00,PM2.5,0.008
2024-12-14T00:00:00+03:00,CO,0.31
2024-12-14T00:00:00+03:00,C6H5OH (фенол),0.0006
2024-12-14T00:00:00+03:00,OZ,0.031
2024-12-15T00:00:00+03:00,CH2O (формальдегид),0.0035
2024-12-15T00:00:00+03:00,PM2.5,0.011
2024-12-15T00:00:00+03:00,OZ,0.0337
2024-12-15T00:00:00+03:00,C6H6 (бензол),0.005
2024-12-15T00:00:00+03:00,NO,0.042
2024-12-15T00:00:00+03:00,C6H5OH (фенол),0.0005
2024-12-15T00:00:00+03:00,CO,0.5
2024-12-15T00:00:00+03:00,SO2,0.0013
2024-12-15T00:00:00+03:00,NO2,0.046
2024-12-16T00:00:00+03:00,CH2O (формальдегид),0.0019
2024-12-16T00:00:00+03:00,NO,0.057
2024-12-16T00:00:00+03:00,C6H5OH (фенол),0.0004
2024-12-16T00:00:00+03:00,NO2,0.046
2024-12-16T00:00:00+03:00,CO,0.41
2024-12-16T00:00:00+03:00,OZ,0.0187
2024-12-16T00:00:00+03:00,PM2.5,0.008
2024-12-16T00:00:00+03:00,C6H6 (бензол),0.005
2024-12-16T00:00:00+03:00,SO2,0.0005
2024-12-17T00:00:00+03:00,SO2,0.0008
2024-12-17T00:00:00+03:00,NO,0.021
2024-12-17T00:00:00+03:00,PM2.5,0.007
2024-12-17T00:00:00+03:00,OZ,0.0165
2024-12-17T00:00:00+03:00,CH2O (формальдегид),0.0041
2024-12-17T00:00:00+03:00,C6H5OH (фенол),0.002
2024-12-17T00:00:00+03:00,NO2,0.045
2024-12-17T00:00:00+03:00,CO,0.22
2024-12-17T00:00:00+03:00,C6H6 (бензол),0.006
2024-12-18T00:00:00+03:00,PM2.5,0.01
2024-12-18T00:00:00+03:00,NO2,0.033
2024-12-18T00:00:00+03:00,C6H6 (бензол),0.005
2024-12-18T00:00:00+03:00,CH2O (формальдегид),0.004
2024-12-18T00:00:00+03:00,CO,0.19
2024-12-18T00:00:00+03:00,OZ,0.019
2024-12-18T00:00:00+03:00,SO2,0.001
2024-12-18T00:00:00+03:00,C6H5OH (фенол),0.0009
2024-12-18T00:00:00+03:00,NO,0.016
2024-12-19T00:00:00+03:00,CH2O (формальдегид),0.0001
2024-12-19T00:00:00+03:00,NO,0.1
2024-12-19T00:00:00+03:00,SO2,0.0006
2024-12-19T00:00:00+03:00,CO,0.55
2024-12-19T00:00:00+03:00,C6H6 (бензол),0.005
2024-12-19T00:00:00+03:00,OZ,0.0228
2024-12-19T00:00:00+03:00,PM2.5,0.012
2024-12-19T00:00:00+03:00,NO2,0.059
2024-12-19T00:00:00+03:00,C6H5OH (фенол),0.0001
2024-12-20T00:00:00+03:00,C6H5OH (фенол),0.0005
2024-12-20T00:00:00+03:00,NO,0.092
2024-12-20T00:00:00+03:00,C6H6 (бензол),0.005
2024-12-20T00:00:00+03:00,CH2O (формальдегид),0.002
2024-12-20T00:00:00+03:00,SO2,0.0008
2024-12-20T00:00:00+03:00,NO2,0.055
2024-12-20T00:00:00+03:00,CO,0.62
2024-12-20T00:00:00+03:00,OZ,0.0218
2024-12-20T00:00:00+03:00,PM2.5,0.016
2024-12-21T00:00:00+03:00,C6H6 (бензол),0.005
2024-12-21T00:00:00+03:00,SO2,0.0009
2024-12-21T00:00:00+03:00,NO2,0.05
2024-12-21T00:00:00+03:00,CH2O (формальдегид),0.0051
2024-12-21T00:00:00+03:00,PM2.5,0.009
2024-12-21T00:00:00+03:00,NO,0.043
2024-12-21T00:00:00+03:00,CO,0.44
2024-12-21T00:00:00+03:00,C6H5OH (фенол),0.0005
2024-12-21T00:00:00+03:00,OZ,0.0296
2024-12-22T00:00:00+03:00,OZ,0.0317
2024-12-22T00:00:00+03:00,SO2,0.0008
2024-12-22T00:00:00+03:00,C6H6 (бензол),0.004
2024-12-22T00:00:00+03:00,NO2,0.052
2024-12-22T00:00:00+03:00,NO,0.048
2024-12-22T00:00:00+03:00,C6H5OH (фенол),0.0006
2024-12-22T00:00:00+03:00,CH2O (формальдегид),0.004
2024-12-22T00:00:00+03:00,PM2.5,0.008
2024-12-22T00:00:00+03:00,CO,0.41
2024-12-23T00:00:00+03:00,CH2O (формальдегид),0.0059
2024-12-23T00:00:00+03:00,OZ,0.0249
2024-12-23T00:00:00+03:00,CO,0.73
2024-12-23T00:00:00+03:00,C6H5OH (фенол),0.0005
2024-12-23T00:00:00+03:00,SO2,0.0013
2024-12-23T00:00:00+03:00,NO2,0.057
2024-12-23T00:00:00+03:00,NO,0.099
2024-12-23T00:00:00+03:00,PM2.5,0.015
2024-12-23T00:00:00+03:00,C6H6 (бензол),0.005
2024-12-24T00:00:00+03:00,NO,0.164
2024-12-24T00:00:00+03:00,NO2,0.041
2024-12-24T00:00:00+03:00,C6H5OH (фенол),0.0005
2024-12-24T00:00:00+03:00,OZ,0.0188
2024-12-24T00:00:00+03:00,CO,0.98
2024-12-24T00:00:00+03:00,CH2O (формальдегид),0.0061
2024-12-24T00:00:00+03:00,SO2,0.0012
2024-12-24T00:00:00+03:00,PM2.5,0.02
2024-12-24T00:00:00+03:00,C6H6 (бензол),0.006
2025-01-19T00:00:00+03:00,NO,0.011
2025-01-19T00:00:00+03:00,CH2O (формальдегид),0.0031
2025-01-19T00:00:00+03:00,PM2.5,0.006
2025-01-19T00:00:00+03:00,C6H6 (бензол),0.005
2025-01-19T00:00:00+03:00,OZ,0.0567
2025-01-19T00:00:00+03:00,CO,0.25
2025-01-19T00:00:00+03:00,C6H5OH (фенол),0.0007
2025-01-19T00:00:00+03:00,NO2,0.037
2025-01-19T00:00:00+03:00,SO2,0.0012
2025-01-20T00:00:00+03:00,C6H5OH (фенол),0.0005
2025-01-20T00:00:00+03:00,CH2O (формальдегид),0.002
2025-01-20T00:00:00+03:00,OZ,0.0545
2025-01-20T00:00:00+03:00,NO2,0.037
2025-01-20T00:00:00+03:00,NO,0.011
2025-01-20T00:00:00+03:00,SO2,0.0011
2025-01-20T00:00:00+03:00,C6H6 (бензол),0.005
2025-01-20T00:00:00+03:00,CO,0.03
2025-01-20T00:00:00+03:00,PM2.5,0.006
2025-01-21T00:00:00+03:00,OZ,0.0537
2025-01-21T00:00:00+03:00,NO,0.029
2025-01-21T00:00:00+03:00,CH2O (формальдегид),0.004
2025-01-21T00:00:00+03:00,C6H5OH (фенол),0.0004
2025-01-21T00:00:00+03:00,CO,0.19
2025-01-21T00:00:00+03:00,C6H6 (бензол),0.005
2025-01-21T00:00:00+03:00,PM2.5,0.011
2025-01-21T00:00:00+03:00,NO2,0.051
2025-01-21T00:00:00+03:00,SO2,0.0013
2025-01-22T00:00:00+03:00,CH2O (формальдегид),0.0047
2025-01-22T00:00:00+03:00,OZ,0.0381
2025-01-22T00:00:00+03:00,PM2.5,0.013
2025-01-22T00:00:00+03:00,NO2,0.055
2025-01-22T00:00:00+03:00,NO,0.048
2025-01-22T00:00:00+03:00,SO2,0.0034
2025-01-22T00:00:00+03:00,C6H5OH (фенол),0.0004
2025-01-22T00:00:00+03:00,C6H6 (бензол),0.005
2025-01-22T00:00:00+03:00,CO,0.31
2025-01-23T00:00:00+03:00,NO,0.061
2025-01-23T00:00:00+03:00,C6H5OH (фенол),0.0003
2025-01-23T00:00:00+03:00,C6H6 (бензол),0.005
2025-01-23T00:00:00+03:00,SO2,0.0012
2025-01-23T00:00:00+03:00,CO,0.57
2025-01-23T00:00:00+03:00,CH2O (формальдегид),0.0043
2025-01-23T00:00:00+03:00,OZ,0.0347
2025-01-23T00:00:00+03:00,NO2,0.044
2025-01-23T00:00:00+03:00,PM2.5,0.012
2025-01-24T00:00:00+03:00,PM2.5,0.017
2025-01-24T00:00:00+03:00,NO2,0.05
2025-01-24T00:00:00+03:00,CO,0.48
2025-01-24T00:00:00+03:00,C6H5OH (фенол),0.0003
2025-01-24T00:00:00+03:00,C6H6 (бензол),0.005
2025-01-24T00:00:00+03:00,CH2O (формальдегид),0.0043
2025-01-24T00:00:00+03:00,SO2,0.0014
2025-01-24T00:00:00+03:00,NO,0.093
2025-01-24T00:00:00+03:00,OZ,0.0183
2025-01-25T00:00:00+03:00,NO,0.089
2025-01-25T00:00:00+03:00,SO2,0.0012
2025-01-25T00:00:00+03:00,PM2.5,0.018
2025-01-25T00:00:00+03:00,C6H5OH (фенол),0.0003
2025-01-25T00:00:00+03:00,NO2,0.043
2025-01-25T00:00:00+03:00,C6H6 (бензол),0.005
2025-01-25T00:00:00+03:00,CO,0.53
2025-01-25T00:00:00+03:00,OZ,0.017
2025-01-25T00:00:00+03:00,CH2O (формальдегид),0.0033
2025-01-26T00:00:00+03:00,OZ,0.0292
2025-01-26T00:00:00+03:00,C6H5OH (фенол),0.0005
2025-01-26T00:00:00+03:00,NO2,0.042
2025-01-26T00:00:00+03:00,SO2,0.0009
2025-01-26T00:00:00+03:00,C6H6 (бензол),0.005
2025-01-26T00:00:00+03:00,CH2O (формальдегид),0.0021
2025-01-26T00:00:00+03:00,PM2.5,0.012
2025-01-26T00:00:00+03:00,NO,0.037
2025-01-26T00:00:00+03:00,CO,0.4
2025-01-27T00:00:00+03:00,OZ,0.0327
2025-01-27T00:00:00+03:00,C6H5OH (фенол),0.0007
2025-01-27T00:00:00+03:00,PM2.5,0.01
2025-01-27T00:00:00+03:00,NO,0.05
2025-01-27T00:00:00+03:00,CH2O (формальдегид),0.0016
2025-01-27T00:00:00+03:00,SO2,0.0009
2025-01-27T00:00:00+03:00,C6H6 (бензол),0.005
2025-01-27T00:00:00+03:00,CO,0.41
2025-01-27T00:00:00+03:00,NO2,0.049
2025-01-28T00:00:00+03:00,SO2,0.001
2025-01-28T00:00:00+03:00,CH2O (формальдегид),0.0024
2025-01-28T00:00:00+03:00,C6H6 (бензол),0.005
2025-01-28T00:00:00+03:00,PM2.5,0.015
2025-01-28T00:00:00+03:00,CO,0.62
2025-01-28T00:00:00+03:00,NO2,0.056
2025-01-28T00:00:00+03:00,NO,0.07
2025-01-28T00:00:00+03:00,C6H5OH (фенол),0.0007
2025-01-28T00:00:00+03:00,OZ,0.0262
2025-01-29T00:00:00+03:00,OZ,0.0277
2025-01-29T00:00:00+03:00,C6H5OH (фенол),0.0007
2025-01-29T00:00:00+03:00,PM2.5,0.013
2025-01-29T00:00:00+03:00,CH2O (формальдегид),0.0019
2025-01-29T00:00:00+03:00,NO,0.081
2025-01-29T00:00:00+03:00,NO2,0.058
2025-01-29T00:00:00+03:00,CO,0.68
2025-01-29T00:00:00+03:00,C6H6 (бензол),0.005
2025-01-29T00:00:00+03:00,SO2,0.0009
2025-01-30T00:00:00+03:00,PM2.5,0.015
2025-01-30T00:00:00+03:00,OZ,0.0334
2025-01-30T00:00:00+03:00,SO2,0.0009
2025-01-30T00:00:00+03:00,CH2O (формальдегид),0.0032
2025-01-30T00:00:00+03:00,C6H6 (бензол),0.005
2025-01-30T00:00:00+03:00,CO,0.44
2025-01-30T00:00:00+03:00,NO,0.049
2025-01-30T00:00:00+03:00,C6H5OH (фенол),0.0008
2025-01-30T00:00:00+03:00,NO2,0.053
2025-01-31T00:00:00+03:00,C6H6 (бензол),0.005
2025-01-31T00:00:00+03:00,CO,0.67
2025-01-31T00:00:00+03:00,PM2.5,0.015
2025-01-31T00:00:00+03:00,CH2O (формальдегид),0.0039
2025-01-31T00:00:00+03:00,SO2,0.0009
2025-01-31T00:00:00+03:00,C6H5OH (фенол),0.0008
2025-01-31T00:00:00+03:00,OZ,0.0256
2025-01-31T00:00:00+03:00,NO,0.061
2025-01-31T00:00:00+03:00,NO2,0.05
2025-02-01T00:00:00+03:00,OZ,0.0317
2025-02-01T00:00:00+03:00,C6H5OH (фенол),0.0006
2025-02-01T00:00:00+03:00,NO2,0.044
2025-02-01T00:00:00+03:00,PM2.5,0.009
2025-02-01T00:00:00+03:00,NO,0.05
2025-02-01T00:00:00+03:00,CO,0.48
2025-02-01T00:00:00+03:00,SO2,0.0011
2025-02-01T00:00:00+03:00,CH2O (формальдегид),0.0029
2025-02-01T00:00:00+03:00,C6H6 (бензол),0.005
2025-02-02T00:00:00+03:00,NO,0.028
2025-02-02T00:00:00+03:00,CH2O (формальдегид),0.0009
2025-02-02T00:00:00+03:00,CO,0.23
2025-02-02T00:00:00+03:00,SO2,0.0012
2025-02-02T00:00:00+03:00,OZ,0.0474
2025-02-02T00:00:00+03:00,NO2,0.043
2025-02-02T00:00:00+03:00,PM2.5,0.006
2025-02-02T00:00:00+03:00,C6H6 (бензол),0.005
2025-02-02T00:00:00+03:00,C6H5OH (фенол),0.0006
2025-02-03T00:00:00+03:00,NO2,0.056
2025-02-03T00:00:00+03:00,NO,0.058
2025-02-03T00:00:00+03:00,C6H6 (бензол),0.005
2025-02-03T00:00:00+03:00,SO2,0.0012
2025-02-03T00:00:00+03:00,CH2O (формальдегид),0.0042
2025-02-03T00:00:00+03:00,C6H5OH (фенол),0.0008
2025-02-03T00:00:00+03:00,OZ,0.0257
2025-02-03T00:00:00+03:00,PM2.5,0.011
2025-02-03T00:00:00+03:00,CO,0.4
2025-02-04T00:00:00+03:00,C6H5OH (фенол),0.0003
2025-02-04T00:00:00+03:00,C6H6 (бензол),0.005
2025-02-04T00:00:00+03:00,CO,0.66
2025-02-04T00:00:00+03:00,OZ,0.0232
2025-02-04T00:00:00+03:00,SO2,0.0007
2025-02-04T00:00:00+03:00,NO,0.087
2025-02-04T00:00:00+03:00,CH2O (формальдегид),0.0019
2025-02-04T00:00:00+03:00,PM2.5,0.014
2025-02-04T00:00:00+03:00,NO2,0.063
2025-02-05T00:00:00+03:00,CH2O (формальдегид),0.0024
2025-02-05T00:00:00+03:00,C6H6 (бензол),0.005
2025-02-05T00:00:00+03:00,CO,0.38
2025-02-05T00:00:00+03:00,SO2,0.0017
2025-02-05T00:00:00+03:00,NO,0.02
2025-02-05T00:00:00+03:00,NO2,0.043
2025-02-05T00:00:00+03:00,C6H5OH (фенол),0.0002
2025-02-05T00:00:00+03:00,OZ,0.0365
2025-02-05T00:00:00+03:00,PM2.5,0.013
2025-02-06T00:00:00+03:00,SO2,0.0017
2025-02-06T00:00:00+03:00,C6H5OH (фенол),0.0003
2025-02-06T00:00:00+03:00,C6H6 (бензол),0.005
2025-02-06T00:00:00+03:00,CO,0.33
2025-02-06T00:00:00+03:00,NO,0.023
2025-02-06T00:00:00+03:00,PM2.5,0.02
2025-02-06T00:00:00+03:00,OZ,0.0457
2025-02-06T00:00:00+03:00,CH2O (формальдегид),0.0023
2025-02-06T00:00:00+03:00,NO2,0.045
2025-02-07T00:00:00+03:00,CO,0.26
2025-02-07T00:00:00+03:00,NO,0.018
2025-02-07T00:00:00+03:00,SO2,0.004
2025-02-07T00:00:00+03:00,C6H5OH (фенол),0.0003
2025-02-07T00:00:00+03:00,C6H6 (бензол),0.005
2025-02-07T00:00:00+03:00,PM2.5,0.017
2025-02-07T00:00:00+03:00,CH2O (формальдегид),0.0021
2025-02-07T00:00:00+03:00,NO2,0.041
2025-02-07T00:00:00+03:00,OZ,0.0549
2025-02-08T00:00:00+03:00,CH2O (формальдегид),0.0014
2025-02-08T00:00:00+03:00,C6H6 (бензол),0.005
2025-02-08T00:00:00+03:00,PM2.5,0.012
2025-02-08T00:00:00+03:00,SO2,0.0018
2025-02-08T00:00:00+03:00,NO2,0.049
2025-02-08T00:00:00+03:00,CO,0.37
2025-02-08T00:00:00+03:00,C6H5OH (фенол),0.0002
2025-02-08T00:00:00+03:00,NO,0.017
2025-02-08T00:00:00+03:00,OZ,0.0414
2025-02-09T00:00:00+03:00,PM2.5,
2025-02-09T00:00:00+03:00,NO2,
2025-02-09T00:00:00+03:00,OZ,
2025-02-09T00:00:00+03:00,C6H5OH (фенол),
2025-02-09T00:00:00+03:00,SO2,
2025-02-09T00:00:00+03:00,CO,
2025-02-09T00:00:00+03:00,C6H6 (бензол),
2025-02-09T00:00:00+03:00,CH2O (формальдегид),
2025-02-09T00:00:00+03:00,NO,
2025-02-10T00:00:00+03:00,C6H5OH (фенол),0.0003
2025-02-10T00:00:00+03:00,C6H6 (бензол),0.006
2025-02-10T00:00:00+03:00,NO,0.09
2025-02-10T00:00:00+03:00,PM2.5,0.025
2025-02-10T00:00:00+03:00,OZ,0.0209
2025-02-10T00:00:00+03:00,NO2,0.062
2025-02-10T00:00:00+03:00,SO2,0.0012
2025-02-10T00:00:00+03:00,CO,0.35
2025-02-10T00:00:00+03:00,CH2O (формальдегид),0.0068
2025-02-11T00:00:00+03:00,C6H5OH (фенол),0.0002
2025-02-11T00:00:00+03:00,OZ,0.0224
2025-02-11T00:00:00+03:00,PM2.5,0.012
2025-02-11T00:00:00+03:00,CO,0.48
2025-02-11T00:00:00+03:00,NO2,0.065
2025-02-11T00:00:00+03:00,CH2O (формальдегид),0.0041
2025-02-11T00:00:00+03:00,NO,0.058
2025-02-11T00:00:00+03:00,C6H6 (бензол),0.005
2025-02-11T00:00:00+03:00,SO2,0.0008
2025-02-12T00:00:00+03:00,CO,0.39
2025-02-12T00:00:00+03:00,CH2O (формальдегид),0.0037
2025-02-12T00:00:00+03:00,OZ,0.023
2025-02-12T00:00:00+03:00,NO,0.05
2025-02-12T00:00:00+03:00,NO2,0.057
2025-02-12T00:00:00+03:00,SO2,0.0007
2025-02-12T00:00:00+03:00,C6H5OH (фенол),0.0003
2025-02-12T00:00:00+03:00,PM2.5,0.011
2025-02-12T00:00:00+03:00,C6H6 (бензол),0.006
2025-02-13T00:00:00+03:00,CO,0.33
2025-02-13T00:00:00+03:00,C6H5OH (фенол),0.0003
2025-02-13T00:00:00+03:00,C6H6 (бензол),0.005
2025-02-13T00:00:00+03:00,SO2,0.0008
2025-02-13T00:00:00+03:00,NO,0.031
2025-02-13T00:00:00+03:00,CH2O (формальдегид),0.0029
2025-02-13T00:00:00+03:00,OZ,0.0314
2025-02-13T00:00:00+03:00,PM2.5,0.008
2025-02-13T00:00:00+03:00,NO2,0.05
2025-02-14T00:00:00+03:00,PM2.5,0.014
2025-02-14T00:00:00+03:00,NO,0.06
2025-02-14T00:00:00+03:00,CO,0.64
2025-02-14T00:00:00+03:00,C6H5OH (фенол),0.0002
2025-02-14T00:00:00+03:00,OZ,0.0272
2025-02-14T00:00:00+03:00,NO2,0.058
2025-02-14T00:00:00+03:00,C6H6 (бензол),0.005
2025-02-14T00:00:00+03:00,CH2O (формальдегид),0.0042
2025-02-14T00:00:00+03:00,SO2,0.0008
2025-02-15T00:00:00+03:00,SO2,0.0013
2025-02-15T00:00:00+03:00,NO,0.014
2025-02-15T00:00:00+03:00,C6H6 (бензол),0.005
2025-02-15T00:00:00+03:00,C6H5OH (фенол),0.0008
2025-02-15T00:00:00+03:00,PM2.5,0.006
2025-02-15T00:00:00+03:00,CH2O (формальдегид),0.0048
2025-02-15T00:00:00+03:00,NO2,0.041
2025-02-15T00:00:00+03:00,OZ,0.0466
2025-02-15T00:00:00+03:00,CO,0.4
2025-02-16T00:00:00+03:00,NO2,0.046
2025-02-16T00:00:00+03:00,NO,0.012
2025-02-16T00:00:00+03:00,CH2O (формальдегид),0.0122
2025-02-16T00:00:00+03:00,PM2.5,0.006
2025-02-16T00:00:00+03:00,OZ,0.0284
2025-02-16T00:00:00+03:00,SO2,0.0011
2025-02-16T00:00:00+03:00,C6H5OH (фенол),0.0015
2025-02-16T00:00:00+03:00,CO,0.47
2025-02-16T00:00:00+03:00,C6H6 (бензол),0.005
2025-02-17T00:00:00+03:00,OZ,0.0388
2025-02-17T00:00:00+03:00,NO,0.025
2025-02-17T00:00:00+03:00,CH2O (формальдегид),0.0069
2025-02-17T00:00:00+03:00,PM2.5,0.007
2025-02-17T00:00:00+03:00,C6H6 (бензол),0.005
2025-02-17T00:00:00+03:00,NO2,0.051
2025-02-17T00:00:00+03:00,C6H5OH (фенол),0.0006
2025-02-17T00:00:00+03:00,SO2,0.0007
2025-02-17T00:00:00+03:00,CO,0.58
2025-02-18T00:00:00+03:00,PM2.5,0.011
2025-02-18T00:00:00+03:00,CH2O (формальдегид),0.0032
2025-02-18T00:00:00+03:00,C6H5OH (фенол),0.0003
2025-02-18T00:00:00+03:00,NO2,0.067
2025-02-18T00:00:00+03:00,NO,0.063
2025-02-18T00:00:00+03:00,C6H6 (бензол),0.005
2025-02-18T00:00:00+03:00,SO2,0.0008
2025-02-18T00:00:00+03:00,CO,0.71
2025-02-18T00:00:00+03:00,OZ,0.0316
2025-02-19T00:00:00+03:00,C6H6 (бензол),0.005
2025-02-19T00:00:00+03:00,CH2O (формальдегид),0.0047
2025-02-19T00:00:00+03:00,SO2,0.001
2025-02-19T00:00:00+03:00,NO,0.036
2025-02-19T00:00:00+03:00,C6H5OH (фенол),0.0004
2025-02-19T00:00:00+03:00,PM2.5,0.009
2025-02-19T00:00:00+03:00,CO,0.58
2025-02-19T00:00:00+03:00,NO2,0.062
2025-02-19T00:00:00+03:00,OZ,0.0342
2025-02-20T00:00:00+03:00,C6H5OH (фенол),0.0004
2025-02-20T00:00:00+03:00,PM2.5,0.008
2025-02-20T00:00:00+03:00,OZ,0.0469
2025-02-20T00:00:00+03:00,NO,0.027
2025-02-20T00:00:00+03:00,NO2,0.053
2025-02-20T00:00:00+03:00,CH2O (формальдегид),0.0028
2025-02-20T00:00:00+03:00,CO,0.56
2025-02-20T00:00:00+03:00,SO2,0.001
2025-02-20T00:00:00+03:00,C6H6 (бензол),0.005
2025-02-21T00:00:00+03:00,C6H5OH (фенол),0.0003
2025-02-21T00:00:00+03:00,PM2.5,0.009
2025-02-21T00:00:00+03:00,OZ,0.0359
2025-02-21T00:00:00+03:00,CO,0.63
2025-02-21T00:00:00+03:00,C6H6 (бензол),0.005
2025-02-21T00:00:00+03:00,NO,0.044
2025-02-21T00:00:00+03:00,NO2,0.066
2025-02-21T00:00:00+03:00,CH2O (формальдегид),0.0034
2025-02-21T00:00:00+03:00,SO2,0.0009
2025-02-22T00:00:00+03:00,NO,0.048
2025-02-22T00:00:00+03:00,CH2O (формальдегид),0.0025
2025-02-22T00:00:00+03:00,PM2.5,0.01
2025-02-22T00:00:00+03:00,C6H5OH (фенол),0.0005
2025-02-22T00:00:00+03:00,CO,0.69
2025-02-22T00:00:00+03:00,SO2,0.0008
2025-02-22T00:00:00+03:00,NO2,0.07
2025-02-22T00:00:00+03:00,C6H6 (бензол),0.006
2025-02-22T00:00:00+03:00,OZ,0.0391
2025-02-23T00:00:00+03:00,CO,0.82
2025-02-23T00:00:00+03:00,C6H5OH (фенол),0.0005
2025-02-23T00:00:00+03:00,OZ,0.0324
2025-02-23T00:00:00+03:00,PM2.5,0.018
2025-02-23T00:00:00+03:00,SO2,0.003
2025-02-23T00:00:00+03:00,NO2,0.08
2025-02-23T00:00:00+03:00,C6H6 (бензол),0.006
2025-02-23T00:00:00+03:00,NO,0.123
2025-02-23T00:00:00+03:00,CH2O (формальдегид),0.0045
2025-02-24T00:00:00+03:00,NO2,0.078
2025-02-24T00:00:00+03:00,NO,0.137
2025-02-24T00:00:00+03:00,OZ,0.0351
2025-02-24T00:00:00+03:00,CH2O (формальдегид),0.0009
2025-02-24T00:00:00+03:00,C6H5OH (фенол),0.0003
2025-02-24T00:00:00+03:00,CO,0.82
2025-02-24T00:00:00+03:00,C6H6 (бензол),0.006
2025-02-24T00:00:00+03:00,PM2.5,0.014
2025-02-24T00:00:00+03:00,SO2,0.0022
2025-02-25T00:00:00+03:00,SO2,0.0021
2025-02-25T00:00:00+03:00,NO2,0.113
2025-02-25T00:00:00+03:00,CH2O (формальдегид),0.0063
2025-02-25T00:00:00+03:00,PM2.5,0.041
2025-02-25T00:00:00+03:00,C6H6 (бензол),0.008
2025-02-25T00:00:00+03:00,NO,0.253
2025-02-25T00:00:00+03:00,OZ,0.0327
2025-02-25T00:00:00+03:00,CO,1.19
2025-02-25T00:00:00+03:00,C6H5OH (фенол),0.0011
2025-02-26T00:00:00+03:00,PM2.5,0.024
2025-02-26T00:00:00+03:00,OZ,0.026
2025-02-26T00:00:00+03:00,NO2,0.096
2025-02-26T00:00:00+03:00,CH2O (формальдегид),0.0047
2025-02-26T00:00:00+03:00,C6H6 (бензол),0.006
2025-02-26T00:00:00+03:00,NO,0.148
2025-02-26T00:00:00+03:00,C6H5OH (фенол),0.0005
2025-02-26T00:00:00+03:00,SO2,0.0027
2025-02-26T00:00:00+03:00,CO,0.92
2025-02-27T00:00:00+03:00,NO,0.173
2025-02-27T00:00:00+03:00,NO2,0.094
2025-02-27T00:00:00+03:00,C6H5OH (фенол),0.0006
2025-02-27T00:00:00+03:00,CH2O (формальдегид),0.0055
2025-02-27T00:00:00+03:00,OZ,0.0316
2025-02-27T00:00:00+03:00,CO,0.87
2025-02-27T00:00:00+03:00,PM2.5,0.025
2025-02-27T00:00:00+03:00,SO2,0.0014
2025-02-27T00:00:00+03:00,C6H6 (бензол),0.007
2025-02-28T00:00:00+03:00,C6H5OH (фенол),0.0007
2025-02-28T00:00:00+03:00,PM2.5,0.03
2025-02-28T00:00:00+03:00,CO,1.39
2025-02-28T00:00:00+03:00,NO,0.281
2025-02-28T00:00:00+03:00,NO2,0.119
2025-02-28T00:00:00+03:00,SO2,0.0018
2025-02-28T00:00:00+03:00,OZ,0.0295
2025-02-28T00:00:00+03:00,CH2O (формальдегид),0.0067
2025-02-28T00:00:00+03:00,C6H6 (бензол),0.007
2025-03-01T00:00:00+03:00,PM2.5,0.027
2025-03-01T00:00:00+03:00,NO2,0.083
2025-03-01T00:00:00+03:00,NO,0.045
2025-03-01T00:00:00+03:00,CO,0.45
2025-03-01T00:00:00+03:00,CH2O (формальдегид),0.0034
2025-03-01T00:00:00+03:00,C6H5OH (фенол),0.0006
2025-03-01T00:00:00+03:00,C6H6 (бензол),0.007
2025-03-01T00:00:00+03:00,SO2,0.0021
2025-03-01T00:00:00+03:00,OZ,0.0478
2025-03-02T00:00:00+03:00,C6H6 (бензол),0.006
2025-03-02T00:00:00+03:00,CH2O (формальдегид),0.0026
2025-03-02T00:00:00+03:00,NO2,0.067
2025-03-02T00:00:00+03:00,OZ,0.0431
2025-03-02T00:00:00+03:00,SO2,0.0016
2025-03-02T00:00:00+03:00,NO,0.036
2025-03-02T00:00:00+03:00,CO,0.34
2025-03-02T00:00:00+03:00,PM2.5,0.019
2025-03-02T00:00:00+03:00,C6H5OH (фенол),0.0006
2025-03-03T00:00:00+03:00,PM2.5,0.01
2025-03-03T00:00:00+03:00,CH2O (формальдегид),0.0015
2025-03-03T00:00:00+03:00,C6H6 (бензол),0.006
2025-03-03T00:00:00+03:00,C6H5OH (фенол),0.0005
2025-03-03T00:00:00+03:00,NO2,0.062
2025-03-03T00:00:00+03:00,SO2,0.0009
2025-03-03T00:00:00+03:00,CO,0.58
2025-03-03T00:00:00+03:00,OZ,0.035
2025-03-03T00:00:00+03:00,NO,0.061
2025-03-04T00:00:00+03:00,NO,0.029
2025-03-04T00:00:00+03:00,PM2.5,0.005
2025-03-04T00:00:00+03:00,OZ,0.0373
2025-03-04T00:00:00+03:00,SO2,0.0011
2025-03-04T00:00:00+03:00,CH2O (формальдегид),0.0017
2025-03-04T00:00:00+03:00,C6H5OH (фенол),0.0005
2025-03-04T00:00:00+03:00,CO,0.44
2025-03-04T00:00:00+03:00,NO2,0.052
2025-03-04T00:00:00+03:00,C6H6 (бензол),0.005
2025-03-05T00:00:00+03:00,SO2,0.0011
2025-03-05T00:00:00+03:00,CO,0.27
2025-03-05T00:00:00+03:00,OZ,0.0529
2025-03-05T00:00:00+03:00,C6H5OH (фенол),0.0011
2025-03-05T00:00:00+03:00,CH2O (формальдегид),0.002
2025-03-05T00:00:00+03:00,NO,0.026
2025-03-05T00:00:00+03:00,PM2.5,0.006
2025-03-05T00:00:00+03:00,C6H6 (бензол),0.005
2025-03-05T00:00:00+03:00,NO2,0.044
2025-03-06T00:00:00+03:00,NO,0.022
2025-03-06T00:00:00+03:00,C6H5OH (фенол),0.0011
2025-03-06T00:00:00+03:00,CH2O (формальдегид),0.0004
2025-03-06T00:00:00+03:00,NO2,0.041
2025-03-06T00:00:00+03:00,PM2.5,0.005
2025-03-06T00:00:00+03:00,SO2,0.0013
2025-03-06T00:00:00+03:00,C6H6 (бензол),0.003
2025-03-06T00:00:00+03:00,CO,0.18
2025-03-06T00:00:00+03:00,OZ,0.0386
2025-03-07T00:00:00+03:00,OZ,0.0523
2025-03-07T00:00:00+03:00,NO2,0.038
2025-03-07T00:00:00+03:00,PM2.5,0.009
2025-03-07T00:00:00+03:00,C6H5OH (фенол),
2025-03-07T00:00:00+03:00,NO,0.011
2025-03-07T00:00:00+03:00,SO2,0.0012
2025-03-07T00:00:00+03:00,CH2O (формальдегид),
2025-03-07T00:00:00+03:00,CO,0.25
2025-03-07T00:00:00+03:00,C6H6 (бензол),
2025-03-08T00:00:00+03:00,CO,0.56
2025-03-08T00:00:00+03:00,NO2,0.07
2025-03-08T00:00:00+03:00,C6H5OH (фенол),
2025-03-08T00:00:00+03:00,OZ,0.0361
2025-03-08T00:00:00+03:00,NO,0.09
2025-03-08T00:00:00+03:00,CH2O (формальдегид),
2025-03-08T00:00:00+03:00,C6H6 (бензол),
2025-03-08T00:00:00+03:00,PM2.5,0.015
2025-03-08T00:00:00+03:00,SO2,0.0014
2025-03-09T00:00:00+03:00,C6H5OH (фенол),
2025-03-09T00:00:00+03:00,PM2.5,0.016
2025-03-09T00:00:00+03:00,NO2,0.058
2025-03-09T00:00:00+03:00,CH2O (формальдегид),
2025-03-09T00:00:00+03:00,NO,0.031
2025-03-09T00:00:00+03:00,CO,0.42
2025-03-09T00:00:00+03:00,C6H6 (бензол),
2025-03-09T00:00:00+03:00,OZ,0.0495
2025-03-09T00:00:00+03:00,SO2,0.0014
2025-03-10T00:00:00+03:00,OZ,0.0334
2025-03-10T00:00:00+03:00,C6H5OH (фенол),
2025-03-10T00:00:00+03:00,PM2.5,0.019
2025-03-10T00:00:00+03:00,C6H6 (бензол),
2025-03-10T00:00:00+03:00,NO2,0.078
2025-03-10T00:00:00+03:00,CH2O (формальдегид),
2025-03-10T00:00:00+03:00,CO,0.23
2025-03-10T00:00:00+03:00,NO,0.07
2025-03-10T00:00:00+03:00,SO2,0.0051
2025-03-11T00:00:00+03:00,C6H5OH (фенол),
2025-03-11T00:00:00+03:00,PM2.5,0.026
2025-03-11T00:00:00+03:00,CH2O (формальдегид),
2025-03-11T00:00:00+03:00,OZ,0.0363
2025-03-11T00:00:00+03:00,CO,0.47
2025-03-11T00:00:00+03:00,SO2,0.0023
2025-03-11T00:00:00+03:00,C6H6 (бензол),
2025-03-11T00:00:00+03:00,NO,0.062
2025-03-11T00:00:00+03:00,NO2,0.073
2025-03-12T00:00:00+03:00,OZ,0.0165
2025-03-12T00:00:00+03:00,NO2,0.065
2025-03-12T00:00:00+03:00,CO,0.68
2025-03-12T00:00:00+03:00,PM2.5,0.038
2025-03-12T00:00:00+03:00,C6H5OH (фенол),
2025-03-12T00:00:00+03:00,NO,0.101
2025-03-12T00:00:00+03:00,C6H6 (бензол),
2025-03-12T00:00:00+03:00,CH2O (формальдегид),
2025-03-12T00:00:00+03:00,SO2,0.0012
2025-03-13T00:00:00+03:00,CO,0.53
2025-03-13T00:00:00+03:00,PM2.5,0.031
2025-03-13T00:00:00+03:00,C6H6 (бензол),
2025-03-13T00:00:00+03:00,NO,0.049
2025-03-13T00:00:00+03:00,SO2,0.0015
2025-03-13T00:00:00+03:00,C6H5OH (фенол),
2025-03-13T00:00:00+03:00,OZ,0.0108
2025-03-13T00:00:00+03:00,CH2O (формальдегид),
2025-03-13T00:00:00+03:00,NO2,0.064
2025-03-14T00:00:00+03:00,SO2,0.0014
2025-03-14T00:00:00+03:00,C6H5OH (фенол),
2025-03-14T00:00:00+03:00,C6H6 (бензол),
2025-03-14T00:00:00+03:00,OZ,0.0229
2025-03-14T00:00:00+03:00,CH2O (формальдегид),
2025-03-14T00:00:00+03:00,PM2.5,0.013
2025-03-14T00:00:00+03:00,NO2,0.043
2025-03-14T00:00:00+03:00,CO,0.12
2025-03-14T00:00:00+03:00,NO,0.028
2025-03-15T00:00:00+03:00,OZ,0.0547
2025-03-15T00:00:00+03:00,CH2O (формальдегид),
2025-03-15T00:00:00+03:00,SO2,0.0012
2025-03-15T00:00:00+03:00,NO,0.029
2025-03-15T00:00:00+03:00,C6H6 (бензол),
2025-03-15T00:00:00+03:00,CO,0.27
2025-03-15T00:00:00+03:00,PM2.5,0.01
2025-03-15T00:00:00+03:00,NO2,0.045
2025-03-15T00:00:00+03:00,C6H5OH (фенол),
2025-03-16T00:00:00+03:00,C6H6 (бензол),
2025-03-16T00:00:00+03:00,NO2,0.071
2025-03-16T00:00:00+03:00,SO2,0.001
2025-03-16T00:00:00+03:00,C6H5OH (фенол),
2025-03-16T00:00:00+03:00,OZ,0.0425
2025-03-16T00:00:00+03:00,PM2.5,0.021
2025-03-16T00:00:00+03:00,CO,0.51
2025-03-16T00:00:00+03:00,NO,0.085
2025-03-16T00:00:00+03:00,CH2O (формальдегид),
2025-03-17T00:00:00+03:00,CO,0.23
2025-03-17T00:00:00+03:00,C6H6 (бензол),
2025-03-17T00:00:00+03:00,OZ,0.0494
2025-03-17T00:00:00+03:00,C6H5OH (фенол),
2025-03-17T00:00:00+03:00,CH2O (формальдегид),
2025-03-17T00:00:00+03:00,PM2.5,0.008
2025-03-17T00:00:00+03:00,NO,0.019
2025-03-17T00:00:00+03:00,SO2,0.0014
2025-03-17T00:00:00+03:00,NO2,0.048
2025-03-18T00:00:00+03:00,OZ,0.0366
2025-03-18T00:00:00+03:00,PM2.5,0.015
2025-03-18T00:00:00+03:00,SO2,0.0009
2025-03-18T00:00:00+03:00,C6H6 (бензол),
2025-03-18T00:00:00+03:00,CH2O (формальдегид),
2025-03-18T00:00:00+03:00,NO2,0.071
2025-03-18T00:00:00+03:00,NO,0.063
2025-03-18T00:00:00+03:00,CO,0.43
2025-03-18T00:00:00+03:00,C6H5OH (фенол),
2025-03-19T00:00:00+03:00,NO2,0.061
2025-03-19T00:00:00+03:00,C6H6 (бензол),0.005
2025-03-19T00:00:00+03:00,OZ,0.0358
2025-03-19T00:00:00+03:00,CH2O (формальдегид),0.0041
2025-03-19T00:00:00+03:00,SO2,0.001
2025-03-19T00:00:00+03:00,C6H5OH (фенол),0.0008
2025-03-19T00:00:00+03:00,PM2.5,0.01
2025-03-19T00:00:00+03:00,NO,0.038
2025-03-19T00:00:00+03:00,CO,0.47
2025-03-20T00:00:00+03:00,CH2O (формальдегид),0.0038
2025-03-20T00:00:00+03:00,NO,0.053
2025-03-20T00:00:00+03:00,C6H5OH (фенол),0.001
2025-03-20T00:00:00+03:00,OZ,0.0435
2025-03-20T00:00:00+03:00,CO,0.6
2025-03-20T00:00:00+03:00,SO2,0.0009
2025-03-20T00:00:00+03:00,C6H6 (бензол),0.005
2025-03-20T00:00:00+03:00,PM2.5,0.014
2025-03-20T00:00:00+03:00,NO2,0.064
2025-03-21T00:00:00+03:00,CH2O (формальдегид),0.0037
2025-03-21T00:00:00+03:00,PM2.5,0.013
2025-03-21T00:00:00+03:00,C6H6 (бензол),0.005
2025-03-21T00:00:00+03:00,C6H5OH (фенол),0.0011
2025-03-21T00:00:00+03:00,SO2,0.0012
2025-03-21T00:00:00+03:00,OZ,0.0472
2025-03-21T00:00:00+03:00,NO2,0.061
2025-03-21T00:00:00+03:00,NO,0.037
2025-03-21T00:00:00+03:00,CO,0.45
2025-03-22T00:00:00+03:00,C6H6 (бензол),0.005
2025-03-22T00:00:00+03:00,SO2,0.0022
2025-03-22T00:00:00+03:00,NO,0.009
2025-03-22T00:00:00+03:00,C6H5OH (фенол),0.0012
2025-03-22T00:00:00+03:00,NO2,0.031
2025-03-22T00:00:00+03:00,OZ,0.0757
2025-03-22T00:00:00+03:00,PM2.5,0.009
2025-03-22T00:00:00+03:00,CH2O (формальдегид),0.0022
2025-03-22T00:00:00+03:00,CO,0.25
2025-03-23T00:00:00+03:00,PM2.5,0.017
2025-03-23T00:00:00+03:00,NO,0.051
2025-03-23T00:00:00+03:00,CO,0.34
2025-03-23T00:00:00+03:00,NO2,0.068
2025-03-23T00:00:00+03:00,C6H5OH (фенол),0.001
2025-03-23T00:00:00+03:00,C6H6 (бензол),0.005
2025-03-23T00:00:00+03:00,CH2O (формальдегид),0.0033
2025-03-23T00:00:00+03:00,OZ,0.0524
2025-03-23T00:00:00+03:00,SO2,0.0027
2025-03-24T00:00:00+03:00,CH2O (формальдегид),0.0068
2025-03-24T00:00:00+03:00,OZ,0.0335
2025-03-24T00:00:00+03:00,C6H5OH (фенол),0.0009
2025-03-24T00:00:00+03:00,SO2,0.0022
2025-03-24T00:00:00+03:00,NO,0.074
2025-03-24T00:00:00+03:00,C6H6 (бензол),0.007
2025-03-24T00:00:00+03:00,PM2.5,0.025
2025-03-24T00:00:00+03:00,CO,0.5
2025-03-24T00:00:00+03:00,NO2,0.084
2025-03-25T00:00:00+03:00,PM2.5,0.015
2025-03-25T00:00:00+03:00,C6H6 (бензол),0.005
2025-03-25T00:00:00+03:00,NO2,0.062
2025-03-25T00:00:00+03:00,OZ,0.0377
2025-03-25T00:00:00+03:00,C6H5OH (фенол),0.0011
2025-03-25T00:00:00+03:00,CH2O (формальдегид),0.0032
2025-03-25T00:00:00+03:00,CO,0.4
2025-03-25T00:00:00+03:00,SO2,0.0011
2025-03-25T00:00:00+03:00,NO,0.056
2025-03-26T00:00:00+03:00,C6H6 (бензол),0.005
2025-03-26T00:00:00+03:00,SO2,0.0009
2025-03-26T00:00:00+03:00,CO,0.68
2025-03-26T00:00:00+03:00,PM2.5,0.018
2025-03-26T00:00:00+03:00,CH2O (формальдегид),0.0054
2025-03-26T00:00:00+03:00,NO,0.072
2025-03-26T00:00:00+03:00,OZ,0.0264
2025-03-26T00:00:00+03:00,C6H5OH (фенол),0.0008
2025-03-26T00:00:00+03:00,NO2,0.06
2025-03-27T00:00:00+03:00,SO2,0.0007
2025-03-27T00:00:00+03:00,C6H5OH (фенол),0.0007
2025-03-27T00:00:00+03:00,PM2.5,0.016
2025-03-27T00:00:00+03:00,C6H6 (бензол),0.005
2025-03-27T00:00:00+03:00,CO,0.81
2025-03-27T00:00:00+03:00,OZ,0.0211
2025-03-27T00:00:00+03:00,NO2,0.07
2025-03-27T00:00:00+03:00,CH2O (формальдегид),0.0038
2025-03-27T00:00:00+03:00,NO,0.1
2025-03-28T00:00:00+03:00,OZ,0.0192
2025-03-28T00:00:00+03:00,NO,0.157
2025-03-28T00:00:00+03:00,C6H6 (бензол),0.006
2025-03-28T00:00:00+03:00,NO2,0.07
2025-03-28T00:00:00+03:00,CO,0.97
2025-03-28T00:00:00+03:00,C6H5OH (фенол),0.0007
2025-03-28T00:00:00+03:00,PM2.5,0.02
2025-03-28T00:00:00+03:00,CH2O (формальдегид),0.0051
2025-03-28T00:00:00+03:00,SO2,0.0012
2025-03-29T00:00:00+03:00,SO2,0.0021
2025-03-29T00:00:00+03:00,CH2O (формальдегид),0.0047
2025-03-29T00:00:00+03:00,PM2.5,0.038
2025-03-29T00:00:00+03:00,NO,0.249
2025-03-29T00:00:00+03:00,CO,1.37
2025-03-29T00:00:00+03:00,OZ,0.033
2025-03-29T00:00:00+03:00,NO2,0.082
2025-03-29T00:00:00+03:00,C6H5OH (фенол),0.001
2025-03-29T00:00:00+03:00,C6H6 (бензол),0.009
2025-03-30T00:00:00+03:00,C6H6 (бензол),0.007
2025-03-30T00:00:00+03:00,PM2.5,0.033
2025-03-30T00:00:00+03:00,CH2O (формальдегид),0.0041
2025-03-30T00:00:00+03:00,NO,0.152
2025-03-30T00:00:00+03:00,NO2,0.082
2025-03-30T00:00:00+03:00,OZ,0.0316
2025-03-30T00:00:00+03:00,CO,0.99
2025-03-30T00:00:00+03:00,SO2,0.0015
2025-03-30T00:00:00+03:00,C6H5OH (фенол),0.0009
2025-03-31T00:00:00+03:00,OZ,0.0394
2025-03-31T00:00:00+03:00,CH2O (формальдегид),0.0047
2025-03-31T00:00:00+03:00,CO,0.78
2025-03-31T00:00:00+03:00,SO2,0.0039
2025-03-31T00:00:00+03:00,C6H6 (бензол),0.007
2025-03-31T00:00:00+03:00,NO2,0.087
2025-03-31T00:00:00+03:00,C6H5OH (фенол),0.0011
2025-03-31T00:00:00+03:00,NO,0.113
2025-03-31T00:00:00+03:00,PM2.5,0.037
2025-04-01T00:00:00+03:00,SO2,0.0028
2025-04-01T00:00:00+03:00,PM2.5,0.023
2025-04-01T00:00:00+03:00,CH2O (формальдегид),0.0042
2025-04-01T00:00:00+03:00,CO,0.4
2025-04-01T00:00:00+03:00,C6H6 (бензол),0.006
2025-04-01T00:00:00+03:00,OZ,0.0503
2025-04-01T00:00:00+03:00,NO2,0.071
2025-04-01T00:00:00+03:00,C6H5OH (фенол),0.0012
2025-04-01T00:00:00+03:00,NO,0.027
2025-04-02T00:00:00+03:00,CH2O (формальдегид),0.003
2025-04-02T00:00:00+03:00,PM2.5,0.013
2025-04-02T00:00:00+03:00,C6H6 (бензол),0.006
2025-04-02T00:00:00+03:00,CO,0.29
2025-04-02T00:00:00+03:00,NO2,0.049
2025-04-02T00:00:00+03:00,SO2,0.0019
2025-04-02T00:00:00+03:00,NO,0.019
2025-04-02T00:00:00+03:00,C6H5OH (фенол),0.0012
2025-04-02T00:00:00+03:00,OZ,0.0677
2025-04-03T00:00:00+03:00,CH2O (формальдегид),0.003
2025-04-03T00:00:00+03:00,NO2,0.067
2025-04-03T00:00:00+03:00,CO,0.41
2025-04-03T00:00:00+03:00,PM2.5,0.02
2025-04-03T00:00:00+03:00,NO,0.056
2025-04-03T00:00:00+03:00,OZ,0.044
2025-04-03T00:00:00+03:00,SO2,0.0012
2025-04-03T00:00:00+03:00,C6H5OH (фенол),0.0011
2025-04-03T00:00:00+03:00,C6H6 (бензол),0.006
2025-04-04T00:00:00+03:00,CO,0.34
2025-04-04T00:00:00+03:00,C6H5OH (фенол),0.0012
2025-04-04T00:00:00+03:00,OZ,0.0472
2025-04-04T00:00:00+03:00,C6H6 (бензол),0.006
2025-04-04T00:00:00+03:00,SO2,0.0012
2025-04-04T00:00:00+03:00,CH2O (формальдегид),0.0044
2025-04-04T00:00:00+03:00,PM2.5,0.022
2025-04-04T00:00:00+03:00,NO,0.06
2025-04-04T00:00:00+03:00,NO2,0.058
2025-04-05T00:00:00+03:00,NO2,0.048
2025-04-05T00:00:00+03:00,OZ,0.0508
2025-04-05T00:00:00+03:00,NO,0.017
2025-04-05T00:00:00+03:00,C6H6 (бензол),0.005
2025-04-05T00:00:00+03:00,C6H5OH (фенол),0.0011
2025-04-05T00:00:00+03:00,CO,0.22
2025-04-05T00:00:00+03:00,CH2O (формальдегид),0.0018
2025-04-05T00:00:00+03:00,PM2.5,0.011
2025-04-05T00:00:00+03:00,SO2,0.0016
2025-04-06T00:00:00+03:00,C6H5OH (фенол),0.001
2025-04-06T00:00:00+03:00,PM2.5,0.006
2025-04-06T00:00:00+03:00,NO2,0.027
2025-04-06T00:00:00+03:00,CH2O (формальдегид),0.0007
2025-04-06T00:00:00+03:00,CO,0.05
2025-04-06T00:00:00+03:00,SO2,0.0021
2025-04-06T00:00:00+03:00,C6H6 (бензол),0.006
2025-04-06T00:00:00+03:00,NO,0.007
2025-04-06T00:00:00+03:00,OZ,0.0716
2025-04-07T00:00:00+03:00,OZ,0.0463
2025-04-07T00:00:00+03:00,CO,0.22
2025-04-07T00:00:00+03:00,PM2.5,0.008
2025-04-07T00:00:00+03:00,C6H5OH (фенол),0.0008
2025-04-07T00:00:00+03:00,SO2,0.0014
2025-04-07T00:00:00+03:00,NO2,0.048
2025-04-07T00:00:00+03:00,CH2O (формальдегид),0.0013
2025-04-07T00:00:00+03:00,C6H6 (бензол),0.005
2025-04-07T00:00:00+03:00,NO,0.029
2025-04-08T00:00:00+03:00,C6H5OH (фенол),0.0007
2025-04-08T00:00:00+03:00,C6H6 (бензол),0.005
2025-04-08T00:00:00+03:00,NO,0.021
2025-04-08T00:00:00+03:00,PM2.5,0.005
2025-04-08T00:00:00+03:00,NO2,0.044
2025-04-08T00:00:00+03:00,CH2O (формальдегид),0.0019
2025-04-08T00:00:00+03:00,SO2,0.0017
2025-04-08T00:00:00+03:00,CO,0.2
2025-04-08T00:00:00+03:00,OZ,0.0435
2025-04-09T00:00:00+03:00,C6H6 (бензол),0.005
2025-04-09T00:00:00+03:00,NO,0.021
2025-04-09T00:00:00+03:00,PM2.5,0.006
2025-04-09T00:00:00+03:00,C6H5OH (фенол),0.0009
2025-04-09T00:00:00+03:00,SO2,0.0011
2025-04-09T00:00:00+03:00,CH2O (формальдегид),0.0009
2025-04-09T00:00:00+03:00,CO,0.27
2025-04-09T00:00:00+03:00,OZ,0.0589
2025-04-09T00:00:00+03:00,NO2,0.052
2025-04-10T00:00:00+03:00,NO2,0.068
2025-04-10T00:00:00+03:00,CH2O (формальдегид),0.0008
2025-04-10T00:00:00+03:00,SO2,0.0011
2025-04-10T00:00:00+03:00,C6H5OH (фенол),0.0012
2025-04-10T00:00:00+03:00,NO,0.049
2025-04-10T00:00:00+03:00,CO,0.25
2025-04-10T00:00:00+03:00,C6H6 (бензол),0.006
2025-04-10T00:00:00+03:00,OZ,0.0567
2025-04-10T00:00:00+03:00,PM2.5,0.012
2025-04-11T00:00:00+03:00,C6H6 (бензол),0.005
2025-04-11T00:00:00+03:00,NO2,0.063
2025-04-11T00:00:00+03:00,CH2O (формальдегид),0.0026
2025-04-11T00:00:00+03:00,PM2.5,0.01
2025-04-11T00:00:00+03:00,OZ,0.043
2025-04-11T00:00:00+03:00,CO,
2025-04-11T00:00:00+03:00,NO,0.039
2025-04-11T00:00:00+03:00,SO2,0.0011
2025-04-11T00:00:00+03:00,C6H5OH (фенол),0.0009
2025-04-12T00:00:00+03:00,OZ,0.0652
2025-04-12T00:00:00+03:00,NO,0.011
2025-04-12T00:00:00+03:00,NO2,0.038
2025-04-12T00:00:00+03:00,SO2,0.0012
2025-04-12T00:00:00+03:00,CO,
2025-04-12T00:00:00+03:00,CH2O (формальдегид),0.0006
2025-04-12T00:00:00+03:00,C6H6 (бензол),0.005
2025-04-12T00:00:00+03:00,C6H5OH (фенол),0.0012
2025-04-12T00:00:00+03:00,PM2.5,0.007
2025-04-13T00:00:00+03:00,CH2O (формальдегид),0.0026
2025-04-13T00:00:00+03:00,PM2.5,0.01
2025-04-13T00:00:00+03:00,C6H5OH (фенол),0.0009
2025-04-13T00:00:00+03:00,NO,0.022
2025-04-13T00:00:00+03:00,CO,
2025-04-13T00:00:00+03:00,NO2,0.051
2025-04-13T00:00:00+03:00,OZ,0.0538
2025-04-13T00:00:00+03:00,C6H6 (бензол),0.005
2025-04-13T00:00:00+03:00,SO2,0.0011
2025-04-14T00:00:00+03:00,CH2O (формальдегид),0.0028
2025-04-14T00:00:00+03:00,NO,0.056
2025-04-14T00:00:00+03:00,C6H5OH (фенол),0.001
2025-04-14T00:00:00+03:00,C6H6 (бензол),0.005
2025-04-14T00:00:00+03:00,NO2,0.073
2025-04-14T00:00:00+03:00,CO,
2025-04-14T00:00:00+03:00,OZ,0.0415
2025-04-14T00:00:00+03:00,SO2,0.0011
2025-04-14T00:00:00+03:00,PM2.5,0.015
2025-04-15T00:00:00+03:00,CO,
2025-04-15T00:00:00+03:00,C6H6 (бензол),0.006
2025-04-15T00:00:00+03:00,CH2O (формальдегид),0.0042
2025-04-15T00:00:00+03:00,PM2.5,0.017
2025-04-15T00:00:00+03:00,SO2,0.0017
2025-04-15T00:00:00+03:00,NO,0.031
2025-04-15T00:00:00+03:00,C6H5OH (фенол),0.0013
2025-04-15T00:00:00+03:00,OZ,0.0577
2025-04-15T00:00:00+03:00,NO2,0.066
2025-04-16T00:00:00+03:00,PM2.5,
2025-04-16T00:00:00+03:00,OZ,0.0436
2025-04-16T00:00:00+03:00,NO2,0.095
2025-04-16T00:00:00+03:00,C6H5OH (фенол),0.0013
2025-04-16T00:00:00+03:00,NO,0.114
2025-04-16T00:00:00+03:00,C6H6 (бензол),0.007
2025-04-16T00:00:00+03:00,CH2O (формальдегид),0.0035
2025-04-16T00:00:00+03:00,SO2,0.0014
2025-04-16T00:00:00+03:00,CO,
2025-04-17T00:00:00+03:00,OZ,0.0476
2025-04-17T00:00:00+03:00,CO,
2025-04-17T00:00:00+03:00,NO,0.06
2025-04-17T00:00:00+03:00,C6H6 (бензол),0.006
2025-04-17T00:00:00+03:00,CH2O (формальдегид),0.0042
2025-04-17T00:00:00+03:00,NO2,0.091
2025-04-17T00:00:00+03:00,PM2.5,
2025-04-17T00:00:00+03:00,SO2,0.0017
2025-04-17T00:00:00+03:00,C6H5OH (фенол),0.0012
2025-04-18T00:00:00+03:00,SO2,0.0016
2025-04-18T00:00:00+03:00,NO2,0.081
2025-04-18T00:00:00+03:00,OZ,0.0514
2025-04-18T00:00:00+03:00,CO,
2025-04-18T00:00:00+03:00,CH2O (формальдегид),0.0038
2025-04-18T00:00:00+03:00,NO,0.061
2025-04-18T00:00:00+03:00,C6H6 (бензол),0.006
2025-04-18T00:00:00+03:00,PM2.5,
2025-04-18T00:00:00+03:00,C6H5OH (фенол),0.0013
2025-04-19T00:00:00+03:00,NO,0.047
2025-04-19T00:00:00+03:00,CO,
2025-04-19T00:00:00+03:00,C6H6 (бензол),0.006
2025-04-19T00:00:00+03:00,C6H5OH (фенол),0.0016
2025-04-19T00:00:00+03:00,NO2,0.077
2025-04-19T00:00:00+03:00,CH2O (формальдегид),0.0026
2025-04-19T00:00:00+03:00,PM2.5,
2025-04-19T00:00:00+03:00,SO2,0.0016
2025-04-19T00:00:00+03:00,OZ,0.0528
2025-04-20T00:00:00+03:00,NO,0.026
2025-04-20T00:00:00+03:00,CO,
2025-04-20T00:00:00+03:00,CH2O (формальдегид),0.0028
2025-04-20T00:00:00+03:00,OZ,0.0696
2025-04-20T00:00:00+03:00,C6H6 (бензол),0.006
2025-04-20T00:00:00+03:00,NO2,0.072
2025-04-20T00:00:00+03:00,PM2.5,
2025-04-20T00:00:00+03:00,C6H5OH (фенол),0.0017
2025-04-20T00:00:00+03:00,SO2,0.0022
2025-04-21T00:00:00+03:00,OZ,0.0679
2025-04-21T00:00:00+03:00,PM2.5,
2025-04-21T00:00:00+03:00,NO,0.038
2025-04-21T00:00:00+03:00,CO,
2025-04-21T00:00:00+03:00,CH2O (формальдегид),0.0027
2025-04-21T00:00:00+03:00,SO2,0.0022
2025-04-21T00:00:00+03:00,C6H6 (бензол),0.006
2025-04-21T00:00:00+03:00,NO2,0.085
2025-04-21T00:00:00+03:00,C6H5OH (фенол),0.0018
2025-04-22T00:00:00+03:00,SO2,0.0018
2025-04-22T00:00:00+03:00,NO2,0.069
2025-04-22T00:00:00+03:00,PM2.5,
2025-04-22T00:00:00+03:00,CH2O (формальдегид),0.0041
2025-04-22T00:00:00+03:00,C6H5OH (фенол),0.0015
2025-04-22T00:00:00+03:00,NO,0.03
2025-04-22T00:00:00+03:00,OZ,0.0608
2025-04-22T00:00:00+03:00,C6H6 (бензол),0.006
2025-04-22T00:00:00+03:00,CO,
2025-04-23T00:00:00+03:00,OZ,0.0265
2025-04-23T00:00:00+03:00,C6H5OH (фенол),0.0009
2025-04-23T00:00:00+03:00,PM2.5,0.021
2025-04-23T00:00:00+03:00,SO2,0.0033
2025-04-23T00:00:00+03:00,CO,0.4
2025-04-23T00:00:00+03:00,NO2,0.052
2025-04-23T00:00:00+03:00,C6H6 (бензол),0.005
2025-04-23T00:00:00+03:00,NO,0.032
2025-04-23T00:00:00+03:00,CH2O (формальдегид),0.0037
2025-04-24T00:00:00+03:00,NO2,0.051
2025-04-24T00:00:00+03:00,C6H5OH (фенол),0.0015
2025-04-24T00:00:00+03:00,PM2.5,0.01
2025-04-24T00:00:00+03:00,NO,0.022
2025-04-24T00:00:00+03:00,CO,0.45
2025-04-24T00:00:00+03:00,C6H6 (бензол),0.006
2025-04-24T00:00:00+03:00,CH2O (формальдегид),0.0022
2025-04-24T00:00:00+03:00,OZ,0.0705
2025-04-24T00:00:00+03:00,SO2,0.0016
2025-04-25T00:00:00+03:00,CO,0.33
2025-04-25T00:00:00+03:00,NO,0.025
2025-04-25T00:00:00+03:00,NO2,0.05
2025-04-25T00:00:00+03:00,CH2O (формальдегид),0.0025
2025-04-25T00:00:00+03:00,C6H5OH (фенол),0.0013
2025-04-25T00:00:00+03:00,PM2.5,0.01
2025-04-25T00:00:00+03:00,SO2,0.0019
2025-04-25T00:00:00+03:00,OZ,0.0516
2025-04-25T00:00:00+03:00,C6H6 (бензол),0.006
2025-04-26T00:00:00+03:00,C6H5OH (фенол),0.001
2025-04-26T00:00:00+03:00,CH2O (формальдегид),0.0018
2025-04-26T00:00:00+03:00,SO2,0.0014
2025-04-26T00:00:00+03:00,NO2,0.033
2025-04-26T00:00:00+03:00,PM2.5,0.008
2025-04-26T00:00:00+03:00,NO,0.008
2025-04-26T00:00:00+03:00,CO,0.28
2025-04-26T00:00:00+03:00,OZ,0.0634
2025-04-26T00:00:00+03:00,C6H6 (бензол),0.006
2025-04-27T00:00:00+03:00,C6H5OH (фенол),0.001
2025-04-27T00:00:00+03:00,OZ,0.0635
2025-04-27T00:00:00+03:00,NO2,0.034
2025-04-27T00:00:00+03:00,NO,0.008
2025-04-27T00:00:00+03:00,PM2.5,0.009
2025-04-27T00:00:00+03:00,CO,0.19
2025-04-27T00:00:00+03:00,C6H6 (бензол),0.006
2025-04-27T00:00:00+03:00,CH2O (формальдегид),0.0006
2025-04-27T00:00:00+03:00,SO2,0.0017
2025-04-28T00:00:00+03:00,NO,0.015
2025-04-28T00:00:00+03:00,OZ,0.054
2025-04-28T00:00:00+03:00,CO,0.11
2025-04-28T00:00:00+03:00,C6H6 (бензол),0.005
2025-04-28T00:00:00+03:00,SO2,0.0014
2025-04-28T00:00:00+03:00,CH2O (формальдегид),0.0012
2025-04-28T00:00:00+03:00,PM2.5,0.009
2025-04-28T00:00:00+03:00,NO2,0.043
2025-04-28T00:00:00+03:00,C6H5OH (фенол),0.0007
2025-04-29T00:00:00+03:00,CH2O (формальдегид),0.0041
2025-04-29T00:00:00+03:00,NO,0.028
2025-04-29T00:00:00+03:00,NO2,0.061
2025-04-29T00:00:00+03:00,CO,0.37
2025-04-29T00:00:00+03:00,SO2,0.0014
2025-04-29T00:00:00+03:00,PM2.5,0.012
2025-04-29T00:00:00+03:00,C6H5OH (фенол),0.0011
2025-04-29T00:00:00+03:00,C6H6 (бензол),0.006
2025-04-29T00:00:00+03:00,OZ,0.0532
2025-04-30T00:00:00+03:00,C6H5OH (фенол),0.0009
2025-04-30T00:00:00+03:00,NO,0.019
2025-04-30T00:00:00+03:00,NO2,0.044
2025-04-30T00:00:00+03:00,PM2.5,0.007
2025-04-30T00:00:00+03:00,CH2O (формальдегид),0.0023
2025-04-30T00:00:00+03:00,CO,0.26
2025-04-30T00:00:00+03:00,OZ,0.0464
2025-04-30T00:00:00+03:00,C6H6 (бензол),0.005
2025-04-30T00:00:00+03:00,SO2,0.0013
2025-05-01T00:00:00+03:00,C6H6 (бензол),0.005
2025-05-01T00:00:00+03:00,PM2.5,0.009
2025-05-01T00:00:00+03:00,CH2O (формальдегид),0.0037
2025-05-01T00:00:00+03:00,CO,0.5
2025-05-01T00:00:00+03:00,NO2,0.057
2025-05-01T00:00:00+03:00,NO,0.034
2025-05-01T00:00:00+03:00,SO2,0.0017
2025-05-01T00:00:00+03:00,C6H5OH (фенол),0.0007
2025-05-01T00:00:00+03:00,OZ,0.0289
2025-05-02T00:00:00+03:00,OZ,0.0491
2025-05-02T00:00:00+03:00,NO2,0.039
2025-05-02T00:00:00+03:00,C6H5OH (фенол),0.0009
2025-05-02T00:00:00+03:00,CO,0.45
2025-05-02T00:00:00+03:00,C6H6 (бензол),0.006
2025-05-02T00:00:00+03:00,PM2.5,0.008
2025-05-02T00:00:00+03:00,SO2,0.0012
2025-05-02T00:00:00+03:00,CH2O (формальдегид),0.0011
2025-05-02T00:00:00+03:00,NO,0.041
2025-05-03T00:00:00+03:00,SO2,0.0013
2025-05-03T00:00:00+03:00,C6H6 (бензол),0.007
2025-05-03T00:00:00+03:00,NO2,0.067
2025-05-03T00:00:00+03:00,OZ,0.0399
2025-05-03T00:00:00+03:00,PM2.5,0.018
2025-05-03T00:00:00+03:00,NO,0.083
2025-05-03T00:00:00+03:00,CH2O (формальдегид),0.0027
2025-05-03T00:00:00+03:00,C6H5OH (фенол),0.001
2025-05-03T00:00:00+03:00,CO,0.52
2025-05-04T00:00:00+03:00,SO2,0.001
2025-05-04T00:00:00+03:00,C6H6 (бензол),0.006
2025-05-04T00:00:00+03:00,CH2O (формальдегид),0.0025
2025-05-04T00:00:00+03:00,NO,0.067
2025-05-04T00:00:00+03:00,CO,0.55
2025-05-04T00:00:00+03:00,NO2,0.072
2025-05-04T00:00:00+03:00,PM2.5,0.02
2025-05-04T00:00:00+03:00,OZ,0.0369
2025-05-04T00:00:00+03:00,C6H5OH (фенол),0.0011
2025-05-05T00:00:00+03:00,NO2,0.036
2025-05-05T00:00:00+03:00,SO2,0.0014
2025-05-05T00:00:00+03:00,NO,0.013
2025-05-05T00:00:00+03:00,OZ,0.0618
2025-05-05T00:00:00+03:00,PM2.5,0.009
2025-05-05T00:00:00+03:00,C6H5OH (фенол),0.0012
2025-05-05T00:00:00+03:00,CH2O (формальдегид),0.0035
2025-05-05T00:00:00+03:00,CO,0.23
2025-05-05T00:00:00+03:00,C6H6 (бензол),0.006
2025-05-06T00:00:00+03:00,SO2,0.0013
2025-05-06T00:00:00+03:00,OZ,0.0543
2025-05-06T00:00:00+03:00,NO2,0.039
2025-05-06T00:00:00+03:00,CH2O (формальдегид),0.0014
2025-05-06T00:00:00+03:00,C6H6 (бензол),0.006
2025-05-06T00:00:00+03:00,C6H5OH (фенол),0.0009
2025-05-06T00:00:00+03:00,NO,0.035
2025-05-06T00:00:00+03:00,PM2.5,0.01
2025-05-06T00:00:00+03:00,CO,0.2
2025-05-07T00:00:00+03:00,PM2.5,0.015
2025-05-07T00:00:00+03:00,CO,0.41
2025-05-07T00:00:00+03:00,NO,0.04
2025-05-07T00:00:00+03:00,NO2,0.066
2025-05-07T00:00:00+03:00,C6H5OH (фенол),0.0009
2025-05-07T00:00:00+03:00,OZ,0.0442
2025-05-07T00:00:00+03:00,C6H6 (бензол),0.006
2025-05-07T00:00:00+03:00,SO2,0.0014
2025-05-07T00:00:00+03:00,CH2O (формальдегид),0.0025
2025-05-08T00:00:00+03:00,PM2.5,0.009
2025-05-08T00:00:00+03:00,C6H5OH (фенол),0.0007
2025-05-08T00:00:00+03:00,C6H6 (бензол),0.006
2025-05-08T00:00:00+03:00,CO,0.32
2025-05-08T00:00:00+03:00,NO2,0.044
2025-05-08T00:00:00+03:00,OZ,0.0414
2025-05-08T00:00:00+03:00,SO2,0.0012
2025-05-08T00:00:00+03:00,NO,0.014
2025-05-08T00:00:00+03:00,CH2O (формальдегид),0.0026
2025-05-09T00:00:00+03:00,PM2.5,0.009
2025-05-09T00:00:00+03:00,C6H5OH (фенол),0.0008
2025-05-09T00:00:00+03:00,OZ,0.0484
2025-05-09T00:00:00+03:00,CH2O (формальдегид),0.0017
2025-05-09T00:00:00+03:00,NO,0.015
2025-05-09T00:00:00+03:00,NO2,0.041
2025-05-09T00:00:00+03:00,C6H6 (бензол),0.006
2025-05-09T00:00:00+03:00,SO2,0.0013
2025-05-09T00:00:00+03:00,CO,0.17
2025-05-10T00:00:00+03:00,OZ,0.0443
2025-05-10T00:00:00+03:00,CO,0.46
2025-05-10T00:00:00+03:00,C6H6 (бензол),0.007
2025-05-10T00:00:00+03:00,C6H5OH (фенол),0.0009
2025-05-10T00:00:00+03:00,NO,0.03
2025-05-10T00:00:00+03:00,CH2O (формальдегид),0.0033
2025-05-10T00:00:00+03:00,NO2,0.04
2025-05-10T00:00:00+03:00,PM2.5,0.01
2025-05-10T00:00:00+03:00,SO2,0.0013
2025-05-11T00:00:00+03:00,PM2.5,0.006
2025-05-11T00:00:00+03:00,CH2O (формальдегид),0.0003
2025-05-11T00:00:00+03:00,NO2,0.034
2025-05-11T00:00:00+03:00,C6H6 (бензол),0.005
2025-05-11T00:00:00+03:00,OZ,0.0482
2025-05-11T00:00:00+03:00,C6H5OH (фенол),0.0009
2025-05-11T00:00:00+03:00,NO,0.012
2025-05-11T00:00:00+03:00,CO,0.16
2025-05-11T00:00:00+03:00,SO2,0.0012
2025-05-12T00:00:00+03:00,CH2O (формальдегид),0.0021
2025-05-12T00:00:00+03:00,CO,0.37
2025-05-12T00:00:00+03:00,OZ,0.037
2025-05-12T00:00:00+03:00,SO2,0.0012
2025-05-12T00:00:00+03:00,NO2,0.054
2025-05-12T00:00:00+03:00,C6H5OH (фенол),0.0008
2025-05-12T00:00:00+03:00,C6H6 (бензол),0.006
2025-05-12T00:00:00+03:00,PM2.5,0.011
2025-05-12T00:00:00+03:00,NO,0.062
2025-05-13T00:00:00+03:00,OZ,0.0336
2025-05-13T00:00:00+03:00,C6H5OH (фенол),0.0008
2025-05-13T00:00:00+03:00,CO,0.6
2025-05-13T00:00:00+03:00,CH2O (формальдегид),0.0023
2025-05-13T00:00:00+03:00,SO2,0.0011
2025-05-13T00:00:00+03:00,PM2.5,0.017
2025-05-13T00:00:00+03:00,C6H6 (бензол),0.007
2025-05-13T00:00:00+03:00,NO2,0.066
2025-05-13T00:00:00+03:00,NO,0.115
2025-05-14T00:00:00+03:00,NO,0.063
2025-05-14T00:00:00+03:00,PM2.5,0.013
2025-05-14T00:00:00+03:00,CO,0.59
2025-05-14T00:00:00+03:00,SO2,0.0011
2025-05-14T00:00:00+03:00,C6H5OH (фенол),0.0009
2025-05-14T00:00:00+03:00,OZ,0.04
2025-05-14T00:00:00+03:00,NO2,0.064
2025-05-14T00:00:00+03:00,CH2O (формальдегид),0.0027
2025-05-14T00:00:00+03:00,C6H6 (бензол),0.006
2025-05-15T00:00:00+03:00,NO,0.094
2025-05-15T00:00:00+03:00,C6H6 (бензол),0.006
2025-05-15T00:00:00+03:00,OZ,0.0425
2025-05-15T00:00:00+03:00,SO2,0.001
2025-05-15T00:00:00+03:00,PM2.5,0.02
2025-05-15T00:00:00+03:00,C6H5OH (фенол),0.0011
2025-05-15T00:00:00+03:00,CO,0.71
2025-05-15T00:00:00+03:00,NO2,0.079
2025-05-15T00:00:00+03:00,CH2O (формальдегид),0.0015
2025-05-16T00:00:00+03:00,CO,0.68
2025-05-16T00:00:00+03:00,CH2O (формальдегид),0.0028
2025-05-16T00:00:00+03:00,PM2.5,0.023
2025-05-16T00:00:00+03:00,SO2,0.0014
2025-05-16T00:00:00+03:00,NO,0.062
2025-05-16T00:00:00+03:00,OZ,0.0484
2025-05-16T00:00:00+03:00,C6H5OH (фенол),0.0013
2025-05-16T00:00:00+03:00,C6H6 (бензол),0.006
2025-05-16T00:00:00+03:00,NO2,0.08
2025-05-17T00:00:00+03:00,C6H6 (бензол),0.007
2025-05-17T00:00:00+03:00,CH2O (формальдегид),0.003
2025-05-17T00:00:00+03:00,NO,0.087
2025-05-17T00:00:00+03:00,CO,0.89
2025-05-17T00:00:00+03:00,PM2.5,0.026
2025-05-17T00:00:00+03:00,SO2,0.0016
2025-05-17T00:00:00+03:00,NO2,0.088
2025-05-17T00:00:00+03:00,OZ,0.0391
2025-05-17T00:00:00+03:00,C6H5OH (фенол),0.0011
2025-05-18T00:00:00+03:00,NO2,0.056
2025-05-18T00:00:00+03:00,OZ,0.0666
2025-05-18T00:00:00+03:00,CH2O (формальдегид),0.0015
2025-05-18T00:00:00+03:00,CO,0.25
2025-05-18T00:00:00+03:00,C6H6 (бензол),0.006
2025-05-18T00:00:00+03:00,NO,0.02
2025-05-18T00:00:00+03:00,PM2.5,0.014
2025-05-18T00:00:00+03:00,SO2,0.0037
2025-05-18T00:00:00+03:00,C6H5OH (фенол),0.0014
2025-05-19T00:00:00+03:00,CO,0.29
2025-05-19T00:00:00+03:00,NO,0.032
2025-05-19T00:00:00+03:00,NO2,0.051
2025-05-19T00:00:00+03:00,C6H6 (бензол),0.006
2025-05-19T00:00:00+03:00,PM2.5,0.009
2025-05-19T00:00:00+03:00,C6H5OH (фенол),0.001
2025-05-19T00:00:00+03:00,CH2O (формальдегид),0.0035
2025-05-19T00:00:00+03:00,OZ,0.0394
2025-05-19T00:00:00+03:00,SO2,0.0013
2025-05-20T00:00:00+03:00,PM2.5,0.011
2025-05-20T00:00:00+03:00,C6H5OH (фенол),0.001
2025-05-20T00:00:00+03:00,OZ,0.0409
2025-05-20T00:00:00+03:00,CH2O (формальдегид),0.0022
2025-05-20T00:00:00+03:00,CO,0.39
2025-05-20T00:00:00+03:00,C6H6 (бензол),0.006
2025-05-20T00:00:00+03:00,SO2,0.0013
2025-05-20T00:00:00+03:00,NO2,0.055
2025-05-20T00:00:00+03:00,NO,0.041
2025-05-21T00:00:00+03:00,NO2,0.058
2025-05-21T00:00:00+03:00,OZ,0.0436
2025-05-21T00:00:00+03:00,CO,0.35
2025-05-21T00:00:00+03:00,PM2.5,0.015
2025-05-21T00:00:00+03:00,C6H5OH (фенол),0.0011
2025-05-21T00:00:00+03:00,C6H6 (бензол),0.006
2025-05-21T00:00:00+03:00,NO,0.043
2025-05-21T00:00:00+03:00,CH2O (формальдегид),0.0024
2025-05-21T00:00:00+03:00,SO2,0.0012
2025-05-22T00:00:00+03:00,OZ,0.0434
2025-05-22T00:00:00+03:00,NO2,0.086
2025-05-22T00:00:00+03:00,NO,0.122
2025-05-22T00:00:00+03:00,C6H5OH (фенол),0.0012
2025-05-22T00:00:00+03:00,C6H6 (бензол),0.007
2025-05-22T00:00:00+03:00,PM2.5,0.025
2025-05-22T00:00:00+03:00,CO,0.72
2025-05-22T00:00:00+03:00,CH2O (формальдегид),0.0025
2025-05-22T00:00:00+03:00,SO2,0.0013
2025-05-23T00:00:00+03:00,PM2.5,0.026
2025-05-23T00:00:00+03:00,NO2,0.093
2025-05-23T00:00:00+03:00,OZ,0.0404
2025-05-23T00:00:00+03:00,NO,0.077
2025-05-23T00:00:00+03:00,C6H6 (бензол),0.007
2025-05-23T00:00:00+03:00,C6H5OH (фенол),0.0016
2025-05-23T00:00:00+03:00,CH2O (формальдегид),0.0041
2025-05-23T00:00:00+03:00,SO2,0.0013
2025-05-23T00:00:00+03:00,CO,0.63
2025-05-24T00:00:00+03:00,OZ,0.053
2025-05-24T00:00:00+03:00,C6H6 (бензол),0.007
2025-05-24T00:00:00+03:00,CO,0.65
2025-05-24T00:00:00+03:00,NO2,0.083
2025-05-24T00:00:00+03:00,C6H5OH (фенол),0.0014
2025-05-24T00:00:00+03:00,SO2,0.0017
2025-05-24T00:00:00+03:00,NO,0.067
2025-05-24T00:00:00+03:00,CH2O (формальдегид),0.0031
2025-05-24T00:00:00+03:00,PM2.5,0.025
2025-05-25T00:00:00+03:00,NO2,0.071
2025-05-25T00:00:00+03:00,C6H6 (бензол),0.006
2025-05-25T00:00:00+03:00,CO,0.61
2025-05-25T00:00:00+03:00,C6H5OH (фенол),0.0013
2025-05-25T00:00:00+03:00,NO,0.041
2025-05-25T00:00:00+03:00,CH2O (формальдегид),0.0033
2025-05-25T00:00:00+03:00,OZ,0.0555
2025-05-25T00:00:00+03:00,PM2.5,0.02
2025-05-25T00:00:00+03:00,SO2,0.002
2025-05-26T00:00:00+03:00,CH2O (формальдегид),0.0034
2025-05-26T00:00:00+03:00,C6H6 (бензол),0.006
2025-05-26T00:00:00+03:00,NO,0.042
2025-05-26T00:00:00+03:00,NO2,0.066
2025-05-26T00:00:00+03:00,CO,0.68
2025-05-26T00:00:00+03:00,OZ,0.0522
2025-05-26T00:00:00+03:00,SO2,0.0021
2025-05-26T00:00:00+03:00,PM2.5,0.02
2025-05-26T00:00:00+03:00,C6H5OH (фенол),0.0014
2025-05-27T00:00:00+03:00,PM2.5,0.018
2025-05-27T00:00:00+03:00,OZ,0.0574
2025-05-27T00:00:00+03:00,CO,0.55
2025-05-27T00:00:00+03:00,C6H5OH (фенол),0.0015
2025-05-27T00:00:00+03:00,CH2O (формальдегид),0.0028
2025-05-27T00:00:00+03:00,SO2,0.002
2025-05-27T00:00:00+03:00,C6H6 (бензол),0.006
2025-05-27T00:00:00+03:00,NO,0.045
2025-05-27T00:00:00+03:00,NO2,0.065
2025-05-28T00:00:00+03:00,SO2,0.0025
2025-05-28T00:00:00+03:00,NO,0.052
2025-05-28T00:00:00+03:00,CO,0.31
2025-05-28T00:00:00+03:00,PM2.5,0.021
2025-05-28T00:00:00+03:00,C6H6 (бензол),0.006
2025-05-28T00:00:00+03:00,OZ,0.0462
2025-05-28T00:00:00+03:00,C6H5OH (фенол),0.0012
2025-05-28T00:00:00+03:00,NO2,0.069
2025-05-28T00:00:00+03:00,CH2O (формальдегид),0.0039
2025-05-29T00:00:00+03:00,SO2,0.0028
2025-05-29T00:00:00+03:00,CH2O (формальдегид),0.003
2025-05-29T00:00:00+03:00,C6H5OH (фенол),0.0013
2025-05-29T00:00:00+03:00,CO,0.53
2025-05-29T00:00:00+03:00,NO,0.047
2025-05-29T00:00:00+03:00,NO2,0.07
2025-05-29T00:00:00+03:00,OZ,0.0495
2025-05-29T00:00:00+03:00,PM2.5,0.027
2025-05-29T00:00:00+03:00,C6H6 (бензол),0.006
2025-05-30T00:00:00+03:00,CO,0.62
2025-05-30T00:00:00+03:00,OZ,0.0398
2025-05-30T00:00:00+03:00,PM2.5,0.028
2025-05-30T00:00:00+03:00,C6H5OH (фенол),0.0013
2025-05-30T00:00:00+03:00,SO2,0.003
2025-05-30T00:00:00+03:00,C6H6 (бензол),0.006
2025-05-30T00:00:00+03:00,NO,0.052
2025-05-30T00:00:00+03:00,CH2O (формальдегид),0.0066
2025-05-30T00:00:00+03:00,NO2,0.07
2025-05-31T00:00:00+03:00,NO2,0.075
2025-05-31T00:00:00+03:00,C6H6 (бензол),0.006
2025-05-31T00:00:00+03:00,SO2,0.0012
2025-05-31T00:00:00+03:00,CO,0.5
2025-05-31T00:00:00+03:00,OZ,0.0347
2025-05-31T00:00:00+03:00,PM2.5,0.034
2025-05-31T00:00:00+03:00,C6H5OH (фенол),0.0013
2025-05-31T00:00:00+03:00,NO,0.069
2025-05-31T00:00:00+03:00,CH2O (формальдегид),0.0045
2025-06-01T00:00:00+03:00,OZ,0.0456
2025-06-01T00:00:00+03:00,NO,0.019
2025-06-01T00:00:00+03:00,NO2,0.035
2025-06-01T00:00:00+03:00,CH2O (формальдегид),0.0034
2025-06-01T00:00:00+03:00,SO2,0.0013
2025-06-01T00:00:00+03:00,CO,0.31
2025-06-01T00:00:00+03:00,C6H6 (бензол),0.006
2025-06-01T00:00:00+03:00,C6H5OH (фенол),0.0013
2025-06-01T00:00:00+03:00,PM2.5,0.012
2025-06-02T00:00:00+03:00,OZ,0.0482
2025-06-02T00:00:00+03:00,C6H6 (бензол),0.006
2025-06-02T00:00:00+03:00,NO,0.022
2025-06-02T00:00:00+03:00,CH2O (формальдегид),0.0019
2025-06-02T00:00:00+03:00,SO2,0.0012
2025-06-02T00:00:00+03:00,C6H5OH (фенол),0.0011
2025-06-02T00:00:00+03:00,CO,0.26
2025-06-02T00:00:00+03:00,NO2,0.04
2025-06-02T00:00:00+03:00,PM2.5,0.011
2025-06-03T00:00:00+03:00,CH2O (формальдегид),0.0029
2025-06-03T00:00:00+03:00,NO,0.019
2025-06-03T00:00:00+03:00,PM2.5,0.017
2025-06-03T00:00:00+03:00,C6H6 (бензол),0.006
2025-06-03T00:00:00+03:00,C6H5OH (фенол),0.0012
2025-06-03T00:00:00+03:00,SO2,0.0013
2025-06-03T00:00:00+03:00,NO2,0.044
2025-06-03T00:00:00+03:00,CO,0.19
2025-06-03T00:00:00+03:00,OZ,0.0468
2025-06-04T00:00:00+03:00,NO,0.013
2025-06-04T00:00:00+03:00,PM2.5,0.012
2025-06-04T00:00:00+03:00,SO2,0.0016
2025-06-04T00:00:00+03:00,CO,0.28
2025-06-04T00:00:00+03:00,OZ,0.0575
2025-06-04T00:00:00+03:00,NO2,0.035
2025-06-04T00:00:00+03:00,C6H6 (бензол),0.006
2025-06-04T00:00:00+03:00,C6H5OH (фенол),0.0014
2025-06-04T00:00:00+03:00,CH2O (формальдегид),0.0019
2025-06-05T00:00:00+03:00,NO,0.041
2025-06-05T00:00:00+03:00,PM2.5,0.018
2025-06-05T00:00:00+03:00,SO2,0.0011
2025-06-05T00:00:00+03:00,OZ,0.047
2025-06-05T00:00:00+03:00,CH2O (формальдегид),0.0027
2025-06-05T00:00:00+03:00,NO2,0.062
2025-06-05T00:00:00+03:00,C6H6 (бензол),0.006
2025-06-05T00:00:00+03:00,CO,0.4
2025-06-05T00:00:00+03:00,C6H5OH (фенол),0.0011
2025-06-06T00:00:00+03:00,OZ,0.0494
2025-06-06T00:00:00+03:00,C6H5OH (фенол),0.0013
2025-06-06T00:00:00+03:00,NO,0.038
2025-06-06T00:00:00+03:00,CO,0.5
2025-06-06T00:00:00+03:00,PM2.5,0.021
2025-06-06T00:00:00+03:00,CH2O (формальдегид),0.0047
2025-06-06T00:00:00+03:00,SO2,0.0015
2025-06-06T00:00:00+03:00,NO2,0.058
2025-06-06T00:00:00+03:00,C6H6 (бензол),0.006
2025-06-07T00:00:00+03:00,SO2,0.0011
2025-06-07T00:00:00+03:00,NO2,0.048
2025-06-07T00:00:00+03:00,PM2.5,0.021
2025-06-07T00:00:00+03:00,C6H5OH (фенол),0.0014
2025-06-07T00:00:00+03:00,NO,0.024
2025-06-07T00:00:00+03:00,CO,0.63
2025-06-07T00:00:00+03:00,CH2O (формальдегид),0.0033
2025-06-07T00:00:00+03:00,C6H6 (бензол),0.006
2025-06-07T00:00:00+03:00,OZ,0.0471
2025-06-08T00:00:00+03:00,PM2.5,
2025-06-08T00:00:00+03:00,CO,0.44
2025-06-08T00:00:00+03:00,NO,0.016
2025-06-08T00:00:00+03:00,SO2,0.0011
2025-06-08T00:00:00+03:00,C6H5OH (фенол),0.0013
2025-06-08T00:00:00+03:00,CH2O (формальдегид),0.0057
2025-06-08T00:00:00+03:00,C6H6 (бензол),0.006
2025-06-08T00:00:00+03:00,OZ,0.0357
2025-06-08T00:00:00+03:00,NO2,0.027
2025-06-09T00:00:00+03:00,SO2,0.0013
2025-06-09T00:00:00+03:00,NO,0.013
2025-06-09T00:00:00+03:00,CO,0.49
2025-06-09T00:00:00+03:00,NO2,0.02
2025-06-09T00:00:00+03:00,CH2O (формальдегид),0.004
2025-06-09T00:00:00+03:00,C6H6 (бензол),0.006
2025-06-09T00:00:00+03:00,OZ,0.0448
2025-06-09T00:00:00+03:00,C6H5OH (фенол),0.0014
2025-06-09T00:00:00+03:00,PM2.5,
2025-06-10T00:00:00+03:00,CH2O (формальдегид),0.0028
2025-06-10T00:00:00+03:00,OZ,0.0414
2025-06-10T00:00:00+03:00,NO,0.004
2025-06-10T00:00:00+03:00,CO,0.3
2025-06-10T00:00:00+03:00,SO2,0.0012
2025-06-10T00:00:00+03:00,PM2.5,
2025-06-10T00:00:00+03:00,C6H5OH (фенол),0.001
2025-06-10T00:00:00+03:00,C6H6 (бензол),0.005
2025-06-10T00:00:00+03:00,NO2,0.009
2025-06-11T00:00:00+03:00,OZ,0.033
2025-06-11T00:00:00+03:00,CO,0.66
2025-06-11T00:00:00+03:00,C6H5OH (фенол),0.0009
2025-06-11T00:00:00+03:00,CH2O (формальдегид),0.0027
2025-06-11T00:00:00+03:00,SO2,0.001
2025-06-11T00:00:00+03:00,C6H6 (бензол),0.006
2025-06-11T00:00:00+03:00,PM2.5,
2025-06-11T00:00:00+03:00,NO,0.016
2025-06-11T00:00:00+03:00,NO2,0.016
2025-06-12T00:00:00+03:00,SO2,0.0022
2025-06-12T00:00:00+03:00,OZ,0.0473
2025-06-12T00:00:00+03:00,NO,0.018
2025-06-12T00:00:00+03:00,CH2O (формальдегид),0.0048
2025-06-12T00:00:00+03:00,C6H5OH (фенол),0.0013
2025-06-12T00:00:00+03:00,NO2,0.018
2025-06-12T00:00:00+03:00,PM2.5,
2025-06-12T00:00:00+03:00,CO,0.61
2025-06-12T00:00:00+03:00,C6H6 (бензол),0.007
2025-06-13T00:00:00+03:00,NO2,0.008
2025-06-13T00:00:00+03:00,CO,0.27
2025-06-13T00:00:00+03:00,NO,0.002
2025-06-13T00:00:00+03:00,SO2,0.0022
2025-06-13T00:00:00+03:00,C6H5OH (фенол),0.0013
2025-06-13T00:00:00+03:00,OZ,0.0497
2025-06-13T00:00:00+03:00,PM2.5,
2025-06-13T00:00:00+03:00,C6H6 (бензол),0.006
2025-06-13T00:00:00+03:00,CH2O (формальдегид),0.0045
2025-06-14T00:00:00+03:00,PM2.5,
2025-06-14T00:00:00+03:00,NO,0.002
2025-06-14T00:00:00+03:00,OZ,0.0399
2025-06-14T00:00:00+03:00,C6H5OH (фенол),0.0009
2025-06-14T00:00:00+03:00,CH2O (формальдегид),0.0026
2025-06-14T00:00:00+03:00,NO2,0.004
2025-06-14T00:00:00+03:00,C6H6 (бензол),0.005
2025-06-14T00:00:00+03:00,SO2,0.0016
2025-06-14T00:00:00+03:00,CO,0.46
2025-06-15T00:00:00+03:00,C6H5OH (фенол),0.0008
2025-06-15T00:00:00+03:00,NO2,0.004
2025-06-15T00:00:00+03:00,CH2O (формальдегид),0.0044
2025-06-15T00:00:00+03:00,CO,0.28
2025-06-15T00:00:00+03:00,OZ,0.0332
2025-06-15T00:00:00+03:00,PM2.5,
2025-06-15T00:00:00+03:00,NO,0.002
2025-06-15T00:00:00+03:00,C6H6 (бензол),0.005
2025-06-15T00:00:00+03:00,SO2,0.0014
2025-06-16T00:00:00+03:00,PM2.5,
2025-06-16T00:00:00+03:00,NO,0.008
2025-06-16T00:00:00+03:00,CH2O (формальдегид),0.0034
2025-06-16T00:00:00+03:00,CO,0.21
2025-06-16T00:00:00+03:00,OZ,0.0421
2025-06-16T00:00:00+03:00,SO2,0.0013
2025-06-16T00:00:00+03:00,C6H5OH (фенол),0.0011
2025-06-16T00:00:00+03:00,C6H6 (бензол),0.006
2025-06-16T00:00:00+03:00,NO2,0.01
2025-06-17T00:00:00+03:00,NO,0.019
2025-06-17T00:00:00+03:00,PM2.5,
2025-06-17T00:00:00+03:00,SO2,0.0042
2025-06-17T00:00:00+03:00,C6H5OH (фенол),0.0009
2025-06-17T00:00:00+03:00,CH2O (формальдегид),0.0056
2025-06-17T00:00:00+03:00,NO2,0.018
2025-06-17T00:00:00+03:00,OZ,0.0237
2025-06-17T00:00:00+03:00,CO,0.62
2025-06-17T00:00:00+03:00,C6H6 (бензол),0.006
2025-06-18T00:00:00+03:00,CO,0.44
2025-06-18T00:00:00+03:00,C6H6 (бензол),0.006
2025-06-18T00:00:00+03:00,CH2O (формальдегид),0.004
2025-06-18T00:00:00+03:00,PM2.5,
2025-06-18T00:00:00+03:00,OZ,0.0264
2025-06-18T00:00:00+03:00,NO2,0.014
2025-06-18T00:00:00+03:00,C6H5OH (фенол),0.001
2025-06-18T00:00:00+03:00,NO,0.008
2025-06-18T00:00:00+03:00,SO2,0.001
2025-06-19T00:00:00+03:00,OZ,0.0272
2025-06-19T00:00:00+03:00,PM2.5,0.007
2025-06-19T00:00:00+03:00,CO,0.59
2025-06-19T00:00:00+03:00,SO2,0.0011
2025-06-19T00:00:00+03:00,C6H6 (бензол),0.005
2025-06-19T00:00:00+03:00,NO2,0.009
2025-06-19T00:00:00+03:00,NO,0.006
2025-06-19T00:00:00+03:00,C6H5OH (фенол),0.001
2025-06-19T00:00:00+03:00,CH2O (формальдегид),0.0037
2025-06-20T00:00:00+03:00,CO,0.18
2025-06-20T00:00:00+03:00,C6H5OH (фенол),0.0009
2025-06-20T00:00:00+03:00,NO2,0.009
2025-06-20T00:00:00+03:00,SO2,0.0011
2025-06-20T00:00:00+03:00,C6H6 (бензол),0.005
2025-06-20T00:00:00+03:00,NO,0.006
2025-06-20T00:00:00+03:00,CH2O (формальдегид),0.0025
2025-06-20T00:00:00+03:00,OZ,0.0241
2025-06-20T00:00:00+03:00,PM2.5,0.009
2025-06-21T00:00:00+03:00,OZ,0.037
2025-06-21T00:00:00+03:00,C6H5OH (фенол),0.001
2025-06-21T00:00:00+03:00,C6H6 (бензол),0.005
2025-06-21T00:00:00+03:00,CH2O (формальдегид),0.0021
2025-06-21T00:00:00+03:00,CO,0.26
2025-06-21T00:00:00+03:00,PM2.5,0.01
2025-06-21T00:00:00+03:00,NO,0.003
2025-06-21T00:00:00+03:00,SO2,0.0014
2025-06-21T00:00:00+03:00,NO2,0.005
2025-06-22T00:00:00+03:00,CH2O (формальдегид),0.0025
2025-06-22T00:00:00+03:00,OZ,0.0254
2025-06-22T00:00:00+03:00,PM2.5,0.016
2025-06-22T00:00:00+03:00,CO,0.8
2025-06-22T00:00:00+03:00,SO2,0.001
2025-06-22T00:00:00+03:00,NO2,0.013
2025-06-22T00:00:00+03:00,NO,0.03
2025-06-22T00:00:00+03:00,C6H5OH (фенол),0.0009
2025-06-22T00:00:00+03:00,C6H6 (бензол),0.007
2025-06-23T00:00:00+03:00,PM2.5,0.011
2025-06-23T00:00:00+03:00,CH2O (формальдегид),0.0015
2025-06-23T00:00:00+03:00,CO,0.32
2025-06-23T00:00:00+03:00,NO2,0.008
2025-06-23T00:00:00+03:00,C6H6 (бензол),0.006
2025-06-23T00:00:00+03:00,SO2,0.002
2025-06-23T00:00:00+03:00,OZ,0.0453
2025-06-23T00:00:00+03:00,NO,0.005
2025-06-23T00:00:00+03:00,C6H5OH (фенол),0.0012
2025-06-24T00:00:00+03:00,CO,0.8
2025-06-24T00:00:00+03:00,OZ,0.0355
2025-06-24T00:00:00+03:00,SO2,0.0017
2025-06-24T00:00:00+03:00,NO,0.019
2025-06-24T00:00:00+03:00,NO2,0.015
2025-06-24T00:00:00+03:00,CH2O (формальдегид),0.0032
2025-06-24T00:00:00+03:00,C6H5OH (фенол),0.0011
2025-06-24T00:00:00+03:00,C6H6 (бензол),0.006
2025-06-24T00:00:00+03:00,PM2.5,0.018
2025-06-25T00:00:00+03:00,NO,0.008
2025-06-25T00:00:00+03:00,CO,0.32
2025-06-25T00:00:00+03:00,PM2.5,0.01
2025-06-25T00:00:00+03:00,SO2,0.0012
2025-06-25T00:00:00+03:00,CH2O (формальдегид),0.0024
2025-06-25T00:00:00+03:00,NO2,0.009
2025-06-25T00:00:00+03:00,C6H6 (бензол),0.005
2025-06-25T00:00:00+03:00,OZ,0.0389
2025-06-25T00:00:00+03:00,C6H5OH (фенол),0.0012
2025-06-26T00:00:00+03:00,NO2,0.008
2025-06-26T00:00:00+03:00,C6H6 (бензол),0.005
2025-06-26T00:00:00+03:00,SO2,0.0013
2025-06-26T00:00:00+03:00,PM2.5,0.009
2025-06-26T00:00:00+03:00,CO,0.45
2025-06-26T00:00:00+03:00,NO,0.004
2025-06-26T00:00:00+03:00,CH2O (формальдегид),0.0038
2025-06-26T00:00:00+03:00,C6H5OH (фенол),0.0009
2025-06-26T00:00:00+03:00,OZ,0.0337
2025-06-27T00:00:00+03:00,SO2,0.0013
2025-06-27T00:00:00+03:00,PM2.5,0.009
2025-06-27T00:00:00+03:00,C6H6 (бензол),0.005
2025-06-27T00:00:00+03:00,CO,0.18
2025-06-27T00:00:00+03:00,NO,0.002
2025-06-27T00:00:00+03:00,OZ,0.0423
2025-06-27T00:00:00+03:00,C6H5OH (фенол),0.0011
2025-06-27T00:00:00+03:00,NO2,0.004
2025-06-27T00:00:00+03:00,CH2O (формальдегид),0.0017
2025-06-28T00:00:00+03:00,C6H5OH (фенол),0.0012
2025-06-28T00:00:00+03:00,NO,
2025-06-28T00:00:00+03:00,SO2,0.0013
2025-06-28T00:00:00+03:00,OZ,0.0434
2025-06-28T00:00:00+03:00,C6H6 (бензол),0.007
2025-06-28T00:00:00+03:00,PM2.5,0.016
2025-06-28T00:00:00+03:00,NO2,
2025-06-28T00:00:00+03:00,CH2O (формальдегид),0.0046
2025-06-28T00:00:00+03:00,CO,0.54
2025-06-29T00:00:00+03:00,CO,0.63
2025-06-29T00:00:00+03:00,OZ,0.0271
2025-06-29T00:00:00+03:00,C6H6 (бензол),0.006
2025-06-29T00:00:00+03:00,NO2,
2025-06-29T00:00:00+03:00,CH2O (формальдегид),0.0044
2025-06-29T00:00:00+03:00,NO,
2025-06-29T00:00:00+03:00,PM2.5,0.015
2025-06-29T00:00:00+03:00,SO2,0.0013
2025-06-29T00:00:00+03:00,C6H5OH (фенол),0.0012
2025-06-30T00:00:00+03:00,NO,
2025-06-30T00:00:00+03:00,SO2,0.0012
2025-06-30T00:00:00+03:00,C6H5OH (фенол),0.001
2025-06-30T00:00:00+03:00,C6H6 (бензол),0.005
2025-06-30T00:00:00+03:00,CH2O (формальдегид),0.0037
2025-06-30T00:00:00+03:00,OZ,0.0306
2025-06-30T00:00:00+03:00,NO2,
2025-06-30T00:00:00+03:00,CO,0.23
2025-06-30T00:00:00+03:00,PM2.5,0.006
2025-07-01T00:00:00+03:00,CO,0.18
2025-07-01T00:00:00+03:00,NO,
2025-07-01T00:00:00+03:00,C6H6 (бензол),0.005
2025-07-01T00:00:00+03:00,OZ,0.024
2025-07-01T00:00:00+03:00,C6H5OH (фенол),0.0008
2025-07-01T00:00:00+03:00,CH2O (формальдегид),0.005
2025-07-01T00:00:00+03:00,NO2,
2025-07-01T00:00:00+03:00,SO2,0.0013
2025-07-01T00:00:00+03:00,PM2.5,0.005
2025-07-02T00:00:00+03:00,CO,0.09
2025-07-02T00:00:00+03:00,PM2.5,0.008
2025-07-02T00:00:00+03:00,C6H5OH (фенол),0.0011
2025-07-02T00:00:00+03:00,CH2O (формальдегид),0.0033
2025-07-02T00:00:00+03:00,SO2,0.0013
2025-07-02T00:00:00+03:00,NO2,
2025-07-02T00:00:00+03:00,NO,
2025-07-02T00:00:00+03:00,OZ,0.0294
2025-07-02T00:00:00+03:00,C6H6 (бензол),0.005
2025-07-03T00:00:00+03:00,CO,0.27
2025-07-03T00:00:00+03:00,NO2,
2025-07-03T00:00:00+03:00,CH2O (формальдегид),0.0047
2025-07-03T00:00:00+03:00,C6H5OH (фенол),0.0011
2025-07-03T00:00:00+03:00,OZ,0.0335
2025-07-03T00:00:00+03:00,NO,
2025-07-03T00:00:00+03:00,C6H6 (бензол),0.006
2025-07-03T00:00:00+03:00,PM2.5,0.013
2025-07-03T00:00:00+03:00,SO2,0.0013
2025-07-04T00:00:00+03:00,C6H5OH (фенол),0.0013
2025-07-04T00:00:00+03:00,NO,
2025-07-04T00:00:00+03:00,CO,0.65
2025-07-04T00:00:00+03:00,OZ,0.0365
2025-07-04T00:00:00+03:00,SO2,0.0012
2025-07-04T00:00:00+03:00,NO2,
2025-07-04T00:00:00+03:00,CH2O (формальдегид),0.0041
2025-07-04T00:00:00+03:00,C6H6 (бензол),0.007
2025-07-04T00:00:00+03:00,PM2.5,0.019
2025-07-05T00:00:00+03:00,C6H6 (бензол),0.005
2025-07-05T00:00:00+03:00,C6H5OH (фенол),0.0011
2025-07-05T00:00:00+03:00,PM2.5,0.009
2025-07-05T00:00:00+03:00,CH2O (формальдегид),0.0034
2025-07-05T00:00:00+03:00,NO2,
2025-07-05T00:00:00+03:00,SO2,0.0013
2025-07-05T00:00:00+03:00,OZ,0.0342
2025-07-05T00:00:00+03:00,NO,
2025-07-05T00:00:00+03:00,CO,0.24
2025-07-06T00:00:00+03:00,NO2,
2025-07-06T00:00:00+03:00,SO2,0.0013
2025-07-06T00:00:00+03:00,C6H6 (бензол),0.006
2025-07-06T00:00:00+03:00,NO,
2025-07-06T00:00:00+03:00,C6H5OH (фенол),0.0012
2025-07-06T00:00:00+03:00,CH2O (формальдегид),0.0027
2025-07-06T00:00:00+03:00,CO,0.48
2025-07-06T00:00:00+03:00,PM2.5,0.012
2025-07-06T00:00:00+03:00,OZ,0.0409
2025-07-07T00:00:00+03:00,CH2O (формальдегид),0.0042
2025-07-07T00:00:00+03:00,OZ,0.0503
2025-07-07T00:00:00+03:00,CO,0.29
2025-07-07T00:00:00+03:00,C6H5OH (фенол),0.0013
2025-07-07T00:00:00+03:00,PM2.5,0.017
2025-07-07T00:00:00+03:00,SO2,0.0015
2025-07-07T00:00:00+03:00,NO2,
2025-07-07T00:00:00+03:00,C6H6 (бензол),0.006
2025-07-07T00:00:00+03:00,NO,
2025-07-08T00:00:00+03:00,SO2,0.0018
2025-07-08T00:00:00+03:00,NO2,
2025-07-08T00:00:00+03:00,C6H6 (бензол),0.007
2025-07-08T00:00:00+03:00,OZ,0.0507
2025-07-08T00:00:00+03:00,NO,
2025-07-08T00:00:00+03:00,PM2.5,0.024
2025-07-08T00:00:00+03:00,C6H5OH (фенол),0.0014
2025-07-08T00:00:00+03:00,CH2O (формальдегид),0.0049
2025-07-08T00:00:00+03:00,CO,0.46
2025-07-09T00:00:00+03:00,NO2,
2025-07-09T00:00:00+03:00,C6H6 (бензол),0.007
2025-07-09T00:00:00+03:00,NO,
2025-07-09T00:00:00+03:00,C6H5OH (фенол),0.0014
2025-07-09T00:00:00+03:00,PM2.5,0.028
2025-07-09T00:00:00+03:00,OZ,0.0418
2025-07-09T00:00:00+03:00,CO,0.63
2025-07-09T00:00:00+03:00,SO2,0.002
2025-07-09T00:00:00+03:00,CH2O (формальдегид),0.0072
2025-07-10T00:00:00+03:00,C6H5OH (фенол),0.0014
2025-07-10T00:00:00+03:00,CO,0.74
2025-07-10T00:00:00+03:00,PM2.5,0.022
2025-07-10T00:00:00+03:00,SO2,0.0017
2025-07-10T00:00:00+03:00,NO2,
2025-07-10T00:00:00+03:00,OZ,0.046
2025-07-10T00:00:00+03:00,C6H6 (бензол),0.007
2025-07-10T00:00:00+03:00,CH2O (формальдегид),0.0042
2025-07-10T00:00:00+03:00,NO,
2025-07-11T00:00:00+03:00,C6H5OH (фенол),0.0016
2025-07-11T00:00:00+03:00,SO2,0.0045
2025-07-11T00:00:00+03:00,PM2.5,0.027
2025-07-11T00:00:00+03:00,OZ,0.0508
2025-07-11T00:00:00+03:00,C6H6 (бензол),0.007
2025-07-11T00:00:00+03:00,CO,0.53
2025-07-11T00:00:00+03:00,NO2,
2025-07-11T00:00:00+03:00,CH2O (формальдегид),0.004
2025-07-11T00:00:00+03:00,NO,
2025-07-12T00:00:00+03:00,CO,0.7
2025-07-12T00:00:00+03:00,OZ,0.0445
2025-07-12T00:00:00+03:00,NO2,
2025-07-12T00:00:00+03:00,PM2.5,0.025
2025-07-12T00:00:00+03:00,C6H5OH (фенол),0.0015
2025-07-12T00:00:00+03:00,SO2,0.0052
2025-07-12T00:00:00+03:00,C6H6 (бензол),0.007
2025-07-12T00:00:00+03:00,NO,
2025-07-12T00:00:00+03:00,CH2O (формальдегид),0.0065
2025-07-13T00:00:00+03:00,C6H6 (бензол),0.007
2025-07-13T00:00:00+03:00,OZ,0.0615
2025-07-13T00:00:00+03:00,PM2.5,0.016
2025-07-13T00:00:00+03:00,NO2,
2025-07-13T00:00:00+03:00,CO,0.42
2025-07-13T00:00:00+03:00,NO,
2025-07-13T00:00:00+03:00,CH2O (формальдегид),0.0033
2025-07-13T00:00:00+03:00,SO2,0.0021
2025-07-13T00:00:00+03:00,C6H5OH (фенол),0.0018
2025-07-14T00:00:00+03:00,CO,0.38
2025-07-14T00:00:00+03:00,OZ,0.0569
2025-07-14T00:00:00+03:00,C6H5OH (фенол),0.0017
2025-07-14T00:00:00+03:00,CH2O (формальдегид),0.0054
2025-07-14T00:00:00+03:00,PM2.5,0.016
2025-07-14T00:00:00+03:00,C6H6 (бензол),0.007
2025-07-14T00:00:00+03:00,NO,
2025-07-14T00:00:00+03:00,NO2,
2025-07-14T00:00:00+03:00,SO2,0.0024
2025-07-15T00:00:00+03:00,PM2.5,0.016
2025-07-15T00:00:00+03:00,C6H5OH (фенол),0.0016
2025-07-15T00:00:00+03:00,NO,
2025-07-15T00:00:00+03:00,NO2,
2025-07-15T00:00:00+03:00,C6H6 (бензол),0.006
2025-07-15T00:00:00+03:00,CO,0.53
2025-07-15T00:00:00+03:00,SO2,0.0012
2025-07-15T00:00:00+03:00,CH2O (формальдегид),0.0046
2025-07-15T00:00:00+03:00,OZ,0.0356
2025-07-16T00:00:00+03:00,NO,
2025-07-16T00:00:00+03:00,CH2O (формальдегид),0.0057
2025-07-16T00:00:00+03:00,NO2,
2025-07-16T00:00:00+03:00,PM2.5,0.017
2025-07-16T00:00:00+03:00,C6H6 (бензол),0.006
2025-07-16T00:00:00+03:00,OZ,0.0228
2025-07-16T00:00:00+03:00,C6H5OH (фенол),0.0015
2025-07-16T00:00:00+03:00,SO2,0.0022
2025-07-16T00:00:00+03:00,CO,0.45
2025-07-17T00:00:00+03:00,SO2,0.0018
2025-07-17T00:00:00+03:00,NO2,
2025-07-17T00:00:00+03:00,NO,
2025-07-17T00:00:00+03:00,PM2.5,0.017
2025-07-17T00:00:00+03:00,OZ,0.0273
2025-07-17T00:00:00+03:00,C6H6 (бензол),0.006
2025-07-17T00:00:00+03:00,CO,0.41
2025-07-17T00:00:00+03:00,C6H5OH (фенол),0.0015
2025-07-17T00:00:00+03:00,CH2O (формальдегид),0.0029
2025-07-18T00:00:00+03:00,NO,
2025-07-18T00:00:00+03:00,OZ,0.0386
2025-07-18T00:00:00+03:00,C6H5OH (фенол),0.0015
2025-07-18T00:00:00+03:00,CH2O (формальдегид),0.0024
2025-07-18T00:00:00+03:00,PM2.5,0.02
2025-07-18T00:00:00+03:00,SO2,0.002
2025-07-18T00:00:00+03:00,C6H6 (бензол),0.007
2025-07-18T00:00:00+03:00,CO,0.61
2025-07-18T00:00:00+03:00,NO2,
2025-07-19T00:00:00+03:00,SO2,0.0022
2025-07-19T00:00:00+03:00,CH2O (формальдегид),0.0028
2025-07-19T00:00:00+03:00,NO2,
2025-07-19T00:00:00+03:00,C6H5OH (фенол),0.0012
2025-07-19T00:00:00+03:00,C6H6 (бензол),0.006
2025-07-19T00:00:00+03:00,CO,0.42
2025-07-19T00:00:00+03:00,OZ,0.038
2025-07-19T00:00:00+03:00,NO,
2025-07-19T00:00:00+03:00,PM2.5,0.014
2025-07-20T00:00:00+03:00,CO,0.38
2025-07-20T00:00:00+03:00,C6H6 (бензол),0.006
2025-07-20T00:00:00+03:00,OZ,0.0405
2025-07-20T00:00:00+03:00,C6H5OH (фенол),0.0015
2025-07-20T00:00:00+03:00,SO2,0.0038
2025-07-20T00:00:00+03:00,PM2.5,0.017
2025-07-20T00:00:00+03:00,NO,
2025-07-20T00:00:00+03:00,CH2O (формальдегид),0.003
2025-07-20T00:00:00+03:00,NO2,
2025-07-21T00:00:00+03:00,C6H5OH (фенол),0.0013
2025-07-21T00:00:00+03:00,CH2O (формальдегид),0.0047
2025-07-21T00:00:00+03:00,NO,
2025-07-21T00:00:00+03:00,PM2.5,0.011
2025-07-21T00:00:00+03:00,CO,0.14
2025-07-21T00:00:00+03:00,NO2,
2025-07-21T00:00:00+03:00,SO2,0.0018
2025-07-21T00:00:00+03:00,C6H6 (бензол),0.006
2025-07-21T00:00:00+03:00,OZ,0.0316
2025-07-22T00:00:00+03:00,NO2,
2025-07-22T00:00:00+03:00,CH2O (формальдегид),0.003
2025-07-22T00:00:00+03:00,CO,0.21
2025-07-22T00:00:00+03:00,OZ,0.0364
2025-07-22T00:00:00+03:00,C6H5OH (фенол),0.0015
2025-07-22T00:00:00+03:00,C6H6 (бензол),0.006
2025-07-22T00:00:00+03:00,PM2.5,0.018
2025-07-22T00:00:00+03:00,NO,
2025-07-22T00:00:00+03:00,SO2,0.002
2025-07-23T00:00:00+03:00,PM2.5,0.016
2025-07-23T00:00:00+03:00,SO2,0.0013
2025-07-23T00:00:00+03:00,CH2O (формальдегид),0.0034
2025-07-23T00:00:00+03:00,CO,0.64
2025-07-23T00:00:00+03:00,NO,
2025-07-23T00:00:00+03:00,C6H6 (бензол),0.006
2025-07-23T00:00:00+03:00,C6H5OH (фенол),0.0013
2025-07-23T00:00:00+03:00,OZ,0.0337
2025-07-23T00:00:00+03:00,NO2,
2025-07-24T00:00:00+03:00,C6H5OH (фенол),0.0013
2025-07-24T00:00:00+03:00,CH2O (формальдегид),0.0031
2025-07-24T00:00:00+03:00,CO,0.84
2025-07-24T00:00:00+03:00,NO2,
2025-07-24T00:00:00+03:00,C6H6 (бензол),0.007
2025-07-24T00:00:00+03:00,OZ,0.0311
2025-07-24T00:00:00+03:00,SO2,0.0011
2025-07-24T00:00:00+03:00,NO,
2025-07-24T00:00:00+03:00,PM2.5,0.025
2025-07-25T00:00:00+03:00,SO2,0.001
2025-07-25T00:00:00+03:00,CH2O (формальдегид),0.0023
2025-07-25T00:00:00+03:00,NO2,
2025-07-25T00:00:00+03:00,NO,
2025-07-25T00:00:00+03:00,OZ,0.0147
2025-07-25T00:00:00+03:00,CO,0.63
2025-07-25T00:00:00+03:00,PM2.5,0.018
2025-07-25T00:00:00+03:00,C6H6 (бензол),0.004
2025-07-25T00:00:00+03:00,C6H5OH (фенол),0.0006
2025-07-26T00:00:00+03:00,PM2.5,0.02
2025-07-26T00:00:00+03:00,CO,0.68
2025-07-26T00:00:00+03:00,SO2,0.0057
2025-07-26T00:00:00+03:00,C6H6 (бензол),0.008
2025-07-26T00:00:00+03:00,CH2O (формальдегид),0.0002
2025-07-26T00:00:00+03:00,C6H5OH (фенол),0.0002
2025-07-26T00:00:00+03:00,OZ,0.0471
2025-07-27T00:00:00+03:00,C6H6 (бензол),0.009
2025-07-27T00:00:00+03:00,OZ,0.0455
2025-07-27T00:00:00+03:00,SO2,0.0033
2025-07-27T00:00:00+03:00,CO,0.9
2025-07-27T00:00:00+03:00,CH2O (формальдегид),0.0008
2025-07-27T00:00:00+03:00,PM2.5,0.025
2025-07-27T00:00:00+03:00,C6H5OH (фенол),0.0003
2025-07-28T00:00:00+03:00,CO,1.01
2025-07-28T00:00:00+03:00,OZ,0.0504
2025-07-28T00:00:00+03:00,CH2O (формальдегид),0.0003
2025-07-28T00:00:00+03:00,C6H6 (бензол),0.009
2025-07-28T00:00:00+03:00,C6H5OH (фенол),0.0003
2025-07-28T00:00:00+03:00,PM2.5,0.03
2025-07-28T00:00:00+03:00,SO2,0.0023
2025-07-29T00:00:00+03:00,PM2.5,0.026
2025-07-29T00:00:00+03:00,CO,0.9
2025-07-29T00:00:00+03:00,C6H5OH (фенол),0.0004
2025-07-29T00:00:00+03:00,OZ,0.0501
2025-07-29T00:00:00+03:00,SO2,0.0023
2025-07-29T00:00:00+03:00,CH2O (формальдегид),0.0006
2025-07-29T00:00:00+03:00,C6H6 (бензол),0.009
2025-07-30T00:00:00+03:00,SO2,0.0072
2025-07-30T00:00:00+03:00,C6H5OH (фенол),0.0002
2025-07-30T00:00:00+03:00,CO,0.5
2025-07-30T00:00:00+03:00,OZ,0.0401
2025-07-30T00:00:00+03:00,NO2,0.073
2025-07-30T00:00:00+03:00,PM2.5,0.022
2025-07-30T00:00:00+03:00,C6H6 (бензол),0.008
2025-07-30T00:00:00+03:00,NO,0.054
2025-07-30T00:00:00+03:00,CH2O (формальдегид),0.0005
2025-07-31T00:00:00+03:00,OZ,0.0379
2025-07-31T00:00:00+03:00,CO,0.61
2025-07-31T00:00:00+03:00,C6H6 (бензол),0.009
2025-07-31T00:00:00+03:00,C6H5OH (фенол),0.0002
2025-07-31T00:00:00+03:00,PM2.5,0.025
2025-07-31T00:00:00+03:00,NO2,0.07
2025-07-31T00:00:00+03:00,NO,0.081
2025-07-31T00:00:00+03:00,SO2,0.0049
2025-07-31T00:00:00+03:00,CH2O (формальдегид),0.0004
2025-08-01T00:00:00+03:00,C6H5OH (фенол),0.0001
2025-08-01T00:00:00+03:00,NO2,0.056
2025-08-01T00:00:00+03:00,SO2,0.0026
2025-08-01T00:00:00+03:00,CO,0.51
2025-08-01T00:00:00+03:00,CH2O (формальдегид),0.0003
2025-08-01T00:00:00+03:00,OZ,0.0342
2025-08-01T00:00:00+03:00,NO,0.024
2025-08-01T00:00:00+03:00,C6H6 (бензол),0.007
2025-08-01T00:00:00+03:00,PM2.5,0.019
2025-08-02T00:00:00+03:00,PM2.5,0.013
2025-08-02T00:00:00+03:00,CH2O (формальдегид),0.0003
2025-08-02T00:00:00+03:00,C6H6 (бензол),0.007
2025-08-02T00:00:00+03:00,CO,0.48
2025-08-02T00:00:00+03:00,C6H5OH (фенол),0.0001
2025-08-02T00:00:00+03:00,NO2,0.045
2025-08-02T00:00:00+03:00,SO2,0.0015
2025-08-02T00:00:00+03:00,OZ,0.0309
2025-08-02T00:00:00+03:00,NO,0.021
2025-08-03T00:00:00+03:00,PM2.5,0.011
2025-08-03T00:00:00+03:00,CH2O (формальдегид),0.0002
2025-08-03T00:00:00+03:00,OZ,0.0502
2025-08-03T00:00:00+03:00,NO,0.025
2025-08-03T00:00:00+03:00,SO2,0.0016
2025-08-03T00:00:00+03:00,C6H5OH (фенол),0.0003
2025-08-03T00:00:00+03:00,CO,0.47
2025-08-03T00:00:00+03:00,NO2,0.042
2025-08-03T00:00:00+03:00,C6H6 (бензол),0.008
2025-08-04T00:00:00+03:00,OZ,0.0279
2025-08-04T00:00:00+03:00,C6H5OH (фенол),0.0001
2025-08-04T00:00:00+03:00,SO2,0.0021
2025-08-04T00:00:00+03:00,PM2.5,0.017
2025-08-04T00:00:00+03:00,NO,0.028
2025-08-04T00:00:00+03:00,C6H6 (бензол),0.007
2025-08-04T00:00:00+03:00,CH2O (формальдегид),0.0001
2025-08-04T00:00:00+03:00,CO,0.5
2025-08-04T00:00:00+03:00,NO2,0.051
2025-08-05T00:00:00+03:00,C6H6 (бензол),0.007
2025-08-05T00:00:00+03:00,NO,0.021
2025-08-05T00:00:00+03:00,PM2.5,0.012
2025-08-05T00:00:00+03:00,C6H5OH (фенол),0.0001
2025-08-05T00:00:00+03:00,CH2O (формальдегид),0.0002
2025-08-05T00:00:00+03:00,OZ,0.0336
2025-08-05T00:00:00+03:00,NO2,0.041
2025-08-05T00:00:00+03:00,SO2,0.0018
2025-08-05T00:00:00+03:00,CO,0.41
2025-08-06T00:00:00+03:00,C6H6 (бензол),0.007
2025-08-06T00:00:00+03:00,CH2O (формальдегид),0.0007
2025-08-06T00:00:00+03:00,NO2,0.039
2025-08-06T00:00:00+03:00,OZ,0.038
2025-08-06T00:00:00+03:00,PM2.5,0.011
2025-08-06T00:00:00+03:00,C6H5OH (фенол),0.0001
2025-08-06T00:00:00+03:00,CO,0.45
2025-08-06T00:00:00+03:00,NO,0.017
2025-08-06T00:00:00+03:00,SO2,0.0013
2025-08-07T00:00:00+03:00,CH2O (формальдегид),0.0011
2025-08-07T00:00:00+03:00,C6H5OH (фенол),0
2025-08-07T00:00:00+03:00,PM2.5,0.014
2025-08-07T00:00:00+03:00,OZ,0.0276
2025-08-07T00:00:00+03:00,SO2,0.0013
2025-08-07T00:00:00+03:00,CO,0.51
2025-08-07T00:00:00+03:00,NO,0.057
2025-08-07T00:00:00+03:00,NO2,0.051
2025-08-07T00:00:00+03:00,C6H6 (бензол),0.007
2025-08-08T00:00:00+03:00,C6H5OH (фенол),0
2025-08-08T00:00:00+03:00,OZ,0.0352
2025-08-08T00:00:00+03:00,PM2.5,0.01
2025-08-08T00:00:00+03:00,NO,0.02
2025-08-08T00:00:00+03:00,CH2O (формальдегид),0.0003
2025-08-08T00:00:00+03:00,NO2,0.039
2025-08-08T00:00:00+03:00,CO,0.44
2025-08-08T00:00:00+03:00,SO2,0.0013
2025-08-08T00:00:00+03:00,C6H6 (бензол),0.007
2025-08-09T00:00:00+03:00,CO,0.43
2025-08-09T00:00:00+03:00,CH2O (формальдегид),0
2025-08-09T00:00:00+03:00,SO2,0.001
2025-08-09T00:00:00+03:00,NO,0.039
2025-08-09T00:00:00+03:00,OZ,0.0319
2025-08-09T00:00:00+03:00,PM2.5,0.013
2025-08-09T00:00:00+03:00,C6H6 (бензол),0.008
2025-08-09T00:00:00+03:00,C6H5OH (фенол),0.0001
2025-08-09T00:00:00+03:00,NO2,0.048
2025-08-10T00:00:00+03:00,C6H5OH (фенол),0.0001
2025-08-10T00:00:00+03:00,NO2,0.046
2025-08-10T00:00:00+03:00,CO,0.58
2025-08-10T00:00:00+03:00,OZ,0.04
2025-08-10T00:00:00+03:00,SO2,0.0012
2025-08-10T00:00:00+03:00,C6H6 (бензол),0.008
2025-08-10T00:00:00+03:00,PM2.5,0.013
2025-08-10T00:00:00+03:00,CH2O (формальдегид),0.0003
2025-08-10T00:00:00+03:00,NO,0.032
2025-08-11T00:00:00+03:00,NO,0.044
2025-08-11T00:00:00+03:00,C6H6 (бензол),0.008
2025-08-11T00:00:00+03:00,NO2,0.063
2025-08-11T00:00:00+03:00,CO,0.59
2025-08-11T00:00:00+03:00,CH2O (формальдегид),0.0002
2025-08-11T00:00:00+03:00,OZ,0.0357
2025-08-11T00:00:00+03:00,SO2,0.0011
2025-08-11T00:00:00+03:00,C6H5OH (фенол),0.0003
2025-08-11T00:00:00+03:00,PM2.5,0.016
2025-08-12T00:00:00+03:00,NO2,0.051
2025-08-12T00:00:00+03:00,CH2O (формальдегид),0.0005
2025-08-12T00:00:00+03:00,OZ,0.0278
2025-08-12T00:00:00+03:00,CO,0.39
2025-08-12T00:00:00+03:00,NO,0.028
2025-08-12T00:00:00+03:00,C6H5OH (фенол),0.0003
2025-08-12T00:00:00+03:00,PM2.5,0.013
2025-08-12T00:00:00+03:00,C6H6 (бензол),0.008
2025-08-12T00:00:00+03:00,SO2,0.001
2025-08-13T00:00:00+03:00,CO,0.32
2025-08-13T00:00:00+03:00,NO,0.029
2025-08-13T00:00:00+03:00,C6H6 (бензол),0.007
2025-08-13T00:00:00+03:00,CH2O (формальдегид),0.0007
2025-08-13T00:00:00+03:00,SO2,0.0011
2025-08-13T00:00:00+03:00,NO2,0.044
2025-08-13T00:00:00+03:00,OZ,0.034
2025-08-13T00:00:00+03:00,C6H5OH (фенол),0.0004
2025-08-13T00:00:00+03:00,PM2.5,0.01
2025-08-14T00:00:00+03:00,SO2,0.0011
2025-08-14T00:00:00+03:00,PM2.5,0.008
2025-08-14T00:00:00+03:00,C6H6 (бензол),0.007
2025-08-14T00:00:00+03:00,C6H5OH (фенол),0.0003
2025-08-14T00:00:00+03:00,CH2O (формальдегид),0.0005
2025-08-14T00:00:00+03:00,CO,0.23
2025-08-14T00:00:00+03:00,NO2,0.04
2025-08-14T00:00:00+03:00,OZ,0.0301
2025-08-14T00:00:00+03:00,NO,0.018
2025-08-15T00:00:00+03:00,NO,0.021
2025-08-15T00:00:00+03:00,C6H6 (бензол),0.008
2025-08-15T00:00:00+03:00,OZ,0.0367
2025-08-15T00:00:00+03:00,C6H5OH (фенол),0.0003
2025-08-15T00:00:00+03:00,CO,0.17
2025-08-15T00:00:00+03:00,PM2.5,0.01
2025-08-15T00:00:00+03:00,CH2O (формальдегид),0.0014
2025-08-15T00:00:00+03:00,NO2,0.035
2025-08-15T00:00:00+03:00,SO2,0.0015
2025-08-16T00:00:00+03:00,C6H6 (бензол),0.007
2025-08-16T00:00:00+03:00,CO,0.69
2025-08-16T00:00:00+03:00,OZ,0.0386
2025-08-16T00:00:00+03:00,CH2O (формальдегид),0.0029
2025-08-16T00:00:00+03:00,SO2,0.0012
2025-08-16T00:00:00+03:00,NO,0.043
2025-08-16T00:00:00+03:00,PM2.5,0.014
2025-08-16T00:00:00+03:00,C6H5OH (фенол),0.0005
2025-08-16T00:00:00+03:00,NO2,0.055
2025-08-17T00:00:00+03:00,OZ,0.0457
2025-08-17T00:00:00+03:00,SO2,0.0014
2025-08-17T00:00:00+03:00,PM2.5,0.008
2025-08-17T00:00:00+03:00,CH2O (формальдегид),0.0036
2025-08-17T00:00:00+03:00,C6H5OH (фенол),0.0004
2025-08-17T00:00:00+03:00,NO,0.014
2025-08-17T00:00:00+03:00,C6H6 (бензол),0.008
2025-08-17T00:00:00+03:00,NO2,0.037
2025-08-17T00:00:00+03:00,CO,0.23
2025-08-18T00:00:00+03:00,NO2,0.036
2025-08-18T00:00:00+03:00,PM2.5,0.009
2025-08-18T00:00:00+03:00,CH2O (формальдегид),0.002
2025-08-18T00:00:00+03:00,OZ,0.0307
2025-08-18T00:00:00+03:00,SO2,0.0012
2025-08-18T00:00:00+03:00,CO,0.25
2025-08-18T00:00:00+03:00,C6H6 (бензол),0.007
2025-08-18T00:00:00+03:00,NO,0.021
2025-08-18T00:00:00+03:00,C6H5OH (фенол),0.0003
2025-08-19T00:00:00+03:00,NO2,0.036
2025-08-19T00:00:00+03:00,NO,0.018
2025-08-19T00:00:00+03:00,OZ,0.0301
2025-08-19T00:00:00+03:00,SO2,0.0011
2025-08-19T00:00:00+03:00,CO,0.19
2025-08-19T00:00:00+03:00,C6H6 (бензол),0.007
2025-08-19T00:00:00+03:00,C6H5OH (фенол),0.0003
2025-08-19T00:00:00+03:00,PM2.5,0.009
2025-08-19T00:00:00+03:00,CH2O (формальдегид),0.0024
2025-08-20T00:00:00+03:00,NO2,0.046
2025-08-20T00:00:00+03:00,CO,0.33
2025-08-20T00:00:00+03:00,CH2O (формальдегид),0.0024
2025-08-20T00:00:00+03:00,OZ,0.0319
2025-08-20T00:00:00+03:00,C6H5OH (фенол),0.0004
2025-08-20T00:00:00+03:00,PM2.5,0.01
2025-08-20T00:00:00+03:00,C6H6 (бензол),0.007
2025-08-20T00:00:00+03:00,NO,0.031
2025-08-20T00:00:00+03:00,SO2,0.0012
2025-08-21T00:00:00+03:00,OZ,0.0329
2025-08-21T00:00:00+03:00,CO,0.47
2025-08-21T00:00:00+03:00,NO2,0.049
2025-08-21T00:00:00+03:00,C6H5OH (фенол),0.0003
2025-08-21T00:00:00+03:00,PM2.5,0.01
2025-08-21T00:00:00+03:00,NO,0.045
2025-08-21T00:00:00+03:00,C6H6 (бензол),0.008
2025-08-21T00:00:00+03:00,SO2,0.0012
2025-08-21T00:00:00+03:00,CH2O (формальдегид),0.0019
2025-08-22T00:00:00+03:00,OZ,0.0244
2025-08-22T00:00:00+03:00,C6H5OH (фенол),0.0002
2025-08-22T00:00:00+03:00,C6H6 (бензол),0.007
2025-08-22T00:00:00+03:00,CO,0.59
2025-08-22T00:00:00+03:00,NO,0.08
2025-08-22T00:00:00+03:00,CH2O (формальдегид),0.0028
2025-08-22T00:00:00+03:00,NO2,0.056
2025-08-22T00:00:00+03:00,SO2,0.002
2025-08-22T00:00:00+03:00,PM2.5,0.018
2025-08-23T00:00:00+03:00,CH2O (формальдегид),0.0008
2025-08-23T00:00:00+03:00,SO2,0.0016
2025-08-23T00:00:00+03:00,C6H5OH (фенол),0.0002
2025-08-23T00:00:00+03:00,PM2.5,0.01
2025-08-23T00:00:00+03:00,OZ,0.0374
2025-08-23T00:00:00+03:00,CO,0.64
2025-08-23T00:00:00+03:00,C6H6 (бензол),0.008
2025-08-23T00:00:00+03:00,NO2,0.042
2025-08-23T00:00:00+03:00,NO,0.028
2025-08-24T00:00:00+03:00,CO,0.68
2025-08-24T00:00:00+03:00,PM2.5,0.017
2025-08-24T00:00:00+03:00,NO2,0.049
2025-08-24T00:00:00+03:00,NO,0.084
2025-08-24T00:00:00+03:00,C6H5OH (фенол),0.0003
2025-08-24T00:00:00+03:00,OZ,0.0309
2025-08-24T00:00:00+03:00,SO2,0.0017
2025-08-24T00:00:00+03:00,CH2O (формальдегид),0.0026
2025-08-24T00:00:00+03:00,C6H6 (бензол),0.008
2025-08-25T00:00:00+03:00,C6H5OH (фенол),0.0002
2025-08-25T00:00:00+03:00,SO2,0.0012
2025-08-25T00:00:00+03:00,OZ,0.032
2025-08-25T00:00:00+03:00,C6H6 (бензол),0.007
2025-08-25T00:00:00+03:00,NO,0.047
2025-08-25T00:00:00+03:00,CH2O (формальдегид),0.0012
2025-08-25T00:00:00+03:00,CO,0.28
2025-08-25T00:00:00+03:00,PM2.5,0.01
2025-08-25T00:00:00+03:00,NO2,0.048
2025-08-26T00:00:00+03:00,NO,0.051
2025-08-26T00:00:00+03:00,C6H5OH (фенол),0.0002
2025-08-26T00:00:00+03:00,NO2,0.046
2025-08-26T00:00:00+03:00,SO2,0.0012
2025-08-26T00:00:00+03:00,CO,0.45
2025-08-26T00:00:00+03:00,OZ,0.0248
2025-08-26T00:00:00+03:00,CH2O (формальдегид),0.002
2025-08-26T00:00:00+03:00,C6H6 (бензол),0.006
2025-08-26T00:00:00+03:00,PM2.5,0.011
2025-08-27T00:00:00+03:00,C6H5OH (фенол),0.0002
2025-08-27T00:00:00+03:00,OZ,0.0307
2025-08-27T00:00:00+03:00,NO2,0.044
2025-08-27T00:00:00+03:00,SO2,0.0012
2025-08-27T00:00:00+03:00,NO,0.031
2025-08-27T00:00:00+03:00,PM2.5,0.008
2025-08-27T00:00:00+03:00,C6H6 (бензол),0.007
2025-08-27T00:00:00+03:00,CO,0.29
2025-08-27T00:00:00+03:00,CH2O (формальдегид),0.0012
2025-08-28T00:00:00+03:00,CO,0.4
2025-08-28T00:00:00+03:00,C6H6 (бензол),0.007
2025-08-28T00:00:00+03:00,C6H5OH (фенол),0.0003
2025-08-28T00:00:00+03:00,PM2.5,0.01
2025-08-28T00:00:00+03:00,CH2O (формальдегид),0.0026
2025-08-28T00:00:00+03:00,NO,0.034
2025-08-28T00:00:00+03:00,NO2,0.049
2025-08-28T00:00:00+03:00,OZ,0.0282
2025-08-28T00:00:00+03:00,SO2,0.0012
2025-08-29T00:00:00+03:00,CH2O (формальдегид),0.002
2025-08-29T00:00:00+03:00,NO2,0.066
2025-08-29T00:00:00+03:00,OZ,0.0214
2025-08-29T00:00:00+03:00,NO,0.107
2025-08-29T00:00:00+03:00,PM2.5,0.02
2025-08-29T00:00:00+03:00,C6H6 (бензол),0.009
2025-08-29T00:00:00+03:00,SO2,0.0011
2025-08-29T00:00:00+03:00,CO,1.05
2025-08-29T00:00:00+03:00,C6H5OH (фенол),0.0003
2025-08-30T00:00:00+03:00,C6H6 (бензол),0.008
2025-08-30T00:00:00+03:00,SO2,0.0022
2025-08-30T00:00:00+03:00,NO,0.026
2025-08-30T00:00:00+03:00,CO,0.42
2025-08-30T00:00:00+03:00,CH2O (формальдегид),0.0031
2025-08-30T00:00:00+03:00,C6H5OH (фенол),0.001
2025-08-30T00:00:00+03:00,NO2,0.067
2025-08-30T00:00:00+03:00,OZ,0.0614
2025-08-30T00:00:00+03:00,PM2.5,0.022
2025-08-31T00:00:00+03:00,OZ,0.0511
2025-08-31T00:00:00+03:00,CH2O (формальдегид),0.0036
2025-08-31T00:00:00+03:00,PM2.5,0.029
2025-08-31T00:00:00+03:00,CO,1.35
2025-08-31T00:00:00+03:00,SO2,0.0022
2025-08-31T00:00:00+03:00,NO2,0.085
2025-08-31T00:00:00+03:00,C6H6 (бензол),0.01
2025-08-31T00:00:00+03:00,NO,0.094
2025-08-31T00:00:00+03:00,C6H5OH (фенол),0.0009
2025-09-01T00:00:00+03:00,CO,1.04
2025-09-01T00:00:00+03:00,PM2.5,0.023
2025-09-01T00:00:00+03:00,NO2,0.063
2025-09-01T00:00:00+03:00,SO2,0.0012
2025-09-01T00:00:00+03:00,NO,0.117
2025-09-01T00:00:00+03:00,OZ,0.0421
2025-09-01T00:00:00+03:00,CH2O (формальдегид),0.0031
2025-09-01T00:00:00+03:00,C6H6 (бензол),0.009
2025-09-01T00:00:00+03:00,C6H5OH (фенол),0.0007
2025-09-02T00:00:00+03:00,CH2O (формальдегид),0.0021
2025-09-02T00:00:00+03:00,SO2,0.0012
2025-09-02T00:00:00+03:00,CO,0.36
2025-09-02T00:00:00+03:00,C6H5OH (фенол),0.0002
2025-09-02T00:00:00+03:00,NO2,0.034
2025-09-02T00:00:00+03:00,NO,0.011
2025-09-02T00:00:00+03:00,OZ,0.0286
2025-09-02T00:00:00+03:00,PM2.5,0.007
2025-09-02T00:00:00+03:00,C6H6 (бензол),0.007
2025-09-03T00:00:00+03:00,CH2O (формальдегид),0.0016
2025-09-03T00:00:00+03:00,SO2,0.0014
2025-09-03T00:00:00+03:00,CO,0.54
2025-09-03T00:00:00+03:00,C6H6 (бензол),0.006
2025-09-03T00:00:00+03:00,C6H5OH (фенол),0.0004
2025-09-03T00:00:00+03:00,OZ,0.0372
2025-09-03T00:00:00+03:00,NO2,0.037
2025-09-03T00:00:00+03:00,PM2.5,0.009
2025-09-03T00:00:00+03:00,NO,0.017
2025-09-04T00:00:00+03:00,OZ,0.035
2025-09-04T00:00:00+03:00,C6H6 (бензол),0.008
2025-09-04T00:00:00+03:00,PM2.5,0.011
2025-09-04T00:00:00+03:00,CO,0.27
2025-09-04T00:00:00+03:00,NO2,0.044
2025-09-04T00:00:00+03:00,SO2,0.0014
2025-09-04T00:00:00+03:00,CH2O (формальдегид),0.0019
2025-09-04T00:00:00+03:00,NO,0.024
2025-09-04T00:00:00+03:00,C6H5OH (фенол),0.0002
2025-09-05T00:00:00+03:00,SO2,0.0015
2025-09-05T00:00:00+03:00,CO,0.56
2025-09-05T00:00:00+03:00,OZ,0.0349
2025-09-05T00:00:00+03:00,PM2.5,0.014
2025-09-05T00:00:00+03:00,CH2O (формальдегид),0.0018
2025-09-05T00:00:00+03:00,NO,0.046
2025-09-05T00:00:00+03:00,NO2,0.056
2025-09-05T00:00:00+03:00,C6H6 (бензол),0.007
2025-09-05T00:00:00+03:00,C6H5OH (фенол),0.0005
2025-09-06T00:00:00+03:00,NO2,0.051
2025-09-06T00:00:00+03:00,CH2O (формальдегид),0.0025
2025-09-06T00:00:00+03:00,NO,0.086
2025-09-06T00:00:00+03:00,OZ,0.0405
2025-09-06T00:00:00+03:00,C6H6 (бензол),0.009
2025-09-06T00:00:00+03:00,PM2.5,0.019
2025-09-06T00:00:00+03:00,SO2,0.002
2025-09-06T00:00:00+03:00,C6H5OH (фенол),0.0003
2025-09-06T00:00:00+03:00,CO,0.77
2025-09-07T00:00:00+03:00,NO2,0.047
2025-09-07T00:00:00+03:00,NO,0.031
2025-09-07T00:00:00+03:00,SO2,0.0022
2025-09-07T00:00:00+03:00,OZ,0.0438
2025-09-07T00:00:00+03:00,CO,0.49
2025-09-07T00:00:00+03:00,CH2O (формальдегид),0.0028
2025-09-07T00:00:00+03:00,C6H5OH (фенол),0.0004
2025-09-07T00:00:00+03:00,PM2.5,0.016
2025-09-07T00:00:00+03:00,C6H6 (бензол),0.007
2025-09-08T00:00:00+03:00,C6H5OH (фенол),0.0004
2025-09-08T00:00:00+03:00,OZ,0.0336
2025-09-08T00:00:00+03:00,NO,0.086
2025-09-08T00:00:00+03:00,C6H6 (бензол),0.009
2025-09-08T00:00:00+03:00,CO,0.97
2025-09-08T00:00:00+03:00,PM2.5,0.021
2025-09-08T00:00:00+03:00,CH2O (формальдегид),0.0026
2025-09-08T00:00:00+03:00,NO2,0.056
2025-09-08T00:00:00+03:00,SO2,0.0018
2025-09-09T00:00:00+03:00,CH2O (формальдегид),0.0024
2025-09-09T00:00:00+03:00,OZ,0.0364
2025-09-09T00:00:00+03:00,SO2,0.0018
2025-09-09T00:00:00+03:00,CO,0.71
2025-09-09T00:00:00+03:00,NO,0.11
2025-09-09T00:00:00+03:00,PM2.5,0.022
2025-09-09T00:00:00+03:00,C6H5OH (фенол),0.0004
2025-09-09T00:00:00+03:00,C6H6 (бензол),0.008
2025-09-09T00:00:00+03:00,NO2,0.056
2025-09-10T00:00:00+03:00,CO,0.88
2025-09-10T00:00:00+03:00,C6H5OH (фенол),0.0004
2025-09-10T00:00:00+03:00,NO2,0.068
2025-09-10T00:00:00+03:00,NO,0.08
2025-09-10T00:00:00+03:00,PM2.5,0.018
2025-09-10T00:00:00+03:00,CH2O (формальдегид),0.0032
2025-09-10T00:00:00+03:00,OZ,0.0304
2025-09-10T00:00:00+03:00,C6H6 (бензол),0.008
2025-09-10T00:00:00+03:00,SO2,0.0047
2025-09-11T00:00:00+03:00,C6H6 (бензол),0.01
2025-09-11T00:00:00+03:00,CH2O (формальдегид),0.0037
2025-09-11T00:00:00+03:00,NO,0.16
2025-09-11T00:00:00+03:00,PM2.5,0.027
2025-09-11T00:00:00+03:00,NO2,0.075
2025-09-11T00:00:00+03:00,CO,1.23
2025-09-11T00:00:00+03:00,SO2,0.0024
2025-09-11T00:00:00+03:00,C6H5OH (фенол),0.0005
2025-09-11T00:00:00+03:00,OZ,0.0348
2025-09-12T00:00:00+03:00,NO,0.048
2025-09-12T00:00:00+03:00,PM2.5,0.014
2025-09-12T00:00:00+03:00,CH2O (формальдегид),0.002
2025-09-12T00:00:00+03:00,NO2,0.056
2025-09-12T00:00:00+03:00,C6H5OH (фенол),0.0003
2025-09-12T00:00:00+03:00,SO2,0.0018
2025-09-12T00:00:00+03:00,C6H6 (бензол),0.008
2025-09-12T00:00:00+03:00,CO,0.82
2025-09-12T00:00:00+03:00,OZ,0.0336
2025-09-13T00:00:00+03:00,C6H6 (бензол),0.008
2025-09-13T00:00:00+03:00,PM2.5,0.017
2025-09-13T00:00:00+03:00,CH2O (формальдегид),0.0037
2025-09-13T00:00:00+03:00,OZ,0.03
2025-09-13T00:00:00+03:00,SO2,0.002
2025-09-13T00:00:00+03:00,NO2,0.068
2025-09-13T00:00:00+03:00,NO,0.067
2025-09-13T00:00:00+03:00,C6H5OH (фенол),0.0002
2025-09-13T00:00:00+03:00,CO,0.61
2025-09-14T00:00:00+03:00,CO,0.91
2025-09-14T00:00:00+03:00,SO2,0.0017
2025-09-14T00:00:00+03:00,PM2.5,0.021
2025-09-14T00:00:00+03:00,OZ,0.0354
2025-09-14T00:00:00+03:00,C6H5OH (фенол),0.0004
2025-09-14T00:00:00+03:00,NO,0.077
2025-09-14T00:00:00+03:00,CH2O (формальдегид),0.003
2025-09-14T00:00:00+03:00,C6H6 (бензол),0.008
2025-09-14T00:00:00+03:00,NO2,0.08
2025-09-15T00:00:00+03:00,CO,0.78
2025-09-15T00:00:00+03:00,NO,0.08
2025-09-15T00:00:00+03:00,PM2.5,0.025
2025-09-15T00:00:00+03:00,SO2,0.0021
2025-09-15T00:00:00+03:00,C6H5OH (фенол),0.0004
2025-09-15T00:00:00+03:00,OZ,0.0302
2025-09-15T00:00:00+03:00,NO2,0.087
2025-09-15T00:00:00+03:00,CH2O (формальдегид),0.0037
2025-09-15T00:00:00+03:00,C6H6 (бензол),0.008
2025-09-16T00:00:00+03:00,CH2O (формальдегид),0.0026
2025-09-16T00:00:00+03:00,C6H6 (бензол),0.008
2025-09-16T00:00:00+03:00,NO,0.055
2025-09-16T00:00:00+03:00,PM2.5,0.022
2025-09-16T00:00:00+03:00,OZ,0.04
2025-09-16T00:00:00+03:00,NO2,0.083
2025-09-16T00:00:00+03:00,SO2,0.0021
2025-09-16T00:00:00+03:00,CO,0.72
2025-09-16T00:00:00+03:00,C6H5OH (фенол),0.0004
2025-09-17T00:00:00+03:00,NO2,0.084
2025-09-17T00:00:00+03:00,CO,0.62
2025-09-17T00:00:00+03:00,SO2,0.002
2025-09-17T00:00:00+03:00,OZ,0.0421
2025-09-17T00:00:00+03:00,C6H5OH (фенол),0.0004
2025-09-17T00:00:00+03:00,NO,0.06
2025-09-17T00:00:00+03:00,C6H6 (бензол),0.008
2025-09-17T00:00:00+03:00,PM2.5,0.022
2025-09-17T00:00:00+03:00,CH2O (формальдегид),0.0024
2025-09-18T00:00:00+03:00,OZ,0.0317
2025-09-18T00:00:00+03:00,NO,0.065
2025-09-18T00:00:00+03:00,C6H6 (бензол),0.008
2025-09-18T00:00:00+03:00,CH2O (формальдегид),0.0031
2025-09-18T00:00:00+03:00,PM2.5,0.025
2025-09-18T00:00:00+03:00,SO2,0.0022
2025-09-18T00:00:00+03:00,C6H5OH (фенол),0.0003
2025-09-18T00:00:00+03:00,CO,0.51
2025-09-18T00:00:00+03:00,NO2,0.081
2025-09-19T00:00:00+03:00,C6H5OH (фенол),0.0004
2025-09-19T00:00:00+03:00,CH2O (формальдегид),0.0014
2025-09-19T00:00:00+03:00,NO2,0.054
2025-09-19T00:00:00+03:00,SO2,0.0011
2025-09-19T00:00:00+03:00,NO,0.047
2025-09-19T00:00:00+03:00,CO,0.55
2025-09-19T00:00:00+03:00,C6H6 (бензол),0.007
2025-09-19T00:00:00+03:00,OZ,0.0298
2025-09-19T00:00:00+03:00,PM2.5,0.013
2025-09-20T00:00:00+03:00,PM2.5,0.009
2025-09-20T00:00:00+03:00,C6H6 (бензол),0.007
2025-09-20T00:00:00+03:00,CH2O (формальдегид),0.0018
2025-09-20T00:00:00+03:00,C6H5OH (фенол),0.0002
2025-09-20T00:00:00+03:00,NO,0.029
2025-09-20T00:00:00+03:00,CO,0.35
2025-09-20T00:00:00+03:00,OZ,0.03
2025-09-20T00:00:00+03:00,SO2,0.0012
2025-09-20T00:00:00+03:00,NO2,0.046
2025-09-21T00:00:00+03:00,SO2,0.0014
2025-09-21T00:00:00+03:00,CH2O (формальдегид),0.0019
2025-09-21T00:00:00+03:00,CO,0.4
2025-09-21T00:00:00+03:00,NO2,0.052
2025-09-21T00:00:00+03:00,C6H6 (бензол),0.007
2025-09-21T00:00:00+03:00,PM2.5,0.015
2025-09-21T00:00:00+03:00,C6H5OH (фенол),0.0004
2025-09-21T00:00:00+03:00,OZ,0.0322
2025-09-21T00:00:00+03:00,NO,0.051
2025-09-22T00:00:00+03:00,SO2,0.0014
2025-09-22T00:00:00+03:00,C6H6 (бензол),0.008
2025-09-22T00:00:00+03:00,NO,0.068
2025-09-22T00:00:00+03:00,NO2,0.054
2025-09-22T00:00:00+03:00,CO,0.72
2025-09-22T00:00:00+03:00,CH2O (формальдегид),0.0031
2025-09-22T00:00:00+03:00,C6H5OH (фенол),0.0004
2025-09-22T00:00:00+03:00,OZ,0.0355
2025-09-22T00:00:00+03:00,PM2.5,0.02
2025-09-23T00:00:00+03:00,NO2,0.05
2025-09-23T00:00:00+03:00,C6H6 (бензол),0.007
2025-09-23T00:00:00+03:00,CH2O (формальдегид),0.0031
2025-09-23T00:00:00+03:00,NO,0.023
2025-09-23T00:00:00+03:00,CO,0.33
2025-09-23T00:00:00+03:00,OZ,0.0352
2025-09-23T00:00:00+03:00,SO2,0.0013
2025-09-23T00:00:00+03:00,PM2.5,0.011
2025-09-23T00:00:00+03:00,C6H5OH (фенол),0.0004
2025-09-24T00:00:00+03:00,CH2O (формальдегид),0.0015
2025-09-24T00:00:00+03:00,CO,0.4
2025-09-24T00:00:00+03:00,SO2,0.0013
2025-09-24T00:00:00+03:00,NO2,0.041
2025-09-24T00:00:00+03:00,OZ,0.0314
2025-09-24T00:00:00+03:00,NO,0.021
2025-09-24T00:00:00+03:00,PM2.5,0.007
2025-09-24T00:00:00+03:00,C6H5OH (фенол),0.0002
2025-09-24T00:00:00+03:00,C6H6 (бензол),0.006
2025-09-25T00:00:00+03:00,PM2.5,0.008
2025-09-25T00:00:00+03:00,NO,0.017
2025-09-25T00:00:00+03:00,NO2,0.044
2025-09-25T00:00:00+03:00,CO,0.23
2025-09-25T00:00:00+03:00,SO2,0.0011
2025-09-25T00:00:00+03:00,CH2O (формальдегид),0.0009
2025-09-25T00:00:00+03:00,OZ,0.0312
2025-09-25T00:00:00+03:00,C6H5OH (фенол),0.0002
2025-09-25T00:00:00+03:00,C6H6 (бензол),0.006
2025-09-26T00:00:00+03:00,SO2,0.0011
2025-09-26T00:00:00+03:00,NO2,0.052
2025-09-26T00:00:00+03:00,C6H6 (бензол),0.007
2025-09-26T00:00:00+03:00,CO,0.37
2025-09-26T00:00:00+03:00,C6H5OH (фенол),0.0003
2025-09-26T00:00:00+03:00,NO,0.034
2025-09-26T00:00:00+03:00,OZ,0.0295
2025-09-26T00:00:00+03:00,PM2.5,0.01
2025-09-26T00:00:00+03:00,CH2O (формальдегид),0.0013
2025-09-27T00:00:00+03:00,CO,0.43
2025-09-27T00:00:00+03:00,C6H6 (бензол),0.007
2025-09-27T00:00:00+03:00,OZ,0.0234
2025-09-27T00:00:00+03:00,NO,0.048
2025-09-27T00:00:00+03:00,PM2.5,0.011
2025-09-27T00:00:00+03:00,CH2O (формальдегид),0.0009
2025-09-27T00:00:00+03:00,SO2,0.0011
2025-09-27T00:00:00+03:00,C6H5OH (фенол),0.0001
2025-09-27T00:00:00+03:00,NO2,0.05
2025-09-28T00:00:00+03:00,C6H6 (бензол),0.006
2025-09-28T00:00:00+03:00,CO,0.14
2025-09-28T00:00:00+03:00,NO,0.009
2025-09-28T00:00:00+03:00,CH2O (формальдегид),0.0002
2025-09-28T00:00:00+03:00,OZ,0.0404
2025-09-28T00:00:00+03:00,PM2.5,0.006
2025-09-28T00:00:00+03:00,C6H5OH (фенол),0.0003
2025-09-28T00:00:00+03:00,SO2,0.0016
2025-09-28T00:00:00+03:00,NO2,0.032
2025-09-29T00:00:00+03:00,C6H5OH (фенол),0.0002
2025-09-29T00:00:00+03:00,NO2,0.036
2025-09-29T00:00:00+03:00,PM2.5,0.008
2025-09-29T00:00:00+03:00,CH2O (формальдегид),0.0006
2025-09-29T00:00:00+03:00,SO2,0.0016
2025-09-29T00:00:00+03:00,C6H6 (бензол),0.006
2025-09-29T00:00:00+03:00,OZ,0.0317
2025-09-29T00:00:00+03:00,NO,0.016
2025-09-29T00:00:00+03:00,CO,0.29
2025-09-30T00:00:00+03:00,NO,0.067
2025-09-30T00:00:00+03:00,CO,0.56
2025-09-30T00:00:00+03:00,CH2O (формальдегид),0.0018
2025-09-30T00:00:00+03:00,C6H5OH (фенол),0.0002
2025-09-30T00:00:00+03:00,PM2.5,0.014
2025-09-30T00:00:00+03:00,OZ,0.0287
2025-09-30T00:00:00+03:00,NO2,0.053
2025-09-30T00:00:00+03:00,C6H6 (бензол),0.007
2025-09-30T00:00:00+03:00,SO2,0.0017
2025-10-01T00:00:00+03:00,NO,0.1
2025-10-01T00:00:00+03:00,CH2O (формальдегид),0.0021
2025-10-01T00:00:00+03:00,C6H5OH (фенол),0.0003
2025-10-01T00:00:00+03:00,SO2,0.003
2025-10-01T00:00:00+03:00,CO,0.67
2025-10-01T00:00:00+03:00,PM2.5,0.018
2025-10-01T00:00:00+03:00,C6H6 (бензол),0.008
2025-10-01T00:00:00+03:00,NO2,0.056
2025-10-01T00:00:00+03:00,OZ,0.03
2025-10-02T00:00:00+03:00,SO2,0.0018
2025-10-02T00:00:00+03:00,NO,0.055
2025-10-02T00:00:00+03:00,OZ,0.0292
2025-10-02T00:00:00+03:00,C6H5OH (фенол),0.0002
2025-10-02T00:00:00+03:00,CO,0.28
2025-10-02T00:00:00+03:00,PM2.5,0.015
2025-10-02T00:00:00+03:00,C6H6 (бензол),0.007
2025-10-02T00:00:00+03:00,CH2O (формальдегид),0.0019
2025-10-02T00:00:00+03:00,NO2,0.058
2025-10-03T00:00:00+03:00,CO,0.47
2025-10-03T00:00:00+03:00,CH2O (формальдегид),0.0014
2025-10-03T00:00:00+03:00,C6H5OH (фенол),0.0002
2025-10-03T00:00:00+03:00,C6H6 (бензол),0.007
2025-10-03T00:00:00+03:00,NO2,0.063
2025-10-03T00:00:00+03:00,PM2.5,0.019
2025-10-03T00:00:00+03:00,SO2,0.0064
2025-10-03T00:00:00+03:00,OZ,0.0269
2025-10-03T00:00:00+03:00,NO,0.068
2025-10-04T00:00:00+03:00,NO2,0.062
2025-10-04T00:00:00+03:00,PM2.5,0.019
2025-10-04T00:00:00+03:00,SO2,0.003
2025-10-04T00:00:00+03:00,C6H6 (бензол),0.007
2025-10-04T00:00:00+03:00,CH2O (формальдегид),0.002
2025-10-04T00:00:00+03:00,C6H5OH (фенол),0.0002
2025-10-04T00:00:00+03:00,NO,0.058
2025-10-04T00:00:00+03:00,OZ,0.0316
2025-10-04T00:00:00+03:00,CO,0.52
2025-10-05T00:00:00+03:00,PM2.5,0.013
2025-10-05T00:00:00+03:00,C6H6 (бензол),0.008
2025-10-05T00:00:00+03:00,NO2,0.047
2025-10-05T00:00:00+03:00,C6H5OH (фенол),0.0003
2025-10-05T00:00:00+03:00,CO,0.49
2025-10-05T00:00:00+03:00,NO,0.023
2025-10-05T00:00:00+03:00,CH2O (формальдегид),0.0001
2025-10-05T00:00:00+03:00,OZ,0.0397
2025-10-05T00:00:00+03:00,SO2,0.0027
2025-10-06T00:00:00+03:00,OZ,
2025-10-06T00:00:00+03:00,NO,0.142
2025-10-06T00:00:00+03:00,NO2,0.04
2025-10-06T00:00:00+03:00,PM2.5,0.022
2025-10-06T00:00:00+03:00,C6H5OH (фенол),
2025-10-06T00:00:00+03:00,CH2O (формальдегид),
2025-10-06T00:00:00+03:00,SO2,
2025-10-06T00:00:00+03:00,CO,0.86
2025-10-06T00:00:00+03:00,C6H6 (бензол),
2025-10-07T00:00:00+03:00,NO,0.107
2025-10-07T00:00:00+03:00,C6H5OH (фенол),
2025-10-07T00:00:00+03:00,CH2O (формальдегид),
2025-10-07T00:00:00+03:00,OZ,
2025-10-07T00:00:00+03:00,NO2,0.04
2025-10-07T00:00:00+03:00,PM2.5,0.022
2025-10-07T00:00:00+03:00,CO,0.81
2025-10-07T00:00:00+03:00,C6H6 (бензол),
2025-10-07T00:00:00+03:00,SO2,
2025-10-08T00:00:00+03:00,OZ,
2025-10-08T00:00:00+03:00,PM2.5,0.022
2025-10-08T00:00:00+03:00,SO2,
2025-10-08T00:00:00+03:00,CH2O (формальдегид),
2025-10-08T00:00:00+03:00,NO,0.093
2025-10-08T00:00:00+03:00,CO,0.61
2025-10-08T00:00:00+03:00,C6H5OH (фенол),
2025-10-08T00:00:00+03:00,NO2,0.041
2025-10-08T00:00:00+03:00,C6H6 (бензол),
2025-10-09T00:00:00+03:00,CO,0.52
2025-10-09T00:00:00+03:00,PM2.5,0.019
2025-10-09T00:00:00+03:00,C6H6 (бензол),
2025-10-09T00:00:00+03:00,NO2,0.051
2025-10-09T00:00:00+03:00,OZ,
2025-10-09T00:00:00+03:00,SO2,
2025-10-09T00:00:00+03:00,CH2O (формальдегид),
2025-10-09T00:00:00+03:00,C6H5OH (фенол),
2025-10-09T00:00:00+03:00,NO,0.04
2025-10-10T00:00:00+03:00,NO2,0.038
2025-10-10T00:00:00+03:00,OZ,
2025-10-10T00:00:00+03:00,SO2,
2025-10-10T00:00:00+03:00,CH2O (формальдегид),
2025-10-10T00:00:00+03:00,CO,0.31
2025-10-10T00:00:00+03:00,C6H5OH (фенол),
2025-10-10T00:00:00+03:00,C6H6 (бензол),
2025-10-10T00:00:00+03:00,NO,0.05
2025-10-10T00:00:00+03:00,PM2.5,0.018
2025-10-11T00:00:00+03:00,CO,0.38
2025-10-11T00:00:00+03:00,C6H6 (бензол),
2025-10-11T00:00:00+03:00,NO,0.039
2025-10-11T00:00:00+03:00,OZ,
2025-10-11T00:00:00+03:00,SO2,
2025-10-11T00:00:00+03:00,PM2.5,0.017
2025-10-11T00:00:00+03:00,CH2O (формальдегид),
2025-10-11T00:00:00+03:00,C6H5OH (фенол),
2025-10-11T00:00:00+03:00,NO2,0.044
2025-10-12T00:00:00+03:00,SO2,
2025-10-12T00:00:00+03:00,OZ,
2025-10-12T00:00:00+03:00,NO,0.027
2025-10-12T00:00:00+03:00,CH2O (формальдегид),
2025-10-12T00:00:00+03:00,CO,0.3
2025-10-12T00:00:00+03:00,NO2,0.032
2025-10-12T00:00:00+03:00,C6H5OH (фенол),
2025-10-12T00:00:00+03:00,C6H6 (бензол),
2025-10-12T00:00:00+03:00,PM2.5,0.006
2025-10-13T00:00:00+03:00,C6H6 (бензол),
2025-10-13T00:00:00+03:00,NO2,0.039
2025-10-13T00:00:00+03:00,NO,0.022
2025-10-13T00:00:00+03:00,OZ,
2025-10-13T00:00:00+03:00,SO2,
2025-10-13T00:00:00+03:00,CO,0.28
2025-10-13T00:00:00+03:00,PM2.5,0.005
2025-10-13T00:00:00+03:00,C6H5OH (фенол),
2025-10-13T00:00:00+03:00,CH2O (формальдегид),
2025-10-14T00:00:00+03:00,C6H6 (бензол),
2025-10-14T00:00:00+03:00,CO,0.43
2025-10-14T00:00:00+03:00,OZ,
2025-10-14T00:00:00+03:00,PM2.5,0.006
2025-10-14T00:00:00+03:00,SO2,
2025-10-14T00:00:00+03:00,NO,0.033
2025-10-14T00:00:00+03:00,CH2O (формальдегид),
2025-10-14T00:00:00+03:00,NO2,0.032
2025-10-14T00:00:00+03:00,C6H5OH (фенол),
2025-10-15T00:00:00+03:00,OZ,
2025-10-15T00:00:00+03:00,C6H6 (бензол),
2025-10-15T00:00:00+03:00,CH2O (формальдегид),
2025-10-15T00:00:00+03:00,NO,0.039
2025-10-15T00:00:00+03:00,CO,0.27
2025-10-15T00:00:00+03:00,PM2.5,0.006
2025-10-15T00:00:00+03:00,NO2,0.032
2025-10-15T00:00:00+03:00,C6H5OH (фенол),
2025-10-15T00:00:00+03:00,SO2,
2025-10-16T00:00:00+03:00,CO,0.43
2025-10-16T00:00:00+03:00,C6H5OH (фенол),
2025-10-16T00:00:00+03:00,SO2,
2025-10-16T00:00:00+03:00,CH2O (формальдегид),
2025-10-16T00:00:00+03:00,PM2.5,0.01
2025-10-16T00:00:00+03:00,OZ,
2025-10-16T00:00:00+03:00,NO,0.065
2025-10-16T00:00:00+03:00,C6H6 (бензол),
2025-10-16T00:00:00+03:00,NO2,0.029
2025-10-17T00:00:00+03:00,NO,0.035
2025-10-17T00:00:00+03:00,NO2,0.036
2025-10-17T00:00:00+03:00,C6H5OH (фенол),
2025-10-17T00:00:00+03:00,CH2O (формальдегид),
2025-10-17T00:00:00+03:00,SO2,
2025-10-17T00:00:00+03:00,PM2.5,0.009
2025-10-17T00:00:00+03:00,OZ,
2025-10-17T00:00:00+03:00,C6H6 (бензол),
2025-10-17T00:00:00+03:00,CO,0.28
2025-10-18T00:00:00+03:00,PM2.5,0.009
2025-10-18T00:00:00+03:00,C6H6 (бензол),
2025-10-18T00:00:00+03:00,C6H5OH (фенол),
2025-10-18T00:00:00+03:00,NO2,0.033
2025-10-18T00:00:00+03:00,NO,0.022
2025-10-18T00:00:00+03:00,SO2,
2025-10-18T00:00:00+03:00,CH2O (формальдегид),
2025-10-18T00:00:00+03:00,OZ,
2025-10-18T00:00:00+03:00,CO,0.15
2025-10-19T00:00:00+03:00,NO2,0.032
2025-10-19T00:00:00+03:00,C6H6 (бензол),0.006
2025-10-19T00:00:00+03:00,OZ,0.0294
2025-10-19T00:00:00+03:00,SO2,0.0016
2025-10-19T00:00:00+03:00,CO,0.22
2025-10-19T00:00:00+03:00,C6H5OH (фенол),0.0002
2025-10-19T00:00:00+03:00,CH2O (формальдегид),0.0007
2025-10-19T00:00:00+03:00,PM2.5,0.012
2025-10-19T00:00:00+03:00,NO,0.014
2025-10-20T00:00:00+03:00,NO,0.015
2025-10-20T00:00:00+03:00,OZ,0.0311
2025-10-20T00:00:00+03:00,CO,0.33
2025-10-20T00:00:00+03:00,C6H6 (бензол),0.006
2025-10-20T00:00:00+03:00,NO2,0.027
2025-10-20T00:00:00+03:00,CH2O (формальдегид),0.0018
2025-10-20T00:00:00+03:00,SO2,0.0014
2025-10-20T00:00:00+03:00,C6H5OH (фенол),0.0002
2025-10-20T00:00:00+03:00,PM2.5,0.013
2025-10-21T00:00:00+03:00,NO,0.031
2025-10-21T00:00:00+03:00,SO2,0.0015
2025-10-21T00:00:00+03:00,PM2.5,0.009
2025-10-21T00:00:00+03:00,C6H6 (бензол),0.006
2025-10-21T00:00:00+03:00,CO,0.22
2025-10-21T00:00:00+03:00,NO2,0.03
2025-10-21T00:00:00+03:00,C6H5OH (фенол),0.0002
2025-10-21T00:00:00+03:00,CH2O (формальдегид),0.0007
2025-10-21T00:00:00+03:00,OZ,0.0283
2025-10-22T00:00:00+03:00,SO2,0.0018
2025-10-22T00:00:00+03:00,C6H6 (бензол),0.006
2025-10-22T00:00:00+03:00,NO2,0.031
2025-10-22T00:00:00+03:00,CO,0.55
2025-10-22T00:00:00+03:00,CH2O (формальдегид),0.0025
2025-10-22T00:00:00+03:00,C6H5OH (фенол),0.0002
2025-10-22T00:00:00+03:00,OZ,0.0236
2025-10-22T00:00:00+03:00,NO,0.043
2025-10-22T00:00:00+03:00,PM2.5,0.013
2025-10-23T00:00:00+03:00,C6H5OH (фенол),0.0003
2025-10-23T00:00:00+03:00,SO2,0.0012
2025-10-23T00:00:00+03:00,PM2.5,0.016
2025-10-23T00:00:00+03:00,C6H6 (бензол),0.007
2025-10-23T00:00:00+03:00,OZ,0.0292
2025-10-23T00:00:00+03:00,CO,0.57
2025-10-23T00:00:00+03:00,CH2O (формальдегид),0.0021
2025-10-23T00:00:00+03:00,NO,0.08
2025-10-23T00:00:00+03:00,NO2,0.052
2025-10-24T00:00:00+03:00,NO,0.062
2025-10-24T00:00:00+03:00,SO2,0.0015
2025-10-24T00:00:00+03:00,C6H6 (бензол),0.006
2025-10-24T00:00:00+03:00,PM2.5,0.015
2025-10-24T00:00:00+03:00,NO2,0.043
2025-10-24T00:00:00+03:00,C6H5OH (фенол),0.0003
2025-10-24T00:00:00+03:00,CH2O (формальдегид),0.0018
2025-10-24T00:00:00+03:00,CO,0.46
2025-10-24T00:00:00+03:00,OZ,0.0262
2025-10-25T00:00:00+03:00,SO2,0.0023
2025-10-25T00:00:00+03:00,PM2.5,0.015
2025-10-25T00:00:00+03:00,NO2,0.038
2025-10-25T00:00:00+03:00,OZ,0.0301
2025-10-25T00:00:00+03:00,NO,0.033
2025-10-25T00:00:00+03:00,C6H5OH (фенол),0.0002
2025-10-25T00:00:00+03:00,CO,0.4
2025-10-25T00:00:00+03:00,C6H6 (бензол),0.007
2025-10-25T00:00:00+03:00,CH2O (формальдегид),0.0004
2025-10-26T00:00:00+03:00,OZ,0.0393
2025-10-26T00:00:00+03:00,NO,0.032
2025-10-26T00:00:00+03:00,CO,0.4
2025-10-26T00:00:00+03:00,NO2,0.031
2025-10-26T00:00:00+03:00,SO2,0.0014
2025-10-26T00:00:00+03:00,C6H5OH (фенол),0.0005
2025-10-26T00:00:00+03:00,PM2.5,0.009
2025-10-26T00:00:00+03:00,C6H6 (бензол),0.006
2025-10-26T00:00:00+03:00,CH2O (формальдегид),0.0003
2025-10-27T00:00:00+03:00,SO2,0.0014
2025-10-27T00:00:00+03:00,C6H5OH (фенол),0.0003
2025-10-27T00:00:00+03:00,PM2.5,0.013
2025-10-27T00:00:00+03:00,NO,0.052
2025-10-27T00:00:00+03:00,CO,0.35
2025-10-27T00:00:00+03:00,OZ,0.0299
2025-10-27T00:00:00+03:00,CH2O (формальдегид),0.001
2025-10-27T00:00:00+03:00,NO2,0.046
2025-10-27T00:00:00+03:00,C6H6 (бензол),0.007
2025-10-28T00:00:00+03:00,C6H6 (бензол),0.006
2025-10-28T00:00:00+03:00,CO,0.42
2025-10-28T00:00:00+03:00,OZ,0.0382
2025-10-28T00:00:00+03:00,NO,0.046
2025-10-28T00:00:00+03:00,SO2,0.0014
2025-10-28T00:00:00+03:00,C6H5OH (фенол),0.0005
2025-10-28T00:00:00+03:00,PM2.5,0.01
2025-10-28T00:00:00+03:00,CH2O (формальдегид),0.0013
2025-10-28T00:00:00+03:00,NO2,0.04
2025-10-29T00:00:00+03:00,NO,0.058
2025-10-29T00:00:00+03:00,C6H6 (бензол),0.007
2025-10-29T00:00:00+03:00,C6H5OH (фенол),0.0002
2025-10-29T00:00:00+03:00,SO2,0.0014
2025-10-29T00:00:00+03:00,OZ,0.028
2025-10-29T00:00:00+03:00,CH2O (формальдегид),0.0012
2025-10-29T00:00:00+03:00,PM2.5,0.012
2025-10-29T00:00:00+03:00,NO2,0.039
2025-10-29T00:00:00+03:00,CO,0.6
2025-10-30T00:00:00+03:00,PM2.5,0.01
2025-10-30T00:00:00+03:00,OZ,0.028
2025-10-30T00:00:00+03:00,CH2O (формальдегид),0.0022
2025-10-30T00:00:00+03:00,SO2,0.0012
2025-10-30T00:00:00+03:00,C6H5OH (фенол),0.0003
2025-10-30T00:00:00+03:00,C6H6 (бензол),0.006
2025-10-30T00:00:00+03:00,NO,0.05
2025-10-30T00:00:00+03:00,NO2,0.038
2025-10-30T00:00:00+03:00,CO,0.33
2025-10-31T00:00:00+03:00,CO,0.49
2025-10-31T00:00:00+03:00,OZ,0.026
2025-10-31T00:00:00+03:00,NO2,0.037
2025-10-31T00:00:00+03:00,NO,0.038
2025-10-31T00:00:00+03:00,SO2,0.0016
2025-10-31T00:00:00+03:00,PM2.5,0.009
2025-10-31T00:00:00+03:00,CH2O (формальдегид),0.0011
2025-10-31T00:00:00+03:00,C6H5OH (фенол),0.0002
2025-10-31T00:00:00+03:00,C6H6 (бензол),0.006
2025-11-01T00:00:00+03:00,OZ,0.037
2025-11-01T00:00:00+03:00,NO,0.03
2025-11-01T00:00:00+03:00,C6H5OH (фенол),0.0003
2025-11-01T00:00:00+03:00,SO2,0.0018
2025-11-01T00:00:00+03:00,CO,0.37
2025-11-01T00:00:00+03:00,CH2O (формальдегид),0.002
2025-11-01T00:00:00+03:00,NO2,0.032
2025-11-01T00:00:00+03:00,PM2.5,0.011
2025-11-01T00:00:00+03:00,C6H6 (бензол),0.006
2025-11-02T00:00:00+03:00,NO,0.058
2025-11-02T00:00:00+03:00,CO,0.52
2025-11-02T00:00:00+03:00,CH2O (формальдегид),0.0027
2025-11-02T00:00:00+03:00,C6H5OH (фенол),0.0002
2025-11-02T00:00:00+03:00,PM2.5,0.015
2025-11-02T00:00:00+03:00,NO2,0.041
2025-11-02T00:00:00+03:00,C6H6 (бензол),0.007
2025-11-02T00:00:00+03:00,OZ,0.0268
2025-11-02T00:00:00+03:00,SO2,0.0016
2025-11-03T00:00:00+03:00,CH2O (формальдегид),0.0021
2025-11-03T00:00:00+03:00,NO2,0.035
2025-11-03T00:00:00+03:00,NO,0.038
2025-11-03T00:00:00+03:00,SO2,0.0016
2025-11-03T00:00:00+03:00,CO,0.37
2025-11-03T00:00:00+03:00,C6H6 (бензол),0.006
2025-11-03T00:00:00+03:00,PM2.5,0.013
2025-11-03T00:00:00+03:00,C6H5OH (фенол),0.0002
2025-11-03T00:00:00+03:00,OZ,0.028
2025-11-04T00:00:00+03:00,CO,0.26
2025-11-04T00:00:00+03:00,PM2.5,0.011
2025-11-04T00:00:00+03:00,C6H6 (бензол),0.006
2025-11-04T00:00:00+03:00,SO2,0.0013
2025-11-04T00:00:00+03:00,NO,0.024
2025-11-04T00:00:00+03:00,CH2O (формальдегид),0.0007
2025-11-04T00:00:00+03:00,NO2,0.033
2025-11-04T00:00:00+03:00,OZ,0.0352
2025-11-04T00:00:00+03:00,C6H5OH (фенол),0.0004
2025-11-05T00:00:00+03:00,NO2,0.041
2025-11-05T00:00:00+03:00,C6H6 (бензол),0.006
2025-11-05T00:00:00+03:00,CH2O (формальдегид),0.0031
2025-11-05T00:00:00+03:00,OZ,0.0306
2025-11-05T00:00:00+03:00,C6H5OH (фенол),0.0002
2025-11-05T00:00:00+03:00,NO,0.061
2025-11-05T00:00:00+03:00,PM2.5,0.011
2025-11-05T00:00:00+03:00,CO,0.56
2025-11-05T00:00:00+03:00,SO2,0.0013
2025-11-06T00:00:00+03:00,OZ,0.0333
2025-11-06T00:00:00+03:00,CO,0.38
2025-11-06T00:00:00+03:00,SO2,0.0013
2025-11-06T00:00:00+03:00,C6H6 (бензол),0.006
2025-11-06T00:00:00+03:00,NO2,0.039
2025-11-06T00:00:00+03:00,NO,0.025
2025-11-06T00:00:00+03:00,C6H5OH (фенол),0.0003
2025-11-06T00:00:00+03:00,PM2.5,0.009
2025-11-06T00:00:00+03:00,CH2O (формальдегид),0.001
2025-11-07T00:00:00+03:00,C6H6 (бензол),0.006
2025-11-07T00:00:00+03:00,NO2,0.025
2025-11-07T00:00:00+03:00,CH2O (формальдегид),0.0016
2025-11-07T00:00:00+03:00,C6H5OH (фенол),0.0003
2025-11-07T00:00:00+03:00,OZ,0.0277
2025-11-07T00:00:00+03:00,PM2.5,0.012
2025-11-07T00:00:00+03:00,NO,0.032
2025-11-07T00:00:00+03:00,CO,0.47
2025-11-07T00:00:00+03:00,SO2,0.0013
2025-11-08T00:00:00+03:00,NO,0.018
2025-11-08T00:00:00+03:00,C6H6 (бензол),0.007
2025-11-08T00:00:00+03:00,PM2.5,0.012
2025-11-08T00:00:00+03:00,SO2,0.0012
2025-11-08T00:00:00+03:00,NO2,0.027
2025-11-08T00:00:00+03:00,CH2O (формальдегид),0.0009
2025-11-08T00:00:00+03:00,CO,0.37
2025-11-08T00:00:00+03:00,OZ,0.0296
2025-11-08T00:00:00+03:00,C6H5OH (фенол),0.0003
2025-11-09T00:00:00+03:00,NO,0.026
2025-11-09T00:00:00+03:00,NO2,0.031
2025-11-09T00:00:00+03:00,CH2O (формальдегид),0.0014
2025-11-09T00:00:00+03:00,CO,0.29
2025-11-09T00:00:00+03:00,PM2.5,0.014
2025-11-09T00:00:00+03:00,OZ,0.0315
2025-11-09T00:00:00+03:00,C6H6 (бензол),0.006
2025-11-09T00:00:00+03:00,SO2,0.0012
2025-11-09T00:00:00+03:00,C6H5OH (фенол),0.0004
2025-11-10T00:00:00+03:00,NO,0.034
2025-11-10T00:00:00+03:00,C6H6 (бензол),0.006
2025-11-10T00:00:00+03:00,PM2.5,0.009
2025-11-10T00:00:00+03:00,C6H5OH (фенол),0.0002
2025-11-10T00:00:00+03:00,SO2,0.0011
2025-11-10T00:00:00+03:00,CO,0.37
2025-11-10T00:00:00+03:00,CH2O (формальдегид),0.0028
2025-11-10T00:00:00+03:00,OZ,0.025
2025-11-10T00:00:00+03:00,NO2,0.023
2025-11-11T00:00:00+03:00,SO2,0.0016
2025-11-11T00:00:00+03:00,OZ,0.0246
2025-11-11T00:00:00+03:00,CO,0.43
2025-11-11T00:00:00+03:00,C6H5OH (фенол),0.0003
2025-11-11T00:00:00+03:00,NO2,0.032
2025-11-11T00:00:00+03:00,CH2O (формальдегид),0.0034
2025-11-11T00:00:00+03:00,NO,0.065
2025-11-11T00:00:00+03:00,C6H6 (бензол),0.007
2025-11-11T00:00:00+03:00,PM2.5,0.017
2025-11-12T00:00:00+03:00,OZ,0.0243
2025-11-12T00:00:00+03:00,CH2O (формальдегид),0.0018
2025-11-12T00:00:00+03:00,C6H6 (бензол),0.006
2025-11-12T00:00:00+03:00,SO2,0.0014
2025-11-12T00:00:00+03:00,NO,0.018
2025-11-12T00:00:00+03:00,CO,0.5
2025-11-12T00:00:00+03:00,C6H5OH (фенол),0.0001
2025-11-12T00:00:00+03:00,PM2.5,0.01
2025-11-12T00:00:00+03:00,NO2,0.031
2025-11-13T00:00:00+03:00,OZ,0.0258
2025-11-13T00:00:00+03:00,NO,0.058
2025-11-13T00:00:00+03:00,NO2,0.027
2025-11-13T00:00:00+03:00,C6H6 (бензол),0.006
2025-11-13T00:00:00+03:00,CH2O (формальдегид),0.0019
2025-11-13T00:00:00+03:00,SO2,0.0017
2025-11-13T00:00:00+03:00,PM2.5,0.011
2025-11-13T00:00:00+03:00,C6H5OH (фенол),0.0002
2025-11-13T00:00:00+03:00,CO,0.51
2025-11-14T00:00:00+03:00,SO2,0.0014
2025-11-14T00:00:00+03:00,CO,0.38
2025-11-14T00:00:00+03:00,C6H5OH (фенол),0.0004
2025-11-14T00:00:00+03:00,PM2.5,0.012
2025-11-14T00:00:00+03:00,C6H6 (бензол),0.007
2025-11-14T00:00:00+03:00,OZ,0.038
2025-11-14T00:00:00+03:00,CH2O (формальдегид),0.0014
2025-11-14T00:00:00+03:00,NO,0.019
2025-11-14T00:00:00+03:00,NO2,0.027
2025-11-15T00:00:00+03:00,PM2.5,0.008
2025-11-15T00:00:00+03:00,NO,0.036
2025-11-15T00:00:00+03:00,SO2,0.0011
2025-11-15T00:00:00+03:00,OZ,0.0335
2025-11-15T00:00:00+03:00,CO,0.38
2025-11-15T00:00:00+03:00,C6H5OH (фенол),0.0002
2025-11-15T00:00:00+03:00,NO2,0.044
2025-11-15T00:00:00+03:00,CH2O (формальдегид),0.0036
2025-11-15T00:00:00+03:00,C6H6 (бензол),0.006
2025-11-16T00:00:00+03:00,C6H5OH (фенол),0.0003
2025-11-16T00:00:00+03:00,CO,0.39
2025-11-16T00:00:00+03:00,NO,0.03
2025-11-16T00:00:00+03:00,SO2,0.0011
2025-11-16T00:00:00+03:00,CH2O (формальдегид),0.004
2025-11-16T00:00:00+03:00,PM2.5,0.007
2025-11-16T00:00:00+03:00,OZ,0.0394
2025-11-16T00:00:00+03:00,C6H6 (бензол),0.006
2025-11-16T00:00:00+03:00,NO2,0.041
2025-11-17T00:00:00+03:00,CO,0.27
2025-11-17T00:00:00+03:00,OZ,0.0334
2025-11-17T00:00:00+03:00,NO2,0.036
2025-11-17T00:00:00+03:00,SO2,0.0013
2025-11-17T00:00:00+03:00,PM2.5,0.009
2025-11-17T00:00:00+03:00,C6H6 (бензол),0.006
2025-11-17T00:00:00+03:00,NO,0.057
2025-11-17T00:00:00+03:00,CH2O (формальдегид),0.004
2025-11-17T00:00:00+03:00,C6H5OH (фенол),0.0002
2025-11-18T00:00:00+03:00,C6H6 (бензол),0.006
2025-11-18T00:00:00+03:00,SO2,0.0013
2025-11-18T00:00:00+03:00,C6H5OH (фенол),0.0003
2025-11-18T00:00:00+03:00,CO,0.34
2025-11-18T00:00:00+03:00,NO,0.03
2025-11-18T00:00:00+03:00,OZ,0.038
2025-11-18T00:00:00+03:00,NO2,0.031
2025-11-18T00:00:00+03:00,PM2.5,0.011
2025-11-18T00:00:00+03:00,CH2O (формальдегид),0.0011
2025-11-19T00:00:00+03:00,C6H6 (бензол),0.006
2025-11-19T00:00:00+03:00,NO,0.034
2025-11-19T00:00:00+03:00,OZ,0.0414
2025-11-19T00:00:00+03:00,SO2,0.0012
2025-11-19T00:00:00+03:00,PM2.5,0.01
2025-11-19T00:00:00+03:00,C6H5OH (фенол),0.0002
2025-11-19T00:00:00+03:00,CH2O (формальдегид),0.0025
2025-11-19T00:00:00+03:00,CO,0.31
2025-11-19T00:00:00+03:00,NO2,0.038
2025-11-20T00:00:00+03:00,NO,0.067
2025-11-20T00:00:00+03:00,NO2,0.037
2025-11-20T00:00:00+03:00,CH2O (формальдегид),0.0036
2025-11-20T00:00:00+03:00,C6H5OH (фенол),0.0003
2025-11-20T00:00:00+03:00,CO,0.28
2025-11-20T00:00:00+03:00,C6H6 (бензол),0.006
2025-11-20T00:00:00+03:00,OZ,0.0354
2025-11-20T00:00:00+03:00,PM2.5,0.017
2025-11-20T00:00:00+03:00,SO2,0.0015
2025-11-21T00:00:00+03:00,PM2.5,0.014
2025-11-21T00:00:00+03:00,CH2O (формальдегид),0.0038
2025-11-21T00:00:00+03:00,NO,0.081
2025-11-21T00:00:00+03:00,SO2,0.0015
2025-11-21T00:00:00+03:00,C6H6 (бензол),0.006
2025-11-21T00:00:00+03:00,OZ,0.0302
2025-11-21T00:00:00+03:00,NO2,0.035
2025-11-21T00:00:00+03:00,CO,0.52
2025-11-21T00:00:00+03:00,C6H5OH (фенол),0.0001
2025-11-22T00:00:00+03:00,NO,0.052
2025-11-22T00:00:00+03:00,NO2,0.032
2025-11-22T00:00:00+03:00,C6H6 (бензол),0.006
2025-11-22T00:00:00+03:00,CO,0.41
2025-11-22T00:00:00+03:00,SO2,0.0015
2025-11-22T00:00:00+03:00,C6H5OH (фенол),0.0001
2025-11-22T00:00:00+03:00,PM2.5,0.011
2025-11-22T00:00:00+03:00,OZ,0.0249
2025-11-22T00:00:00+03:00,CH2O (формальдегид),0.004
2025-11-23T00:00:00+03:00,CH2O (формальдегид),0.0037
2025-11-23T00:00:00+03:00,OZ,0.0263
2025-11-23T00:00:00+03:00,C6H6 (бензол),0.006
2025-11-23T00:00:00+03:00,SO2,0.0018
2025-11-23T00:00:00+03:00,PM2.5,0.012
2025-11-23T00:00:00+03:00,C6H5OH (фенол),0.0002
2025-11-23T00:00:00+03:00,NO,0.045
2025-11-23T00:00:00+03:00,NO2,0.038
2025-11-23T00:00:00+03:00,CO,0.47
2025-11-24T00:00:00+03:00,NO,0.035
2025-11-24T00:00:00+03:00,PM2.5,0.008
2025-11-24T00:00:00+03:00,CO,0.34
2025-11-24T00:00:00+03:00,OZ,0.0301
2025-11-24T00:00:00+03:00,SO2,0.0018
2025-11-24T00:00:00+03:00,C6H6 (бензол),0.006
2025-11-24T00:00:00+03:00,NO2,0.03
2025-11-24T00:00:00+03:00,CH2O (формальдегид),0.0025
2025-11-24T00:00:00+03:00,C6H5OH (фенол),0.0001
2025-11-25T00:00:00+03:00,CO,0.32
2025-11-25T00:00:00+03:00,NO2,0.036
2025-11-25T00:00:00+03:00,C6H6 (бензол),0.006
2025-11-25T00:00:00+03:00,PM2.5,0.012
2025-11-25T00:00:00+03:00,C6H5OH (фенол),0.0001
2025-11-25T00:00:00+03:00,CH2O (формальдегид),0.0013
2025-11-25T00:00:00+03:00,NO,0.039
2025-11-25T00:00:00+03:00,SO2,0.0015
2025-11-25T00:00:00+03:00,OZ,0.0253
2025-11-26T00:00:00+03:00,NO,0.082
2025-11-26T00:00:00+03:00,NO2,0.039
2025-11-26T00:00:00+03:00,C6H6 (бензол),0.007
2025-11-26T00:00:00+03:00,CO,0.65
2025-11-26T00:00:00+03:00,C6H5OH (фенол),0.0001
2025-11-26T00:00:00+03:00,SO2,0.0016
2025-11-26T00:00:00+03:00,CH2O (формальдегид),0.0031
2025-11-26T00:00:00+03:00,PM2.5,0.015
2025-11-26T00:00:00+03:00,OZ,0.0059
2025-11-27T00:00:00+03:00,C6H5OH (фенол),0.0002
2025-11-27T00:00:00+03:00,C6H6 (бензол),0.007
2025-11-27T00:00:00+03:00,CH2O (формальдегид),0.0019
2025-11-27T00:00:00+03:00,SO2,0.0017
2025-11-27T00:00:00+03:00,OZ,0.0078
2025-11-27T00:00:00+03:00,CO,0.58
2025-11-27T00:00:00+03:00,NO,0.081
2025-11-27T00:00:00+03:00,PM2.5,0.015
2025-11-27T00:00:00+03:00,NO2,0.039
2025-11-28T00:00:00+03:00,PM2.5,0.009
2025-11-28T00:00:00+03:00,CO,0.33
2025-11-28T00:00:00+03:00,NO,0.039
2025-11-28T00:00:00+03:00,C6H6 (бензол),0.006
2025-11-28T00:00:00+03:00,CH2O (формальдегид),0.0021
2025-11-28T00:00:00+03:00,NO2,0.033
2025-11-28T00:00:00+03:00,C6H5OH (фенол),0.0002
2025-11-28T00:00:00+03:00,SO2,0.0013
2025-11-28T00:00:00+03:00,OZ,0.0076
2025-11-29T00:00:00+03:00,CO,0.34
2025-11-29T00:00:00+03:00,SO2,0.0012
2025-11-29T00:00:00+03:00,OZ,0.0119
2025-11-29T00:00:00+03:00,CH2O (формальдегид),0.0009
2025-11-29T00:00:00+03:00,PM2.5,0.011
2025-11-29T00:00:00+03:00,C6H5OH (фенол),0.0001
2025-11-29T00:00:00+03:00,NO2,0.033
2025-11-29T00:00:00+03:00,NO,0.041
2025-11-29T00:00:00+03:00,C6H6 (бензол),0.006
2025-11-30T00:00:00+03:00,NO2,0.036
2025-11-30T00:00:00+03:00,C6H5OH (фенол),0.0003
2025-11-30T00:00:00+03:00,CO,0.69
2025-11-30T00:00:00+03:00,OZ,0.0075
2025-11-30T00:00:00+03:00,NO,0.09
2025-11-30T00:00:00+03:00,C6H6 (бензол),0.007
2025-11-30T00:00:00+03:00,SO2,0.0017
2025-11-30T00:00:00+03:00,PM2.5,0.019
2025-11-30T00:00:00+03:00,CH2O (формальдегид),0.0031
2025-12-01T00:00:00+03:00,SO2,0.0015
2025-12-01T00:00:00+03:00,NO2,0.039
2025-12-01T00:00:00+03:00,C6H6 (бензол),0.007
2025-12-01T00:00:00+03:00,CH2O (формальдегид),0.002
2025-12-01T00:00:00+03:00,CO,0.65
2025-12-01T00:00:00+03:00,OZ,0.0083
2025-12-01T00:00:00+03:00,C6H5OH (фенол),0.0001
2025-12-01T00:00:00+03:00,PM2.5,0.02
2025-12-01T00:00:00+03:00,NO,0.074
2025-12-02T00:00:00+03:00,SO2,0.0014
2025-12-02T00:00:00+03:00,PM2.5,0.015
2025-12-02T00:00:00+03:00,C6H5OH (фенол),0.0002
2025-12-02T00:00:00+03:00,CH2O (формальдегид),0.0019
2025-12-02T00:00:00+03:00,C6H6 (бензол),0.006
2025-12-02T00:00:00+03:00,OZ,0.0104
2025-12-02T00:00:00+03:00,NO,0.062
2025-12-02T00:00:00+03:00,CO,0.48
2025-12-02T00:00:00+03:00,NO2,0.036
2025-12-03T00:00:00+03:00,C6H5OH (фенол),0
2025-12-03T00:00:00+03:00,C6H6 (бензол),0.007
2025-12-03T00:00:00+03:00,SO2,0.0015
2025-12-03T00:00:00+03:00,CH2O (формальдегид),0.0023
2025-12-03T00:00:00+03:00,NO,0.055
2025-12-03T00:00:00+03:00,NO2,0.039
2025-12-03T00:00:00+03:00,OZ,0.0072
2025-12-03T00:00:00+03:00,CO,0.53
2025-12-03T00:00:00+03:00,PM2.5,0.014
2025-12-04T00:00:00+03:00,SO2,0.0015
2025-12-04T00:00:00+03:00,OZ,0.0103
2025-12-04T00:00:00+03:00,C6H6 (бензол),0.005
2025-12-04T00:00:00+03:00,CH2O (формальдегид),0.0024
2025-12-04T00:00:00+03:00,NO,0.076
2025-12-04T00:00:00+03:00,C6H5OH (фенол),0.0002
2025-12-04T00:00:00+03:00,PM2.5,0.021
2025-12-04T00:00:00+03:00,NO2,0.05
2025-12-04T00:00:00+03:00,CO,0.41
2025-12-05T00:00:00+03:00,SO2,0.0022
2025-12-05T00:00:00+03:00,C6H5OH (фенол),0.0001
2025-12-05T00:00:00+03:00,PM2.5,0.023
2025-12-05T00:00:00+03:00,C6H6 (бензол),0.005
2025-12-05T00:00:00+03:00,NO2,0.046
2025-12-05T00:00:00+03:00,CO,0.46
2025-12-05T00:00:00+03:00,NO,0.051
2025-12-05T00:00:00+03:00,CH2O (формальдегид),0.0016
2025-12-05T00:00:00+03:00,OZ,0.014
2025-12-06T00:00:00+03:00,CO,0.41
2025-12-06T00:00:00+03:00,C6H5OH (фенол),0.0001
2025-12-06T00:00:00+03:00,C6H6 (бензол),0.004
2025-12-06T00:00:00+03:00,PM2.5,0.017
2025-12-06T00:00:00+03:00,NO2,0.043
2025-12-06T00:00:00+03:00,NO,0.038
2025-12-06T00:00:00+03:00,SO2,0.0012
2025-12-06T00:00:00+03:00,CH2O (формальдегид),0.0016
2025-12-06T00:00:00+03:00,OZ,0.0136
2025-12-07T00:00:00+03:00,CO,0.42
2025-12-07T00:00:00+03:00,C6H6 (бензол),0.004
2025-12-07T00:00:00+03:00,PM2.5,0.015
2025-12-07T00:00:00+03:00,C6H5OH (фенол),0.0001
2025-12-07T00:00:00+03:00,SO2,0.0013
2025-12-07T00:00:00+03:00,OZ,0.0199
2025-12-07T00:00:00+03:00,CH2O (формальдегид),0.0009
2025-12-07T00:00:00+03:00,NO,0.04
2025-12-07T00:00:00+03:00,NO2,0.044
2025-12-08T00:00:00+03:00,CO,0.27
2025-12-08T00:00:00+03:00,NO,0.048
2025-12-08T00:00:00+03:00,OZ,0.0175
2025-12-08T00:00:00+03:00,C6H6 (бензол),0.004
2025-12-08T00:00:00+03:00,SO2,0.0012
2025-12-08T00:00:00+03:00,C6H5OH (фенол),0.0001
2025-12-08T00:00:00+03:00,NO2,0.049
2025-12-08T00:00:00+03:00,PM2.5,0.018
2025-12-08T00:00:00+03:00,CH2O (формальдегид),0.0013
2025-12-09T00:00:00+03:00,CO,0.42
2025-12-09T00:00:00+03:00,NO,0.035
2025-12-09T00:00:00+03:00,C6H6 (бензол),0.004
2025-12-09T00:00:00+03:00,NO2,0.039
2025-12-09T00:00:00+03:00,CH2O (формальдегид),0.0001
2025-12-09T00:00:00+03:00,C6H5OH (фенол),0.0001
2025-12-09T00:00:00+03:00,SO2,0.0013
2025-12-09T00:00:00+03:00,OZ,0.0286
2025-12-09T00:00:00+03:00,PM2.5,0.011
2025-12-10T00:00:00+03:00,NO2,0.039
2025-12-10T00:00:00+03:00,C6H5OH (фенол),0.0001
2025-12-10T00:00:00+03:00,NO,0.069
2025-12-10T00:00:00+03:00,CH2O (формальдегид),0.0026
2025-12-10T00:00:00+03:00,SO2,0.0014
2025-12-10T00:00:00+03:00,CO,0.38
2025-12-10T00:00:00+03:00,C6H6 (бензол),0.004
2025-12-10T00:00:00+03:00,OZ,0.0089
2025-12-10T00:00:00+03:00,PM2.5,0.012
2025-12-11T00:00:00+03:00,C6H5OH (фенол),0.0001
2025-12-11T00:00:00+03:00,CH2O (формальдегид),0.0007
2025-12-11T00:00:00+03:00,SO2,0.0013
2025-12-11T00:00:00+03:00,CO,0.31
2025-12-11T00:00:00+03:00,NO2,0.038
2025-12-11T00:00:00+03:00,OZ,0.0115
2025-12-11T00:00:00+03:00,PM2.5,0.006
2025-12-11T00:00:00+03:00,NO,0.037
2025-12-11T00:00:00+03:00,C6H6 (бензол),0.004
2025-12-12T00:00:00+03:00,SO2,0.0013
2025-12-12T00:00:00+03:00,PM2.5,0.005
2025-12-12T00:00:00+03:00,OZ,0.0214
2025-12-12T00:00:00+03:00,NO,0.02
2025-12-12T00:00:00+03:00,CO,0.18
2025-12-12T00:00:00+03:00,NO2,0.039
2025-12-12T00:00:00+03:00,C6H6 (бензол),0.004
2025-12-12T00:00:00+03:00,CH2O (формальдегид),0.0015
2025-12-12T00:00:00+03:00,C6H5OH (фенол),0.0001
2025-12-13T00:00:00+03:00,NO2,0.03
2025-12-13T00:00:00+03:00,SO2,0.0016
2025-12-13T00:00:00+03:00,OZ,0.044
2025-12-13T00:00:00+03:00,C6H5OH (фенол),0.0003
2025-12-13T00:00:00+03:00,CO,0
2025-12-13T00:00:00+03:00,C6H6 (бензол),0.004
2025-12-13T00:00:00+03:00,PM2.5,0.005
2025-12-13T00:00:00+03:00,CH2O (формальдегид),0.0013
2025-12-13T00:00:00+03:00,NO,0.003
2025-12-14T00:00:00+03:00,PM2.5,0.006
2025-12-14T00:00:00+03:00,CH2O (формальдегид),0.0027
2025-12-14T00:00:00+03:00,C6H6 (бензол),0
2025-12-14T00:00:00+03:00,OZ,0.0355
2025-12-14T00:00:00+03:00,SO2,0.0024
2025-12-14T00:00:00+03:00,CO,0.25
2025-12-14T00:00:00+03:00,NO,0.009
2025-12-14T00:00:00+03:00,C6H5OH (фенол),0.0029
2025-12-14T00:00:00+03:00,NO2,0.037
2025-12-15T00:00:00+03:00,C6H6 (бензол),
2025-12-15T00:00:00+03:00,CH2O (формальдегид),
2025-12-15T00:00:00+03:00,OZ,0.004
2025-12-15T00:00:00+03:00,PM2.5,0.015
2025-12-15T00:00:00+03:00,C6H5OH (фенол),
2025-12-15T00:00:00+03:00,NO,0.1
2025-12-15T00:00:00+03:00,SO2,0.0004
2025-12-15T00:00:00+03:00,CO,0.51
2025-12-15T00:00:00+03:00,NO2,0.053
2025-12-16T00:00:00+03:00,C6H6 (бензол),
2025-12-16T00:00:00+03:00,PM2.5,0.012
2025-12-16T00:00:00+03:00,CH2O (формальдегид),
2025-12-16T00:00:00+03:00,NO2,0.041
2025-12-16T00:00:00+03:00,C6H5OH (фенол),
2025-12-16T00:00:00+03:00,NO,0.07
2025-12-16T00:00:00+03:00,OZ,0.0183
2025-12-16T00:00:00+03:00,SO2,0.0009
2025-12-16T00:00:00+03:00,CO,0.5
2025-12-17T00:00:00+03:00,PM2.5,0.007
2025-12-17T00:00:00+03:00,C6H6 (бензол),
2025-12-17T00:00:00+03:00,C6H5OH (фенол),
2025-12-17T00:00:00+03:00,NO2,0.04
2025-12-17T00:00:00+03:00,OZ,0.0218
2025-12-17T00:00:00+03:00,SO2,0.0004
2025-12-17T00:00:00+03:00,NO,0.039
2025-12-17T00:00:00+03:00,CO,0.3
2025-12-17T00:00:00+03:00,CH2O (формальдегид),
2025-12-18T00:00:00+03:00,OZ,0.0219
2025-12-18T00:00:00+03:00,C6H5OH (фенол),
2025-12-18T00:00:00+03:00,PM2.5,0.009
2025-12-18T00:00:00+03:00,CO,0.2
2025-12-18T00:00:00+03:00,C6H6 (бензол),
2025-12-18T00:00:00+03:00,CH2O (формальдегид),
2025-12-18T00:00:00+03:00,SO2,0.0006
2025-12-18T00:00:00+03:00,NO2,0.035
2025-12-18T00:00:00+03:00,NO,0.033
2025-12-19T00:00:00+03:00,NO2,0.038
2025-12-19T00:00:00+03:00,C6H5OH (фенол),
2025-12-19T00:00:00+03:00,C6H6 (бензол),
2025-12-19T00:00:00+03:00,CH2O (формальдегид),
2025-12-19T00:00:00+03:00,PM2.5,0.008
2025-12-19T00:00:00+03:00,CO,0.39
2025-12-19T00:00:00+03:00,NO,0.035
2025-12-19T00:00:00+03:00,OZ,0.0162
2025-12-19T00:00:00+03:00,SO2,0.0005
2025-12-20T00:00:00+03:00,NO2,0.036
2025-12-20T00:00:00+03:00,C6H6 (бензол),
2025-12-20T00:00:00+03:00,CO,0.32
2025-12-20T00:00:00+03:00,SO2,0.0006
2025-12-20T00:00:00+03:00,NO,0.036
2025-12-20T00:00:00+03:00,OZ,0.0199
2025-12-20T00:00:00+03:00,CH2O (формальдегид),
2025-12-20T00:00:00+03:00,PM2.5,0.007
2025-12-20T00:00:00+03:00,C6H5OH (фенол),
2025-12-21T00:00:00+03:00,CH2O (формальдегид),
2025-12-21T00:00:00+03:00,NO,0.029
2025-12-21T00:00:00+03:00,SO2,0.0008
2025-12-21T00:00:00+03:00,NO2,0.031
2025-12-21T00:00:00+03:00,C6H6 (бензол),
2025-12-21T00:00:00+03:00,C6H5OH (фенол),
2025-12-21T00:00:00+03:00,PM2.5,0.006
2025-12-21T00:00:00+03:00,OZ,0.0164
2025-12-21T00:00:00+03:00,CO,0.37
2025-12-22T00:00:00+03:00,CH2O (формальдегид),
2025-12-22T00:00:00+03:00,C6H6 (бензол),
2025-12-22T00:00:00+03:00,PM2.5,0.005
2025-12-22T00:00:00+03:00,CO,0.25
2025-12-22T00:00:00+03:00,SO2,0.0008
2025-12-22T00:00:00+03:00,NO2,0.034
2025-12-22T00:00:00+03:00,OZ,0.0224
2025-12-22T00:00:00+03:00,C6H5OH (фенол),
2025-12-22T00:00:00+03:00,NO,0.022
2025-12-23T00:00:00+03:00,C6H5OH (фенол),
2025-12-23T00:00:00+03:00,SO2,0.0018
2025-12-23T00:00:00+03:00,CH2O (формальдегид),
2025-12-23T00:00:00+03:00,NO,0.011
2025-12-23T00:00:00+03:00,PM2.5,0.007
2025-12-23T00:00:00+03:00,C6H6 (бензол),
2025-12-23T00:00:00+03:00,OZ,0.0535
2025-12-23T00:00:00+03:00,CO,0.18
2025-12-23T00:00:00+03:00,NO2,0.031
2025-12-24T00:00:00+03:00,C6H5OH (фенол),
2025-12-24T00:00:00+03:00,NO2,0.048
2025-12-24T00:00:00+03:00,PM2.5,0.009
2025-12-24T00:00:00+03:00,C6H6 (бензол),
2025-12-24T00:00:00+03:00,NO,0.024
2025-12-24T00:00:00+03:00,CH2O (формальдегид),
2025-12-24T00:00:00+03:00,OZ,0.033
2025-12-24T00:00:00+03:00,CO,0.27
2025-12-24T00:00:00+03:00,SO2,0.0016
2025-12-25T00:00:00+03:00,OZ,0.0269
2025-12-25T00:00:00+03:00,SO2,0.0009
2025-12-25T00:00:00+03:00,NO2,0.041
2025-12-25T00:00:00+03:00,C6H5OH (фенол),
2025-12-25T00:00:00+03:00,PM2.5,0.004
2025-12-25T00:00:00+03:00,CO,0.2
2025-12-25T00:00:00+03:00,C6H6 (бензол),
2025-12-25T00:00:00+03:00,NO,0.026
2025-12-25T00:00:00+03:00,CH2O (формальдегид),
2025-12-26T00:00:00+03:00,NO,0.014
2025-12-26T00:00:00+03:00,C6H6 (бензол),
2025-12-26T00:00:00+03:00,C6H5OH (фенол),
2025-12-26T00:00:00+03:00,OZ,0.0332
2025-12-26T00:00:00+03:00,SO2,0.001
2025-12-26T00:00:00+03:00,PM2.5,0.006
2025-12-26T00:00:00+03:00,CH2O (формальдегид),
2025-12-26T00:00:00+03:00,CO,0.18
2025-12-26T00:00:00+03:00,NO2,0.044
2025-12-27T00:00:00+03:00,NO2,0.047
2025-12-27T00:00:00+03:00,CH2O (формальдегид),
2025-12-27T00:00:00+03:00,SO2,0.0008
2025-12-27T00:00:00+03:00,C6H6 (бензол),
2025-12-27T00:00:00+03:00,C6H5OH (фенол),
2025-12-27T00:00:00+03:00,PM2.5,0.005
2025-12-27T00:00:00+03:00,CO,0.14
2025-12-27T00:00:00+03:00,OZ,0.0381
2025-12-27T00:00:00+03:00,NO,0.02
2025-12-28T00:00:00+03:00,C6H6 (бензол),
2025-12-28T00:00:00+03:00,C6H5OH (фенол),
2025-12-28T00:00:00+03:00,NO,0.021
2025-12-28T00:00:00+03:00,OZ,0.0317
2025-12-28T00:00:00+03:00,CO,0.14
2025-12-28T00:00:00+03:00,CH2O (формальдегид),
2025-12-28T00:00:00+03:00,PM2.5,0.009
2025-12-28T00:00:00+03:00,SO2,0.0019
2025-12-28T00:00:00+03:00,NO2,0.044
2025-12-29T00:00:00+03:00,PM2.5,0.013
2025-12-29T00:00:00+03:00,NO,0.07
2025-12-29T00:00:00+03:00,CH2O (формальдегид),
2025-12-29T00:00:00+03:00,NO2,0.049
2025-12-29T00:00:00+03:00,OZ,0.0243
2025-12-29T00:00:00+03:00,CO,0.56
2025-12-29T00:00:00+03:00,C6H6 (бензол),
2025-12-29T00:00:00+03:00,SO2,0.0014
2025-12-29T00:00:00+03:00,C6H5OH (фенол),
2025-12-30T00:00:00+03:00,PM2.5,0.01
2025-12-30T00:00:00+03:00,C6H6 (бензол),0.005
2025-12-30T00:00:00+03:00,SO2,0.0024
2025-12-30T00:00:00+03:00,OZ,0.0243
2025-12-30T00:00:00+03:00,NO2,0.045
2025-12-30T00:00:00+03:00,CH2O (формальдегид),0.0043
2025-12-30T00:00:00+03:00,CO,0.39
2025-12-30T00:00:00+03:00,C6H5OH (фенол),0.0011
2025-12-30T00:00:00+03:00,NO,0.039
2025-12-31T00:00:00+03:00,C6H5OH (фенол),0.0009
2025-12-31T00:00:00+03:00,NO,0.01
2025-12-31T00:00:00+03:00,SO2,0.0016
2025-12-31T00:00:00+03:00,OZ,0.0294
2025-12-31T00:00:00+03:00,PM2.5,0.009
2025-12-31T00:00:00+03:00,NO2,0.032
2025-12-31T00:00:00+03:00,C6H6 (бензол),0.004
2025-12-31T00:00:00+03:00,CH2O (формальдегид),0.0023
2025-12-31T00:00:00+03:00,CO,0.07
2026-01-01T00:00:00+03:00,NO2,0.032
2026-01-01T00:00:00+03:00,OZ,0.0314
2026-01-01T00:00:00+03:00,PM2.5,0.01
2026-01-01T00:00:00+03:00,C6H5OH (фенол),0.001
2026-01-01T00:00:00+03:00,SO2,0.0014
2026-01-01T00:00:00+03:00,NO,0.011
2026-01-01T00:00:00+03:00,CO,0.19
2026-01-01T00:00:00+03:00,C6H6 (бензол),0.005
2026-01-01T00:00:00+03:00,CH2O (формальдегид),0.0041
2026-01-02T00:00:00+03:00,NO2,0.042
2026-01-02T00:00:00+03:00,SO2,0.0016
2026-01-02T00:00:00+03:00,C6H6 (бензол),0.004
2026-01-02T00:00:00+03:00,PM2.5,0.008
2026-01-02T00:00:00+03:00,C6H5OH (фенол),0.001
2026-01-02T00:00:00+03:00,CH2O (формальдегид),0.0033
2026-01-02T00:00:00+03:00,CO,0.35
2026-01-02T00:00:00+03:00,OZ,0.0451
2026-01-02T00:00:00+03:00,NO,0.028
2026-01-03T00:00:00+03:00,CO,0.65
2026-01-03T00:00:00+03:00,PM2.5,0.017
2026-01-03T00:00:00+03:00,NO2,0.053
2026-01-03T00:00:00+03:00,SO2,0.0019
2026-01-03T00:00:00+03:00,NO,0.062
2026-01-03T00:00:00+03:00,CH2O (формальдегид),0.004
2026-01-03T00:00:00+03:00,C6H6 (бензол),0.005
2026-01-03T00:00:00+03:00,OZ,0.0267
2026-01-03T00:00:00+03:00,C6H5OH (фенол),0.0013
2026-01-04T00:00:00+03:00,PM2.5,0.012
2026-01-04T00:00:00+03:00,C6H5OH (фенол),0.0012
2026-01-04T00:00:00+03:00,C6H6 (бензол),0.005
2026-01-04T00:00:00+03:00,SO2,0.0013
2026-01-04T00:00:00+03:00,OZ,0.0362
2026-01-04T00:00:00+03:00,CO,0.25
2026-01-04T00:00:00+03:00,CH2O (формальдегид),0.0034
2026-01-04T00:00:00+03:00,NO,0.026
2026-01-04T00:00:00+03:00,NO2,0.044
2026-01-05T00:00:00+03:00,PM2.5,0.011
2026-01-05T00:00:00+03:00,NO2,0.042
2026-01-05T00:00:00+03:00,OZ,0.0415
2026-01-05T00:00:00+03:00,CO,0.34
2026-01-05T00:00:00+03:00,C6H6 (бензол),0.005
2026-01-05T00:00:00+03:00,CH2O (формальдегид),0.0028
2026-01-05T00:00:00+03:00,SO2,0.0012
2026-01-05T00:00:00+03:00,NO,0.018
2026-01-05T00:00:00+03:00,C6H5OH (фенол),0.0012
2026-01-06T00:00:00+03:00,CH2O (формальдегид),0.003
2026-01-06T00:00:00+03:00,C6H5OH (фенол),0.001
2026-01-06T00:00:00+03:00,PM2.5,0.011
2026-01-06T00:00:00+03:00,C6H6 (бензол),0.005
2026-01-06T00:00:00+03:00,NO2,0.046
2026-01-06T00:00:00+03:00,OZ,0.0326
2026-01-06T00:00:00+03:00,CO,0.17
2026-01-06T00:00:00+03:00,SO2,0.0016
2026-01-06T00:00:00+03:00,NO,0.027
2026-01-07T00:00:00+03:00,CO,0.33
2026-01-07T00:00:00+03:00,SO2,0.0024
2026-01-07T00:00:00+03:00,OZ,0.0298
2026-01-07T00:00:00+03:00,NO,0.034
2026-01-07T00:00:00+03:00,PM2.5,0.012
2026-01-07T00:00:00+03:00,NO2,0.05
2026-01-07T00:00:00+03:00,C6H6 (бензол),0.005
2026-01-07T00:00:00+03:00,C6H5OH (фенол),0.001
2026-01-07T00:00:00+03:00,CH2O (формальдегид),0.0022
2026-01-08T00:00:00+03:00,PM2.5,0.009
2026-01-08T00:00:00+03:00,NO2,0.036
2026-01-08T00:00:00+03:00,NO,0.011
2026-01-08T00:00:00+03:00,SO2,0.0016
2026-01-08T00:00:00+03:00,C6H5OH (фенол),0.0012
2026-01-08T00:00:00+03:00,CH2O (формальдегид),0.0025
2026-01-08T00:00:00+03:00,OZ,0.035
2026-01-08T00:00:00+03:00,C6H6 (бензол),0.005
2026-01-08T00:00:00+03:00,CO,0.08
2026-01-09T00:00:00+03:00,SO2,0.002
2026-01-09T00:00:00+03:00,NO,0.015
2026-01-09T00:00:00+03:00,C6H6 (бензол),0.004
2026-01-09T00:00:00+03:00,C6H5OH (фенол),0.0011
2026-01-09T00:00:00+03:00,OZ,0.0318
2026-01-09T00:00:00+03:00,CO,0.2
2026-01-09T00:00:00+03:00,NO2,0.035
2026-01-09T00:00:00+03:00,PM2.5,0.008
2026-01-09T00:00:00+03:00,CH2O (формальдегид),0.0028
2026-01-10T00:00:00+03:00,OZ,0.0267
2026-01-10T00:00:00+03:00,NO,0.047
2026-01-10T00:00:00+03:00,PM2.5,0.012
2026-01-10T00:00:00+03:00,C6H5OH (фенол),0.0009
2026-01-10T00:00:00+03:00,C6H6 (бензол),0.006
2026-01-10T00:00:00+03:00,NO2,0.046
2026-01-10T00:00:00+03:00,SO2,0.0015
2026-01-10T00:00:00+03:00,CO,0.12
2026-01-10T00:00:00+03:00,CH2O (формальдегид),0.0008
2026-01-11T00:00:00+03:00,CH2O (формальдегид),0.0023
2026-01-11T00:00:00+03:00,NO2,0.05
2026-01-11T00:00:00+03:00,C6H6 (бензол),0.005
2026-01-11T00:00:00+03:00,NO,0.042
2026-01-11T00:00:00+03:00,SO2,0.0024
2026-01-11T00:00:00+03:00,OZ,0.0285
2026-01-11T00:00:00+03:00,PM2.5,0.016
2026-01-11T00:00:00+03:00,C6H5OH (фенол),0.0012
2026-01-11T00:00:00+03:00,CO,0.34
2026-01-12T00:00:00+03:00,C6H6 (бензол),0.005
2026-01-12T00:00:00+03:00,CH2O (формальдегид),0.0005
2026-01-12T00:00:00+03:00,PM2.5,0.011
2026-01-12T00:00:00+03:00,CO,0.22
2026-01-12T00:00:00+03:00,NO2,0.041
2026-01-12T00:00:00+03:00,OZ,0.0264
2026-01-12T00:00:00+03:00,C6H5OH (фенол),0.0009
2026-01-12T00:00:00+03:00,NO,0.018
2026-01-12T00:00:00+03:00,SO2,0.0025
2026-01-13T00:00:00+03:00,NO,0.069
2026-01-13T00:00:00+03:00,C6H5OH (фенол),0.0012
2026-01-13T00:00:00+03:00,C6H6 (бензол),0.005
2026-01-13T00:00:00+03:00,PM2.5,0.017
2026-01-13T00:00:00+03:00,CO,0.45
2026-01-13T00:00:00+03:00,OZ,0.0185
2026-01-13T00:00:00+03:00,SO2,0.0016
2026-01-13T00:00:00+03:00,CH2O (формальдегид),0.0033
2026-01-13T00:00:00+03:00,NO2,0.047
2026-01-14T00:00:00+03:00,CH2O (формальдегид),0.0013
2026-01-14T00:00:00+03:00,C6H6 (бензол),0.006
2026-01-14T00:00:00+03:00,PM2.5,0.018
2026-01-14T00:00:00+03:00,NO2,0.048
2026-01-14T00:00:00+03:00,OZ,0.0167
2026-01-14T00:00:00+03:00,SO2,0.0027
2026-01-14T00:00:00+03:00,CO,0.39
2026-01-14T00:00:00+03:00,C6H5OH (фенол),0.0009
2026-01-14T00:00:00+03:00,NO,0.091
2026-01-15T00:00:00+03:00,CH2O (формальдегид),0.0041
2026-01-15T00:00:00+03:00,SO2,0.006
2026-01-15T00:00:00+03:00,NO,0.115
2026-01-15T00:00:00+03:00,CO,0.45
2026-01-15T00:00:00+03:00,PM2.5,0.023
2026-01-15T00:00:00+03:00,C6H5OH (фенол),0.0013
2026-01-15T00:00:00+03:00,NO2,0.056
2026-01-15T00:00:00+03:00,OZ,0.0202
2026-01-15T00:00:00+03:00,C6H6 (бензол),0.006
2026-01-16T00:00:00+03:00,C6H6 (бензол),0.008
2026-01-16T00:00:00+03:00,SO2,0.0031
2026-01-16T00:00:00+03:00,OZ,0.0191
2026-01-16T00:00:00+03:00,C6H5OH (фенол),0.0012
2026-01-16T00:00:00+03:00,PM2.5,0.026
2026-01-16T00:00:00+03:00,NO2,0.056
2026-01-16T00:00:00+03:00,CH2O (формальдегид),0.0044
2026-01-16T00:00:00+03:00,NO,0.151
2026-01-16T00:00:00+03:00,CO,0.81
2026-01-17T00:00:00+03:00,C6H6 (бензол),0.005
2026-01-17T00:00:00+03:00,CO,0.54
2026-01-17T00:00:00+03:00,C6H5OH (фенол),0.0013
2026-01-17T00:00:00+03:00,OZ,0.0253
2026-01-17T00:00:00+03:00,NO,0.096
2026-01-17T00:00:00+03:00,SO2,0.0066
2026-01-17T00:00:00+03:00,CH2O (формальдегид),0.0049
2026-01-17T00:00:00+03:00,NO2,0.072
2026-01-17T00:00:00+03:00,PM2.5,0.022
2026-01-18T00:00:00+03:00,NO,0.04
2026-01-18T00:00:00+03:00,PM2.5,0.014
2026-01-18T00:00:00+03:00,OZ,0.0249
2026-01-18T00:00:00+03:00,NO2,0.062
2026-01-18T00:00:00+03:00,C6H5OH (фенол),0.0011
2026-01-18T00:00:00+03:00,C6H6 (бензол),0.005
2026-01-18T00:00:00+03:00,CH2O (формальдегид),0.0038
2026-01-18T00:00:00+03:00,CO,0.24
2026-01-18T00:00:00+03:00,SO2,0.0024
2026-01-19T00:00:00+03:00,CO,0.19
2026-01-19T00:00:00+03:00,C6H6 (бензол),0.004
2026-01-19T00:00:00+03:00,NO2,0.051
2026-01-19T00:00:00+03:00,C6H5OH (фенол),0.0013
2026-01-19T00:00:00+03:00,OZ,0.0318
2026-01-19T00:00:00+03:00,NO,0.033
2026-01-19T00:00:00+03:00,CH2O (формальдегид),0.0023
2026-01-19T00:00:00+03:00,SO2,0.0013
2026-01-19T00:00:00+03:00,PM2.5,0.012
2026-01-20T00:00:00+03:00,NO2,0.049
2026-01-20T00:00:00+03:00,OZ,0.0299
2026-01-20T00:00:00+03:00,PM2.5,0.008
2026-01-20T00:00:00+03:00,CO,0.35
2026-01-20T00:00:00+03:00,CH2O (формальдегид),0.0024
2026-01-20T00:00:00+03:00,C6H5OH (фенол),0.0012
2026-01-20T00:00:00+03:00,C6H6 (бензол),0.005
2026-01-20T00:00:00+03:00,SO2,0.0012
2026-01-20T00:00:00+03:00,NO,0.028
2026-01-21T00:00:00+03:00,CH2O (формальдегид),0.002
2026-01-21T00:00:00+03:00,PM2.5,0.012
2026-01-21T00:00:00+03:00,CO,0.42
2026-01-21T00:00:00+03:00,C6H6 (бензол),0.005
2026-01-21T00:00:00+03:00,C6H5OH (фенол),0.0015
2026-01-21T00:00:00+03:00,NO,0.061
2026-01-21T00:00:00+03:00,OZ,0.0223
2026-01-21T00:00:00+03:00,NO2,0.05
2026-01-21T00:00:00+03:00,SO2,0.0018
2026-01-22T00:00:00+03:00,C6H6 (бензол),0.005
2026-01-22T00:00:00+03:00,C6H5OH (фенол),0.0008
2026-01-22T00:00:00+03:00,SO2,0.0022
2026-01-22T00:00:00+03:00,OZ,0.0254
2026-01-22T00:00:00+03:00,NO2,0.036
2026-01-22T00:00:00+03:00,CH2O (формальдегид),0.0015
2026-01-22T00:00:00+03:00,PM2.5,0.01
2026-01-22T00:00:00+03:00,NO,0.025
2026-01-22T00:00:00+03:00,CO,0.25
2026-01-23T00:00:00+03:00,NO,0.047
2026-01-23T00:00:00+03:00,C6H6 (бензол),0.005
2026-01-23T00:00:00+03:00,SO2,0.0067
2026-01-23T00:00:00+03:00,CH2O (формальдегид),0.0036
2026-01-23T00:00:00+03:00,PM2.5,0.014
2026-01-23T00:00:00+03:00,NO2,0.046
2026-01-23T00:00:00+03:00,OZ,0.0334
2026-01-23T00:00:00+03:00,C6H5OH (фенол),0.0013
2026-01-23T00:00:00+03:00,CO,0.33
2026-01-24T00:00:00+03:00,PM2.5,0.031
2026-01-24T00:00:00+03:00,CH2O (формальдегид),0.0044
2026-01-24T00:00:00+03:00,SO2,0.0054
2026-01-24T00:00:00+03:00,CO,0.74
2026-01-24T00:00:00+03:00,C6H5OH (фенол),0.0013
2026-01-24T00:00:00+03:00,C6H6 (бензол),0.004
2026-01-24T00:00:00+03:00,OZ,0.0179
2026-01-24T00:00:00+03:00,NO,0.112
2026-01-24T00:00:00+03:00,NO2,0.062
2026-01-25T00:00:00+03:00,NO,0.113
2026-01-25T00:00:00+03:00,C6H5OH (фенол),0.0022
2026-01-25T00:00:00+03:00,CO,0.6
2026-01-25T00:00:00+03:00,C6H6 (бензол),0.007
2026-01-25T00:00:00+03:00,CH2O (формальдегид),0.0076
2026-01-25T00:00:00+03:00,OZ,0.0271
2026-01-25T00:00:00+03:00,PM2.5,0.03
2026-01-25T00:00:00+03:00,NO2,0.072
2026-01-25T00:00:00+03:00,SO2,0.0042
2026-01-26T00:00:00+03:00,C6H6 (бензол),0.006
2026-01-26T00:00:00+03:00,CO,0.62
2026-01-26T00:00:00+03:00,NO,0.079
2026-01-26T00:00:00+03:00,C6H5OH (фенол),0.0015
2026-01-26T00:00:00+03:00,SO2,0.0035
2026-01-26T00:00:00+03:00,CH2O (формальдегид),0.0043
2026-01-26T00:00:00+03:00,NO2,0.068
2026-01-26T00:00:00+03:00,OZ,0.0274
2026-01-26T00:00:00+03:00,PM2.5,0.019
2026-01-27T00:00:00+03:00,OZ,0.0371
2026-01-27T00:00:00+03:00,NO2,0.062
2026-01-27T00:00:00+03:00,CH2O (формальдегид),0.0042
2026-01-27T00:00:00+03:00,C6H6 (бензол),0.005
2026-01-27T00:00:00+03:00,SO2,0.0028
2026-01-27T00:00:00+03:00,NO,0.063
2026-01-27T00:00:00+03:00,CO,0.33
2026-01-27T00:00:00+03:00,PM2.5,0.011
2026-01-27T00:00:00+03:00,C6H5OH (фенол),0.0018
2026-01-28T00:00:00+03:00,CO,0.34
2026-01-28T00:00:00+03:00,SO2,0.0096
2026-01-28T00:00:00+03:00,NO,0.052
2026-01-28T00:00:00+03:00,CH2O (формальдегид),0.0038
2026-01-28T00:00:00+03:00,C6H6 (бензол),0.005
2026-01-28T00:00:00+03:00,PM2.5,0.017
2026-01-28T00:00:00+03:00,NO2,0.063
2026-01-28T00:00:00+03:00,C6H5OH (фенол),0.0014
2026-01-28T00:00:00+03:00,OZ,0.024
2026-01-29T00:00:00+03:00,OZ,0.0448
2026-01-29T00:00:00+03:00,SO2,0.0067
2026-01-29T00:00:00+03:00,C6H6 (бензол),0.005
2026-01-29T00:00:00+03:00,PM2.5,0.012
2026-01-29T00:00:00+03:00,CO,0.33
2026-01-29T00:00:00+03:00,NO2,0.043
2026-01-29T00:00:00+03:00,CH2O (формальдегид),0.0039
2026-01-29T00:00:00+03:00,NO,0.018
2026-01-29T00:00:00+03:00,C6H5OH (фенол),0.0017
2026-01-30T00:00:00+03:00,NO2,0.044
2026-01-30T00:00:00+03:00,SO2,0.0019
2026-01-30T00:00:00+03:00,OZ,0.0406
2026-01-30T00:00:00+03:00,CO,0.2
2026-01-30T00:00:00+03:00,CH2O (формальдегид),0.0031
2026-01-30T00:00:00+03:00,NO,0.027
2026-01-30T00:00:00+03:00,PM2.5,0.009
2026-01-30T00:00:00+03:00,C6H5OH (фенол),0.0014
2026-01-30T00:00:00+03:00,C6H6 (бензол),0.005
2026-01-31T00:00:00+03:00,CO,0.32
2026-01-31T00:00:00+03:00,C6H6 (бензол),0.004
2026-01-31T00:00:00+03:00,NO,0.029
2026-01-31T00:00:00+03:00,SO2,0.0025
2026-01-31T00:00:00+03:00,OZ,0.0359
2026-01-31T00:00:00+03:00,NO2,0.047
2026-01-31T00:00:00+03:00,C6H5OH (фенол),0.0014
2026-01-31T00:00:00+03:00,PM2.5,0.009
2026-01-31T00:00:00+03:00,CH2O (формальдегид),0.0041
2026-02-01T00:00:00+03:00,PM2.5,0.007
2026-02-01T00:00:00+03:00,C6H5OH (фенол),0.0012
2026-02-01T00:00:00+03:00,C6H6 (бензол),0.004
2026-02-01T00:00:00+03:00,SO2,0.0024
2026-02-01T00:00:00+03:00,CH2O (формальдегид),0.0033
2026-02-01T00:00:00+03:00,OZ,0.0412
2026-02-01T00:00:00+03:00,CO,0.43
2026-02-01T00:00:00+03:00,NO2,0.033
2026-02-01T00:00:00+03:00,NO,0.011
2026-02-02T00:00:00+03:00,C6H5OH (фенол),0.0017
2026-02-02T00:00:00+03:00,C6H6 (бензол),0.004
2026-02-02T00:00:00+03:00,NO,0.04
2026-02-02T00:00:00+03:00,CO,0.38
2026-02-02T00:00:00+03:00,CH2O (формальдегид),0.0054
2026-02-02T00:00:00+03:00,PM2.5,0.01
2026-02-02T00:00:00+03:00,NO2,0.051
2026-02-02T00:00:00+03:00,SO2,0.0022
2026-02-02T00:00:00+03:00,OZ,0.0291
2026-02-03T00:00:00+03:00,NO,0.079
2026-02-03T00:00:00+03:00,NO2,0.059
2026-02-03T00:00:00+03:00,SO2,0.0023
2026-02-03T00:00:00+03:00,CH2O (формальдегид),0.0067
2026-02-03T00:00:00+03:00,C6H6 (бензол),0.005
2026-02-03T00:00:00+03:00,PM2.5,0.014
2026-02-03T00:00:00+03:00,OZ,0.019
2026-02-03T00:00:00+03:00,CO,0.26
2026-02-03T00:00:00+03:00,C6H5OH (фенол),0.0017
2026-02-04T00:00:00+03:00,CO,0.47
2026-02-04T00:00:00+03:00,NO,0.126
2026-02-04T00:00:00+03:00,OZ,0.0247
2026-02-04T00:00:00+03:00,CH2O (формальдегид),0.0055
2026-02-04T00:00:00+03:00,PM2.5,0.012
2026-02-04T00:00:00+03:00,NO2,0.085
2026-02-04T00:00:00+03:00,C6H5OH (фенол),0.0017
2026-02-04T00:00:00+03:00,C6H6 (бензол),0.004
2026-02-04T00:00:00+03:00,SO2,0.0018
2026-02-05T00:00:00+03:00,NO2,0.078
2026-02-05T00:00:00+03:00,C6H5OH (фенол),0.0021
2026-02-05T00:00:00+03:00,OZ,0.02
2026-02-05T00:00:00+03:00,C6H6 (бензол),0.007
2026-02-05T00:00:00+03:00,CH2O (формальдегид),0.009
2026-02-05T00:00:00+03:00,CO,
2026-02-05T00:00:00+03:00,NO,0.156
2026-02-05T00:00:00+03:00,PM2.5,0.021
2026-02-05T00:00:00+03:00,SO2,0.002
2026-02-06T00:00:00+03:00,NO,0.09
2026-02-06T00:00:00+03:00,SO2,0.0034
2026-02-06T00:00:00+03:00,OZ,0.0186
2026-02-06T00:00:00+03:00,C6H5OH (фенол),0.0017
2026-02-06T00:00:00+03:00,CO,
2026-02-06T00:00:00+03:00,NO2,0.07
2026-02-06T00:00:00+03:00,C6H6 (бензол),0.006
2026-02-06T00:00:00+03:00,CH2O (формальдегид),0.0051
2026-02-06T00:00:00+03:00,PM2.5,0.023
2026-02-07T00:00:00+03:00,OZ,0.0198
2026-02-07T00:00:00+03:00,NO2,0.061
2026-02-07T00:00:00+03:00,C6H5OH (фенол),0.0017
2026-02-07T00:00:00+03:00,SO2,0.0051
2026-02-07T00:00:00+03:00,NO,0.055
2026-02-07T00:00:00+03:00,CO,
2026-02-07T00:00:00+03:00,C6H6 (бензол),0.006
2026-02-07T00:00:00+03:00,PM2.5,0.019
2026-02-07T00:00:00+03:00,CH2O (формальдегид),0.0054
2026-02-08T00:00:00+03:00,SO2,0.003
2026-02-08T00:00:00+03:00,C6H6 (бензол),0.005
2026-02-08T00:00:00+03:00,PM2.5,0.012
2026-02-08T00:00:00+03:00,CH2O (формальдегид),0.0023
2026-02-08T00:00:00+03:00,C6H5OH (фенол),0.0015
2026-02-08T00:00:00+03:00,NO2,0.038
2026-02-08T00:00:00+03:00,CO,
2026-02-08T00:00:00+03:00,NO,0.009
2026-02-08T00:00:00+03:00,OZ,0.0445
2026-02-09T00:00:00+03:00,OZ,0.0518
2026-02-09T00:00:00+03:00,SO2,0.0015
2026-02-09T00:00:00+03:00,PM2.5,0.005
2026-02-09T00:00:00+03:00,CH2O (формальдегид),0.0019
2026-02-09T00:00:00+03:00,CO,
2026-02-09T00:00:00+03:00,C6H6 (бензол),0.006
2026-02-09T00:00:00+03:00,NO,0.017
2026-02-09T00:00:00+03:00,NO2,0.045
2026-02-09T00:00:00+03:00,C6H5OH (фенол),0.0016
2026-02-10T00:00:00+03:00,OZ,0.0398
2026-02-10T00:00:00+03:00,NO2,0.054
2026-02-10T00:00:00+03:00,CO,
2026-02-10T00:00:00+03:00,C6H6 (бензол),0.006
2026-02-10T00:00:00+03:00,CH2O (формальдегид),0.0033
2026-02-10T00:00:00+03:00,C6H5OH (фенол),0.0016
2026-02-10T00:00:00+03:00,NO,0.03
2026-02-10T00:00:00+03:00,SO2,0.0015
2026-02-10T00:00:00+03:00,PM2.5,0.008
2026-02-11T00:00:00+03:00,NO2,0.061
2026-02-11T00:00:00+03:00,SO2,0.0018
2026-02-11T00:00:00+03:00,C6H6 (бензол),0.005
2026-02-11T00:00:00+03:00,PM2.5,0.01
2026-02-11T00:00:00+03:00,C6H5OH (фенол),0.0014
2026-02-11T00:00:00+03:00,CO,
2026-02-11T00:00:00+03:00,CH2O (формальдегид),0.0053
2026-02-11T00:00:00+03:00,NO,0.042
2026-02-11T00:00:00+03:00,OZ,0.031
2026-02-12T00:00:00+03:00,C6H5OH (фенол),0.0015
2026-02-12T00:00:00+03:00,CH2O (формальдегид),0.008
2026-02-12T00:00:00+03:00,OZ,0.0161
2026-02-12T00:00:00+03:00,PM2.5,0.018
2026-02-12T00:00:00+03:00,SO2,0.0018
2026-02-12T00:00:00+03:00,C6H6 (бензол),0.007
2026-02-12T00:00:00+03:00,NO2,0.058
2026-02-12T00:00:00+03:00,CO,
2026-02-12T00:00:00+03:00,NO,0.073
2026-02-13T00:00:00+03:00,CH2O (формальдегид),0.003
2026-02-13T00:00:00+03:00,OZ,0.0006
2026-02-13T00:00:00+03:00,PM2.5,0.022
2026-02-13T00:00:00+03:00,CO,
2026-02-13T00:00:00+03:00,C6H6 (бензол),0.007
2026-02-13T00:00:00+03:00,SO2,0.0001
2026-02-13T00:00:00+03:00,NO,0.123
2026-02-13T00:00:00+03:00,C6H5OH (фенол),0.0021
2026-02-13T00:00:00+03:00,NO2,0.055
2026-02-14T00:00:00+03:00,C6H5OH (фенол),0.0016
2026-02-14T00:00:00+03:00,C6H6 (бензол),0.006
2026-02-14T00:00:00+03:00,SO2,0.0001
2026-02-14T00:00:00+03:00,CO,
2026-02-14T00:00:00+03:00,CH2O (формальдегид),0.0003
2026-02-14T00:00:00+03:00,NO2,0.047
2026-02-14T00:00:00+03:00,PM2.5,0.012
2026-02-14T00:00:00+03:00,OZ,0.0091
2026-02-14T00:00:00+03:00,NO,
2026-02-15T00:00:00+03:00,PM2.5,0.009
2026-02-15T00:00:00+03:00,OZ,0.0232
2026-02-15T00:00:00+03:00,NO,
2026-02-15T00:00:00+03:00,CH2O (формальдегид),0
2026-02-15T00:00:00+03:00,C6H6 (бензол),0.006
2026-02-15T00:00:00+03:00,C6H5OH (фенол),0.0016
2026-02-15T00:00:00+03:00,CO,
2026-02-15T00:00:00+03:00,NO2,0.029
2026-02-15T00:00:00+03:00,SO2,0.0006
2026-02-16T00:00:00+03:00,OZ,0.0393
2026-02-16T00:00:00+03:00,NO,
2026-02-16T00:00:00+03:00,PM2.5,0.005
2026-02-16T00:00:00+03:00,SO2,0.0016
2026-02-16T00:00:00+03:00,C6H6 (бензол),0.006
2026-02-16T00:00:00+03:00,C6H5OH (фенол),0.0016
2026-02-16T00:00:00+03:00,CH2O (формальдегид),0.0003
2026-02-16T00:00:00+03:00,CO,
2026-02-16T00:00:00+03:00,NO2,0.034
2026-02-17T00:00:00+03:00,CO,
2026-02-17T00:00:00+03:00,NO2,0.06
2026-02-17T00:00:00+03:00,SO2,0.0011
2026-02-17T00:00:00+03:00,C6H5OH (фенол),0.0013
2026-02-17T00:00:00+03:00,NO,
2026-02-17T00:00:00+03:00,C6H6 (бензол),0.007
2026-02-17T00:00:00+03:00,PM2.5,0.013
2026-02-17T00:00:00+03:00,CH2O (формальдегид),0.0006
2026-02-17T00:00:00+03:00,OZ,0.0153
2026-02-18T00:00:00+03:00,NO,
2026-02-18T00:00:00+03:00,PM2.5,0.02
2026-02-18T00:00:00+03:00,C6H6 (бензол),0.006
2026-02-18T00:00:00+03:00,CO,
2026-02-18T00:00:00+03:00,NO2,0.083
2026-02-18T00:00:00+03:00,SO2,0.0022
2026-02-18T00:00:00+03:00,CH2O (формальдегид),0.0034
2026-02-18T00:00:00+03:00,OZ,0.0052
2026-02-18T00:00:00+03:00,C6H5OH (фенол),0.0017
2026-02-19T00:00:00+03:00,NO2,0.052
2026-02-19T00:00:00+03:00,SO2,0.0023
2026-02-19T00:00:00+03:00,C6H5OH (фенол),0.0014
2026-02-19T00:00:00+03:00,CO,
2026-02-19T00:00:00+03:00,PM2.5,0.008
2026-02-19T00:00:00+03:00,OZ,0.0299
2026-02-19T00:00:00+03:00,C6H6 (бензол),0.005
2026-02-19T00:00:00+03:00,NO,
2026-02-19T00:00:00+03:00,CH2O (формальдегид),0.0008
2026-02-20T00:00:00+03:00,OZ,0.0241
2026-02-20T00:00:00+03:00,PM2.5,0.01
2026-02-20T00:00:00+03:00,SO2,0.0007
2026-02-20T00:00:00+03:00,C6H6 (бензол),0.004
2026-02-20T00:00:00+03:00,NO,
2026-02-20T00:00:00+03:00,CO,
2026-02-20T00:00:00+03:00,CH2O (формальдегид),0.001
2026-02-20T00:00:00+03:00,NO2,0.05
2026-02-20T00:00:00+03:00,C6H5OH (фенол),0.0015
2026-02-21T00:00:00+03:00,NO,
2026-02-21T00:00:00+03:00,NO2,0.05
2026-02-21T00:00:00+03:00,CO,
2026-02-21T00:00:00+03:00,SO2,0.0004
2026-02-21T00:00:00+03:00,PM2.5,0.008
2026-02-21T00:00:00+03:00,OZ,0.0369
2026-02-21T00:00:00+03:00,C6H5OH (фенол),0.0016
2026-02-21T00:00:00+03:00,C6H6 (бензол),0.006
2026-02-21T00:00:00+03:00,CH2O (формальдегид),0.0002
2026-02-22T00:00:00+03:00,OZ,0.0501
2026-02-22T00:00:00+03:00,CH2O (формальдегид),0.0004
2026-02-22T00:00:00+03:00,C6H5OH (фенол),0.0023
2026-02-22T00:00:00+03:00,SO2,0.0007
2026-02-22T00:00:00+03:00,NO2,0.054
2026-02-22T00:00:00+03:00,CO,
2026-02-22T00:00:00+03:00,NO,
2026-02-22T00:00:00+03:00,PM2.5,0.008
2026-02-22T00:00:00+03:00,C6H6 (бензол),0.005
2026-02-23T00:00:00+03:00,CH2O (формальдегид),0.0018
2026-02-23T00:00:00+03:00,OZ,0.0345
2026-02-23T00:00:00+03:00,NO2,0.064
2026-02-23T00:00:00+03:00,PM2.5,0.015
2026-02-23T00:00:00+03:00,SO2,0.0005
2026-02-23T00:00:00+03:00,C6H5OH (фенол),0.0016
2026-02-23T00:00:00+03:00,NO,
2026-02-23T00:00:00+03:00,CO,
2026-02-23T00:00:00+03:00,C6H6 (бензол),0.008
2026-02-24T00:00:00+03:00,CO,
2026-02-24T00:00:00+03:00,SO2,0.0028
2026-02-24T00:00:00+03:00,C6H5OH (фенол),0.0019
2026-02-24T00:00:00+03:00,OZ,0.0292
2026-02-24T00:00:00+03:00,CH2O (формальдегид),0.0011
2026-02-24T00:00:00+03:00,C6H6 (бензол),0.006
2026-02-24T00:00:00+03:00,NO2,0.056
2026-02-24T00:00:00+03:00,NO,
2026-02-24T00:00:00+03:00,PM2.5,0.013
2026-02-25T00:00:00+03:00,NO2,0.047
2026-02-25T00:00:00+03:00,SO2,0.0014
2026-02-25T00:00:00+03:00,CH2O (формальдегид),0.0015
2026-02-25T00:00:00+03:00,NO,
2026-02-25T00:00:00+03:00,C6H6 (бензол),0.005
2026-02-25T00:00:00+03:00,CO,
2026-02-25T00:00:00+03:00,OZ,0.0268
2026-02-25T00:00:00+03:00,C6H5OH (фенол),0.0013
2026-02-25T00:00:00+03:00,PM2.5,0.015
2026-02-26T00:00:00+03:00,CH2O (формальдегид),0.0008
2026-02-26T00:00:00+03:00,SO2,0.0016
2026-02-26T00:00:00+03:00,PM2.5,0.018
2026-02-26T00:00:00+03:00,NO,
2026-02-26T00:00:00+03:00,C6H5OH (фенол),0.0016
2026-02-26T00:00:00+03:00,OZ,0.0265
2026-02-26T00:00:00+03:00,CO,
2026-02-26T00:00:00+03:00,C6H6 (бензол),0.005
2026-02-26T00:00:00+03:00,NO2,0.051
2026-02-27T00:00:00+03:00,NO,
2026-02-27T00:00:00+03:00,CH2O (формальдегид),0.0004
2026-02-27T00:00:00+03:00,CO,
2026-02-27T00:00:00+03:00,OZ,0.0208
2026-02-27T00:00:00+03:00,NO2,0.053
2026-02-27T00:00:00+03:00,PM2.5,0.014
2026-02-27T00:00:00+03:00,C6H6 (бензол),0.007
2026-02-27T00:00:00+03:00,SO2,0.0005
2026-02-27T00:00:00+03:00,C6H5OH (фенол),0.0011
2026-02-28T00:00:00+03:00,CO,
2026-02-28T00:00:00+03:00,CH2O (формальдегид),0.0009
2026-02-28T00:00:00+03:00,PM2.5,0.014
2026-02-28T00:00:00+03:00,NO2,0.051
2026-02-28T00:00:00+03:00,SO2,0.0002
2026-02-28T00:00:00+03:00,OZ,0.0278
2026-02-28T00:00:00+03:00,C6H6 (бензол),0.006
2026-02-28T00:00:00+03:00,C6H5OH (фенол),0.0016
2026-02-28T00:00:00+03:00,NO,
2026-03-01T00:00:00+03:00,CH2O (формальдегид),0.0004
2026-03-01T00:00:00+03:00,C6H6 (бензол),0.007
2026-03-01T00:00:00+03:00,NO2,0.053
2026-03-01T00:00:00+03:00,PM2.5,0.019
2026-03-01T00:00:00+03:00,CO,
2026-03-01T00:00:00+03:00,NO,
2026-03-01T00:00:00+03:00,C6H5OH (фенол),0.0009
2026-03-01T00:00:00+03:00,OZ,0.0044
2026-03-01T00:00:00+03:00,SO2,0
2026-03-02T00:00:00+03:00,CO,
2026-03-02T00:00:00+03:00,NO,
2026-03-02T00:00:00+03:00,NO2,0.058
2026-03-02T00:00:00+03:00,PM2.5,0.018
2026-03-02T00:00:00+03:00,CH2O (формальдегид),0.0017
2026-03-02T00:00:00+03:00,SO2,0.0001
2026-03-02T00:00:00+03:00,C6H6 (бензол),0.006
2026-03-02T00:00:00+03:00,OZ,0.0063
2026-03-02T00:00:00+03:00,C6H5OH (фенол),0.0013
2026-03-03T00:00:00+03:00,NO2,0.041
2026-03-03T00:00:00+03:00,PM2.5,0.006
2026-03-03T00:00:00+03:00,NO,
2026-03-03T00:00:00+03:00,C6H6 (бензол),0.006
2026-03-03T00:00:00+03:00,SO2,0.0002
2026-03-03T00:00:00+03:00,OZ,0.0201
2026-03-03T00:00:00+03:00,C6H5OH (фенол),0.0012
2026-03-03T00:00:00+03:00,CH2O (формальдегид),0.0001
2026-03-03T00:00:00+03:00,CO,
2026-03-04T00:00:00+03:00,NO,
2026-03-04T00:00:00+03:00,PM2.5,0.007
2026-03-04T00:00:00+03:00,C6H5OH (фенол),0.0015
2026-03-04T00:00:00+03:00,OZ,0.0201
2026-03-04T00:00:00+03:00,C6H6 (бензол),0.005
2026-03-04T00:00:00+03:00,SO2,0.0002
2026-03-04T00:00:00+03:00,NO2,0.052
2026-03-04T00:00:00+03:00,CH2O (формальдегид),0.0019
2026-03-04T00:00:00+03:00,CO,
2026-03-05T00:00:00+03:00,CH2O (формальдегид),0.0006
2026-03-05T00:00:00+03:00,PM2.5,0.008
2026-03-05T00:00:00+03:00,C6H6 (бензол),0.006
2026-03-05T00:00:00+03:00,NO,
2026-03-05T00:00:00+03:00,NO2,0.05
2026-03-05T00:00:00+03:00,OZ,0.0183
2026-03-05T00:00:00+03:00,C6H5OH (фенол),0.0013
2026-03-05T00:00:00+03:00,SO2,0.0002
2026-03-06T00:00:00+03:00,C6H6 (бензол),0.005
2026-03-06T00:00:00+03:00,NO2,0.047
2026-03-06T00:00:00+03:00,SO2,0.0014
2026-03-06T00:00:00+03:00,OZ,0.0257
2026-03-06T00:00:00+03:00,CH2O (формальдегид),0.0017
2026-03-06T00:00:00+03:00,C6H5OH (фенол),0.0015
2026-03-06T00:00:00+03:00,NO,
2026-03-06T00:00:00+03:00,PM2.5,0.011
2026-03-07T00:00:00+03:00,NO,
2026-03-07T00:00:00+03:00,SO2,0.0002
2026-03-07T00:00:00+03:00,NO2,0.046
2026-03-07T00:00:00+03:00,C6H5OH (фенол),0.0014
2026-03-07T00:00:00+03:00,C6H6 (бензол),0.006
2026-03-07T00:00:00+03:00,PM2.5,0.008
2026-03-07T00:00:00+03:00,CH2O (формальдегид),0.0005
2026-03-07T00:00:00+03:00,OZ,0.0241
2026-03-08T00:00:00+03:00,C6H6 (бензол),0.006
2026-03-08T00:00:00+03:00,NO,
2026-03-08T00:00:00+03:00,OZ,0.0376
2026-03-08T00:00:00+03:00,PM2.5,0.007
2026-03-08T00:00:00+03:00,C6H5OH (фенол),0.0018
2026-03-08T00:00:00+03:00,CH2O (формальдегид),0.0012
2026-03-08T00:00:00+03:00,NO2,0.046
2026-03-08T00:00:00+03:00,SO2,0.0003
2026-03-09T00:00:00+03:00,OZ,0.0239
2026-03-09T00:00:00+03:00,PM2.5,0.014
2026-03-09T00:00:00+03:00,C6H5OH (фенол),0.0014
2026-03-09T00:00:00+03:00,SO2,0.0008
2026-03-09T00:00:00+03:00,NO2,0.062
2026-03-09T00:00:00+03:00,CH2O (формальдегид),0.0015
2026-03-09T00:00:00+03:00,C6H6 (бензол),0.007
2026-03-09T00:00:00+03:00,NO,
2026-03-10T00:00:00+03:00,CH2O (формальдегид),0.0013
2026-03-10T00:00:00+03:00,NO,
2026-03-10T00:00:00+03:00,SO2,0.0007
2026-03-10T00:00:00+03:00,C6H6 (бензол),0.006
2026-03-10T00:00:00+03:00,C6H5OH (фенол),0.0021
2026-03-10T00:00:00+03:00,NO2,0.066
2026-03-10T00:00:00+03:00,OZ,0.0376
2026-03-10T00:00:00+03:00,PM2.5,0.013
2026-03-11T00:00:00+03:00,NO,
2026-03-11T00:00:00+03:00,SO2,0.0005
2026-03-11T00:00:00+03:00,C6H6 (бензол),0.007
2026-03-11T00:00:00+03:00,CH2O (формальдегид),0.0036
2026-03-11T00:00:00+03:00,C6H5OH (фенол),0.0017
2026-03-11T00:00:00+03:00,NO2,0.083
2026-03-11T00:00:00+03:00,PM2.5,0.019
2026-03-11T00:00:00+03:00,OZ,0.0257
2026-03-12T00:00:00+03:00,SO2,0.0004
2026-03-12T00:00:00+03:00,CH2O (формальдегид),0.0073
2026-03-12T00:00:00+03:00,PM2.5,0.023
2026-03-12T00:00:00+03:00,NO,
2026-03-12T00:00:00+03:00,C6H6 (бензол),0.007
2026-03-12T00:00:00+03:00,NO2,0.077
2026-03-12T00:00:00+03:00,C6H5OH (фенол),0.0024
2026-03-12T00:00:00+03:00,OZ,0.0198
2026-03-13T00:00:00+03:00,PM2.5,0.023
2026-03-13T00:00:00+03:00,CH2O (формальдегид),0.0109
2026-03-13T00:00:00+03:00,SO2,0.0006
2026-03-13T00:00:00+03:00,NO2,0.086
2026-03-13T00:00:00+03:00,NO,0.093
2026-03-13T00:00:00+03:00,C6H5OH (фенол),0.0029
2026-03-13T00:00:00+03:00,C6H6 (бензол),0.006
2026-03-13T00:00:00+03:00,CO,0.72
2026-03-13T00:00:00+03:00,OZ,0.0098
2026-03-14T00:00:00+03:00,C6H6 (бензол),0.007
2026-03-14T00:00:00+03:00,OZ,0.0235
2026-03-14T00:00:00+03:00,SO2,0.0006
2026-03-14T00:00:00+03:00,C6H5OH (фенол),0.0022
2026-03-14T00:00:00+03:00,CO,0.37
2026-03-14T00:00:00+03:00,NO,0.05
2026-03-14T00:00:00+03:00,CH2O (формальдегид),0.0009
2026-03-14T00:00:00+03:00,NO2,0.077
2026-03-14T00:00:00+03:00,PM2.5,0.023
2026-03-15T00:00:00+03:00,NO,0.042
2026-03-15T00:00:00+03:00,C6H5OH (фенол),0.0018
2026-03-15T00:00:00+03:00,PM2.5,0.017
2026-03-15T00:00:00+03:00,CO,0.47
2026-03-15T00:00:00+03:00,NO2,0.071
2026-03-15T00:00:00+03:00,SO2,0.0016
2026-03-15T00:00:00+03:00,CH2O (формальдегид),0.0009
2026-03-15T00:00:00+03:00,OZ,0.0196
2026-03-15T00:00:00+03:00,C6H6 (бензол),0.007
2026-03-16T00:00:00+03:00,NO,0.081
2026-03-16T00:00:00+03:00,OZ,0.015
2026-03-16T00:00:00+03:00,PM2.5,0.025
2026-03-16T00:00:00+03:00,SO2,0.0021
2026-03-16T00:00:00+03:00,CO,0.6
2026-03-16T00:00:00+03:00,C6H6 (бензол),0.007
2026-03-16T00:00:00+03:00,CH2O (формальдегид),0.0015
2026-03-16T00:00:00+03:00,NO2,0.083
2026-03-16T00:00:00+03:00,C6H5OH (фенол),0.0018
2026-03-17T00:00:00+03:00,NO,0.087
2026-03-17T00:00:00+03:00,CO,0.5
2026-03-17T00:00:00+03:00,NO2,0.08
2026-03-17T00:00:00+03:00,SO2,0.0016
2026-03-17T00:00:00+03:00,PM2.5,0.024
2026-03-17T00:00:00+03:00,C6H5OH (фенол),0.0019
2026-03-17T00:00:00+03:00,CH2O (формальдегид),0.0014
2026-03-17T00:00:00+03:00,OZ,0.023
2026-03-17T00:00:00+03:00,C6H6 (бензол),0.007
2026-03-18T00:00:00+03:00,CO,0.58
2026-03-18T00:00:00+03:00,SO2,0.0016
2026-03-18T00:00:00+03:00,OZ,0.0292
2026-03-18T00:00:00+03:00,C6H6 (бензол),0.007
2026-03-18T00:00:00+03:00,C6H5OH (фенол),0.0021
2026-03-18T00:00:00+03:00,NO2,0.07
2026-03-18T00:00:00+03:00,CH2O (формальдегид),0.002
2026-03-18T00:00:00+03:00,PM2.5,0.022
2026-03-18T00:00:00+03:00,NO,0.052
2026-03-19T00:00:00+03:00,CH2O (формальдегид),0.0019
2026-03-19T00:00:00+03:00,OZ,0.0125
2026-03-19T00:00:00+03:00,PM2.5,0.035
2026-03-19T00:00:00+03:00,C6H5OH (фенол),0.002
2026-03-19T00:00:00+03:00,CO,0.95
2026-03-19T00:00:00+03:00,SO2,0.0023
2026-03-19T00:00:00+03:00,NO2,0.098
2026-03-19T00:00:00+03:00,C6H6 (бензол),0.008
2026-03-19T00:00:00+03:00,NO,0.17
2026-03-20T00:00:00+03:00,OZ,0.0251
2026-03-20T00:00:00+03:00,CO,0.51
2026-03-20T00:00:00+03:00,NO,0.056
2026-03-20T00:00:00+03:00,C6H6 (бензол),0.007
2026-03-20T00:00:00+03:00,SO2,0.0014
2026-03-20T00:00:00+03:00,CH2O (формальдегид),0.0012
2026-03-20T00:00:00+03:00,NO2,0.089
2026-03-20T00:00:00+03:00,C6H5OH (фенол),0.0023
2026-03-20T00:00:00+03:00,PM2.5,0.031
2026-03-21T00:00:00+03:00,C6H5OH (фенол),0.0022
2026-03-21T00:00:00+03:00,PM2.5,0.013
2026-03-21T00:00:00+03:00,OZ,0.0342
2026-03-21T00:00:00+03:00,NO,0.035
2026-03-21T00:00:00+03:00,CH2O (формальдегид),0.0004
2026-03-21T00:00:00+03:00,SO2,0.0003
2026-03-21T00:00:00+03:00,NO2,0.048
2026-03-21T00:00:00+03:00,CO,0.28
2026-03-21T00:00:00+03:00,C6H6 (бензол),0.007
2026-03-22T00:00:00+03:00,NO2,0.067
2026-03-22T00:00:00+03:00,SO2,0.0002
2026-03-22T00:00:00+03:00,OZ,0.021
2026-03-22T00:00:00+03:00,PM2.5,0.026
2026-03-22T00:00:00+03:00,NO,0.118
2026-03-22T00:00:00+03:00,CH2O (формальдегид),0.0026
2026-03-22T00:00:00+03:00,C6H5OH (фенол),0.0024
2026-03-22T00:00:00+03:00,C6H6 (бензол),0.008
2026-03-22T00:00:00+03:00,CO,0.74
2026-03-23T00:00:00+03:00,OZ,0.0185
2026-03-23T00:00:00+03:00,C6H6 (бензол),0.007
2026-03-23T00:00:00+03:00,C6H5OH (фенол),0.0023
2026-03-23T00:00:00+03:00,CH2O (формальдегид),0.0025
2026-03-23T00:00:00+03:00,CO,0.59
2026-03-23T00:00:00+03:00,NO2,0.08
2026-03-23T00:00:00+03:00,PM2.5,0.025
2026-03-23T00:00:00+03:00,SO2,0.0002
2026-03-23T00:00:00+03:00,NO,0.118
2026-03-24T00:00:00+03:00,OZ,0.0299
2026-03-24T00:00:00+03:00,SO2,0.0003
2026-03-24T00:00:00+03:00,PM2.5,0.023
2026-03-24T00:00:00+03:00,NO2,0.07
2026-03-24T00:00:00+03:00,C6H5OH (фенол),0.0025
2026-03-24T00:00:00+03:00,CO,0.54
2026-03-24T00:00:00+03:00,C6H6 (бензол),0.007
2026-03-24T00:00:00+03:00,NO,0.057
2026-03-24T00:00:00+03:00,CH2O (формальдегид),0.001
2026-03-25T00:00:00+03:00,SO2,0.0002
2026-03-25T00:00:00+03:00,NO2,0.09
2026-03-25T00:00:00+03:00,CO,0.97
2026-03-25T00:00:00+03:00,C6H6 (бензол),0.007
2026-03-25T00:00:00+03:00,PM2.5,0.033
2026-03-25T00:00:00+03:00,NO,0.124
2026-03-25T00:00:00+03:00,CH2O (формальдегид),0.0031
2026-03-25T00:00:00+03:00,C6H5OH (фенол),0.0025
2026-03-25T00:00:00+03:00,OZ,0.0229
2026-03-26T00:00:00+03:00,NO,0.039
2026-03-26T00:00:00+03:00,CH2O (формальдегид),0.0004
2026-03-26T00:00:00+03:00,OZ,0.0296
2026-03-26T00:00:00+03:00,NO2,0.084
2026-03-26T00:00:00+03:00,SO2,0.0041
2026-03-26T00:00:00+03:00,C6H6 (бензол),0.007
2026-03-26T00:00:00+03:00,C6H5OH (фенол),0.0022
2026-03-26T00:00:00+03:00,CO,0.5
2026-03-26T00:00:00+03:00,PM2.5,0.025
2026-03-27T00:00:00+03:00,SO2,0.0054
2026-03-27T00:00:00+03:00,C6H5OH (фенол),0.0025
2026-03-27T00:00:00+03:00,C6H6 (бензол),0.007
2026-03-27T00:00:00+03:00,CH2O (формальдегид),0.0031
2026-03-27T00:00:00+03:00,OZ,0.0105
2026-03-27T00:00:00+03:00,PM2.5,0.041
2026-03-27T00:00:00+03:00,NO,0.118
2026-03-27T00:00:00+03:00,NO2,0.099
2026-03-27T00:00:00+03:00,CO,0.89
2026-03-28T00:00:00+03:00,SO2,0.0022
2026-03-28T00:00:00+03:00,C6H5OH (фенол),0.0029
2026-03-28T00:00:00+03:00,NO,0.027
2026-03-28T00:00:00+03:00,OZ,0.0437
2026-03-28T00:00:00+03:00,CH2O (формальдегид),0.0014
2026-03-28T00:00:00+03:00,PM2.5,0.019
2026-03-28T00:00:00+03:00,CO,0.47
2026-03-28T00:00:00+03:00,C6H6 (бензол),0.007
2026-03-28T00:00:00+03:00,NO2,0.068
2026-03-29T00:00:00+03:00,NO2,0.057
2026-03-29T00:00:00+03:00,NO,0.018
2026-03-29T00:00:00+03:00,SO2,0.0027
2026-03-29T00:00:00+03:00,C6H6 (бензол),0.007
2026-03-29T00:00:00+03:00,CO,0.29
2026-03-29T00:00:00+03:00,C6H5OH (фенол),0.0028
2026-03-29T00:00:00+03:00,CH2O (формальдегид),0.0006
2026-03-29T00:00:00+03:00,OZ,0.0533
2026-03-29T00:00:00+03:00,PM2.5,0.018
2026-03-30T00:00:00+03:00,SO2,0.0014
2026-03-30T00:00:00+03:00,NO,0.048
2026-03-30T00:00:00+03:00,OZ,0.0411
2026-03-30T00:00:00+03:00,NO2,0.065
2026-03-30T00:00:00+03:00,C6H6 (бензол),0.007
2026-03-30T00:00:00+03:00,PM2.5,0.022
2026-03-30T00:00:00+03:00,CH2O (формальдегид),0.0014
2026-03-30T00:00:00+03:00,C6H5OH (фенол),0.0026
2026-03-30T00:00:00+03:00,CO,0.39
2026-03-31T00:00:00+03:00,CO,0.43
2026-03-31T00:00:00+03:00,NO2,0.065
2026-03-31T00:00:00+03:00,CH2O (формальдегид),0.0016
2026-03-31T00:00:00+03:00,SO2,0.0029
2026-03-31T00:00:00+03:00,NO,0.028
2026-03-31T00:00:00+03:00,OZ,0.0479
2026-03-31T00:00:00+03:00,C6H6 (бензол),0.007
2026-03-31T00:00:00+03:00,PM2.5,0.026
2026-03-31T00:00:00+03:00,C6H5OH (фенол),0.0029
2026-04-01T00:00:00+03:00,SO2,0.0047
2026-04-01T00:00:00+03:00,NO2,0.076
2026-04-01T00:00:00+03:00,PM2.5,0.028
2026-04-01T00:00:00+03:00,C6H5OH (фенол),0.0027
2026-04-01T00:00:00+03:00,CO,0.45
2026-04-01T00:00:00+03:00,C6H6 (бензол),0.007
2026-04-01T00:00:00+03:00,OZ,0.0376
2026-04-01T00:00:00+03:00,CH2O (формальдегид),0.0033
2026-04-01T00:00:00+03:00,NO,0.025
2026-04-02T00:00:00+03:00,SO2,0.0017
2026-04-02T00:00:00+03:00,OZ,0.0397
2026-04-02T00:00:00+03:00,PM2.5,0.018
2026-04-02T00:00:00+03:00,C6H6 (бензол),0.007
2026-04-02T00:00:00+03:00,CH2O (формальдегид),0.002
2026-04-02T00:00:00+03:00,NO2,0.056
2026-04-02T00:00:00+03:00,NO,0.015
2026-04-02T00:00:00+03:00,C6H5OH (фенол),0.0023
2026-04-02T00:00:00+03:00,CO,0.34
2026-04-03T00:00:00+03:00,NO,0.015
2026-04-03T00:00:00+03:00,CH2O (формальдегид),0.0047
2026-04-03T00:00:00+03:00,NO2,0.055
2026-04-03T00:00:00+03:00,SO2,0.0009
2026-04-03T00:00:00+03:00,CO,0.23
2026-04-03T00:00:00+03:00,C6H6 (бензол),0.006
2026-04-03T00:00:00+03:00,PM2.5,0.015
2026-04-03T00:00:00+03:00,C6H5OH (фенол),0.0022
2026-04-03T00:00:00+03:00,OZ,0.0288
2026-04-04T00:00:00+03:00,OZ,0.0214
2026-04-04T00:00:00+03:00,SO2,0.0003
2026-04-04T00:00:00+03:00,NO,0.076
2026-04-04T00:00:00+03:00,PM2.5,0.025
2026-04-04T00:00:00+03:00,NO2,0.071
2026-04-04T00:00:00+03:00,C6H6 (бензол),0.006
2026-04-04T00:00:00+03:00,C6H5OH (фенол),0.0024
2026-04-04T00:00:00+03:00,CH2O (формальдегид),0.0048
2026-04-04T00:00:00+03:00,CO,0.47
2026-04-05T00:00:00+03:00,CH2O (формальдегид),0.0026
2026-04-05T00:00:00+03:00,C6H6 (бензол),0.006
2026-04-05T00:00:00+03:00,PM2.5,0.012
2026-04-05T00:00:00+03:00,NO,0.015
2026-04-05T00:00:00+03:00,C6H5OH (фенол),0.002
2026-04-05T00:00:00+03:00,OZ,0.0314
2026-04-05T00:00:00+03:00,NO2,0.046
2026-04-05T00:00:00+03:00,CO,0.35
2026-04-05T00:00:00+03:00,SO2,0.0003
2026-04-06T00:00:00+03:00,PM2.5,0.009
2026-04-06T00:00:00+03:00,CO,0.22
2026-04-06T00:00:00+03:00,NO2,0.048
2026-04-06T00:00:00+03:00,NO,0.029
2026-04-06T00:00:00+03:00,C6H5OH (фенол),0.0016
2026-04-06T00:00:00+03:00,C6H6 (бензол),0.005
2026-04-06T00:00:00+03:00,OZ,0.0211
2026-04-06T00:00:00+03:00,SO2,0.0003
2026-04-06T00:00:00+03:00,CH2O (формальдегид),0.0035
2026-04-07T00:00:00+03:00,CO,0.41
2026-04-07T00:00:00+03:00,CH2O (формальдегид),0.0022
2026-04-07T00:00:00+03:00,C6H5OH (фенол),0.0015
2026-04-07T00:00:00+03:00,SO2,0.0001
2026-04-07T00:00:00+03:00,PM2.5,0.012
2026-04-07T00:00:00+03:00,C6H6 (бензол),0.006
2026-04-07T00:00:00+03:00,NO2,0.049
2026-04-07T00:00:00+03:00,OZ,0.0182
2026-04-07T00:00:00+03:00,NO,0.037
2026-04-08T00:00:00+03:00,SO2,0.0002
2026-04-08T00:00:00+03:00,C6H5OH (фенол),0.0014
2026-04-08T00:00:00+03:00,PM2.5,0.009
2026-04-08T00:00:00+03:00,NO2,0.041
2026-04-08T00:00:00+03:00,NO,0.016
2026-04-08T00:00:00+03:00,CO,0.25
2026-04-08T00:00:00+03:00,CH2O (формальдегид),0.0023
2026-04-08T00:00:00+03:00,C6H6 (бензол),0.006
2026-04-08T00:00:00+03:00,OZ,0.0231
2026-04-09T00:00:00+03:00,C6H6 (бензол),0.006
2026-04-09T00:00:00+03:00,C6H5OH (фенол),0.0015
2026-04-09T00:00:00+03:00,NO2,0.032
2026-04-09T00:00:00+03:00,CH2O (формальдегид),0.0011
2026-04-09T00:00:00+03:00,PM2.5,0.006
2026-04-09T00:00:00+03:00,OZ,0.0305
2026-04-09T00:00:00+03:00,SO2,0.0004
2026-04-09T00:00:00+03:00,CO,0.23
2026-04-09T00:00:00+03:00,NO,0.011
2026-04-10T00:00:00+03:00,PM2.5,0.007
2026-04-10T00:00:00+03:00,OZ,0.0413
2026-04-10T00:00:00+03:00,NO2,0.03
2026-04-10T00:00:00+03:00,SO2,0.001
2026-04-10T00:00:00+03:00,C6H6 (бензол),0.006
2026-04-10T00:00:00+03:00,C6H5OH (фенол),0.0016
2026-04-10T00:00:00+03:00,CO,0.11
2026-04-10T00:00:00+03:00,CH2O (формальдегид),0.0011
2026-04-10T00:00:00+03:00,NO,0.008
2026-04-11T00:00:00+03:00,PM2.5,0.01
2026-04-11T00:00:00+03:00,OZ,0.0354
2026-04-11T00:00:00+03:00,CH2O (формальдегид),0.001
2026-04-11T00:00:00+03:00,C6H5OH (фенол),0.0012
2026-04-11T00:00:00+03:00,C6H6 (бензол),0.005
2026-04-11T00:00:00+03:00,CO,0.24
2026-04-11T00:00:00+03:00,NO2,0.032
2026-04-11T00:00:00+03:00,NO,0.008
2026-04-11T00:00:00+03:00,SO2,0.0004
2026-04-12T00:00:00+03:00,PM2.5,0.014
2026-04-12T00:00:00+03:00,C6H6 (бензол),0.006
2026-04-12T00:00:00+03:00,NO2,0.043
2026-04-12T00:00:00+03:00,CO,0.32
2026-04-12T00:00:00+03:00,CH2O (формальдегид),0.0014
2026-04-12T00:00:00+03:00,NO,0.032
2026-04-12T00:00:00+03:00,OZ,0.0282
2026-04-12T00:00:00+03:00,C6H5OH (фенол),0.0015
2026-04-12T00:00:00+03:00,SO2,0.0015
2026-04-13T00:00:00+03:00,SO2,0.0015
2026-04-13T00:00:00+03:00,OZ,0.0377
2026-04-13T00:00:00+03:00,CO,0.28
2026-04-13T00:00:00+03:00,C6H5OH (фенол),0.0018
2026-04-13T00:00:00+03:00,C6H6 (бензол),0.006
2026-04-13T00:00:00+03:00,NO,0.014
2026-04-13T00:00:00+03:00,CH2O (формальдегид),0.0029
2026-04-13T00:00:00+03:00,NO2,0.039
2026-04-13T00:00:00+03:00,PM2.5,0.012
2026-04-14T00:00:00+03:00,C6H5OH (фенол),0.0021
2026-04-14T00:00:00+03:00,OZ,0.0488
2026-04-14T00:00:00+03:00,CO,0.34
2026-04-14T00:00:00+03:00,PM2.5,0.008
2026-04-14T00:00:00+03:00,C6H6 (бензол),0.006
2026-04-14T00:00:00+03:00,CH2O (формальдегид),0.0018
2026-04-14T00:00:00+03:00,NO,0.011
2026-04-14T00:00:00+03:00,SO2,0.0005
2026-04-14T00:00:00+03:00,NO2,0.04
2026-04-15T00:00:00+03:00,NO,0.087
2026-04-15T00:00:00+03:00,C6H5OH (фенол),0.0015
2026-04-15T00:00:00+03:00,NO2,0.056
2026-04-15T00:00:00+03:00,CH2O (формальдегид),0.0041
2026-04-15T00:00:00+03:00,PM2.5,0.017
2026-04-15T00:00:00+03:00,SO2,0.0011
2026-04-15T00:00:00+03:00,C6H6 (бензол),0.007
2026-04-15T00:00:00+03:00,OZ,0.0198
2026-04-15T00:00:00+03:00,CO,0.77
2026-04-16T00:00:00+03:00,PM2.5,0.023
2026-04-16T00:00:00+03:00,CH2O (формальдегид),0.0045
2026-04-16T00:00:00+03:00,OZ,0.0081
2026-04-16T00:00:00+03:00,C6H6 (бензол),0.007
2026-04-16T00:00:00+03:00,C6H5OH (фенол),0.0017
2026-04-16T00:00:00+03:00,NO2,0.069
2026-04-16T00:00:00+03:00,CO,0.98
2026-04-16T00:00:00+03:00,SO2,0.002
2026-04-16T00:00:00+03:00,NO,0.134
2026-04-17T00:00:00+03:00,SO2,0.0003
2026-04-17T00:00:00+03:00,C6H6 (бензол),0.007
2026-04-17T00:00:00+03:00,NO2,0.063
2026-04-17T00:00:00+03:00,CH2O (формальдегид),0.0044
2026-04-17T00:00:00+03:00,C6H5OH (фенол),0.0019
2026-04-17T00:00:00+03:00,OZ,0.0162
2026-04-17T00:00:00+03:00,NO,0.079
2026-04-17T00:00:00+03:00,PM2.5,0.021
2026-04-17T00:00:00+03:00,CO,0.71
2026-04-18T00:00:00+03:00,SO2,0.0003
2026-04-18T00:00:00+03:00,OZ,0.0305
2026-04-18T00:00:00+03:00,C6H6 (бензол),0.007
2026-04-18T00:00:00+03:00,NO,0.044
2026-04-18T00:00:00+03:00,PM2.5,0.015
2026-04-18T00:00:00+03:00,CO,0.37
2026-04-18T00:00:00+03:00,CH2O (формальдегид),0.0043
2026-04-18T00:00:00+03:00,C6H5OH (фенол),0.002
2026-04-18T00:00:00+03:00,NO2,0.047
2026-04-19T00:00:00+03:00,CO,0.18
2026-04-19T00:00:00+03:00,NO2,0.027
2026-04-19T00:00:00+03:00,NO,0.006
2026-04-19T00:00:00+03:00,SO2,0.0007
2026-04-19T00:00:00+03:00,C6H6 (бензол),0.007
2026-04-19T00:00:00+03:00,C6H5OH (фенол),0.0024
2026-04-19T00:00:00+03:00,OZ,0.0548
2026-04-19T00:00:00+03:00,CH2O (формальдегид),0.0016
2026-04-19T00:00:00+03:00,PM2.5,0.008
2026-04-20T00:00:00+03:00,C6H5OH (фенол),0.0022
2026-04-20T00:00:00+03:00,CH2O (формальдегид),0.0027
2026-04-20T00:00:00+03:00,SO2,0.0008
2026-04-20T00:00:00+03:00,NO,0.007
2026-04-20T00:00:00+03:00,CO,0.08
2026-04-20T00:00:00+03:00,PM2.5,0.008
2026-04-20T00:00:00+03:00,OZ,0.051
2026-04-20T00:00:00+03:00,NO2,0.029
2026-04-20T00:00:00+03:00,C6H6 (бензол),0.006
2026-04-21T00:00:00+03:00,CO,0.29
2026-04-21T00:00:00+03:00,PM2.5,0.009
2026-04-21T00:00:00+03:00,NO2,0.033
2026-04-21T00:00:00+03:00,SO2,0.0005
2026-04-21T00:00:00+03:00,OZ,0.0516
2026-04-21T00:00:00+03:00,C6H6 (бензол),0.006
2026-04-21T00:00:00+03:00,C6H5OH (фенол),0.0024
2026-04-21T00:00:00+03:00,NO,0.008
2026-04-21T00:00:00+03:00,CH2O (формальдегид),0.0011
2026-04-22T00:00:00+03:00,CO,0.3
2026-04-22T00:00:00+03:00,NO,0.054
2026-04-22T00:00:00+03:00,PM2.5,0.018
2026-04-22T00:00:00+03:00,NO2,0.062
2026-04-22T00:00:00+03:00,CH2O (формальдегид),0.007
2026-04-22T00:00:00+03:00,C6H5OH (фенол),0.0022
2026-04-22T00:00:00+03:00,OZ,0.0301
2026-04-22T00:00:00+03:00,SO2,0.0007
2026-04-22T00:00:00+03:00,C6H6 (бензол),0.007
2026-04-23T00:00:00+03:00,PM2.5,0.008
2026-04-23T00:00:00+03:00,SO2,0.0004
2026-04-23T00:00:00+03:00,C6H6 (бензол),0.006
2026-04-23T00:00:00+03:00,CO,0.19
2026-04-23T00:00:00+03:00,C6H5OH (фенол),0.0019
2026-04-23T00:00:00+03:00,CH2O (формальдегид),0.0013
2026-04-23T00:00:00+03:00,NO2,0.04
2026-04-23T00:00:00+03:00,NO,0.01
2026-04-23T00:00:00+03:00,OZ,0.039
2026-04-24T00:00:00+03:00,SO2,0.0006
2026-04-24T00:00:00+03:00,OZ,0.0354
2026-04-24T00:00:00+03:00,CH2O (формальдегид),0.0025
2026-04-24T00:00:00+03:00,PM2.5,0.008
2026-04-24T00:00:00+03:00,C6H6 (бензол),0.006
2026-04-24T00:00:00+03:00,CO,0.09
2026-04-24T00:00:00+03:00,NO2,0.036
2026-04-24T00:00:00+03:00,C6H5OH (фенол),0.0019
2026-04-24T00:00:00+03:00,NO,0.01
2026-04-25T00:00:00+03:00,PM2.5,0.012
2026-04-25T00:00:00+03:00,C6H5OH (фенол),0.0022
2026-04-25T00:00:00+03:00,SO2,0.0004
2026-04-25T00:00:00+03:00,OZ,0.0367
2026-04-25T00:00:00+03:00,NO2,0.045
2026-04-25T00:00:00+03:00,CO,0.22
2026-04-25T00:00:00+03:00,CH2O (формальдегид),0.0035
2026-04-25T00:00:00+03:00,NO,0.02
2026-04-25T00:00:00+03:00,C6H6 (бензол),0.006
2026-04-26T00:00:00+03:00,OZ,0.0318
2026-04-26T00:00:00+03:00,C6H6 (бензол),0.006
2026-04-26T00:00:00+03:00,CO,0.37
2026-04-26T00:00:00+03:00,SO2,0.0002
2026-04-26T00:00:00+03:00,C6H5OH (фенол),0.0018
2026-04-26T00:00:00+03:00,PM2.5,0.009
2026-04-26T00:00:00+03:00,NO2,0.046
2026-04-26T00:00:00+03:00,CH2O (формальдегид),0.0032
2026-04-26T00:00:00+03:00,NO,0.02
2026-04-27T00:00:00+03:00,C6H6 (бензол),0.005
2026-04-27T00:00:00+03:00,NO,0.009
2026-04-27T00:00:00+03:00,OZ,0.0336
2026-04-27T00:00:00+03:00,C6H5OH (фенол),0.0017
2026-04-27T00:00:00+03:00,CO,0.22
2026-04-27T00:00:00+03:00,SO2,0.0003
2026-04-27T00:00:00+03:00,NO2,0.028
2026-04-27T00:00:00+03:00,PM2.5,0.004
2026-04-27T00:00:00+03:00,CH2O (формальдегид),0.0024
2026-04-28T00:00:00+03:00,NO2,0.035
2026-04-28T00:00:00+03:00,C6H6 (бензол),0.005
2026-04-28T00:00:00+03:00,CO,0.23
2026-04-28T00:00:00+03:00,PM2.5,0.007
2026-04-28T00:00:00+03:00,OZ,0.0412
2026-04-28T00:00:00+03:00,SO2,0.0003
2026-04-28T00:00:00+03:00,C6H5OH (фенол),0.002
2026-04-28T00:00:00+03:00,NO,0.011
2026-04-28T00:00:00+03:00,CH2O (формальдегид),0.0018
2026-04-29T00:00:00+03:00,NO2,0.04
2026-04-29T00:00:00+03:00,NO,0.01
2026-04-29T00:00:00+03:00,C6H6 (бензол),0.005
2026-04-29T00:00:00+03:00,CH2O (формальдегид),0.0026
2026-04-29T00:00:00+03:00,CO,0.09
2026-04-29T00:00:00+03:00,OZ,0.0352
2026-04-29T00:00:00+03:00,PM2.5,0.007
2026-04-29T00:00:00+03:00,SO2,0.0004
2026-04-29T00:00:00+03:00,C6H5OH (фенол),0.0016
2026-04-30T00:00:00+03:00,OZ,0.022
2026-04-30T00:00:00+03:00,CO,0.35
2026-04-30T00:00:00+03:00,PM2.5,0.01
2026-04-30T00:00:00+03:00,NO2,0.053
2026-04-30T00:00:00+03:00,CH2O (формальдегид),0.0028
2026-04-30T00:00:00+03:00,C6H6 (бензол),0.005
2026-04-30T00:00:00+03:00,SO2,0.0003
2026-04-30T00:00:00+03:00,C6H5OH (фенол),0.0017
2026-04-30T00:00:00+03:00,NO,0.02
2026-05-01T00:00:00+03:00,OZ,0.0205
2026-05-01T00:00:00+03:00,NO2,0.059
2026-05-01T00:00:00+03:00,CO,0.37
2026-05-01T00:00:00+03:00,CH2O (формальдегид),0.0047
2026-05-01T00:00:00+03:00,NO,0.052
2026-05-01T00:00:00+03:00,C6H5OH (фенол),0.0017
2026-05-01T00:00:00+03:00,C6H6 (бензол),0.006
2026-05-01T00:00:00+03:00,PM2.5,0.018
2026-05-01T00:00:00+03:00,SO2,0.0003
2026-05-02T00:00:00+03:00,OZ,0.0226
2026-05-02T00:00:00+03:00,C6H6 (бензол),0.006
2026-05-02T00:00:00+03:00,CO,0.37
2026-05-02T00:00:00+03:00,NO,0.04
2026-05-02T00:00:00+03:00,C6H5OH (фенол),0.0022
2026-05-02T00:00:00+03:00,CH2O (формальдегид),0.0068
2026-05-02T00:00:00+03:00,NO2,0.057
2026-05-02T00:00:00+03:00,SO2,0.0003
2026-05-02T00:00:00+03:00,PM2.5,0.017
2026-05-03T00:00:00+03:00,SO2,0.0007
2026-05-03T00:00:00+03:00,NO,0.018
2026-05-03T00:00:00+03:00,C6H6 (бензол),0.007
2026-05-03T00:00:00+03:00,CH2O (формальдегид),0.0062
2026-05-03T00:00:00+03:00,OZ,0.042
2026-05-03T00:00:00+03:00,CO,0.24
2026-05-03T00:00:00+03:00,PM2.5,0.018
2026-05-03T00:00:00+03:00,NO2,0.05
2026-05-03T00:00:00+03:00,C6H5OH (фенол),0.0028
2026-05-04T00:00:00+03:00,CH2O (формальдегид),0.008
2026-05-04T00:00:00+03:00,SO2,0.0006
2026-05-04T00:00:00+03:00,NO2,0.064
2026-05-04T00:00:00+03:00,OZ,0.0359
2026-05-04T00:00:00+03:00,CO,0.51
2026-05-04T00:00:00+03:00,C6H5OH (фенол),0.0027
2026-05-04T00:00:00+03:00,NO,0.036
2026-05-04T00:00:00+03:00,PM2.5,0.026
2026-05-04T00:00:00+03:00,C6H6 (бензол),0.006
2026-05-05T00:00:00+03:00,CO,0.49
2026-05-05T00:00:00+03:00,OZ,0.0472
2026-05-05T00:00:00+03:00,CH2O (формальдегид),0.0041
2026-05-05T00:00:00+03:00,PM2.5,0.026
2026-05-05T00:00:00+03:00,C6H5OH (фенол),0.0026
2026-05-05T00:00:00+03:00,NO2,0.063
2026-05-05T00:00:00+03:00,C6H6 (бензол),0.007
2026-05-05T00:00:00+03:00,SO2,0.0007
2026-05-05T00:00:00+03:00,NO,0.041
2026-05-06T00:00:00+03:00,CO,0.69
2026-05-06T00:00:00+03:00,PM2.5,0.029
2026-05-06T00:00:00+03:00,C6H6 (бензол),0.008
2026-05-06T00:00:00+03:00,SO2,0.0005
2026-05-06T00:00:00+03:00,NO,0.084
2026-05-06T00:00:00+03:00,CH2O (формальдегид),0.0058
2026-05-06T00:00:00+03:00,C6H5OH (фенол),0.0023
2026-05-06T00:00:00+03:00,NO2,0.064
2026-05-06T00:00:00+03:00,OZ,0.044
2026-05-07T00:00:00+03:00,PM2.5,0.023
2026-05-07T00:00:00+03:00,CO,0.44
2026-05-07T00:00:00+03:00,CH2O (формальдегид),0.0022
2026-05-07T00:00:00+03:00,C6H6 (бензол),0.007
2026-05-07T00:00:00+03:00,SO2,0.0019
2026-05-07T00:00:00+03:00,NO,0.023
2026-05-07T00:00:00+03:00,C6H5OH (фенол),0.0027
2026-05-07T00:00:00+03:00,NO2,0.062
2026-05-07T00:00:00+03:00,OZ,0.0466
2026-05-08T00:00:00+03:00,CO,0.3
2026-05-08T00:00:00+03:00,C6H6 (бензол),0.006
2026-05-08T00:00:00+03:00,NO,0.02
2026-05-08T00:00:00+03:00,OZ,0.0248
2026-05-08T00:00:00+03:00,NO2,0.053
2026-05-08T00:00:00+03:00,SO2,0.0007
2026-05-08T00:00:00+03:00,CH2O (формальдегид),0.0035
2026-05-08T00:00:00+03:00,C6H5OH (фенол),0.0019
2026-05-08T00:00:00+03:00,PM2.5,0.017
2026-05-09T00:00:00+03:00,OZ,0.0546
2026-05-09T00:00:00+03:00,NO,0.004
2026-05-09T00:00:00+03:00,C6H6 (бензол),0.005
2026-05-09T00:00:00+03:00,CH2O (формальдегид),0.0005
2026-05-09T00:00:00+03:00,CO,0.23
2026-05-09T00:00:00+03:00,C6H5OH (фенол),0.0024
2026-05-09T00:00:00+03:00,NO2,0.031
2026-05-09T00:00:00+03:00,PM2.5,0.007
2026-05-09T00:00:00+03:00,SO2,0.0015
2026-05-10T00:00:00+03:00,SO2,0.0019
2026-05-10T00:00:00+03:00,CH2O (формальдегид),0.0007
2026-05-10T00:00:00+03:00,C6H5OH (фенол),0.0023
2026-05-10T00:00:00+03:00,PM2.5,0.009
2026-05-10T00:00:00+03:00,C6H6 (бензол),0.005
2026-05-10T00:00:00+03:00,OZ,0.0511
2026-05-10T00:00:00+03:00,CO,0.14
2026-05-10T00:00:00+03:00,NO,0.008
2026-05-10T00:00:00+03:00,NO2,0.034
2026-05-11T00:00:00+03:00,NO,0.019
2026-05-11T00:00:00+03:00,CH2O (формальдегид),0.0023
2026-05-11T00:00:00+03:00,C6H5OH (фенол),0.0021
2026-05-11T00:00:00+03:00,CO,0.18
2026-05-11T00:00:00+03:00,NO2,0.041
2026-05-11T00:00:00+03:00,C6H6 (бензол),0.004
2026-05-11T00:00:00+03:00,PM2.5,0.017
2026-05-11T00:00:00+03:00,SO2,0.0023
2026-05-11T00:00:00+03:00,OZ,0.0253
2026-05-12T00:00:00+03:00,C6H6 (бензол),0.004
2026-05-12T00:00:00+03:00,CO,0.17
2026-05-12T00:00:00+03:00,CH2O (формальдегид),0.0023
2026-05-12T00:00:00+03:00,PM2.5,0.019
2026-05-12T00:00:00+03:00,C6H5OH (фенол),0.002
2026-05-12T00:00:00+03:00,SO2,0.0009
2026-05-12T00:00:00+03:00,NO2,0.037
2026-05-12T00:00:00+03:00,NO,0.02
2026-05-12T00:00:00+03:00,OZ,0.0147
2026-05-13T00:00:00+03:00,OZ,0.0285
2026-05-13T00:00:00+03:00,CO,0.52
2026-05-13T00:00:00+03:00,NO2,0.06
2026-05-13T00:00:00+03:00,CH2O (формальдегид),0.0047
2026-05-13T00:00:00+03:00,C6H6 (бензол),0.006
2026-05-13T00:00:00+03:00,PM2.5,0.021
2026-05-13T00:00:00+03:00,SO2,0.0013
2026-05-13T00:00:00+03:00,NO,0.042
2026-05-13T00:00:00+03:00,C6H5OH (фенол),0.0019
2026-05-14T00:00:00+03:00,CH2O (формальдегид),0.0041
2026-05-14T00:00:00+03:00,PM2.5,0.024
2026-05-14T00:00:00+03:00,C6H5OH (фенол),0.0019
2026-05-14T00:00:00+03:00,C6H6 (бензол),0.007
2026-05-14T00:00:00+03:00,CO,0.61
2026-05-14T00:00:00+03:00,NO2,0.074
2026-05-14T00:00:00+03:00,OZ,0.0353
2026-05-14T00:00:00+03:00,NO,0.048
2026-05-14T00:00:00+03:00,SO2,0.0014
2026-05-15T00:00:00+03:00,CH2O (формальдегид),0.0044
2026-05-15T00:00:00+03:00,SO2,0.0027
2026-05-15T00:00:00+03:00,PM2.5,0.026
2026-05-15T00:00:00+03:00,C6H5OH (фенол),0.0009
2026-05-15T00:00:00+03:00,NO2,0.07
2026-05-15T00:00:00+03:00,C6H6 (бензол),0.004
2026-05-15T00:00:00+03:00,NO,0.058
2026-05-15T00:00:00+03:00,OZ,0.012
2026-05-15T00:00:00+03:00,CO,0.65
2026-05-16T00:00:00+03:00,C6H5OH (фенол),0.0017
2026-05-16T00:00:00+03:00,SO2,0.0005
2026-05-16T00:00:00+03:00,OZ,0.0193
2026-05-16T00:00:00+03:00,CH2O (формальдегид),0.0042
2026-05-16T00:00:00+03:00,NO2,0.068
2026-05-16T00:00:00+03:00,C6H6 (бензол),0.006
2026-05-16T00:00:00+03:00,CO,0.41
2026-05-16T00:00:00+03:00,PM2.5,0.019
2026-05-16T00:00:00+03:00,NO,0.031
2026-05-17T00:00:00+03:00,OZ,
2026-05-17T00:00:00+03:00,CO,
2026-05-17T00:00:00+03:00,PM2.5,
2026-05-17T00:00:00+03:00,C6H6 (бензол),
2026-05-17T00:00:00+03:00,SO2,
2026-05-17T00:00:00+03:00,C6H5OH (фенол),
2026-05-17T00:00:00+03:00,NO,
2026-05-17T00:00:00+03:00,CH2O (формальдегид),
2026-05-17T00:00:00+03:00,NO2,
2026-05-18T00:00:00+03:00,NO,0.049
2026-05-18T00:00:00+03:00,OZ,0.0328
2026-05-18T00:00:00+03:00,PM2.5,0.026
2026-05-18T00:00:00+03:00,NO2,0.062
2026-05-18T00:00:00+03:00,C6H6 (бензол),0.007
2026-05-18T00:00:00+03:00,CH2O (формальдегид),0.0047
2026-05-18T00:00:00+03:00,SO2,0.0025
2026-05-18T00:00:00+03:00,C6H5OH (фенол),0.0017
2026-05-18T00:00:00+03:00,CO,0.68
2026-05-19T00:00:00+03:00,C6H6 (бензол),0.008
2026-05-19T00:00:00+03:00,CH2O (формальдегид),0.0075
2026-05-19T00:00:00+03:00,C6H5OH (фенол),0.0023
2026-05-19T00:00:00+03:00,NO2,0.086
2026-05-19T00:00:00+03:00,OZ,0.0322
2026-05-19T00:00:00+03:00,PM2.5,0.037
2026-05-19T00:00:00+03:00,NO,0.128
2026-05-19T00:00:00+03:00,CO,1.06
2026-05-19T00:00:00+03:00,SO2,0.0028
2026-05-20T00:00:00+03:00,SO2,0.0019
2026-05-20T00:00:00+03:00,C6H6 (бензол),0.009
2026-05-20T00:00:00+03:00,C6H5OH (фенол),0.0023
2026-05-20T00:00:00+03:00,CH2O (формальдегид),0.008
2026-05-20T00:00:00+03:00,CO,1.24
2026-05-20T00:00:00+03:00,OZ,0.0335
2026-05-20T00:00:00+03:00,NO,0.145
2026-05-20T00:00:00+03:00,PM2.5,0.04
2026-05-20T00:00:00+03:00,NO2,0.091
2026-05-21T00:00:00+03:00,NO,0.089
2026-05-21T00:00:00+03:00,OZ,0.0363
2026-05-21T00:00:00+03:00,CO,0.86
2026-05-21T00:00:00+03:00,C6H6 (бензол),0.008
2026-05-21T00:00:00+03:00,SO2,0.0092
2026-05-21T00:00:00+03:00,C6H5OH (фенол),0.0023
2026-05-21T00:00:00+03:00,PM2.5,0.037
2026-05-21T00:00:00+03:00,NO2,0.089
2026-05-21T00:00:00+03:00,CH2O (формальдегид),0.0079
2026-05-22T00:00:00+03:00,CH2O (формальдегид),0.0084
2026-05-22T00:00:00+03:00,NO,0.037
2026-05-22T00:00:00+03:00,SO2,0.0011
2026-05-22T00:00:00+03:00,OZ,0.0367
2026-05-22T00:00:00+03:00,PM2.5,0.028
2026-05-22T00:00:00+03:00,C6H6 (бензол),0.007
2026-05-22T00:00:00+03:00,NO2,0.076
2026-05-22T00:00:00+03:00,C6H5OH (фенол),0.0017
2026-05-22T00:00:00+03:00,CO,0.56
2026-05-23T00:00:00+03:00,C6H5OH (фенол),0.0018
2026-05-23T00:00:00+03:00,NO2,0.042
2026-05-23T00:00:00+03:00,OZ,0.0476
2026-05-23T00:00:00+03:00,CO,0.26
2026-05-23T00:00:00+03:00,PM2.5,0.01
2026-05-23T00:00:00+03:00,NO,0.009
2026-05-23T00:00:00+03:00,SO2,0.0005
2026-05-23T00:00:00+03:00,CH2O (формальдегид),0.0042
2026-05-23T00:00:00+03:00,C6H6 (бензол),0.006
2026-05-24T00:00:00+03:00,OZ,0.0316
2026-05-24T00:00:00+03:00,CO,0.17
2026-05-24T00:00:00+03:00,PM2.5,0.013
2026-05-24T00:00:00+03:00,CH2O (формальдегид),0.0035
2026-05-24T00:00:00+03:00,NO2,0.049
2026-05-24T00:00:00+03:00,NO,0.018
2026-05-24T00:00:00+03:00,SO2,0.0004
2026-05-24T00:00:00+03:00,C6H6 (бензол),0.006
2026-05-24T00:00:00+03:00,C6H5OH (фенол),0.0016
2026-05-25T00:00:00+03:00,NO,0.012
2026-05-25T00:00:00+03:00,CO,0.43
2026-05-25T00:00:00+03:00,CH2O (формальдегид),0.0048
2026-05-25T00:00:00+03:00,C6H5OH (фенол),0.0014
2026-05-25T00:00:00+03:00,SO2,0.0007
2026-05-25T00:00:00+03:00,PM2.5,0.008
2026-05-25T00:00:00+03:00,C6H6 (бензол),0.005
2026-05-25T00:00:00+03:00,NO2,0.042
2026-05-25T00:00:00+03:00,OZ,0.0347
2026-05-26T00:00:00+03:00,PM2.5,0.007
2026-05-26T00:00:00+03:00,CO,0.02
2026-05-26T00:00:00+03:00,C6H5OH (фенол),0.0015
2026-05-26T00:00:00+03:00,C6H6 (бензол),0.005
2026-05-26T00:00:00+03:00,OZ,0.0386
2026-05-26T00:00:00+03:00,SO2,0.0011
2026-05-26T00:00:00+03:00,NO2,0.037
2026-05-26T00:00:00+03:00,NO,0.009
2026-05-26T00:00:00+03:00,CH2O (формальдегид),0.005
2026-05-27T00:00:00+03:00,C6H6 (бензол),0.003
2026-05-27T00:00:00+03:00,CH2O (формальдегид),0.0022
2026-05-27T00:00:00+03:00,NO,0.017
2026-05-27T00:00:00+03:00,SO2,0.0004
2026-05-27T00:00:00+03:00,CO,0.26
2026-05-27T00:00:00+03:00,NO2,0.045
2026-05-27T00:00:00+03:00,OZ,0.0167
2026-05-27T00:00:00+03:00,C6H5OH (фенол),0.001
2026-05-27T00:00:00+03:00,PM2.5,0.008
2026-05-28T00:00:00+03:00,C6H6 (бензол),0.004
2026-05-28T00:00:00+03:00,SO2,0.001
2026-05-28T00:00:00+03:00,CH2O (формальдегид),0.003
2026-05-28T00:00:00+03:00,NO2,0.037
2026-05-28T00:00:00+03:00,OZ,0.0288
2026-05-28T00:00:00+03:00,C6H5OH (фенол),0.0015
2026-05-28T00:00:00+03:00,PM2.5,0.007
2026-05-28T00:00:00+03:00,NO,0.015
2026-05-28T00:00:00+03:00,CO,0.34
2026-05-29T00:00:00+03:00,C6H6 (бензол),0.003
2026-05-29T00:00:00+03:00,C6H5OH (фенол),0.0005
2026-05-29T00:00:00+03:00,CO,0.26
2026-05-29T00:00:00+03:00,OZ,0.0054
2026-05-29T00:00:00+03:00,SO2,0.0003
2026-05-29T00:00:00+03:00,NO,0.035
2026-05-29T00:00:00+03:00,NO2,0.038
2026-05-29T00:00:00+03:00,PM2.5,0.008
2026-05-29T00:00:00+03:00,CH2O (формальдегид),0.0045
2026-05-30T00:00:00+03:00,OZ,0.0136
2026-05-30T00:00:00+03:00,PM2.5,0.009
2026-05-30T00:00:00+03:00,SO2,0.0003
2026-05-30T00:00:00+03:00,NO2,0.042
2026-05-30T00:00:00+03:00,CH2O (формальдегид),0.0018
2026-05-30T00:00:00+03:00,C6H5OH (фенол),0.0008
2026-05-30T00:00:00+03:00,CO,0.26
2026-05-30T00:00:00+03:00,C6H6 (бензол),0.005
2026-05-30T00:00:00+03:00,NO,0.026
2026-05-31T00:00:00+03:00,NO,0.017
2026-05-31T00:00:00+03:00,NO2,0.043
2026-05-31T00:00:00+03:00,SO2,0.0013
2026-05-31T00:00:00+03:00,OZ,0.0335
2026-05-31T00:00:00+03:00,C6H5OH (фенол),0.0014
2026-05-31T00:00:00+03:00,CO,0.26
2026-05-31T00:00:00+03:00,PM2.5,0.01
2026-05-31T00:00:00+03:00,C6H6 (бензол),0.006
2026-05-31T00:00:00+03:00,CH2O (формальдегид),0.0056
2026-06-01T00:00:00+03:00,C6H5OH (фенол),0.0011
2026-06-01T00:00:00+03:00,NO2,0.044
2026-06-01T00:00:00+03:00,CO,0.28
2026-06-01T00:00:00+03:00,NO,0.019
2026-06-01T00:00:00+03:00,CH2O (формальдегид),0.004
2026-06-01T00:00:00+03:00,SO2,0.0005
2026-06-01T00:00:00+03:00,C6H6 (бензол),0.006
2026-06-01T00:00:00+03:00,PM2.5,0.011
2026-06-01T00:00:00+03:00,OZ,0.0256
2026-06-02T00:00:00+03:00,NO2,0.049
2026-06-02T00:00:00+03:00,SO2,0.0002
2026-06-02T00:00:00+03:00,C6H6 (бензол),0.006
2026-06-02T00:00:00+03:00,OZ,0.021
2026-06-02T00:00:00+03:00,CO,0.22
2026-06-02T00:00:00+03:00,C6H5OH (фенол),0.0011
2026-06-02T00:00:00+03:00,PM2.5,0.013
2026-06-02T00:00:00+03:00,CH2O (формальдегид),0.0065
2026-06-02T00:00:00+03:00,NO,0.025
2026-06-03T00:00:00+03:00,CH2O (формальдегид),0.0057
2026-06-03T00:00:00+03:00,CO,0.88
2026-06-03T00:00:00+03:00,NO,0.109
2026-06-03T00:00:00+03:00,SO2,0.0001
2026-06-03T00:00:00+03:00,OZ,0.025
2026-06-03T00:00:00+03:00,PM2.5,0.025
2026-06-03T00:00:00+03:00,NO2,0.066
2026-06-03T00:00:00+03:00,C6H6 (бензол),0.008
2026-06-03T00:00:00+03:00,C6H5OH (фенол),0.0014
2026-06-04T00:00:00+03:00,OZ,0.0458
2026-06-04T00:00:00+03:00,SO2,0.0009
2026-06-04T00:00:00+03:00,CH2O (формальдегид),0.0056
2026-06-04T00:00:00+03:00,C6H6 (бензол),0.007
2026-06-04T00:00:00+03:00,PM2.5,0.015
2026-06-04T00:00:00+03:00,C6H5OH (фенол),0.0018
2026-06-04T00:00:00+03:00,NO2,0.054
2026-06-04T00:00:00+03:00,NO,0.021
2026-06-04T00:00:00+03:00,CO,0.17
2026-06-05T00:00:00+03:00,PM2.5,0.016
2026-06-05T00:00:00+03:00,CO,0.37
2026-06-05T00:00:00+03:00,SO2,0.0014
2026-06-05T00:00:00+03:00,CH2O (формальдегид),0.0052
2026-06-05T00:00:00+03:00,C6H5OH (фенол),0.0016
2026-06-05T00:00:00+03:00,NO2,0.052
2026-06-05T00:00:00+03:00,OZ,0.0404
2026-06-05T00:00:00+03:00,NO,0.023
2026-06-05T00:00:00+03:00,C6H6 (бензол),0.007
2026-06-06T00:00:00+03:00,CO,0.28
2026-06-06T00:00:00+03:00,SO2,0.0008
2026-06-06T00:00:00+03:00,CH2O (формальдегид),0.0053
2026-06-06T00:00:00+03:00,OZ,0.0475
2026-06-06T00:00:00+03:00,C6H5OH (фенол),0.0019
2026-06-06T00:00:00+03:00,NO2,0.052
2026-06-06T00:00:00+03:00,NO,0.019
2026-06-06T00:00:00+03:00,C6H6 (бензол),0.007
2026-06-06T00:00:00+03:00,PM2.5,0.014
2026-06-07T00:00:00+03:00,CH2O (формальдегид),0.0076
2026-06-07T00:00:00+03:00,CO,0.4
2026-06-07T00:00:00+03:00,SO2,0.0016
2026-06-07T00:00:00+03:00,PM2.5,0.025
2026-06-07T00:00:00+03:00,NO2,0.08
2026-06-07T00:00:00+03:00,OZ,0.042
2026-06-07T00:00:00+03:00,C6H5OH (фенол),0.0017
2026-06-07T00:00:00+03:00,NO,0.038
2026-06-07T00:00:00+03:00,C6H6 (бензол),0.008
2026-06-08T00:00:00+03:00,C6H6 (бензол),0.008
2026-06-08T00:00:00+03:00,CO,0.77
2026-06-08T00:00:00+03:00,OZ,0.0573
2026-06-08T00:00:00+03:00,PM2.5,0.027
2026-06-08T00:00:00+03:00,NO2,0.075
2026-06-08T00:00:00+03:00,C6H5OH (фенол),0.0023
2026-06-08T00:00:00+03:00,NO,0.033
2026-06-08T00:00:00+03:00,CH2O (формальдегид),0.0074
2026-06-08T00:00:00+03:00,SO2,0.0008
2026-06-09T00:00:00+03:00,NO2,0.078
2026-06-09T00:00:00+03:00,C6H6 (бензол),0.007
2026-06-09T00:00:00+03:00,CH2O (формальдегид),0.0053
2026-06-09T00:00:00+03:00,C6H5OH (фенол),0.0014
2026-06-09T00:00:00+03:00,CO,0.7
2026-06-09T00:00:00+03:00,OZ,0.0285
2026-06-09T00:00:00+03:00,SO2,0.0022
2026-06-09T00:00:00+03:00,PM2.5,
2026-06-09T00:00:00+03:00,NO,0.05
2026-06-10T00:00:00+03:00,C6H6 (бензол),0.008
2026-06-10T00:00:00+03:00,NO,0.066
2026-06-10T00:00:00+03:00,SO2,0.0006
2026-06-10T00:00:00+03:00,CH2O (формальдегид),0.0052
2026-06-10T00:00:00+03:00,PM2.5,
2026-06-10T00:00:00+03:00,CO,0.68
2026-06-10T00:00:00+03:00,OZ,0.066
2026-06-10T00:00:00+03:00,C6H5OH (фенол),0.0025
2026-06-10T00:00:00+03:00,NO2,0.07
2026-06-11T00:00:00+03:00,C6H5OH (фенол),0.0024
2026-06-11T00:00:00+03:00,PM2.5,
2026-06-11T00:00:00+03:00,CO,0.5
2026-06-11T00:00:00+03:00,NO,0.037
2026-06-11T00:00:00+03:00,CH2O (формальдегид),0.0081
2026-06-11T00:00:00+03:00,SO2,0.0007
2026-06-11T00:00:00+03:00,NO2,0.069
2026-06-11T00:00:00+03:00,C6H6 (бензол),0.008
2026-06-11T00:00:00+03:00,OZ,0.0475
2026-06-12T00:00:00+03:00,CO,0.66
2026-06-12T00:00:00+03:00,NO,0.021
2026-06-12T00:00:00+03:00,SO2,0.0025
2026-06-12T00:00:00+03:00,CH2O (формальдегид),0.0082
2026-06-12T00:00:00+03:00,OZ,0.0515
2026-06-12T00:00:00+03:00,NO2,0.067
2026-06-12T00:00:00+03:00,C6H6 (бензол),0.007
2026-06-12T00:00:00+03:00,C6H5OH (фенол),0.0024
2026-06-12T00:00:00+03:00,PM2.5,
2026-06-13T00:00:00+03:00,PM2.5,
2026-06-13T00:00:00+03:00,CH2O (формальдегид),0.0089
2026-06-13T00:00:00+03:00,NO2,0.06
2026-06-13T00:00:00+03:00,CO,0.58
2026-06-13T00:00:00+03:00,NO,0.027
2026-06-13T00:00:00+03:00,C6H6 (бензол),0.008
2026-06-13T00:00:00+03:00,SO2,0.0025
2026-06-13T00:00:00+03:00,C6H5OH (фенол),0.0025
2026-06-13T00:00:00+03:00,OZ,0.0426
2026-06-14T00:00:00+03:00,CO,0.27
2026-06-14T00:00:00+03:00,PM2.5,
2026-06-14T00:00:00+03:00,C6H5OH (фенол),
2026-06-14T00:00:00+03:00,CH2O (формальдегид),
2026-06-14T00:00:00+03:00,OZ,
2026-06-14T00:00:00+03:00,C6H6 (бензол),
2026-06-14T00:00:00+03:00,NO,0.02
2026-06-14T00:00:00+03:00,SO2,
2026-06-14T00:00:00+03:00,NO2,0.036
2026-06-15T00:00:00+03:00,CH2O (формальдегид),
2026-06-15T00:00:00+03:00,PM2.5,
2026-06-15T00:00:00+03:00,NO,0.066
2026-06-15T00:00:00+03:00,C6H6 (бензол),
2026-06-15T00:00:00+03:00,NO2,0.05
2026-06-15T00:00:00+03:00,OZ,
2026-06-15T00:00:00+03:00,CO,0.47
2026-06-15T00:00:00+03:00,SO2,
2026-06-15T00:00:00+03:00,C6H5OH (фенол),
2026-06-16T00:00:00+03:00,PM2.5,
2026-06-16T00:00:00+03:00,NO2,0.041
2026-06-16T00:00:00+03:00,OZ,
2026-06-16T00:00:00+03:00,C6H6 (бензол),
2026-06-16T00:00:00+03:00,CO,0.32
2026-06-16T00:00:00+03:00,CH2O (формальдегид),
2026-06-16T00:00:00+03:00,NO,0.024
2026-06-16T00:00:00+03:00,SO2,
2026-06-16T00:00:00+03:00,C6H5OH (фенол),
2026-06-17T00:00:00+03:00,NO2,0.042
2026-06-17T00:00:00+03:00,C6H6 (бензол),
2026-06-17T00:00:00+03:00,OZ,
2026-06-17T00:00:00+03:00,NO,0.029
2026-06-17T00:00:00+03:00,CH2O (формальдегид),
2026-06-17T00:00:00+03:00,SO2,
2026-06-17T00:00:00+03:00,C6H5OH (фенол),
2026-06-17T00:00:00+03:00,PM2.5,
2026-06-17T00:00:00+03:00,CO,0.53
2026-06-18T00:00:00+03:00,C6H6 (бензол),
2026-06-18T00:00:00+03:00,PM2.5,
2026-06-18T00:00:00+03:00,OZ,
2026-06-18T00:00:00+03:00,SO2,
2026-06-18T00:00:00+03:00,NO,0.029
2026-06-18T00:00:00+03:00,CH2O (формальдегид),
2026-06-18T00:00:00+03:00,NO2,0.037
2026-06-18T00:00:00+03:00,CO,0.3
2026-06-18T00:00:00+03:00,C6H5OH (фенол),
2026-06-19T00:00:00+03:00,C6H6 (бензол),
2026-06-19T00:00:00+03:00,SO2,
2026-06-19T00:00:00+03:00,OZ,
2026-06-19T00:00:00+03:00,PM2.5,
2026-06-19T00:00:00+03:00,CH2O (формальдегид),
2026-06-19T00:00:00+03:00,CO,0.15
2026-06-19T00:00:00+03:00,C6H5OH (фенол),
2026-06-19T00:00:00+03:00,NO,0.017
2026-06-19T00:00:00+03:00,NO2,0.037
2026-06-20T00:00:00+03:00,NO2,0.037
2026-06-20T00:00:00+03:00,C6H5OH (фенол),
2026-06-20T00:00:00+03:00,NO,0.017
2026-06-20T00:00:00+03:00,CO,0.18
2026-06-20T00:00:00+03:00,C6H6 (бензол),
2026-06-20T00:00:00+03:00,OZ,
2026-06-20T00:00:00+03:00,PM2.5,
2026-06-20T00:00:00+03:00,SO2,
2026-06-20T00:00:00+03:00,CH2O (формальдегид),
2026-06-21T00:00:00+03:00,OZ,
2026-06-21T00:00:00+03:00,C6H6 (бензол),
2026-06-21T00:00:00+03:00,NO2,0.041
2026-06-21T00:00:00+03:00,PM2.5,
2026-06-21T00:00:00+03:00,CH2O (формальдегид),
2026-06-21T00:00:00+03:00,CO,0.39
2026-06-21T00:00:00+03:00,C6H5OH (фенол),
2026-06-21T00:00:00+03:00,NO,0.04
2026-06-21T00:00:00+03:00,SO2,
2026-06-22T00:00:00+03:00,CO,0.48
2026-06-22T00:00:00+03:00,C6H5OH (фенол),
2026-06-22T00:00:00+03:00,NO2,0.046
2026-06-22T00:00:00+03:00,SO2,
2026-06-22T00:00:00+03:00,OZ,
2026-06-22T00:00:00+03:00,C6H6 (бензол),
2026-06-22T00:00:00+03:00,PM2.5,
2026-06-22T00:00:00+03:00,CH2O (формальдегид),
2026-06-22T00:00:00+03:00,NO,0.047
2026-06-23T00:00:00+03:00,NO,0.01
2026-06-23T00:00:00+03:00,CO,0.22
2026-06-23T00:00:00+03:00,NO2,0.037
2026-06-23T00:00:00+03:00,C6H5OH (фенол),
2026-06-23T00:00:00+03:00,SO2,
2026-06-23T00:00:00+03:00,OZ,
2026-06-23T00:00:00+03:00,C6H6 (бензол),
2026-06-23T00:00:00+03:00,PM2.5,
2026-06-23T00:00:00+03:00,CH2O (формальдегид),
2026-06-24T00:00:00+03:00,NO,0.022
2026-06-24T00:00:00+03:00,C6H5OH (фенол),
2026-06-24T00:00:00+03:00,NO2,0.045
2026-06-24T00:00:00+03:00,CO,0.28
2026-06-24T00:00:00+03:00,OZ,
2026-06-24T00:00:00+03:00,SO2,
2026-06-24T00:00:00+03:00,C6H6 (бензол),
2026-06-24T00:00:00+03:00,PM2.5,
2026-06-24T00:00:00+03:00,CH2O (формальдегид),
2026-06-25T00:00:00+03:00,CO,0.12
2026-06-25T00:00:00+03:00,NO,0.014
2026-06-25T00:00:00+03:00,CH2O (формальдегид),
2026-06-25T00:00:00+03:00,OZ,
2026-06-25T00:00:00+03:00,C6H5OH (фенол),
2026-06-25T00:00:00+03:00,NO2,0.039
2026-06-25T00:00:00+03:00,C6H6 (бензол),
2026-06-25T00:00:00+03:00,SO2,
2026-06-25T00:00:00+03:00,PM2.5,
2026-06-26T00:00:00+03:00,NO,0.028
2026-06-26T00:00:00+03:00,CH2O (формальдегид),
2026-06-26T00:00:00+03:00,SO2,
2026-06-26T00:00:00+03:00,PM2.5,
2026-06-26T00:00:00+03:00,NO2,0.042
2026-06-26T00:00:00+03:00,CO,0.32
2026-06-26T00:00:00+03:00,OZ,
2026-06-26T00:00:00+03:00,C6H6 (бензол),
2026-06-26T00:00:00+03:00,C6H5OH (фенол),
2026-06-27T00:00:00+03:00,C6H5OH (фенол),
2026-06-27T00:00:00+03:00,SO2,
2026-06-27T00:00:00+03:00,PM2.5,
2026-06-27T00:00:00+03:00,NO,0.024
2026-06-27T00:00:00+03:00,CO,0.44
2026-06-27T00:00:00+03:00,OZ,
2026-06-27T00:00:00+03:00,C6H6 (бензол),
2026-06-27T00:00:00+03:00,CH2O (формальдегид),
2026-06-27T00:00:00+03:00,NO2,0.045
2026-06-28T00:00:00+03:00,NO,0.006
2026-06-28T00:00:00+03:00,OZ,
2026-06-28T00:00:00+03:00,C6H6 (бензол),
2026-06-28T00:00:00+03:00,CO,0.19
2026-06-28T00:00:00+03:00,SO2,
2026-06-28T00:00:00+03:00,C6H5OH (фенол),
2026-06-28T00:00:00+03:00,NO2,0.033
2026-06-28T00:00:00+03:00,CH2O (формальдегид),
2026-06-28T00:00:00+03:00,PM2.5,
2026-06-29T00:00:00+03:00,NO2,0.042
2026-06-29T00:00:00+03:00,C6H5OH (фенол),
2026-06-29T00:00:00+03:00,CO,0.18
2026-06-29T00:00:00+03:00,CH2O (формальдегид),
2026-06-29T00:00:00+03:00,OZ,
2026-06-29T00:00:00+03:00,SO2,
2026-06-29T00:00:00+03:00,C6H6 (бензол),
2026-06-29T00:00:00+03:00,NO,0.017
2026-06-29T00:00:00+03:00,PM2.5,
2026-06-30T00:00:00+03:00,C6H6 (бензол),
2026-06-30T00:00:00+03:00,NO,
2026-06-30T00:00:00+03:00,OZ,
2026-06-30T00:00:00+03:00,SO2,
2026-06-30T00:00:00+03:00,CO,0.3
2026-06-30T00:00:00+03:00,CH2O (формальдегид),
2026-06-30T00:00:00+03:00,NO2,
2026-06-30T00:00:00+03:00,C6H5OH (фенол),
2026-06-30T00:00:00+03:00,PM2.5,
2026-07-01T00:00:00+03:00,NO2,
2026-07-01T00:00:00+03:00,NO,
2026-07-01T00:00:00+03:00,CO,0.35
2026-07-01T00:00:00+03:00,SO2,
2026-07-01T00:00:00+03:00,C6H5OH (фенол),
2026-07-01T00:00:00+03:00,C6H6 (бензол),
2026-07-01T00:00:00+03:00,OZ,
2026-07-01T00:00:00+03:00,PM2.5,
2026-07-01T00:00:00+03:00,CH2O (формальдегид),
2026-07-02T00:00:00+03:00,NO2,
2026-07-02T00:00:00+03:00,NO,
2026-07-02T00:00:00+03:00,SO2,
2026-07-02T00:00:00+03:00,C6H6 (бензол),
2026-07-02T00:00:00+03:00,C6H5OH (фенол),
2026-07-02T00:00:00+03:00,CO,0.5
2026-07-02T00:00:00+03:00,CH2O (формальдегид),
2026-07-02T00:00:00+03:00,OZ,
2026-07-02T00:00:00+03:00,PM2.5,
2026-07-03T00:00:00+03:00,CO,0.25
2026-07-03T00:00:00+03:00,OZ,
2026-07-03T00:00:00+03:00,PM2.5,
2026-07-03T00:00:00+03:00,CH2O (формальдегид),
2026-07-03T00:00:00+03:00,NO2,
2026-07-03T00:00:00+03:00,NO,
2026-07-03T00:00:00+03:00,SO2,
2026-07-03T00:00:00+03:00,C6H5OH (фенол),
2026-07-03T00:00:00+03:00,C6H6 (бензол),
2026-07-04T00:00:00+03:00,C6H6 (бензол),
2026-07-04T00:00:00+03:00,SO2,
2026-07-04T00:00:00+03:00,C6H5OH (фенол),
2026-07-04T00:00:00+03:00,OZ,
2026-07-04T00:00:00+03:00,CH2O (формальдегид),
2026-07-04T00:00:00+03:00,PM2.5,
2026-07-04T00:00:00+03:00,NO,
2026-07-04T00:00:00+03:00,NO2,
2026-07-04T00:00:00+03:00,CO,0.29
2026-07-05T00:00:00+03:00,CH2O (формальдегид),
2026-07-05T00:00:00+03:00,OZ,
2026-07-05T00:00:00+03:00,C6H6 (бензол),
2026-07-05T00:00:00+03:00,PM2.5,
2026-07-05T00:00:00+03:00,SO2,
2026-07-05T00:00:00+03:00,CO,0.35
2026-07-05T00:00:00+03:00,NO,
2026-07-05T00:00:00+03:00,C6H5OH (фенол),
2026-07-05T00:00:00+03:00,NO2,
